TEMPERATURE_REELLE,TEMPERATURE_CONVLSTM,TEMPERATURE_PERSISTANCE
8.8,9.22,8.9
7.7,7.867,8.8
9.5,8.336,7.7
7.3,8.83,9.5
9.2,5.742,7.3
6.6,8.72,9.2
6.2,5.766,6.6
7.3,5.75,6.2
5.8,7.758,7.3
7.3,5.875,5.8
10.2,8.57,7.3
8.0,9.79,10.2
11.3,8.2,8.0
8.4,10.95,11.3
3.6999998,6.35,8.4
0.10000038,3.43,3.7
1.7999997,0.3828,0.1
6.3,4.387,1.8
7.8,7.164,6.3
9.2,8.734,7.8
7.6,8.36,9.2
8.5,8.84,7.6
7.3,7.41,8.5
10.0,7.74,7.3
8.7,9.836,10.0
10.0,7.71,8.7
11.6,9.9,10.0
12.0,11.09,11.6
10.3,10.83,12.0
9.4,8.83,10.3
9.0,8.03,9.4
10.0,8.805,9.0
9.3,9.25,10.0
9.3,9.67,9.3
9.6,9.69,9.3
8.7,8.82,9.6
10.3,8.87,8.7
11.4,10.42,10.3
10.5,10.9,11.4
8.0,9.875,10.5
6.6,6.086,8.0
8.4,7.793,6.6
11.2,8.58,8.4
10.7,11.63,11.2
9.9,9.66,10.7
8.7,8.63,9.9
8.9,9.21,8.7
10.4,9.02,8.9
10.7,10.02,10.4
11.0,10.73,10.7
9.3,10.46,11.0
10.4,8.625,9.3
12.4,11.234,10.4
11.5,12.05,12.4
10.8,10.79,11.5
8.8,10.16,10.8
8.9,8.0,8.8
11.9,9.94,8.9
12.0,12.33,11.9
11.5,10.9,12.0
10.0,10.56,11.5
7.9,10.34,10.0
7.0,8.17,7.9
9.1,7.53,7.0
8.4,10.41,9.1
8.0,8.055,8.4
9.4,9.07,8.0
9.0,9.71,9.4
8.6,8.92,9.0
8.2,8.58,8.6
8.3,8.484,8.2
8.2,8.74,8.3
8.5,7.76,8.2
7.5,8.82,8.5
7.7,8.31,7.5
6.5,7.527,7.7
7.9,7.062,6.5
8.9,8.66,7.9
7.3,9.46,8.9
7.6,6.78,7.3
8.7,8.164,7.6
10.0,8.46,8.7
11.5,10.1,10.0
11.8,11.0,11.5
9.7,10.47,11.8
9.5,8.2,9.7
12.8,11.22,9.5
12.9,12.71,12.8
13.6,12.31,12.9
15.4,13.375,13.6
9.9,12.66,15.4
13.4,9.83,9.9
15.8,14.33,13.4
12.7,14.82,15.8
10.7,11.195,12.7
13.0,10.836,10.7
11.6,14.22,13.0
10.5,11.484,11.6
10.1,10.49,10.5
11.2,11.44,10.1
12.2,11.516,11.2
11.0,13.03,12.2
12.8,10.4,11.0
13.9,13.64,12.8
13.1,13.09,13.9
13.1,12.78,13.1
12.2,13.55,13.1
10.1,12.375,12.2
9.9,10.38,10.1
11.4,10.25,9.9
12.9,12.875,11.4
12.6,13.22,12.9
13.2,13.05,12.6
12.9,12.96,13.2
12.0,13.11,12.9
12.5,12.05,12.0
12.4,13.34,12.5
12.6,12.55,12.4
10.9,12.375,12.6
11.2,11.36,10.9
11.8,11.88,11.2
13.2,12.66,11.8
15.1,13.88,13.2
14.6,15.36,15.1
12.9,13.945,14.6
12.3,12.516,12.9
13.3,12.52,12.3
13.8,14.266,13.3
13.9,13.516,13.8
12.9,14.016,13.9
12.8,12.71,12.9
12.7,14.31,12.8
13.1,13.23,12.7
13.2,13.32,13.1
13.6,13.3,13.2
14.2,14.016,13.6
14.8,14.34,14.2
15.0,14.53,14.8
14.6,15.08,15.0
15.5,14.21,14.6
15.2,16.08,15.5
16.1,14.94,15.2
17.5,16.45,16.1
16.2,17.6,17.5
19.1,15.68,16.2
17.4,19.31,19.1
14.6,15.7,17.4
15.6,14.766,14.6
15.8,16.19,15.6
19.3,16.34,15.8
15.2,19.28,19.3
16.2,14.47,15.2
18.4,17.66,16.2
16.3,17.48,18.4
17.4,16.73,16.3
16.6,17.64,17.4
15.7,16.56,16.6
15.6,16.6,15.7
15.2,16.11,15.6
14.8,16.1,15.2
15.9,14.91,14.8
16.7,17.58,15.9
17.2,16.44,16.7
17.6,17.42,17.2
16.7,17.94,17.6
15.4,16.6,16.7
17.2,15.61,15.4
17.6,18.19,17.2
18.4,16.52,17.6
17.9,18.5,18.4
17.4,17.78,17.9
15.9,17.27,17.4
15.9,16.08,15.9
17.1,16.6,15.9
18.7,17.78,17.1
17.2,18.34,18.7
18.0,16.72,17.2
18.9,18.67,18.0
18.0,18.86,18.9
16.0,17.27,18.0
15.9,16.6,16.0
17.9,17.47,15.9
18.0,18.77,17.9
17.0,17.1,18.0
19.2,17.3,17.0
17.7,19.66,19.2
18.0,17.25,17.7
17.5,18.67,18.0
16.8,17.22,17.5
17.7,17.28,16.8
18.9,18.48,17.7
16.8,18.61,18.9
15.7,16.67,16.8
15.6,16.25,15.7
15.6,16.12,15.6
14.5,15.51,15.6
14.1,14.945,14.5
16.0,14.91,14.1
16.0,16.61,16.0
15.0,15.55,16.0
16.6,16.47,15.0
17.4,17.8,16.6
16.0,16.28,17.4
17.4,15.86,16.0
18.1,17.25,17.4
16.8,18.05,18.1
15.0,15.98,16.8
16.7,15.46,15.0
17.2,17.05,16.7
16.0,17.4,17.2
13.6,14.73,16.0
13.6,13.56,13.6
15.8,14.69,13.6
15.8,15.5,15.8
15.2,15.86,15.8
15.0,15.984,15.2
16.4,15.51,15.0
16.7,16.56,16.4
15.5,16.47,16.7
15.0,15.43,15.5
14.5,14.195,15.0
13.3,13.94,14.5
14.4,14.664,13.3
14.5,14.4,14.4
15.4,14.984,14.5
14.5,16.56,15.4
12.9,13.375,14.5
12.2,13.55,12.9
12.4,13.234,12.2
12.6,12.42,12.4
12.4,13.67,12.6
12.4,12.13,12.4
14.0,12.16,12.4
13.4,14.69,14.0
13.2,12.45,13.4
15.2,13.64,13.2
15.8,14.97,15.2
16.0,15.19,15.8
15.1,14.8,16.0
14.8,14.28,15.1
14.0,14.28,14.8
14.2,13.484,14.0
14.3,13.73,14.2
14.6,13.83,14.3
13.9,13.56,14.6
13.9,14.13,13.9
12.8,13.58,13.9
9.6,11.74,12.8
9.6,9.555,9.6
9.7,10.56,9.6
10.8,9.914,9.7
11.0,10.84,10.8
13.8,11.24,11.0
13.9,13.47,13.8
14.5,13.34,13.9
15.5,13.7,14.5
14.7,14.12,15.5
14.8,13.016,14.7
15.7,14.72,14.8
15.7,15.33,15.7
13.1,14.5,15.7
10.4,11.586,13.1
13.3,10.64,10.4
13.1,12.445,13.3
14.1,12.94,13.1
14.1,13.67,14.1
13.3,13.375,14.1
11.8,11.95,13.3
11.3,11.28,11.8
10.5,10.44,11.3
10.2,10.43,10.5
10.1,9.35,10.2
13.3,10.28,10.1
15.1,13.766,13.3
13.3,14.56,15.1
10.8,10.945,13.3
11.6,10.47,10.8
14.2,12.33,11.6
11.1,12.58,14.2
9.9,10.64,11.1
10.7,8.55,9.9
12.7,11.67,10.7
13.4,11.84,12.7
12.0,12.33,13.4
12.6,11.1,12.0
12.7,12.36,12.6
13.0,11.266,12.7
14.4,11.96,13.0
14.9,14.58,14.4
12.4,12.6,14.9
10.3,10.46,12.4
11.2,10.05,10.3
14.2,10.9,11.2
14.5,14.34,14.2
14.2,13.0,14.5
13.9,12.69,14.2
13.7,12.67,13.9
12.3,12.94,13.7
12.4,11.88,12.3
11.9,11.695,12.4
11.3,10.945,11.9
10.6,10.42,11.3
11.1,10.734,10.6
9.7,10.61,11.1
11.3,10.06,9.7
12.0,11.48,11.3
11.8,10.375,12.0
12.2,11.84,11.8
12.2,11.84,12.2
9.3,11.89,12.2
9.9,8.41,9.3
10.8,10.11,9.9
12.4,10.03,10.8
8.9,12.16,12.4
12.5,7.695,8.9
13.8,13.11,12.5
12.0,12.0,13.8
11.1,11.03,12.0
11.3,11.39,11.1
10.3,10.234,11.3
11.4,9.82,10.3
11.4,10.555,11.4
9.1,11.39,11.4
8.2,8.055,9.1
8.5,8.18,8.2
9.2,8.15,8.5
6.7,8.9,9.2
4.6,5.266,6.7
2.6999998,5.49,4.6
5.3,2.828,2.7
10.7,7.477,5.3
13.0,9.87,10.7
13.6,11.68,13.0
11.2,11.695,13.6
8.8,9.56,11.2
8.0,7.984,8.8
6.2,7.242,8.0
6.2,6.203,6.2
4.3,6.227,6.2
8.8,4.984,4.3
10.4,8.88,8.8
8.5,9.36,10.4
8.1,7.78,8.5
10.4,7.67,8.1
9.9,9.69,10.4
10.9,9.16,9.9
10.2,9.8,10.9
5.6,9.336,10.2
5.6,4.145,5.6
8.6,7.742,5.6
8.8,8.33,8.6
10.9,8.34,8.8
9.5,10.18,10.9
4.7,8.46,9.5
8.6,4.035,4.7
6.4,9.35,8.6
9.8,6.04,6.4
10.7,10.734,9.8
7.9,8.74,10.7
8.3,7.523,7.9
12.7,7.977,8.3
8.0,11.48,12.7
9.3,6.43,8.0
11.1,10.24,9.3
11.3,9.84,11.1
9.6,10.28,11.3
12.1,8.66,9.6
10.9,12.086,12.1
9.1,9.016,10.9
11.1,8.84,9.1
12.0,10.73,11.1
10.6,10.85,12.0
9.9,9.64,10.6
11.1,9.46,9.9
10.2,10.37,11.1
9.6,9.42,10.2
10.2,9.8,9.6
11.0,9.766,10.2
9.4,10.47,11.0
9.5,9.18,9.4
10.4,8.99,9.5
11.2,11.164,10.4
10.0,10.16,11.2
8.1,10.08,10.0
9.0,7.594,8.1
11.4,9.54,9.0
10.9,11.37,11.4
6.7,9.49,10.9
7.5,5.79,6.7
7.5,8.984,7.5
11.5,6.83,7.5
8.7,11.03,11.5
6.0,8.484,8.7
7.6,5.5,6.0
10.3,9.44,7.6
7.8,9.72,10.3
6.6,8.18,7.8
5.8,7.68,6.6
6.8,5.805,5.8
8.4,7.242,6.8
6.2,8.91,8.4
5.3,5.125,6.2
5.0,5.367,5.3
7.7,5.535,5.0
11.5,9.39,7.7
10.5,10.516,11.5
9.2,9.34,10.5
9.1,8.81,9.2
8.2,8.39,9.1
6.9,8.414,8.2
8.5,6.336,6.9
10.9,9.664,8.5
9.0,10.09,10.9
8.3,8.21,9.0
7.0,8.586,8.3
6.8,5.82,7.0
9.0,8.23,6.8
11.0,8.98,9.0
9.7,10.43,11.0
10.4,9.51,9.7
10.4,10.46,10.4
8.3,10.38,10.4
8.5,7.688,8.3
7.2,10.234,8.5
7.6,6.0,7.2
9.6,9.36,7.6
10.8,9.82,9.6
9.0,9.43,10.8
10.6,9.4,9.0
11.5,10.35,10.6
10.8,10.805,11.5
10.9,10.17,10.8
10.5,10.81,10.9
9.5,10.1,10.5
7.4,8.4,9.5
8.7,7.08,7.4
10.3,8.805,8.7
10.0,9.62,10.3
9.4,9.41,10.0
9.5,9.24,9.4
9.4,8.914,9.5
10.3,10.445,9.4
10.8,10.234,10.3
9.0,11.234,10.8
6.0,7.992,9.0
5.3,5.758,6.0
7.8,7.12,5.3
6.5,9.83,7.8
8.1,6.836,6.5
8.3,8.914,8.1
9.1,8.984,8.3
10.2,10.16,9.1
10.1,10.516,10.2
11.3,9.93,10.1
12.6,12.01,11.3
12.8,12.71,12.6
14.9,12.14,12.8
14.5,14.14,14.9
16.6,13.336,14.5
17.1,15.5,16.6
17.5,14.86,17.1
17.4,16.25,17.5
16.1,16.28,17.4
12.7,14.484,16.1
12.0,12.164,12.7
11.4,11.695,12.0
10.8,11.63,11.4
8.2,10.52,10.8
8.1,8.67,8.2
8.4,9.25,8.1
10.4,10.02,8.4
12.9,11.69,10.4
10.9,13.09,12.9
9.8,10.8,10.9
9.6,10.04,9.8
10.7,11.64,9.6
11.5,11.41,10.7
14.4,12.94,11.5
15.5,14.19,14.4
13.3,14.69,15.5
13.3,13.17,13.3
14.0,13.35,13.3
15.4,14.67,14.0
15.0,15.97,15.4
13.7,14.53,15.0
12.8,13.71,13.7
12.6,12.97,12.8
12.9,13.64,12.6
13.3,13.56,12.9
13.8,13.58,13.3
13.2,14.04,13.8
13.4,13.43,13.2
13.6,14.14,13.4
13.8,14.3,13.6
12.4,13.766,13.8
12.2,12.94,12.4
12.9,13.09,12.2
13.0,13.81,12.9
12.7,13.51,13.0
11.7,12.3,12.7
12.7,12.78,11.7
14.1,13.664,12.7
14.3,14.82,14.1
14.5,14.44,14.3
15.7,15.19,14.5
16.8,15.36,15.7
16.7,17.1,16.8
15.1,16.34,16.7
15.3,14.664,15.1
14.9,15.55,15.3
15.0,15.48,14.9
14.7,15.65,15.0
16.4,15.14,14.7
17.2,17.28,16.4
18.8,16.84,17.2
21.5,18.81,18.8
20.7,20.1,21.5
17.2,18.16,20.7
15.7,17.23,17.2
14.8,16.25,15.7
14.7,14.96,14.8
15.8,15.95,14.7
16.4,17.06,15.8
16.1,15.766,16.4
18.7,16.77,16.1
21.7,18.88,18.7
18.9,21.14,21.7
17.8,17.9,18.9
17.4,17.5,17.8
17.8,18.19,17.4
17.2,18.73,17.8
17.4,17.28,17.2
17.3,18.03,17.4
17.3,17.25,17.3
18.7,17.69,17.3
20.2,19.44,18.7
19.6,18.94,20.2
18.1,19.38,19.6
16.1,17.81,18.1
15.4,15.91,16.1
19.6,17.16,15.4
22.4,20.31,19.6
18.6,21.55,22.4
18.6,17.6,18.6
18.9,18.84,18.6
19.2,18.86,18.9
17.4,19.53,19.2
20.2,16.84,17.4
20.7,20.53,20.2
18.8,19.69,20.7
20.0,18.92,18.8
20.5,19.97,20.0
17.4,20.05,20.5
16.0,17.31,17.4
16.5,16.34,16.0
16.1,17.05,16.5
15.7,16.78,16.1
19.9,16.61,15.7
19.2,20.34,19.9
19.3,18.56,19.2
17.2,18.83,19.3
16.4,16.69,17.2
16.4,16.52,16.4
18.4,17.06,16.4
19.0,18.22,18.4
19.7,18.72,19.0
17.8,18.39,19.7
18.5,17.53,17.8
19.0,18.66,18.5
17.7,17.81,19.0
17.8,18.33,17.7
18.2,17.4,17.8
18.5,18.53,18.2
18.2,18.31,18.5
16.8,17.94,18.2
15.1,16.12,16.8
15.5,14.94,15.1
15.8,16.33,15.5
15.0,16.19,15.8
16.3,15.89,15.0
15.6,16.78,16.3
13.9,14.67,15.6
14.6,14.47,13.9
13.7,14.14,14.6
15.6,14.22,13.7
16.2,17.48,15.6
16.0,15.234,16.2
14.7,15.3,16.0
15.1,14.86,14.7
13.3,14.19,15.1
13.4,14.09,13.3
13.3,13.09,13.4
14.0,14.46,13.3
14.7,14.59,14.0
13.9,14.016,14.7
13.5,12.96,13.9
14.4,14.39,13.5
15.0,14.3,14.4
14.1,14.85,15.0
14.6,13.164,14.1
14.5,15.17,14.6
14.1,13.88,14.5
13.4,12.79,14.1
13.2,14.445,13.4
16.4,13.91,13.2
14.3,16.02,16.4
10.9,13.52,14.3
10.8,10.05,10.9
16.4,11.73,10.8
15.8,16.3,16.4
15.0,14.41,15.8
16.2,14.13,15.0
15.1,16.34,16.2
12.9,13.33,15.1
15.6,13.28,12.9
17.2,15.79,15.6
18.7,15.32,17.2
16.0,16.75,18.7
14.9,15.33,16.0
16.1,14.25,14.9
15.4,15.086,16.1
15.9,15.13,15.4
15.7,14.81,15.9
15.1,15.06,15.7
15.8,13.81,15.1
16.9,16.03,15.8
13.7,15.44,16.9
12.7,12.5,13.7
12.6,12.26,12.7
12.4,12.5,12.6
11.7,11.59,12.4
13.1,10.92,11.7
16.3,14.63,13.1
13.0,14.836,16.3
16.4,11.78,13.0
13.1,16.3,16.4
14.2,11.63,13.1
14.1,14.75,14.2
12.9,12.836,14.1
12.2,12.36,12.9
11.1,11.64,12.2
11.4,11.445,11.1
12.5,11.18,11.4
10.2,12.61,12.5
4.8,8.375,10.2
5.1,4.863,4.8
8.3,7.34,5.1
12.2,9.95,8.3
11.3,11.92,12.2
10.0,9.484,11.3
12.5,9.61,10.0
11.1,11.8,12.5
10.3,9.78,11.1
11.1,9.59,10.3
11.7,11.78,11.1
10.7,10.12,11.7
6.4,9.805,10.7
4.1,5.883,6.4
4.2,4.027,4.1
9.8,5.582,4.2
12.3,10.766,9.8
11.0,10.08,12.3
11.1,9.586,11.0
11.6,10.68,11.1
9.4,10.14,11.6
8.2,8.055,9.4
9.5,9.01,8.2
8.7,8.22,9.5
8.7,8.45,8.7
9.4,8.3,8.7
10.3,9.18,9.4
13.4,10.19,10.3
12.7,12.266,13.4
10.5,11.055,12.7
4.2,8.59,10.5
0.0,3.762,4.2
1.1999998,0.2344,0.0
4.0,3.238,1.2
6.7,5.047,4.0
8.2,8.63,6.7
5.6,6.914,8.2
8.5,5.75,5.6
7.1,9.84,8.5
5.0,6.137,7.1
2.0999994,5.016,5.0
5.6,2.05,2.1
6.4,6.96,5.6
7.5,5.54,6.4
11.1,8.36,7.5
11.8,9.8,11.1
13.1,9.97,11.8
12.5,11.73,13.1
11.7,10.25,12.5
9.0,9.72,11.7
6.2,7.996,9.0
4.5,5.1,6.2
1.3999996,3.656,4.5
1.6999998,2.168,1.4
3.4,1.961,1.7
9.6,4.453,3.4
10.1,9.38,9.6
10.0,9.375,10.1
9.9,8.69,10.0
9.2,9.125,9.9
9.9,8.27,9.2
9.7,9.45,9.9
11.0,8.78,9.7
10.6,10.945,11.0
11.9,9.5,10.6
10.2,11.9,11.9
8.7,8.58,10.2
10.7,8.01,8.7
11.1,10.23,10.7
10.0,9.25,11.1
11.6,9.97,10.0
11.1,10.12,11.6
10.1,9.55,11.1
8.6,8.66,10.1
9.1,8.66,8.6
10.2,8.73,9.1
8.6,9.875,10.2
7.6,7.945,8.6
7.2,7.18,7.6
7.6,7.18,7.2
7.4,7.85,7.6
5.7,6.863,7.4
2.9,5.953,5.7
1.9999995,2.95,2.9
5.5,2.473,2.0
5.0,6.586,5.5
6.7,5.01,5.0
4.7,7.586,6.7
1.5,3.469,4.7
4.8,2.562,1.5
4.2,6.14,4.8
2.8000002,4.254,4.2
3.6,2.434,2.8
6.9,4.91,3.6
6.1000004,7.13,6.9
7.0,5.633,6.1
7.0,6.61,7.0
6.3,6.46,7.0
8.6,6.406,6.3
9.9,9.03,8.6
7.2,8.91,9.9
6.1000004,6.266,7.2
5.6,5.83,6.1
9.0,4.906,5.6
9.1,9.33,9.0
8.4,8.0,9.1
4.7,7.996,8.4
1.5,3.887,4.7
2.5,1.797,1.5
6.5,2.895,2.5
7.4,7.586,6.5
8.7,7.895,7.4
7.4,7.78,8.7
4.7,6.22,7.4
5.1,4.496,4.7
6.0,5.68,5.1
6.2,5.61,6.0
6.5,7.266,6.2
7.9,7.43,6.5
7.8,7.75,7.9
6.9,7.5,7.8
7.6,6.973,6.9
6.3,7.066,7.6
4.2,5.773,6.3
2.5,3.383,4.2
6.5,3.527,2.5
8.3,7.957,6.5
6.6,7.062,8.3
6.8,7.35,6.6
5.5,6.17,6.8
5.7,5.332,5.5
7.0,5.797,5.7
7.2,8.125,7.0
6.6,6.125,7.2
8.1,7.297,6.6
8.6,8.18,8.1
9.2,8.64,8.6
9.8,9.35,9.2
11.3,9.336,9.8
14.1,10.84,11.3
16.0,13.66,14.1
13.4,13.55,16.0
10.8,11.55,13.4
5.6,9.65,10.8
4.3,4.22,5.6
6.0,6.11,4.3
5.6,6.855,6.0
5.3,5.074,5.6
5.8,5.93,5.3
5.3,5.66,5.8
5.3,5.74,5.3
5.1,6.016,5.3
6.1000004,5.223,5.1
7.1,7.11,6.1
8.8,8.03,7.1
9.3,7.78,8.8
10.5,9.375,9.3
10.5,10.81,10.5
9.7,9.49,10.5
11.2,9.445,9.7
10.3,11.234,11.2
10.3,8.65,10.3
12.6,11.875,10.3
12.3,12.34,12.6
11.0,10.7,12.3
11.9,10.8,11.0
13.1,12.29,11.9
12.1,12.01,13.1
11.9,12.17,12.1
9.5,11.51,11.9
9.6,9.06,9.5
9.7,10.87,9.6
9.9,9.25,9.7
9.9,9.695,9.9
11.2,9.875,9.9
10.7,11.28,11.2
9.0,10.33,10.7
9.3,9.48,9.0
9.8,9.734,9.3
10.1,9.59,9.8
8.3,10.29,10.1
8.5,7.805,8.3
8.7,9.64,8.5
9.4,9.36,8.7
10.0,10.66,9.4
10.4,10.91,10.0
9.2,10.68,10.4
8.2,9.42,9.2
7.3,8.98,8.2
7.9,7.96,7.3
9.0,9.266,7.9
10.2,9.875,9.0
11.7,11.19,10.2
8.4,11.86,11.7
7.8,8.34,8.4
7.6,8.914,7.8
8.2,8.54,7.6
9.5,9.36,8.2
11.1,11.08,9.5
12.5,11.59,11.1
14.0,12.695,12.5
13.0,13.77,14.0
11.9,12.516,13.0
12.9,11.91,11.9
12.7,14.734,12.9
13.4,11.86,12.7
15.9,13.74,13.4
17.1,15.234,15.9
13.7,15.484,17.1
12.1,12.82,13.7
11.1,11.664,12.1
13.1,12.08,11.1
14.4,14.45,13.1
18.3,14.58,14.4
17.4,18.12,18.3
17.4,17.0,17.4
13.3,15.984,17.4
14.9,13.15,13.3
16.5,16.19,14.9
17.6,17.03,16.5
14.5,16.7,17.6
15.0,13.89,14.5
14.7,15.72,15.0
15.9,14.07,14.7
18.6,16.53,15.9
20.4,18.39,18.6
19.2,19.5,20.4
16.4,18.5,19.2
15.9,16.38,16.4
13.3,16.06,15.9
13.8,13.67,13.3
14.2,14.91,13.8
13.9,14.5,14.2
14.6,15.08,13.9
15.7,15.89,14.6
17.0,16.34,15.7
16.7,17.19,17.0
15.5,16.4,16.7
15.2,16.4,15.5
14.0,15.05,15.2
15.3,14.67,14.0
16.0,16.23,15.3
14.9,15.91,16.0
14.0,15.305,14.9
13.0,14.414,14.0
13.6,13.16,13.0
14.8,15.74,13.6
15.1,15.19,14.8
15.1,16.78,15.1
15.7,14.71,15.1
17.0,16.48,15.7
16.9,17.4,17.0
17.2,16.56,16.9
16.4,17.08,17.2
16.5,16.88,16.4
17.0,15.92,16.5
18.5,17.1,17.0
20.1,18.03,18.5
17.9,19.88,20.1
16.8,15.8,17.9
17.8,17.98,16.8
17.5,17.12,17.8
17.0,17.16,17.5
16.4,17.22,17.0
17.6,16.14,16.4
17.5,18.6,17.6
18.4,17.17,17.5
18.3,19.45,18.4
17.5,17.38,18.3
17.5,17.73,17.5
16.6,17.0,17.5
15.5,16.7,16.6
15.0,15.375,15.5
19.2,16.28,15.0
17.9,19.48,19.2
15.2,18.31,17.9
14.5,14.62,15.2
16.6,15.53,14.5
16.8,17.69,16.6
16.7,17.84,16.8
15.6,16.66,16.7
16.2,16.12,15.6
16.5,16.56,16.2
15.0,15.94,16.5
15.6,14.875,15.0
16.6,16.47,15.6
20.1,16.44,16.6
19.7,19.64,20.1
18.0,19.98,19.7
16.9,17.38,18.0
15.3,16.55,16.9
16.3,15.17,15.3
16.0,17.6,16.3
15.4,16.17,16.0
14.9,15.9,15.4
14.5,14.47,14.9
14.7,14.7,14.5
15.1,14.984,14.7
14.8,14.984,15.1
14.7,14.445,14.8
14.2,15.08,14.7
13.5,13.94,14.2
14.1,14.53,13.5
15.0,14.64,14.1
16.8,15.14,15.0
17.0,17.25,16.8
16.3,14.64,17.0
15.4,16.31,16.3
15.1,15.0,15.4
15.3,15.22,15.1
14.3,15.44,15.3
13.0,13.37,14.3
13.0,12.945,13.0
12.1,13.63,13.0
11.6,11.586,12.1
13.6,12.2,11.6
16.1,14.53,13.6
14.9,15.734,16.1
14.1,14.15,14.9
13.0,14.24,14.1
12.3,12.32,13.0
13.2,12.484,12.3
11.4,13.48,13.2
11.4,10.9,11.4
13.8,13.19,11.4
13.8,14.03,13.8
15.1,12.99,13.8
14.9,15.516,15.1
14.6,12.9,14.9
16.9,14.984,14.6
13.6,16.64,16.9
12.8,12.41,13.6
12.7,12.375,12.8
12.8,11.57,12.7
12.3,13.96,12.8
12.4,11.93,12.3
13.0,11.87,12.4
13.8,12.91,13.0
13.8,12.67,13.8
12.8,12.95,13.8
13.4,12.14,12.8
13.2,12.39,13.4
14.5,12.45,13.2
16.6,14.3,14.5
14.4,15.64,16.6
10.7,12.41,14.4
9.2,10.03,10.7
9.9,8.945,9.2
14.5,11.02,9.9
14.4,14.875,14.5
15.8,13.03,14.4
15.2,15.44,15.8
16.9,13.84,15.2
16.6,15.64,16.9
16.8,14.64,16.6
13.5,15.58,16.8
12.6,12.29,13.5
15.4,13.85,12.6
14.4,14.97,15.4
11.2,12.61,14.4
10.7,10.734,11.2
13.5,10.55,10.7
13.9,13.516,13.5
14.8,12.93,13.9
15.1,14.234,14.8
13.6,13.94,15.1
12.2,13.08,13.6
13.7,11.14,12.2
11.3,13.46,13.7
9.8,9.85,11.3
9.9,9.43,9.8
8.1,10.31,9.9
8.1,8.47,8.1
10.0,8.86,8.1
8.1,10.01,10.0
8.6,8.21,8.1
7.9,8.61,8.6
5.1,6.492,7.9
7.6,6.5,5.1
6.0,8.67,7.6
8.3,4.766,6.0
7.4,9.18,8.3
4.6,5.844,7.4
4.5,4.133,4.6
6.5,6.844,4.5
7.8,6.617,6.5
10.9,9.67,7.8
8.5,9.33,10.9
8.4,7.6,8.5
8.0,8.086,8.4
12.1,6.656,8.0
11.8,11.31,12.1
11.7,9.555,11.8
10.2,10.45,11.7
9.9,8.28,10.2
6.2,8.63,9.9
5.8,4.695,6.2
8.2,6.47,5.8
9.3,8.43,8.2
7.5,8.29,9.3
7.8,6.523,7.5
6.7,7.96,7.8
4.8,5.43,6.7
4.4,5.297,4.8
7.1,4.867,4.4
5.4,7.125,7.1
4.9,4.664,5.4
4.4,6.562,4.9
12.7,3.54,4.4
11.4,9.79,12.7
9.7,9.484,11.4
9.0,8.77,9.7
7.9,7.71,9.0
6.9,7.156,7.9
6.2,6.406,6.9
3.1999998,5.39,6.2
5.2,2.93,3.2
2.6,6.773,5.2
0.3000002,2.062,2.6
3.6999998,2.379,0.3
2.0999994,4.613,3.7
2.6999998,1.859,2.1
-0.8999996,3.406,2.7
-3.3000002,-1.297,-0.9
-1.6000004,-2.484,-3.3
2.5,0.922,-1.6
2.6999998,3.477,2.5
1.7999997,2.098,2.7
0.10000038,1.297,1.8
0.0,-0.3203,0.1
-2.0,0.336,0.0
0.6000004,-2.148,-2.0
3.6999998,0.836,0.6
9.6,5.29,3.7
9.2,8.42,9.6
9.4,7.203,9.2
6.5,7.49,9.4
7.6,6.562,6.5
9.0,7.703,7.6
9.7,8.45,9.0
8.7,8.12,9.7
8.6,7.258,8.7
6.2,7.582,8.6
5.8,6.258,6.2
6.4,5.29,5.8
6.3,6.34,6.4
6.5,6.33,6.3
7.7,6.137,6.5
6.0,7.92,7.7
5.8,4.47,6.0
6.8,7.023,5.8
3.9,6.03,6.8
3.6999998,2.895,3.9
3.5,4.844,3.7
6.1000004,4.695,3.5
6.8,6.215,6.1
5.4,6.008,6.8
9.2,6.22,5.4
9.3,9.25,9.2
10.5,7.996,9.3
10.9,10.3,10.5
9.2,9.32,10.9
9.5,8.28,9.2
9.9,9.71,9.5
9.4,9.305,9.9
11.1,9.67,9.4
7.3,9.91,11.1
10.2,4.473,7.3
7.4,9.74,10.2
9.3,5.984,7.4
9.8,8.93,9.3
8.5,10.234,9.8
10.0,7.35,8.5
9.6,10.695,10.0
10.7,9.266,9.6
10.3,10.055,10.7
11.1,9.36,10.3
10.9,10.18,11.1
11.5,10.75,10.9
9.2,10.27,11.5
9.4,8.37,9.2
9.9,9.8,9.4
10.7,9.01,9.9
11.0,11.15,10.7
10.9,10.54,11.0
9.8,11.04,10.9
10.2,9.15,9.8
9.8,10.68,10.2
11.1,9.67,9.8
10.0,10.445,11.1
10.7,9.13,10.0
12.3,9.35,10.7
12.6,11.69,12.3
10.4,11.33,12.6
9.1,9.766,10.4
10.9,8.984,9.1
11.7,11.54,10.9
9.0,10.43,11.7
8.7,8.81,9.0
10.4,9.21,8.7
9.3,10.12,10.4
7.8,8.055,9.3
7.7,7.715,7.8
9.3,7.848,7.7
10.8,9.836,9.3
9.7,11.26,10.8
10.1,9.03,9.7
11.7,10.55,10.1
11.8,12.02,11.7
8.7,10.555,11.8
7.1,7.777,8.7
7.8,6.83,7.1
9.0,8.086,7.8
8.4,8.266,9.0
8.8,7.71,8.4
10.4,9.17,8.8
9.3,11.51,10.4
10.5,8.52,9.3
11.0,11.71,10.5
10.0,9.31,11.0
12.3,9.74,10.0
13.8,12.02,12.3
11.4,12.37,13.8
8.8,9.91,11.4
8.2,8.945,8.8
8.3,8.25,8.2
9.2,8.77,8.3
9.9,9.34,9.2
9.1,9.125,9.9
9.3,10.48,9.1
9.3,9.02,9.3
8.7,9.27,9.3
7.9,9.53,8.7
6.3,7.156,7.9
7.1,6.38,6.3
8.8,8.66,7.1
10.7,9.65,8.8
12.5,11.56,10.7
12.5,12.92,12.5
13.1,11.97,12.5
13.1,13.4,13.1
12.4,12.68,13.1
12.3,11.69,12.4
15.7,12.14,12.3
18.7,15.72,15.7
15.6,17.78,18.7
14.8,14.96,15.6
13.4,13.945,14.8
8.1,12.17,13.4
7.2,7.78,8.1
10.6,9.38,7.2
11.0,11.47,10.6
11.8,11.484,11.0
11.1,12.305,11.8
10.9,11.34,11.1
11.3,11.21,10.9
11.1,11.83,11.3
13.9,11.63,11.1
14.8,14.91,13.9
13.5,13.86,14.8
14.8,13.3,13.5
14.3,14.84,14.8
12.4,13.55,14.3
13.3,12.36,12.4
13.2,13.734,13.3
14.8,13.47,13.2
12.8,14.44,14.8
13.4,12.11,12.8
14.6,13.88,13.4
15.0,14.09,14.6
14.1,15.35,15.0
15.4,14.77,14.1
18.3,15.6,15.4
15.8,18.12,18.3
14.1,14.9,15.8
12.5,13.86,14.1
13.1,13.21,12.5
14.6,13.93,13.1
13.5,14.92,14.6
16.6,14.08,13.5
17.3,17.67,16.6
16.1,16.9,17.3
16.0,15.71,16.1
17.7,15.79,16.0
16.5,17.86,17.7
16.3,16.22,16.5
14.7,16.27,16.3
15.0,14.96,14.7
14.0,15.86,15.0
14.5,14.72,14.0
15.3,16.1,14.5
14.9,15.4,15.3
13.4,15.234,14.9
14.7,13.33,13.4
13.4,16.03,14.7
14.5,13.77,13.4
15.2,15.47,14.5
14.9,15.92,15.2
14.7,15.22,14.9
12.5,15.21,14.7
12.0,13.22,12.5
13.3,12.95,12.0
14.1,14.09,13.3
13.8,15.03,14.1
13.3,13.664,13.8
11.5,13.85,13.3
12.5,12.85,11.5
13.7,13.625,12.5
15.0,14.82,13.7
15.4,14.94,15.0
16.0,16.22,15.4
17.4,16.06,16.0
17.4,17.4,17.4
18.1,16.86,17.4
17.3,17.86,18.1
17.9,17.42,17.3
16.9,17.75,17.9
15.9,15.67,16.9
17.5,16.66,15.9
17.4,18.16,17.5
16.4,17.27,17.4
15.4,16.05,16.4
16.6,15.375,15.4
16.9,17.25,16.6
16.5,16.6,16.9
17.3,16.56,16.5
16.5,17.2,17.3
16.6,16.66,16.5
16.6,17.56,16.6
18.7,16.73,16.6
17.5,18.95,18.7
17.3,16.84,17.5
18.6,17.11,17.3
17.1,18.78,18.6
16.6,16.77,17.1
18.2,17.0,16.6
18.9,18.88,18.2
19.7,18.03,18.9
17.7,19.28,19.7
18.0,17.58,17.7
17.7,18.0,18.0
18.4,17.72,17.7
18.3,18.6,18.4
19.6,18.11,18.3
20.1,19.4,19.6
21.0,19.92,20.1
20.6,20.64,21.0
18.4,18.72,20.6
17.6,18.05,18.4
18.5,18.33,17.6
18.9,18.56,18.5
20.0,18.53,18.9
19.7,19.81,20.0
20.8,19.11,19.7
20.9,20.16,20.8
20.0,20.62,20.9
20.3,20.08,20.0
20.6,19.94,20.3
20.0,20.25,20.6
16.9,19.34,20.0
16.4,16.84,16.9
16.9,17.9,16.4
14.4,16.27,16.9
16.0,15.33,14.4
18.3,17.23,16.0
17.1,18.9,18.3
14.9,15.83,17.1
16.0,15.984,14.9
18.1,17.36,16.0
15.9,17.81,18.1
14.4,14.73,15.9
14.3,14.84,14.4
15.2,14.81,14.3
15.4,15.516,15.2
15.5,15.49,15.4
15.5,14.375,15.5
15.3,16.39,15.5
14.6,15.56,15.3
11.9,13.61,14.6
12.1,12.61,11.9
12.7,12.72,12.1
15.1,12.83,12.7
17.0,15.016,15.1
20.6,17.9,17.0
18.3,18.28,20.6
20.0,17.23,18.3
16.9,18.47,20.0
17.1,16.08,16.9
16.4,16.06,17.1
16.5,16.0,16.4
16.2,15.91,16.5
16.2,15.85,16.2
16.1,15.7,16.2
16.3,15.34,16.1
15.8,14.94,16.3
15.2,15.07,15.8
16.9,15.19,15.2
15.7,16.56,16.9
15.5,15.17,15.7
14.6,14.59,15.5
15.4,14.57,14.6
14.4,15.36,15.4
14.4,14.26,14.4
17.7,14.49,14.4
18.0,17.9,17.7
14.6,16.44,18.0
15.2,13.34,14.6
12.8,16.27,15.2
12.6,12.22,12.8
11.1,12.28,12.6
14.5,12.7,11.1
16.3,15.22,14.5
17.4,16.19,16.3
18.9,15.36,17.4
18.1,17.64,18.9
17.0,16.66,18.1
15.5,15.47,17.0
15.2,14.5,15.5
14.3,14.82,15.2
10.3,12.87,14.3
8.6,9.516,10.3
10.3,9.984,8.6
11.0,10.984,10.3
7.7,10.5,11.0
4.6,8.25,7.7
5.7,6.203,4.6
8.1,7.14,5.7
9.0,8.51,8.1
7.6,8.555,9.0
9.7,8.016,7.6
14.2,10.84,9.7
13.1,13.66,14.2
12.1,11.42,13.1
10.9,10.93,12.1
10.4,11.305,10.9
9.8,9.85,10.4
8.6,9.51,9.8
8.9,8.15,8.6
9.2,9.23,8.9
8.8,8.18,9.2
12.4,7.973,8.8
15.2,13.266,12.4
14.8,13.19,15.2
15.2,12.91,14.8
14.0,14.05,15.2
12.8,12.32,14.0
10.6,10.69,12.8
8.2,8.734,10.6
7.0,7.35,8.2
9.6,6.26,7.0
10.4,10.6,9.6
11.0,9.71,10.4
10.9,10.086,11.0
11.2,9.68,10.9
11.8,11.1,11.2
10.4,10.49,11.8
10.4,9.44,10.4
10.0,9.805,10.4
7.4,9.46,10.0
5.3,6.867,7.4
5.3,5.605,5.3
4.8,5.895,5.3
7.6,4.656,4.8
11.3,9.2,7.6
11.4,10.92,11.3
11.7,10.08,11.4
14.0,11.51,11.7
12.4,13.1,14.0
9.1,10.79,12.4
7.2,7.88,9.1
5.3,6.57,7.2
5.3,5.867,5.3
2.0999994,5.613,5.3
3.6,1.969,2.1
11.3,6.613,3.6
9.4,10.28,11.3
10.5,9.016,9.4
9.1,9.52,10.5
9.7,7.867,9.1
12.2,9.09,9.7
12.8,11.766,12.2
11.7,10.49,12.8
9.7,10.73,11.7
8.4,7.945,9.7
7.3,7.227,8.4
10.2,7.28,7.3
10.7,10.15,10.2
7.4,10.2,10.7
8.3,6.516,7.4
9.9,9.9,8.3
10.9,9.05,9.9
9.1,10.42,10.9
9.0,7.566,9.1
10.8,8.59,9.0
9.6,11.07,10.8
12.3,9.49,9.6
12.3,11.62,12.3
13.2,10.52,12.3
12.6,11.44,13.2
12.1,10.484,12.6
10.9,11.6,12.1
9.0,9.33,10.9
10.6,7.953,9.0
8.9,10.26,10.6
7.9,7.234,8.9
9.2,8.8,7.9
9.3,9.52,9.2
4.9,8.79,9.3
5.1,3.621,4.9
4.8,6.59,5.1
3.8000002,4.387,4.8
5.8,5.95,3.8
5.2,6.32,5.8
1.7999997,4.695,5.2
1.6000004,1.75,1.8
0.5,2.84,1.6
2.1999993,1.055,0.5
1.6000004,3.516,2.2
3.1999998,3.098,1.6
4.1,3.344,3.2
4.4,4.035,4.1
4.4,4.484,4.4
5.0,3.7,4.4
7.5,6.582,5.0
6.9,6.62,7.5
8.6,6.215,6.9
7.7,8.26,8.6
8.6,7.0,7.7
7.8,7.344,8.6
8.6,7.664,7.8
10.4,7.93,8.6
9.9,9.36,10.4
9.1,8.16,9.9
12.1,9.1,9.1
9.9,11.125,12.1
8.8,8.36,9.9
8.4,8.35,8.8
11.8,9.09,8.4
12.6,10.87,11.8
9.8,10.945,12.6
8.2,8.64,9.8
9.9,8.08,8.2
9.2,9.38,9.9
8.2,8.17,9.2
8.8,7.61,8.2
9.5,9.54,8.8
7.5,9.055,9.5
7.3,6.805,7.5
9.9,8.44,7.3
13.2,10.18,9.9
10.5,12.77,13.2
9.7,9.1,10.5
11.2,9.46,9.7
11.3,10.91,11.2
9.7,10.59,11.3
8.9,9.125,9.7
9.4,8.195,8.9
8.8,9.97,9.4
8.9,8.74,8.8
10.0,9.13,8.9
8.9,10.03,10.0
8.7,8.2,8.9
8.5,9.54,8.7
9.1,8.0,8.5
9.3,9.02,9.1
7.5,9.06,9.3
7.8,7.055,7.5
9.4,7.668,7.8
8.6,9.305,9.4
7.8,8.2,8.6
8.1,7.47,7.8
9.6,9.45,8.1
10.5,9.6,9.6
12.0,10.625,10.5
13.4,11.38,12.0
13.2,12.34,13.4
11.2,12.875,13.2
10.9,9.164,11.2
11.8,11.3,10.9
11.3,10.48,11.8
10.7,11.78,11.3
10.5,10.22,10.7
10.4,9.766,10.5
9.4,11.086,10.4
8.7,8.55,9.4
7.8,9.266,8.7
6.5,6.62,7.8
6.1000004,7.508,6.5
6.1000004,7.07,6.1
4.6,6.523,6.1
4.9,4.72,4.6
5.5,6.26,4.9
6.6,7.03,5.5
8.0,6.86,6.6
8.0,8.7,8.0
9.3,8.08,8.0
10.3,9.57,9.3
10.0,10.34,10.3
11.4,10.05,10.0
12.1,11.81,11.4
11.6,10.73,12.1
12.6,11.67,11.6
11.7,13.125,12.6
10.3,11.12,11.7
9.5,9.31,10.3
10.5,9.58,9.5
10.5,10.65,10.5
11.0,11.54,10.5
10.5,11.22,11.0
10.3,10.39,10.5
8.6,10.164,10.3
10.5,9.3,8.6
11.7,11.625,10.5
12.0,12.01,11.7
13.0,12.195,12.0
14.0,11.484,13.0
13.8,15.31,14.0
17.3,12.43,13.8
17.1,16.22,17.3
16.2,14.61,17.1
13.5,14.28,16.2
13.0,12.96,13.5
14.1,13.04,13.0
14.3,14.45,14.1
13.4,13.625,14.3
14.7,13.86,13.4
15.0,15.43,14.7
14.4,13.97,15.0
14.6,14.83,14.4
13.9,14.17,14.6
13.2,12.9,13.9
13.9,13.56,13.2
13.8,14.7,13.9
13.2,13.984,13.8
11.9,12.97,13.2
11.3,12.67,11.9
12.3,12.25,11.3
12.6,14.06,12.3
13.7,12.945,12.6
13.2,14.75,13.7
14.9,13.22,13.2
14.5,15.18,14.9
14.5,13.91,14.5
17.4,15.375,14.5
16.1,17.14,17.4
14.8,14.79,16.1
15.4,15.33,14.8
15.6,16.52,15.4
14.2,15.555,15.6
11.7,13.74,14.2
13.1,12.86,11.7
14.2,14.31,13.1
13.6,15.836,14.2
13.7,13.914,13.6
13.2,14.14,13.7
14.1,13.69,13.2
17.0,15.67,14.1
21.7,17.12,17.0
24.4,21.05,21.7
16.8,20.27,24.4
14.9,14.8,16.8
16.8,15.375,14.9
15.3,18.5,16.8
14.6,14.9,15.3
15.1,14.86,14.6
14.9,16.27,15.1
15.1,15.28,14.9
15.5,15.7,15.1
15.7,16.86,15.5
15.3,15.53,15.7
14.9,15.89,15.3
15.5,15.27,14.9
15.4,16.1,15.5
15.7,15.77,15.4
15.9,15.836,15.7
15.2,16.31,15.9
15.8,16.08,15.2
16.0,16.73,15.8
16.0,16.05,16.0
16.4,16.25,16.0
16.8,17.08,16.4
14.7,16.42,16.8
15.0,14.8,14.7
15.4,16.14,15.0
16.2,16.12,15.4
16.5,16.92,16.2
16.5,16.56,16.5
18.1,17.08,16.5
18.6,18.97,18.1
15.5,16.94,18.6
17.3,15.79,15.5
16.5,18.34,17.3
15.3,15.16,16.5
14.9,15.625,15.3
15.8,15.27,14.9
16.3,16.83,15.8
16.5,16.1,16.3
17.1,16.56,16.5
15.7,16.9,17.1
15.3,17.22,15.7
15.1,14.75,15.3
16.1,16.38,15.1
16.8,17.06,16.1
16.6,17.11,16.8
16.1,15.98,16.6
15.5,15.766,16.1
17.3,15.85,15.5
18.0,18.31,17.3
20.7,17.38,18.0
20.8,20.38,20.7
18.8,19.84,20.8
16.8,17.81,18.8
15.9,16.75,16.8
16.4,16.05,15.9
16.7,17.23,16.4
15.3,17.34,16.7
17.2,15.72,15.3
16.7,17.45,17.2
15.3,15.5,16.7
16.7,15.81,15.3
18.1,17.78,16.7
17.1,17.66,18.1
17.6,16.0,17.1
16.1,17.81,17.6
16.2,14.984,16.1
16.3,17.47,16.2
15.2,16.52,16.3
13.6,13.86,15.2
14.8,14.44,13.6
18.1,16.06,14.8
20.2,18.19,18.1
18.8,19.1,20.2
15.3,17.08,18.8
15.9,15.47,15.3
16.8,16.44,15.9
17.1,16.47,16.8
17.6,17.34,17.1
16.9,17.27,17.6
18.4,16.11,16.9
17.9,18.56,18.4
16.0,16.64,17.9
13.7,14.69,16.0
12.7,14.25,13.7
13.4,13.74,12.7
13.3,13.445,13.4
16.1,12.695,13.3
14.6,16.7,16.1
14.5,13.625,14.6
15.0,14.64,14.5
16.0,14.4,15.0
16.4,15.33,16.0
16.3,15.734,16.4
15.8,15.414,16.3
16.0,14.836,15.8
17.3,16.52,16.0
15.7,15.94,17.3
16.8,15.375,15.7
16.1,16.4,16.8
14.8,15.484,16.1
13.6,13.484,14.8
14.8,14.984,13.6
15.2,14.89,14.8
13.5,14.61,15.2
11.9,12.45,13.5
11.0,12.73,11.9
11.5,11.68,11.0
11.7,11.22,11.5
12.3,11.76,11.7
12.5,12.69,12.3
13.3,12.06,12.5
13.1,13.586,13.3
13.8,12.3,13.1
13.0,14.5,13.8
15.1,12.14,13.0
15.8,15.69,15.1
14.5,13.836,15.8
15.1,13.484,14.5
12.7,14.78,15.1
10.6,11.484,12.7
10.2,10.516,10.6
12.0,9.82,10.2
15.7,13.15,12.0
16.5,15.7,15.7
14.2,14.97,16.5
14.3,12.94,14.2
11.9,15.06,14.3
11.2,10.125,11.9
14.7,11.89,11.2
14.8,14.93,14.7
12.0,13.805,14.8
11.9,10.58,12.0
13.1,11.27,11.9
10.4,13.016,13.1
10.9,9.49,10.4
9.8,12.46,10.9
8.3,9.19,9.8
8.6,8.06,8.3
11.2,10.19,8.6
11.4,10.586,11.2
15.3,11.66,11.4
14.5,14.82,15.3
10.8,12.86,14.5
9.2,9.25,10.8
10.0,10.836,9.2
8.9,8.95,10.0
9.3,8.82,8.9
9.6,8.98,9.3
6.9,9.28,9.6
6.3,6.6,6.9
4.4,5.91,6.3
5.4,4.15,4.4
7.1,6.79,5.4
4.0,7.156,7.1
3.9,3.602,4.0
5.3,4.992,3.9
8.7,5.27,5.3
10.1,9.734,8.7
10.9,8.94,10.1
12.1,10.07,10.9
9.7,10.78,12.1
8.9,9.57,9.7
9.0,9.11,8.9
7.0,8.125,9.0
6.8,6.74,7.0
2.0999994,6.58,6.8
5.5,0.6484,2.1
6.0,6.305,5.5
7.1,6.445,6.0
9.0,6.16,7.1
11.2,9.63,9.0
10.9,9.85,11.2
11.3,10.12,10.9
11.2,10.37,11.3
14.1,10.55,11.2
11.9,11.46,14.1
12.8,11.12,11.9
12.3,10.96,12.8
8.9,10.01,12.3
10.6,8.3,8.9
10.2,10.8,10.6
9.1,8.52,10.2
7.1,8.76,9.1
5.5,6.297,7.1
9.3,6.863,5.5
8.3,9.38,9.3
8.2,7.85,8.3
11.3,9.11,8.2
11.4,10.22,11.3
9.6,10.46,11.4
6.4,7.914,9.6
10.6,5.992,6.4
9.1,11.12,10.6
8.1,8.195,9.1
8.4,7.586,8.1
7.9,8.93,8.4
11.2,6.055,7.9
13.0,10.555,11.2
14.0,12.59,13.0
13.1,11.54,14.0
9.5,10.516,13.1
8.1,9.14,9.5
6.1000004,7.117,8.1
2.6999998,5.797,6.1
4.1,3.016,2.7
6.9,5.113,4.1
9.0,8.23,6.9
9.2,8.8,9.0
10.7,8.08,9.2
8.1,10.125,10.7
5.7,7.03,8.1
8.4,5.24,5.7
12.8,8.78,8.4
10.6,11.664,12.8
8.3,7.86,10.6
9.1,8.41,8.3
9.9,8.484,9.1
10.1,9.48,9.9
10.9,10.734,10.1
8.8,10.11,10.9
9.7,8.94,8.8
11.1,9.14,9.7
10.2,9.99,11.1
7.6,8.66,10.2
4.1,6.855,7.6
5.4,3.68,4.1
8.5,8.08,5.4
8.2,7.98,8.5
10.4,9.4,8.2
9.6,9.945,10.4
9.5,8.83,9.6
7.4,9.05,9.5
8.2,6.89,7.4
4.4,8.47,8.2
4.7,4.867,4.4
4.4,5.316,4.7
4.5,3.887,4.4
5.2,5.79,4.5
6.2,5.285,5.2
9.5,8.35,6.2
9.2,8.78,9.5
9.2,8.43,9.2
10.3,9.35,9.2
11.6,9.25,10.3
11.1,11.28,11.6
10.3,10.01,11.1
8.2,9.14,10.3
9.1,7.734,8.2
10.0,8.82,9.1
8.9,9.25,10.0
10.0,8.73,8.9
8.7,9.125,10.0
9.8,7.87,8.7
12.2,10.07,9.8
12.0,11.75,12.2
8.8,10.55,12.0
7.2,7.867,8.8
6.2,6.918,7.2
6.0,5.938,6.2
6.0,6.93,6.0
8.1,6.598,6.0
7.4,7.605,8.1
7.6,7.48,7.4
10.3,8.32,7.6
10.8,9.94,10.3
9.5,10.1,10.8
7.6,8.484,9.5
7.8,7.17,7.6
7.9,7.312,7.8
8.4,7.477,7.9
7.7,8.56,8.4
8.9,8.35,7.7
8.2,8.69,8.9
9.3,8.48,8.2
9.6,9.66,9.3
10.0,9.48,9.6
9.5,10.05,10.0
8.6,8.28,9.5
8.4,8.33,8.6
8.8,8.61,8.4
8.8,8.266,8.8
12.0,10.89,8.8
11.9,12.03,12.0
14.5,10.7,11.9
12.8,13.375,14.5
11.7,11.38,12.8
13.7,11.57,11.7
14.0,13.375,13.7
13.0,12.45,14.0
12.6,12.336,13.0
10.9,11.61,12.6
11.2,10.76,10.9
10.7,10.945,11.2
10.9,11.28,10.7
10.6,11.05,10.9
10.4,10.6,10.6
8.7,10.56,10.4
6.3,8.92,8.7
7.0,6.77,6.3
5.5,7.72,7.0
7.8,6.445,5.5
7.9,8.766,7.8
8.7,7.98,7.9
12.4,9.33,8.7
11.5,12.56,12.4
11.3,11.02,11.5
10.5,10.76,11.3
11.1,10.266,10.5
11.3,11.73,11.1
11.5,10.65,11.3
12.0,12.23,11.5
12.2,11.95,12.0
11.5,12.13,12.2
13.3,11.53,11.5
12.7,12.3,13.3
12.9,12.28,12.7
13.8,12.31,12.9
13.5,13.55,13.8
14.2,13.14,13.5
15.0,13.63,14.2
14.1,14.56,15.0
14.0,13.5,14.1
15.6,13.86,14.0
14.2,14.086,15.6
14.1,14.25,14.2
13.4,13.336,14.1
12.4,13.17,13.4
12.7,12.805,12.4
12.6,13.336,12.7
12.2,12.2,12.6
11.9,12.41,12.2
13.5,12.836,11.9
12.5,13.55,13.5
13.0,13.41,12.5
14.0,13.51,13.0
13.0,14.39,14.0
13.4,13.164,13.0
14.6,15.22,13.4
13.3,14.445,14.6
14.2,13.0,13.3
16.5,15.22,14.2
16.8,16.08,16.5
17.4,17.28,16.8
14.3,16.72,17.4
15.6,13.87,14.3
16.0,16.16,15.6
14.7,15.81,16.0
14.6,15.14,14.7
13.9,14.875,14.6
12.2,13.23,13.9
13.5,13.34,12.2
12.0,14.22,13.5
12.5,13.06,12.0
13.6,13.7,12.5
13.9,14.375,13.6
13.6,14.414,13.9
13.2,13.64,13.6
13.7,13.6,13.2
14.0,14.66,13.7
15.0,14.59,14.0
15.6,15.484,15.0
15.2,15.945,15.6
15.4,15.61,15.2
16.2,15.64,15.4
15.3,17.3,16.2
13.8,14.74,15.3
14.3,14.56,13.8
14.7,15.03,14.3
16.9,15.516,14.7
19.3,17.44,16.9
17.1,18.7,19.3
14.7,17.4,17.1
15.5,14.25,14.7
16.4,16.56,15.5
15.7,16.56,16.4
17.7,16.25,15.7
20.5,18.33,17.7
17.7,18.75,20.5
18.1,17.9,17.7
16.2,18.03,18.1
16.8,16.16,16.2
17.4,17.94,16.8
18.1,17.39,17.4
18.9,18.9,18.1
17.6,18.16,18.9
17.9,17.75,17.6
17.8,18.64,17.9
17.5,17.53,17.8
17.2,17.67,17.5
16.9,17.14,17.2
16.7,17.08,16.9
16.8,17.84,16.7
16.3,16.53,16.8
18.8,17.14,16.3
18.3,19.62,18.8
16.1,16.77,18.3
15.3,16.38,16.1
15.4,15.875,15.3
17.5,16.42,15.4
19.5,18.06,17.5
19.0,19.25,19.5
18.8,18.48,19.0
18.2,18.22,18.8
18.9,18.1,18.2
16.8,18.62,18.9
16.9,17.52,16.8
17.6,17.14,16.9
17.7,18.52,17.6
18.4,16.8,17.7
17.6,18.8,18.4
19.0,18.1,17.6
17.8,19.56,19.0
19.0,16.84,17.8
18.0,18.72,19.0
17.9,18.06,18.0
16.9,17.67,17.9
16.1,17.28,16.9
16.9,15.89,16.1
17.4,17.22,16.9
16.2,18.28,17.4
15.8,15.74,16.2
15.5,16.56,15.8
15.7,15.75,15.5
15.8,16.62,15.7
15.7,15.44,15.8
14.9,16.11,15.7
17.7,15.56,14.9
19.4,18.5,17.7
17.6,17.89,19.4
19.8,17.31,17.6
19.6,19.95,19.8
17.3,17.8,19.6
16.7,17.06,17.3
16.6,16.45,16.7
17.8,16.44,16.6
16.3,17.81,17.8
15.9,16.81,16.3
16.0,15.836,15.9
17.6,16.61,16.0
16.5,17.48,17.6
16.7,15.945,16.5
17.1,16.84,16.7
16.2,15.98,17.1
17.5,17.16,16.2
19.6,17.78,17.5
15.6,17.73,19.6
19.9,15.6,15.6
18.4,20.03,19.9
15.2,17.62,18.4
13.4,15.06,15.2
13.2,13.97,13.4
13.7,12.766,13.2
16.1,15.68,13.7
14.8,15.28,16.1
15.9,15.47,14.8
15.0,15.625,15.9
14.7,14.36,15.0
15.4,14.94,14.7
17.6,16.27,15.4
17.1,16.6,17.6
17.5,16.44,17.1
15.7,16.2,17.5
14.9,14.445,15.7
15.0,15.56,14.9
15.4,14.75,15.0
16.3,16.58,15.4
14.8,14.59,16.3
15.3,14.305,14.8
14.1,15.35,15.3
12.3,13.62,14.1
11.1,12.125,12.3
10.1,10.46,11.1
10.5,11.37,10.1
11.3,9.9,10.5
14.4,13.59,11.3
14.8,14.28,14.4
15.3,14.11,14.8
13.2,14.39,15.3
11.7,11.625,13.2
12.4,12.266,11.7
14.2,12.78,12.4
14.6,14.72,14.2
13.7,13.12,14.6
12.8,13.08,13.7
12.1,12.65,12.8
9.5,11.266,12.1
10.7,10.15,9.5
13.2,11.336,10.7
13.9,12.83,13.2
14.1,12.8,13.9
11.1,13.0,14.1
11.4,9.58,11.1
11.6,12.67,11.4
12.9,9.57,11.6
14.3,13.08,12.9
15.2,12.69,14.3
13.8,14.69,15.2
13.2,13.016,13.8
14.7,12.93,13.2
12.0,12.94,14.7
10.2,10.55,12.0
11.1,10.08,10.2
11.6,11.36,11.1
10.3,10.49,11.6
11.9,9.9,10.3
12.5,11.55,11.9
12.3,11.81,12.5
11.6,11.164,12.3
11.0,11.516,11.6
9.6,10.336,11.0
10.9,8.94,9.6
11.8,10.516,10.9
10.3,10.89,11.8
9.6,9.875,10.3
9.8,9.01,9.6
10.5,9.71,9.8
8.1,9.78,10.5
7.8,8.12,8.1
4.9,7.227,7.8
8.2,4.742,4.9
10.1,9.695,8.2
10.3,8.68,10.1
11.8,10.484,10.3
10.9,10.234,11.8
11.2,10.555,10.9
12.7,10.78,11.2
11.6,11.695,12.7
10.4,10.27,11.6
11.9,9.77,10.4
10.2,11.43,11.9
10.6,8.99,10.2
8.5,10.64,10.6
8.1,7.656,8.5
10.7,7.445,8.1
11.1,11.07,10.7
9.9,9.13,11.1
8.1,9.17,9.9
9.9,7.633,8.1
12.5,10.07,9.9
9.4,11.055,12.5
8.9,8.14,9.4
6.7,8.66,8.9
6.6,6.477,6.7
8.2,6.625,6.6
10.6,8.16,8.2
12.7,11.07,10.6
7.2,11.11,12.7
2.6,5.746,7.2
9.1,3.484,2.6
10.7,8.99,9.1
9.4,8.6,10.7
12.1,9.414,9.4
10.0,11.2,12.1
8.8,8.266,10.0
7.1,8.31,8.8
6.6,7.55,7.1
7.0,5.914,6.6
8.4,7.133,7.0
10.4,8.42,8.4
8.9,9.52,9.2
7.4,7.33,8.9
9.6,8.234,7.4
7.7,8.87,9.6
9.4,6.703,7.7
7.4,8.95,9.4
6.8,6.28,7.4
8.5,6.875,6.8
6.3,8.83,8.5
7.3,4.855,6.3
10.3,8.1,7.3
7.9,9.73,10.3
11.2,7.1,7.9
8.2,10.914,11.2
3.0,6.11,8.2
-0.5,2.8,3.0
1.3999996,0.1719,-0.5
4.3,3.73,1.4
6.9,5.492,4.3
8.9,8.336,6.9
7.3,7.69,8.9
9.0,8.805,7.3
8.0,8.82,9.0
10.3,7.35,8.0
9.4,10.05,10.3
10.3,9.36,9.4
10.8,9.88,10.3
11.1,10.31,10.8
10.0,10.57,11.1
9.5,9.01,10.0
8.9,8.51,9.5
10.2,8.7,8.9
9.7,9.336,10.2
9.8,9.79,9.7
9.5,11.04,9.8
8.0,8.02,9.5
10.2,8.8,8.0
10.7,10.12,10.2
10.2,10.38,10.7
8.4,9.266,10.2
6.7,6.02,8.4
8.5,7.973,6.7
11.2,9.49,8.5
10.8,11.59,11.2
9.7,9.484,10.8
8.5,8.19,9.7
9.4,9.52,8.5
10.1,9.625,9.4
10.8,9.69,10.1
11.3,10.88,10.8
9.5,10.27,11.3
10.4,9.32,9.5
11.5,10.875,10.4
10.6,11.3,11.5
10.4,10.086,10.6
9.0,10.164,10.4
9.4,9.49,9.0
11.7,10.75,9.4
11.8,11.984,11.7
11.2,10.984,11.8
10.9,10.37,11.2
7.9,11.53,10.9
6.7,7.684,7.9
9.0,7.145,6.7
8.2,10.41,9.0
8.1,7.406,8.2
9.6,9.38,8.1
9.0,9.766,9.6
8.6,8.78,9.0
8.4,8.625,8.6
8.0,8.75,8.4
8.0,7.84,8.0
8.1,8.36,8.0
7.0,8.234,8.1
6.6,8.08,7.0
6.1000004,6.285,6.6
7.7,7.688,6.1
8.7,7.484,7.7
7.0,8.91,8.7
7.3,7.086,7.0
8.4,7.855,7.3
9.9,8.19,8.4
11.1,10.086,9.9
11.8,10.96,11.1
9.9,11.266,11.8
9.7,8.26,9.9
12.0,11.336,9.7
12.2,12.195,12.0
14.5,11.16,12.2
15.9,14.336,14.5
13.5,13.31,15.9
14.4,13.22,13.5
15.1,13.66,14.4
12.3,14.41,15.1
10.7,11.28,12.3
12.3,10.99,10.7
12.3,13.28,12.3
10.8,12.25,12.3
9.9,10.586,10.8
12.3,10.68,9.9
11.9,12.81,12.3
11.0,12.61,11.9
12.8,10.77,11.0
15.1,13.766,12.8
13.9,13.94,15.1
13.6,13.86,13.9
12.4,13.59,13.6
10.9,12.65,12.4
10.5,11.42,10.9
11.5,10.836,10.5
12.8,12.45,11.5
13.1,12.96,12.8
13.6,13.766,13.1
13.8,13.42,13.6
12.7,13.336,13.8
12.6,13.22,12.7
13.3,13.04,12.6
12.7,13.3,13.3
11.5,12.89,12.7
11.9,11.95,11.5
13.2,12.56,11.9
16.2,14.17,13.2
16.2,17.0,16.2
14.2,15.555,16.2
12.5,13.85,14.2
12.4,12.9,12.5
13.1,12.945,12.4
13.0,14.05,13.1
14.9,13.33,13.0
13.2,15.61,14.9
13.1,12.21,13.2
13.0,14.08,13.1
13.4,13.47,13.0
14.3,13.516,13.4
14.6,14.56,14.3
15.4,14.484,14.6
16.3,15.195,15.4
16.3,15.69,16.3
16.7,15.92,16.3
15.9,16.34,16.7
15.4,16.5,15.9
16.0,15.375,15.4
16.9,16.44,16.0
15.7,16.77,16.9
20.7,15.92,15.7
16.7,20.56,20.7
15.1,14.85,16.7
15.2,15.71,15.1
16.9,15.59,15.2
18.1,18.06,16.9
15.4,17.4,18.1
18.1,15.375,15.4
17.8,19.25,18.1
17.2,16.75,17.8
17.1,18.0,17.2
16.4,16.81,17.1
15.9,16.44,16.4
15.7,16.4,15.9
15.4,16.03,15.7
14.7,16.28,15.4
15.4,15.17,14.7
17.4,16.0,15.4
19.0,17.72,17.4
17.8,18.69,19.0
17.6,17.75,17.8
16.4,17.25,17.6
17.7,16.67,16.4
20.1,18.62,17.7
20.9,20.31,20.1
18.6,20.16,20.9
18.3,17.66,18.6
17.4,18.81,18.3
18.4,17.4,17.4
18.7,19.0,18.4
20.8,18.16,18.7
17.9,20.48,20.8
17.7,17.42,17.9
19.1,18.34,17.7
18.0,19.08,19.1
16.4,16.9,18.0
17.7,16.94,16.4
19.0,18.62,17.7
18.4,19.23,19.0
16.8,18.06,18.4
18.8,17.4,16.8
20.2,19.5,18.8
18.6,20.47,20.2
18.3,17.97,18.6
18.0,17.84,18.3
19.1,17.84,18.0
21.0,20.1,19.1
19.1,20.72,21.0
16.7,18.34,19.1
16.4,17.05,16.7
15.8,17.23,16.4
14.6,16.31,15.8
15.1,14.33,14.6
17.2,16.19,15.1
16.5,18.0,17.2
15.8,16.78,16.5
17.0,17.06,15.8
17.3,17.6,17.0
16.4,16.23,17.3
18.5,16.69,16.4
18.5,18.75,18.5
17.1,17.75,18.5
15.6,16.72,17.1
16.3,16.16,15.6
16.8,16.6,16.3
15.7,17.14,16.8
13.9,15.22,15.7
14.4,14.31,13.9
15.7,15.27,14.4
16.0,15.79,15.7
15.8,16.38,16.0
16.1,15.516,15.8
16.9,16.7,16.1
16.5,16.4,16.9
15.9,16.89,16.5
15.0,16.34,15.9
15.1,14.54,15.0
14.0,15.14,15.1
15.0,14.67,14.0
15.2,14.83,15.0
16.5,15.305,15.2
14.8,16.44,16.5
12.7,14.05,14.8
12.2,13.234,12.7
12.1,13.2,12.2
12.5,11.7,12.1
12.2,14.28,12.5
12.3,11.53,12.2
13.9,12.46,12.3
13.2,14.59,13.9
13.4,12.266,13.2
15.4,13.8,13.4
16.0,14.45,15.4
15.6,15.78,16.0
15.0,15.34,15.6
15.6,14.46,15.0
14.4,14.78,15.6
14.1,13.664,14.4
14.0,13.95,14.1
14.5,13.086,14.0
12.9,14.26,14.5
13.5,13.31,12.9
12.8,13.766,13.5
9.1,11.4,12.8
8.6,8.41,9.1
8.9,10.086,8.6
10.4,9.98,8.9
11.2,10.52,10.4
12.7,10.92,11.2
14.7,12.766,12.7
14.3,13.45,14.7
17.5,14.664,14.3
16.1,16.1,17.5
14.8,13.81,16.1
15.3,14.45,14.8
16.3,15.234,15.3
13.5,14.93,16.3
10.9,11.67,13.5
13.9,12.0,10.9
13.4,13.0,13.9
14.5,12.945,13.4
15.2,14.09,14.5
13.0,13.67,15.2
12.5,11.984,13.0
11.3,11.82,12.5
10.8,10.66,11.3
10.0,10.63,10.8
10.2,9.8,10.0
13.9,11.34,10.2
15.0,13.92,13.9
13.0,13.625,15.0
11.0,11.516,13.0
11.7,10.3,11.0
14.1,13.09,11.7
11.0,12.71,14.1
9.5,10.45,11.0
11.7,9.04,9.5
13.2,12.86,11.7
13.4,11.74,13.2
12.7,12.6,13.4
12.5,11.81,12.7
12.7,11.78,12.5
12.8,12.42,12.7
14.2,11.51,12.8
14.7,14.69,14.2
12.6,12.56,14.7
10.2,10.62,12.6
10.8,10.16,10.2
14.1,11.58,10.8
14.2,13.94,14.1
14.3,12.81,14.2
13.9,13.04,14.3
13.7,13.07,13.9
12.6,12.836,13.7
12.3,11.65,12.6
11.2,11.234,12.3
9.3,9.945,11.2
9.8,9.375,9.3
10.7,9.86,9.8
9.8,9.586,10.7
11.9,10.88,9.8
12.4,11.24,11.9
12.7,11.42,12.4
13.2,12.0,12.7
12.9,11.85,13.2
10.8,12.016,12.9
11.1,9.8,10.8
11.8,11.18,11.1
12.5,11.15,11.8
10.0,11.914,12.5
13.2,9.01,10.0
13.8,12.875,13.2
13.4,12.35,13.8
12.2,11.89,13.4
11.0,11.11,12.2
10.6,10.19,11.0
11.5,10.04,10.6
11.9,10.195,11.5
9.4,12.89,11.9
8.5,8.18,9.4
8.6,8.56,8.5
9.0,8.56,8.6
5.1,8.75,9.0
2.5,4.566,5.1
0.39999962,3.008,2.5
5.6,2.098,0.4
11.4,8.69,5.6
12.9,10.17,11.4
13.6,11.58,12.9
12.2,11.875,13.6
9.7,10.92,12.2
8.1,8.24,9.7
5.7,7.695,8.1
5.6,5.918,5.7
4.7,5.227,5.6
9.8,6.16,4.7
11.1,9.68,9.8
8.1,9.37,11.1
7.3,6.613,8.1
10.4,7.453,7.3
9.7,10.125,10.4
10.6,8.8,9.7
10.3,9.484,10.6
5.4,9.51,10.3
4.2,3.16,5.4
8.6,5.918,4.2
9.1,7.926,8.6
11.1,8.66,9.1
10.1,10.125,11.1
6.6,8.914,10.1
9.6,5.48,6.6
7.7,9.914,9.6
10.6,6.48,7.7
11.2,10.91,10.6
7.9,9.18,11.2
9.6,7.53,7.9
12.4,9.44,9.6
8.9,10.984,12.4
9.8,7.617,8.9
11.1,10.74,9.8
11.3,9.875,11.1
10.4,10.305,11.3
11.9,9.56,10.4
11.0,11.76,11.9
9.0,9.46,11.0
11.3,9.59,9.0
12.0,11.0,11.3
10.4,10.72,12.0
9.6,9.555,10.4
11.3,8.87,9.6
10.9,11.08,11.3
9.9,9.73,10.9
10.3,10.1,9.9
11.0,9.85,10.3
9.9,10.516,11.0
9.9,9.54,9.9
11.0,10.01,9.9
11.1,11.18,11.0
10.5,10.984,11.1
7.9,10.63,10.5
9.1,7.953,7.9
11.2,10.125,9.1
10.9,10.87,11.2
7.1,9.664,10.9
7.6,6.7,7.1
7.8,8.875,7.6
11.6,7.95,7.8
9.1,11.53,11.6
5.5,8.016,9.1
7.3,4.52,5.5
10.4,8.836,7.3
7.8,9.945,10.4
6.8,8.195,7.8
5.9000006,7.047,6.8
6.9,6.19,5.9
8.5,7.656,6.9
6.3,8.53,8.5
6.5,5.055,6.3
5.7,6.797,6.5
7.9,5.305,5.7
11.5,9.39,7.9
10.5,10.11,11.5
9.6,10.055,10.5
9.4,8.766,9.6
8.1,8.91,9.4
7.1,8.125,8.1
8.8,6.574,7.1
11.0,9.65,8.8
10.0,10.33,11.0
8.2,9.1,10.0
6.2,7.656,8.2
6.1000004,5.555,6.2
8.3,6.83,6.1
9.2,8.984,8.3
10.1,9.79,9.2
10.1,10.19,10.1
10.2,10.1,10.1
8.7,10.1,10.2
8.8,8.42,8.7
8.3,10.586,8.8
7.3,6.383,8.3
9.4,8.56,7.3
11.0,9.875,9.4
9.3,9.8,11.0
11.2,9.19,9.3
11.1,10.74,11.2
10.5,11.03,11.1
11.4,10.08,10.5
11.6,11.35,11.4
11.0,10.734,11.6
8.7,10.44,11.0
10.0,9.125,8.7
11.3,10.164,10.0
11.7,10.664,11.3
10.0,11.06,11.7
10.6,9.28,10.0
10.3,10.94,10.6
10.2,9.83,10.3
10.7,10.25,10.2
9.3,11.086,10.7
5.5,8.58,9.3
4.9,5.402,5.5
7.9,6.5,4.9
6.6,10.1,7.9
8.3,6.695,6.6
8.5,8.805,8.3
9.5,9.36,8.5
11.0,10.44,9.5
11.5,11.38,11.0
11.7,11.375,11.5
12.0,11.89,11.7
12.5,11.68,12.0
13.7,12.72,12.5
15.1,13.61,13.7
17.4,14.78,15.1
18.7,16.17,17.4
19.1,16.94,18.7
19.8,17.36,19.1
18.5,17.4,19.8
13.5,16.12,18.5
12.5,12.97,13.5
11.9,12.08,12.5
12.4,12.766,11.9
8.3,11.984,12.4
8.3,8.07,8.3
8.6,9.89,8.3
9.9,9.664,8.6
13.1,11.39,9.9
11.2,13.695,13.1
10.2,10.17,11.2
10.0,10.59,10.2
10.8,11.305,10.0
11.5,10.875,10.8
15.0,12.82,11.5
16.0,14.81,15.0
13.5,14.67,16.0
13.1,13.81,13.5
13.9,13.34,13.1
15.2,14.59,13.9
15.0,15.55,15.2
13.8,14.625,15.0
12.9,13.76,13.8
12.9,13.41,12.9
13.1,13.516,12.9
13.8,14.59,13.1
13.7,13.75,13.8
13.5,14.5,13.7
13.2,13.59,13.5
13.8,13.984,13.2
14.1,14.766,13.8
12.7,14.07,14.1
12.1,13.03,12.7
13.5,13.05,12.1
13.5,14.64,13.5
13.6,13.5,13.5
12.2,13.4,13.6
12.6,12.8,12.2
14.5,13.71,12.6
14.5,15.67,14.5
14.0,14.78,14.5
15.3,14.44,14.0
16.7,15.69,15.3
17.7,17.06,16.7
17.4,16.97,17.7
17.3,17.22,17.4
16.5,16.83,17.3
16.0,16.4,16.5
16.3,15.75,16.0
20.2,16.83,16.3
21.0,20.1,20.2
22.1,19.4,21.0
24.5,21.55,22.1
20.8,22.66,24.5
19.1,18.03,20.8
16.9,19.25,19.1
15.4,16.84,16.9
15.1,15.94,15.4
15.4,16.28,15.1
16.1,16.38,15.4
17.4,16.45,16.1
21.0,18.53,17.4
22.7,21.0,21.0
18.8,20.97,22.7
17.3,18.28,18.8
16.5,16.9,17.3
17.6,17.53,16.5
17.6,18.44,17.6
17.5,18.16,17.6
17.5,17.5,17.5
17.5,17.69,17.5
17.9,18.81,17.5
21.0,18.47,17.9
22.9,21.5,21.0
19.0,21.28,22.9
16.4,18.66,19.0
16.2,16.16,16.4
20.6,17.4,16.2
22.8,21.2,20.6
18.3,20.95,22.8
17.7,17.56,18.3
19.4,18.23,17.7
20.2,19.94,19.4
19.2,20.03,20.2
21.6,18.66,19.2
21.9,21.77,21.6
18.5,20.42,21.9
19.1,18.34,18.5
19.9,19.66,19.1
17.9,18.56,19.9
17.8,18.44,17.9
18.4,17.84,17.8
17.3,18.9,18.4
17.1,16.8,17.3
20.7,18.12,17.1
20.2,20.88,20.7
19.5,19.22,20.2
18.6,19.22,19.5
17.4,18.38,18.6
18.1,17.4,17.4
20.1,18.53,18.1
21.5,20.3,20.1
21.2,20.73,21.5
20.6,20.5,21.2
20.7,20.22,20.6
21.1,20.62,20.7
20.6,20.77,21.1
18.6,20.67,20.6
18.9,17.81,18.6
19.2,19.78,18.9
18.9,19.06,19.2
17.3,18.66,18.9
15.6,16.33,17.3
16.4,15.84,15.6
16.9,17.62,16.4
16.5,18.02,16.9
17.0,17.44,16.5
16.7,17.42,17.0
14.6,15.3,16.7
15.5,15.305,14.6
14.7,15.48,15.5
15.2,15.44,14.7
16.2,17.03,15.2
16.2,16.11,16.2
14.7,15.59,16.2
15.3,14.55,14.7
14.0,15.56,15.3
13.9,13.25,14.0
14.0,14.09,13.9
14.9,14.875,14.0
15.4,14.46,14.9
14.6,14.78,15.4
14.7,14.11,14.6
14.8,14.99,14.7
15.9,14.67,14.8
14.6,15.984,15.9
15.1,13.734,14.6
14.6,15.266,15.1
14.3,14.35,14.6
14.0,14.02,14.3
13.9,14.91,14.0
16.0,14.16,13.9
14.3,15.83,16.0
10.6,13.03,14.3
11.0,10.92,10.6
15.9,11.96,11.0
15.8,16.14,15.9
15.0,13.79,15.8
16.2,14.41,15.0
15.2,16.1,16.2
13.7,13.914,15.2
15.6,13.94,13.7
17.1,15.445,15.6
17.4,15.695,17.1
16.4,15.83,17.4
15.7,15.586,16.4
16.8,15.06,15.7
15.4,16.17,16.8
16.2,14.39,15.4
14.9,15.55,16.2
16.0,15.36,14.9
16.1,15.0,16.0
16.7,15.945,16.1
14.1,15.17,16.7
12.8,12.984,14.1
12.8,12.69,12.8
12.4,11.95,12.8
11.1,12.44,12.4
13.1,10.664,11.1
16.5,14.7,13.1
14.2,15.13,16.5
16.8,13.42,14.2
14.0,16.53,16.8
14.2,12.55,14.0
14.3,14.06,14.2
14.5,13.445,14.3
12.9,13.44,14.5
11.2,11.87,12.9
12.0,10.75,11.2
13.1,12.58,12.0
11.0,12.06,13.1
6.1000004,10.21,11.0
5.1,5.953,6.1
7.1,6.812,5.1
9.2,9.06,7.1
9.9,10.0,9.2
9.7,9.46,9.9
12.1,9.64,9.7
11.3,11.38,12.1
9.8,9.67,11.3
12.1,9.836,9.8
12.8,13.625,12.1
11.4,10.36,12.8
6.4,10.54,11.4
3.1,5.402,6.4
3.8000002,3.508,3.1
9.3,5.52,3.8
13.0,10.35,9.3
11.1,11.74,13.0
11.4,9.46,11.1
12.4,11.02,11.4
10.1,10.945,12.4
9.4,8.914,10.1
10.4,9.32,9.4
9.6,9.11,10.4
10.0,8.734,9.6
9.7,8.67,10.0
11.3,9.54,9.7
13.7,11.26,11.3
12.7,11.93,13.7
10.2,11.445,12.7
3.5,8.09,10.2
0.6999998,3.594,3.5
1.6999998,0.7656,0.7
3.4,3.29,1.7
5.2,4.355,3.4
8.7,7.625,5.2
5.9000006,7.805,8.7
7.7,5.633,5.9
6.6,9.47,7.7
4.4,5.71,6.6
1.6000004,5.055,4.4
5.1,1.887,1.6
7.2,7.242,5.1
7.1,6.336,7.2
11.4,7.78,7.1
12.2,9.92,11.4
12.9,10.12,12.2
12.4,11.18,12.9
11.6,10.125,12.4
9.1,9.61,11.6
5.9000006,7.723,9.1
3.6999998,4.656,5.9
1.3000002,3.055,3.7
1.6999998,2.324,1.3
2.6,1.898,1.7
10.0,3.828,2.6
10.4,9.234,10.0
10.4,9.625,10.4
10.6,9.28,10.4
9.7,9.38,10.6
9.6,8.41,9.7
10.3,9.44,9.6
11.3,9.48,10.3
10.6,10.78,11.3
12.2,9.62,10.6
10.6,12.02,12.2
9.5,8.38,10.6
10.7,8.39,9.5
11.3,10.03,10.7
10.3,9.9,11.3
11.1,9.984,10.3
10.9,9.98,11.1
8.3,9.46,10.9
8.4,7.914,8.3
8.7,8.52,8.4
9.9,8.06,8.7
8.7,9.53,9.9
7.9,8.23,8.7
7.8,8.31,7.9
7.1,7.375,7.8
6.9,7.047,7.1
5.5,6.64,6.9
2.4,5.34,5.5
1.9999995,2.46,2.4
6.2,2.883,2.0
5.0,7.023,6.2
6.3,4.867,5.0
4.4,7.63,6.3
1.6999998,3.934,4.4
4.1,2.336,1.7
3.6999998,5.742,4.1
2.6,3.281,3.7
5.1,1.898,2.6
7.1,7.75,5.1
6.8,6.887,7.1
7.5,6.9,6.8
7.9,7.82,7.5
7.0,6.9,7.9
8.4,6.586,7.0
10.1,8.49,8.4
7.3,9.18,10.1
5.7,5.69,7.3
5.2,5.285,5.7
8.2,4.85,5.2
9.0,9.195,8.2
8.2,8.17,9.0
4.3,8.16,8.2
0.8000002,3.215,4.3
1.3000002,0.8594,0.8
5.7,1.832,1.3
7.7,7.72,5.7
9.2,8.336,7.7
7.7,8.71,9.2
5.3,6.305,7.7
5.2,4.543,5.3
6.6,6.406,5.2
6.1000004,6.17,6.6
6.9,6.68,6.1
7.4,7.016,6.9
7.3,6.992,7.4
7.1,7.25,7.3
7.2,6.86,7.1
6.2,7.28,7.2
4.5,5.496,6.2
3.3000002,4.094,4.5
6.4,4.566,3.3
9.2,7.695,6.4
6.1000004,7.883,9.2
6.4,6.742,6.1
5.9000006,6.07,6.4
6.9,6.477,5.9
6.7,5.965,6.9
7.4,7.43,6.7
8.3,7.418,7.4
7.9,8.03,8.3
8.6,6.453,7.9
9.8,9.805,8.6
10.1,9.555,9.8
11.4,9.52,10.1
13.3,11.305,11.4
13.9,12.11,13.3
12.7,12.35,13.9
11.8,12.14,12.7
6.3,10.52,11.8
4.5,4.28,6.3
6.4,5.74,4.5
5.5,7.14,6.4
5.2,6.64,5.5
6.3,5.504,5.2
5.1,5.773,6.3
5.4,5.188,5.1
5.1,5.7,5.4
6.6,5.953,5.1
7.2,7.266,6.6
9.2,7.88,7.2
9.4,9.45,9.2
10.1,9.32,9.4
10.5,9.89,10.1
9.5,10.24,10.5
11.1,9.76,9.5
11.2,11.04,11.1
10.3,10.8,11.2
12.3,10.98,10.3
11.9,12.625,12.3
10.5,10.48,11.9
11.4,10.86,10.5
12.6,12.4,11.4
12.4,11.73,12.6
11.7,12.555,12.4
10.0,11.56,11.7
10.1,9.45,10.0
10.1,10.7,10.1
10.3,9.6,10.1
10.6,10.445,10.3
12.2,10.11,10.6
11.6,12.52,12.2
9.7,10.15,11.6
9.6,9.266,9.7
9.1,9.72,9.6
10.5,9.14,9.1
9.3,10.586,10.5
9.6,9.53,9.3
9.8,10.875,9.6
10.0,10.695,9.8
9.7,10.22,10.0
11.1,10.45,9.7
9.1,10.88,11.1
8.7,8.63,9.1
8.2,9.47,8.7
8.2,8.66,8.2
9.4,9.56,8.2
11.1,10.36,9.4
13.0,11.875,11.1
8.7,12.35,13.0
8.0,9.0,8.7
7.8,9.305,8.0
9.3,8.94,7.8
10.0,10.75,9.3
11.2,11.28,10.0
12.2,11.87,11.2
13.4,12.94,12.2
12.9,13.41,13.4
12.6,12.91,12.9
12.7,12.65,12.6
12.7,14.3,12.7
12.7,12.445,12.7
14.2,12.96,12.7
15.3,13.87,14.2
13.2,15.16,15.3
12.2,12.97,13.2
11.6,11.99,12.2
12.3,11.75,11.6
15.1,13.68,12.3
18.0,14.69,15.1
19.9,18.38,18.0
18.0,18.97,19.9
14.3,14.83,18.0
14.2,13.88,14.3
16.5,15.336,14.2
16.5,16.86,16.5
15.8,16.14,16.5
16.2,14.82,15.8
17.3,17.02,16.2
19.2,17.27,17.3
21.2,19.4,19.2
21.0,20.06,21.2
21.8,20.12,21.0
16.5,21.06,21.8
17.0,16.5,16.5
14.9,17.25,17.0
14.4,15.17,14.9
14.5,15.016,14.4
14.1,15.016,14.5
15.7,15.33,14.1
16.0,16.86,15.7
17.9,16.11,16.0
16.7,17.62,17.9
16.1,16.94,16.7
15.1,16.31,16.1
14.8,15.38,15.1
15.7,15.49,14.8
15.5,16.55,15.7
15.1,15.875,15.5
14.2,15.2,15.1
13.5,14.53,14.2
14.0,14.41,13.5
15.3,15.58,14.0
15.1,15.92,15.3
16.8,16.44,15.1
16.0,16.44,16.8
16.1,16.22,16.0
16.6,17.33,16.1
18.2,16.3,16.6
19.9,18.16,18.2
19.6,20.0,19.9
19.6,18.66,19.6
21.3,19.81,19.6
20.6,20.88,21.3
20.6,19.27,20.6
20.9,20.0,20.6
20.7,21.39,20.9
18.1,20.5,20.7
17.8,17.47,18.1
17.5,17.75,17.8
18.2,18.31,17.5
18.2,19.02,18.2
18.0,18.17,18.2
18.4,18.06,18.0
17.5,18.17,18.4
17.4,17.28,17.5
17.3,18.19,17.4
15.7,17.14,17.3
16.4,15.78,15.7
19.1,17.39,16.4
17.3,19.44,19.1
16.1,16.61,17.3
15.2,16.03,16.1
15.9,15.914,15.2
16.5,16.97,15.9
16.5,17.64,16.5
16.3,16.16,16.5
16.6,16.33,16.3
17.7,17.05,16.6
16.5,17.48,17.7
17.1,15.83,16.5
18.3,17.53,17.1
19.6,18.1,18.3
19.1,19.1,19.6
17.6,19.94,19.1
18.1,16.88,17.6
15.6,18.44,18.1
15.5,15.28,15.6
16.6,16.22,15.5
15.8,16.86,16.6
15.6,15.76,15.8
14.7,15.305,15.6
15.1,15.6,14.7
15.8,16.22,15.1
14.9,15.51,15.8
14.9,14.48,14.9
14.6,15.76,14.9
14.6,13.63,14.6
15.8,15.73,14.6
15.3,16.06,15.8
17.1,15.73,15.3
17.9,17.12,17.1
17.6,17.11,17.9
16.6,17.6,17.6
15.0,15.46,16.6
15.5,15.34,15.0
13.9,15.14,15.5
13.1,13.375,13.9
13.5,13.8,13.1
13.4,14.36,13.5
12.2,11.67,13.4
12.9,12.94,12.2
14.9,13.88,12.9
14.3,15.516,14.9
13.7,13.195,14.3
13.0,15.016,13.7
12.2,11.64,13.0
14.0,13.39,12.2
12.3,13.586,14.0
11.9,11.67,12.3
13.9,13.37,11.9
14.4,13.62,13.9
15.2,14.14,14.4
15.6,15.15,15.2
14.3,13.91,15.6
16.7,15.19,14.3
13.7,16.16,16.7
12.9,13.22,13.7
13.2,12.34,12.9
12.7,12.19,13.2
13.1,13.12,12.7
12.4,12.71,13.1
12.8,11.86,12.4
13.9,13.17,12.8
13.8,12.914,13.9
12.7,13.13,13.8
13.7,12.45,12.7
12.7,12.3,13.7
15.2,13.18,12.7
16.7,15.08,15.2
14.8,15.42,16.7
12.2,13.04,14.8
11.1,11.34,12.2
11.2,9.95,11.1
14.7,12.195,11.2
14.7,15.125,14.7
15.8,12.984,14.7
15.8,15.0,15.8
15.6,14.61,15.8
15.2,14.61,15.6
15.9,15.12,15.2
14.0,14.62,15.9
12.9,12.78,14.0
15.2,13.97,12.9
14.3,14.86,15.2
11.7,12.836,14.3
11.2,11.46,11.7
13.9,11.64,11.2
14.1,13.57,13.9
14.8,13.08,14.1
15.0,14.45,14.8
13.5,13.86,15.0
12.6,13.06,13.5
14.1,11.89,12.6
11.6,14.03,14.1
10.8,10.555,11.6
10.1,10.28,10.8
8.4,10.81,10.1
7.9,8.71,8.4
9.1,8.47,7.9
8.2,9.45,9.1
8.6,8.305,8.2
6.5,8.74,8.6
4.7,5.336,6.5
6.8,6.484,4.7
6.6,7.93,6.8
9.5,6.14,6.6
7.6,10.66,9.5
4.0,5.23,7.6
4.7,4.105,4.0
6.1000004,7.453,4.7
7.7,6.727,6.1
10.7,9.96,7.7
8.3,9.38,10.7
9.2,7.867,8.3
8.0,8.38,9.2
12.2,7.64,8.0
11.9,11.695,12.2
12.0,9.43,11.9
10.5,10.77,12.0
9.9,8.55,10.5
6.5,8.55,9.9
5.5,5.05,6.5
7.2,5.72,5.5
8.6,7.527,7.2
6.1000004,7.65,8.6
5.1,5.027,6.1
4.8,5.906,5.1
6.1000004,4.133,4.8
5.1,7.387,6.1
6.7,4.867,5.1
5.1,6.86,6.7
4.2,4.54,5.1
4.6,5.39,4.2
12.3,4.867,4.6
11.1,9.984,12.3
9.6,9.0,11.1
8.3,8.41,9.6
7.9,8.07,8.3
6.9,6.875,7.9
6.3,6.312,6.9
2.4,5.51,6.3
3.1999998,1.719,2.4
1.6000004,4.793,3.2
-0.3000002,1.578,1.6
1.8999996,1.5,-0.3
-0.6999998,2.844,1.9
1.8999996,0.3594,-0.7
-1.3000002,3.64,1.9
-3.8999996,-1.8125,-1.3
-3.0,-3.82,-3.9
2.0999994,0.4922,-3.0
2.4,2.691,2.1
1.6000004,1.57,2.4
-0.10000038,0.9766,1.6
0.10000038,-0.461,-0.1
-2.5,0.3672,0.1
1.1000004,-2.922,-2.5
4.7,1.719,1.1
8.3,5.703,4.7
7.2,7.22,8.3
6.6,5.312,7.2
4.7,5.93,6.6
6.7,5.695,4.7
9.1,7.207,6.7
9.5,8.3,9.1
8.2,7.535,9.5
8.4,7.36,8.2
6.5,7.47,8.4
5.1,5.812,6.5
7.0,4.188,5.1
5.3,7.09,7.0
5.4,4.195,5.3
7.9,6.14,5.4
8.2,8.76,7.9
5.0,6.918,8.2
5.9000006,4.883,5.0
3.4,6.15,5.9
4.7,2.719,3.4
3.6999998,5.734,4.7
4.5,4.43,3.7
6.2,4.938,4.5
5.0,5.58,6.2
9.3,5.92,5.0
9.2,9.28,9.3
10.0,7.83,9.2
10.9,9.555,10.0
8.2,9.11,10.9
9.1,6.875,8.2
9.6,10.36,9.1
9.3,8.805,9.6
11.1,9.234,9.3
8.0,10.01,11.1
10.1,6.14,8.0
7.3,9.75,10.1
9.6,6.95,7.3
10.1,9.25,9.6
9.6,10.14,10.1
10.4,9.17,9.6
9.8,10.36,10.4
10.6,9.375,9.8
10.1,10.04,10.6
11.2,9.36,10.1
11.3,10.74,11.2
11.2,10.89,11.3
9.3,10.336,11.2
8.9,8.586,9.3
10.7,9.375,8.9
11.0,9.74,10.7
10.8,10.984,11.0
11.0,10.35,10.8
9.7,11.17,11.0
10.1,8.81,9.7
10.2,10.484,10.1
10.7,9.83,10.2
9.9,10.6,10.7
10.1,9.08,9.9
11.2,9.17,10.1
11.6,10.016,11.2
9.5,10.62,11.6
8.3,8.51,9.5
10.9,9.34,8.3
11.3,11.21,10.9
11.2,10.445,11.3
8.7,10.03,11.2
10.8,8.43,8.7
9.3,10.51,10.8
7.8,8.21,9.3
9.0,8.36,7.8
8.6,9.055,9.0
10.5,9.41,8.6
10.3,10.984,10.5
10.0,9.64,10.3
11.2,10.2,10.0
11.4,11.2,11.2
8.6,10.56,11.4
7.8,7.547,8.6
8.0,7.78,7.8
8.9,8.12,8.0
10.0,9.12,8.9
10.7,9.34,10.0
10.7,11.34,10.7
9.3,10.07,10.7
9.0,8.33,9.3
11.6,9.66,9.0
11.7,12.586,11.6
12.4,11.11,11.7
13.5,12.45,12.4
14.3,11.875,13.5
11.5,12.78,14.3
9.3,10.055,11.5
9.4,8.66,9.3
10.2,10.11,9.4
11.0,9.84,10.2
10.3,10.055,11.0
9.9,10.43,10.3
10.2,9.4,9.9
8.6,10.3,10.2
7.7,8.49,8.6
6.7,7.824,7.7
7.6,7.113,6.7
9.3,8.75,7.6
9.6,9.46,9.3
12.6,11.19,9.6
12.4,13.375,12.6
12.8,11.77,12.4
13.1,13.016,12.8
12.6,13.14,13.1
12.9,11.88,12.6
15.4,13.0,12.9
18.1,16.0,15.4
14.9,17.22,18.1
14.3,14.28,14.9
12.9,14.086,14.3
7.9,12.68,12.9
7.0,7.69,7.9
10.4,9.38,7.0
10.4,11.516,10.4
12.1,11.25,10.4
11.1,13.19,12.1
11.9,10.63,11.1
12.3,12.05,11.9
11.6,11.89,12.3
14.4,12.35,11.6
15.4,14.625,14.4
13.4,15.08,15.4
14.1,13.05,13.4
14.0,14.34,14.1
12.4,13.695,14.0
12.7,12.44,12.4
13.9,13.15,12.7
15.7,14.03,13.9
13.8,15.305,15.7
15.1,13.13,13.8
16.7,15.266,15.1
17.0,16.83,16.7
16.0,15.77,17.0
17.8,15.766,16.0
20.2,18.11,17.8
19.2,20.31,20.2
15.0,17.12,19.2
12.6,14.39,15.0
12.9,12.41,12.6
16.0,14.05,12.9
13.9,16.56,16.0
16.1,13.95,13.9
17.1,16.81,16.1
15.8,16.94,17.1
16.3,15.836,15.8
18.1,16.84,16.3
16.2,18.31,18.1
16.0,16.11,16.2
14.8,16.16,16.0
15.1,14.91,14.8
14.9,15.71,15.1
14.3,15.625,14.9
16.0,15.3,14.3
14.9,16.61,16.0
14.0,15.06,14.9
14.8,14.17,14.0
13.9,16.19,14.8
14.7,14.01,13.9
15.1,15.7,14.7
14.9,15.89,15.1
14.5,15.12,14.9
12.2,15.21,14.5
11.8,13.0,12.2
12.8,13.03,11.8
13.8,13.664,12.8
14.3,15.414,13.8
13.6,14.08,14.3
11.6,13.805,13.6
12.9,12.78,11.6
14.5,13.375,12.9
15.6,16.12,14.5
16.5,15.42,15.6
18.1,17.3,16.5
19.6,17.58,18.1
20.1,19.25,19.6
19.2,18.58,20.1
17.3,19.02,19.2
17.5,17.25,17.3
17.0,17.88,17.5
16.1,16.27,17.0
16.7,16.75,16.1
17.4,17.47,16.7
16.4,17.38,17.4
16.0,16.4,16.4
17.3,16.38,16.0
18.1,17.84,17.3
18.6,18.47,18.1
19.3,18.97,18.6
18.5,18.53,19.3
16.4,18.81,18.5
16.6,16.64,16.4
18.0,16.94,16.6
17.9,18.4,18.0
17.9,17.6,17.9
19.1,17.84,17.9
17.4,19.03,19.1
16.1,16.33,17.4
18.1,16.86,16.1
19.5,18.84,18.1
19.0,19.19,19.5
17.9,18.83,19.0
18.0,17.53,17.9
18.6,18.53,18.0
17.7,19.06,18.6
20.5,16.64,17.7
23.2,20.72,20.5
20.5,21.88,23.2
20.2,19.19,20.5
20.5,19.84,20.2
18.8,19.44,20.5
18.8,18.75,18.8
20.4,18.77,18.8
19.8,20.4,20.4
20.3,19.12,19.8
20.0,19.81,20.3
21.3,19.88,20.0
21.1,20.88,21.3
19.1,20.44,21.1
19.5,19.02,19.1
20.4,20.31,19.5
19.9,19.94,20.4
17.7,19.08,19.9
16.1,16.88,17.7
16.7,17.47,16.1
15.4,16.48,16.7
16.6,16.42,15.4
18.3,17.48,16.6
17.0,18.92,18.3
15.6,16.14,17.0
15.8,16.14,15.6
17.7,17.0,15.8
16.1,18.06,17.7
14.7,15.33,16.1
14.5,15.2,14.7
15.1,15.47,14.5
15.7,15.6,15.1
15.9,16.25,15.7
15.7,15.83,15.9
15.2,16.28,15.7
15.3,15.69,15.2
12.6,14.56,15.3
12.4,12.36,12.6
13.2,12.695,12.4
14.5,13.52,13.2
17.4,14.84,14.5
19.5,17.77,17.4
18.1,17.12,19.5
18.4,17.44,18.1
17.2,17.2,18.4
17.7,16.84,17.2
17.6,16.34,17.7
17.4,17.05,17.6
17.2,16.28,17.4
17.1,16.89,17.2
15.7,15.984,17.1
16.2,15.734,15.7
16.7,15.66,16.2
17.6,16.1,16.7
17.5,17.22,17.6
16.3,16.66,17.5
16.0,15.33,16.3
15.6,15.64,16.0
15.2,14.77,15.6
14.9,15.39,15.2
15.2,14.64,14.9
17.7,15.47,15.2
18.0,17.84,17.7
15.6,16.62,18.0
15.2,15.06,15.6
12.8,15.72,15.2
12.7,12.12,12.8
11.3,13.01,12.7
14.8,12.4,11.3
16.4,15.336,14.8
16.8,16.05,16.4
18.3,15.37,16.8
17.8,17.75,18.3
17.2,16.16,17.8
15.7,16.0,17.2
15.3,14.84,15.7
15.1,14.875,15.3
10.2,13.44,15.1
8.9,9.55,10.2
10.1,10.15,8.9
10.7,10.62,10.1
7.3,10.82,10.7
4.8,6.94,7.3
5.7,6.5,4.8
8.1,6.83,5.7
8.5,8.78,8.1
6.5,8.37,8.5
10.4,8.1,6.5
14.3,11.78,10.4
13.4,13.81,14.3
11.9,11.77,13.4
11.3,10.42,11.9
11.0,11.7,11.3
11.4,9.92,11.0
10.2,11.48,11.4
8.8,8.836,10.2
8.8,8.945,8.8
8.5,8.67,8.8
12.1,7.945,8.5
15.2,13.04,12.1
14.8,13.58,15.2
15.1,13.016,14.8
14.2,13.86,15.1
12.9,12.586,14.2
11.0,10.66,12.9
9.0,9.914,11.0
7.2,7.8,9.0
9.6,6.25,7.2
11.1,11.16,9.6
11.2,9.9,11.1
10.7,10.41,11.2
11.7,9.93,10.7
12.3,11.44,11.7
10.7,10.98,12.3
11.2,10.1,10.7
10.3,9.93,11.2
7.8,9.87,10.3
4.8,7.055,7.8
4.2,5.395,4.8
4.0,5.09,4.2
6.8,4.547,4.0
12.1,8.79,6.8
11.4,11.02,12.1
12.4,10.18,11.4
13.9,11.97,12.4
12.4,12.5,13.9
8.2,10.96,12.4
7.2,6.246,8.2
4.8,6.766,7.2
4.3,5.31,4.8
1.1999998,4.242,4.3
4.0,1.547,1.2
11.5,7.64,4.0
9.5,10.38,11.5
10.7,8.77,9.5
8.7,9.195,10.7
9.7,7.668,8.7
12.3,8.945,9.7
12.9,11.555,12.3
11.9,10.414,12.9
9.8,10.87,11.9
8.4,8.17,9.8
7.2,7.08,8.4
10.9,7.766,7.2
10.9,10.305,10.9
7.6,10.2,10.9
9.4,7.133,7.6
10.1,10.445,9.4
11.2,10.08,10.1
9.7,10.69,11.2
9.9,8.58,9.7
11.9,9.125,9.9
10.8,11.86,11.9
12.5,9.74,10.8
12.2,11.64,12.5
11.8,10.7,12.2
12.1,10.97,11.8
12.2,10.5,12.1
11.0,11.65,12.2
9.4,9.3,11.0
11.3,8.3,9.4
9.0,10.734,11.3
7.8,7.133,9.0
9.3,9.16,7.8
9.1,9.44,9.3
4.1,7.48,9.1
5.6,4.523,4.1
4.2,7.566,5.6
2.6999998,3.71,4.2
5.0,4.48,2.7
3.6999998,5.766,5.0
0.8000002,3.215,3.7
-0.19999981,0.8047,0.8
-0.10000038,1.367,-0.2
0.39999962,1.297,-0.1
1.6999998,0.8125,0.4
2.4,3.508,1.7
3.4,3.293,2.4
3.4,3.574,3.4
2.9,3.508,3.4
3.6,3.672,2.9
6.0,5.234,3.6
7.0,6.59,6.0
8.6,6.957,7.0
5.9000006,7.645,8.6
5.1,5.91,5.9
6.4,4.523,5.1
7.9,7.0,6.4
8.3,8.62,7.9
8.1,7.504,8.3
8.8,7.996,8.1
10.2,8.32,8.8
10.4,9.73,10.2
8.0,8.85,10.4
7.9,7.273,8.0
11.1,8.11,7.9
11.3,9.8,11.1
9.8,10.59,11.3
8.4,8.56,9.8
9.3,7.605,8.4
8.6,8.25,9.3
7.8,7.69,8.6
8.4,7.99,7.8
9.6,9.37,8.4
7.9,8.71,9.6
7.7,7.43,7.9
10.2,8.06,7.7
12.9,9.78,10.2
10.4,12.32,12.9
9.9,8.98,10.4
11.2,9.9,9.9
11.4,10.96,11.2
9.6,10.766,11.4
9.2,8.49,9.6
10.0,9.56,9.2
8.6,9.9,10.0
8.7,8.36,8.6
9.8,9.234,8.7
9.0,9.805,9.8
7.9,8.45,9.0
7.1,8.125,7.9
7.8,6.676,7.1
8.3,8.97,7.8
7.9,8.41,8.3
8.6,7.734,7.9
8.7,8.22,8.6
8.8,9.305,8.7
7.9,9.13,8.8
7.6,7.832,7.9
9.8,8.6,7.6
10.6,9.71,9.8
11.4,10.71,10.6
13.0,10.5,11.4
12.0,12.12,13.0
11.5,12.84,12.0
10.0,9.02,11.5
11.5,10.555,10.0
11.4,11.84,11.5
11.0,11.195,11.4
10.7,10.8,11.0
10.1,10.336,10.7
9.8,9.62,10.1
8.7,8.7,9.8
7.3,8.68,8.7
6.1000004,6.758,7.3
5.6,7.297,6.1
6.3,5.582,5.6
4.3,6.906,6.3
4.4,4.465,4.3
5.8,5.742,4.4
6.7,7.176,5.8
8.7,7.53,6.7
7.7,9.18,8.7
9.4,7.72,7.7
11.0,9.32,9.4
9.9,11.14,11.0
11.3,9.66,9.9
11.7,12.086,11.3
11.8,10.66,11.7
12.2,11.69,11.8
11.3,12.85,12.2
10.6,10.6,11.3
9.7,9.664,10.6
9.7,9.305,9.7
11.9,10.07,9.7
11.1,11.875,11.9
10.8,11.516,11.1
10.1,10.81,10.8
9.6,10.0,10.1
11.2,9.81,9.6
11.9,11.89,11.2
12.4,11.836,11.9
12.2,12.414,12.4
13.4,11.34,12.2
13.9,13.63,13.4
16.0,13.77,13.9
17.6,15.11,16.0
17.1,15.36,17.6
15.8,15.65,17.1
16.0,14.766,15.8
18.1,15.94,16.0
18.2,17.3,18.1
16.2,16.53,18.2
17.9,16.06,16.2
18.1,17.58,17.9
17.4,16.84,18.1
16.8,17.47,17.4
15.0,15.63,16.8
14.0,14.35,15.0
14.1,14.69,14.0
14.9,15.01,14.1
13.6,15.0,14.9
11.8,12.74,13.6
10.9,12.516,11.8
12.1,12.055,10.9
12.4,14.19,12.1
13.7,13.08,12.4
13.9,15.06,13.7
15.0,13.88,13.9
15.1,15.34,15.0
15.6,14.58,15.1
17.1,16.69,15.6
15.9,16.94,17.1
15.1,15.125,15.9
15.1,15.53,15.1
15.5,16.27,15.1
14.1,15.805,15.5
12.0,13.98,14.1
12.9,12.86,12.0
14.3,14.59,12.9
13.9,15.375,14.3
14.0,14.336,13.9
13.5,14.06,14.0
13.3,14.5,13.5
15.6,14.516,13.3
19.2,15.84,15.6
21.5,19.84,19.2
16.5,19.3,21.5
15.7,14.63,16.5
16.1,15.89,15.7
15.4,17.19,16.1
15.3,15.73,15.4
15.3,15.734,15.3
15.1,15.87,15.3
15.4,15.734,15.1
15.7,15.89,15.4
15.9,16.47,15.7
15.7,16.11,15.9
15.2,16.56,15.7
16.1,15.43,15.2
15.1,16.81,16.1
15.3,15.25,15.1
15.7,15.97,15.3
15.9,16.25,15.7
15.6,15.52,15.9
15.5,16.56,15.6
15.9,16.33,15.5
16.0,16.53,15.9
16.4,16.45,16.0
15.0,16.36,16.4
15.3,15.14,15.0
15.1,16.39,15.3
16.1,15.836,15.1
16.5,16.53,16.1
16.6,16.45,16.5
16.5,16.86,16.6
17.7,17.62,16.5
16.1,16.56,17.7
17.1,16.4,16.1
16.5,18.16,17.1
15.6,15.66,16.5
15.8,15.53,15.6
15.8,16.23,15.8
16.8,16.0,15.8
16.8,17.14,16.8
16.5,16.84,16.8
15.8,16.61,16.5
15.7,16.0,15.8
14.5,16.1,15.7
16.5,15.49,14.5
16.1,17.14,16.5
17.3,16.4,16.1
16.9,16.62,17.3
17.0,16.72,16.9
18.8,17.38,17.0
20.3,18.7,18.8
22.2,19.62,20.3
19.6,21.39,22.2
19.3,17.94,19.6
17.5,19.28,19.3
16.0,16.53,17.5
16.7,16.38,16.0
17.2,17.5,16.7
15.7,17.56,17.2
17.2,16.39,15.7
17.3,17.88,17.2
16.5,16.72,17.3
17.0,16.75,16.5
17.8,17.95,17.0
17.3,18.0,17.8
17.2,16.6,17.3
16.8,17.44,17.2
16.4,15.734,16.8
16.8,17.1,16.4
15.8,16.53,16.8
14.1,15.086,15.8
14.9,14.8,14.1
16.3,15.91,14.9
18.9,16.84,16.3
18.7,18.7,18.9
15.2,16.9,18.7
16.4,15.22,15.2
16.8,17.08,16.4
17.1,16.39,16.8
17.3,17.34,17.1
16.6,17.14,17.3
18.0,16.16,16.6
17.6,18.45,18.0
16.2,16.06,17.6
13.9,15.43,16.2
13.3,13.84,13.9
13.4,13.64,13.3
13.5,13.39,13.4
16.1,13.49,13.5
15.0,17.0,16.1
14.6,13.33,15.0
15.2,14.17,14.6
16.9,14.984,15.2
17.4,16.47,16.9
16.3,16.95,17.4
15.3,14.95,16.3
15.6,14.83,15.3
16.4,16.66,15.6
15.9,15.45,16.4
16.1,15.58,15.9
16.0,15.36,16.1
15.5,15.68,16.0
13.6,13.9,15.5
14.3,14.89,13.6
15.5,14.11,14.3
14.7,15.016,15.5
12.7,13.42,14.7
10.8,12.44,12.7
11.8,11.52,10.8
11.3,11.984,11.8
12.3,11.41,11.3
12.2,12.586,12.3
12.8,11.78,12.2
13.6,13.93,12.8
14.2,12.234,13.6
13.5,14.69,14.2
14.9,12.1,13.5
15.7,15.516,14.9
14.7,14.28,15.7
15.2,13.86,14.7
12.8,14.48,15.2
10.9,11.74,12.8
10.0,10.484,10.9
12.1,10.17,10.0
15.6,13.29,12.1
16.4,15.17,15.6
14.6,15.1,16.4
14.1,13.51,14.6
12.6,14.414,14.1
12.2,11.695,12.6
15.0,11.984,12.2
15.1,15.64,15.0
11.8,13.195,15.1
11.9,10.83,11.8
13.5,11.77,11.9
10.7,13.77,13.5
11.7,10.07,10.7
10.0,12.76,11.7
8.1,9.35,10.0
8.8,7.355,8.1
11.2,10.99,8.8
12.1,9.91,11.2
15.6,12.75,12.1
14.9,15.12,15.6
11.0,12.914,14.9
9.3,9.13,11.0
9.7,11.08,9.3
9.5,8.89,9.7
9.5,9.72,9.5
8.7,9.25,9.5
6.0,7.133,8.7
6.2,6.29,6.0
4.7,5.93,6.2
6.6,4.316,4.7
7.9,8.414,6.6
3.8000002,6.96,7.9
3.3000002,3.707,3.8
3.5,4.535,3.3
8.5,3.184,3.5
9.7,9.68,8.5
10.7,8.35,9.7
12.1,10.18,10.7
9.9,10.99,12.1
8.0,9.33,9.9
8.1,7.1,8.0
5.9000006,7.57,8.1
5.6,5.63,5.9
1.3000002,5.402,5.6
5.2,0.4688,1.3
4.9,6.496,5.2
6.4,5.445,4.9
8.8,5.367,6.4
11.3,9.42,8.8
11.3,10.19,11.3
11.6,9.82,11.3
11.5,10.266,11.6
13.7,10.805,11.5
12.1,10.66,13.7
12.7,11.05,12.1
12.5,10.945,12.7
9.9,10.56,12.5
11.3,8.39,9.9
11.2,10.734,11.3
9.9,9.195,11.2
7.0,8.9,9.9
5.5,6.527,7.0
9.6,7.29,5.5
8.5,9.63,9.6
7.9,7.234,8.5
11.6,9.06,7.9
11.8,10.2,11.6
10.3,10.43,11.8
7.8,8.664,10.3
11.7,7.36,7.8
9.8,12.06,11.7
8.9,8.42,9.8
9.0,8.22,8.9
9.1,9.81,9.0
11.7,7.25,9.1
13.6,11.11,11.7
13.2,12.89,13.6
12.9,11.336,13.2
10.0,11.4,12.9
8.2,9.04,10.0
5.3,7.547,8.2
3.3000002,4.71,5.3
3.6999998,3.61,3.3
7.3,4.24,3.7
9.0,8.44,7.3
9.5,9.16,9.0
11.1,8.73,9.5
8.7,10.49,11.1
6.3,7.73,8.7
8.2,5.996,6.3
12.7,10.0,8.2
10.8,11.91,12.7
8.1,8.555,10.8
8.9,8.58,8.1
10.2,7.85,8.9
11.0,10.64,10.2
10.8,11.1,11.0
9.3,10.16,10.8
9.5,8.66,9.3
11.1,9.26,9.5
10.5,10.164,11.1
6.3,8.84,10.5
3.3000002,5.34,6.3
5.3,3.453,3.3
8.3,7.68,5.3
7.1,6.97,8.3
10.3,8.32,7.1
9.6,9.734,10.3
9.4,8.695,9.6
7.8,8.92,9.4
8.7,7.562,7.8
4.3,9.21,8.7
3.5,3.25,4.3
3.8000002,4.668,3.5
4.1,3.402,3.8
5.0,5.312,4.1
5.9000006,5.13,5.0
9.7,7.664,5.9
9.4,8.74,9.7
9.3,8.41,9.4
10.1,9.53,9.3
11.3,8.93,10.1
11.2,10.914,11.3
10.6,10.1,11.2
8.6,9.84,10.6
9.4,7.92,8.6
10.2,9.06,9.4
7.9,9.38,10.2
9.6,7.41,7.9
9.0,9.55,9.6
9.7,7.938,9.0
11.7,10.12,9.7
11.6,11.24,11.7
8.8,10.12,11.6
7.0,8.1,8.8
5.4,7.047,7.0
5.0,5.504,5.4
5.7,5.633,5.0
8.3,7.25,5.7
7.5,7.844,8.3
8.0,8.06,7.5
10.5,8.65,8.0
10.5,9.6,10.5
9.4,9.56,10.5
9.1,9.83,9.4
9.1,8.64,9.1
8.5,8.44,9.1
9.9,8.72,8.5
8.2,9.8,9.9
8.0,7.6,8.2
7.4,7.46,8.0
9.0,7.76,7.4
9.6,10.62,9.0
9.9,8.945,9.6
9.9,9.79,9.9
10.1,9.31,9.9
8.5,9.87,10.1
9.0,8.18,8.5
9.2,7.938,9.0
11.8,10.73,9.2
12.3,11.67,11.8
13.8,11.6,12.3
11.9,13.125,13.8
11.0,10.85,11.9
13.3,10.95,11.0
12.7,13.12,13.3
12.2,11.81,12.7
12.0,11.72,12.2
10.7,11.055,12.0
11.3,11.51,10.7
10.8,11.24,11.3
11.0,10.73,10.8
10.9,11.336,11.0
10.8,10.58,10.9
9.2,10.48,10.8
6.3,9.55,9.2
6.3,5.66,6.3
5.8,7.484,6.3
7.5,6.36,5.8
8.2,8.46,7.5
9.4,8.766,8.2
12.2,9.99,9.4
11.6,12.41,12.2
11.6,10.81,11.6
10.5,11.43,11.6
10.8,9.66,10.5
11.1,11.39,10.8
12.0,11.84,11.1
13.1,12.31,12.0
14.0,13.484,13.1
12.9,13.12,14.0
14.3,12.625,12.9
14.7,13.34,14.3
16.1,14.67,14.7
15.2,13.81,16.1
15.8,14.84,15.2
13.2,14.92,15.8
14.1,12.305,13.2
13.7,14.52,14.1
13.7,13.266,13.7
14.7,13.66,13.7
14.0,14.5,14.7
13.7,14.07,14.0
13.0,13.28,13.7
12.1,12.695,13.0
12.4,12.484,12.1
13.2,13.11,12.4
12.7,14.42,13.2
11.4,11.91,12.7
13.4,11.94,11.4
13.3,14.06,13.4
13.7,12.94,13.3
13.8,13.92,13.7
13.5,14.38,13.8
13.7,13.06,13.5
13.9,15.23,13.7
14.1,14.75,13.9
15.7,13.5,14.1
16.7,16.89,15.7
17.8,16.45,16.7
18.5,17.84,17.8
14.9,16.69,18.5
16.9,15.56,14.9
18.4,17.5,16.9
15.0,17.88,18.4
14.8,15.2,15.0
13.7,15.17,14.8
12.6,14.11,13.7
12.9,13.9,12.6
12.8,13.94,12.9
12.9,12.83,12.8
13.9,14.33,12.9
13.9,14.016,13.9
13.8,14.695,13.9
13.6,14.234,13.8
13.9,14.56,13.6
14.7,14.586,13.9
16.1,15.016,14.7
17.3,16.81,16.1
16.0,17.12,17.3
16.3,15.75,16.0
16.3,16.38,16.3
15.3,16.6,16.3
13.5,14.734,15.3
13.9,13.94,13.5
15.5,15.3,13.9
18.3,16.39,15.5
20.4,18.95,18.3
16.8,19.47,20.4
14.5,16.17,16.8
14.6,15.01,14.5
15.8,15.43,14.6
15.6,16.9,15.8
17.0,15.76,15.6
19.4,17.7,17.0
17.3,18.14,19.4
17.2,17.22,17.3
16.4,17.72,17.2
17.5,16.61,16.4
17.1,18.0,17.5
19.2,17.06,17.1
21.0,19.81,19.2
20.1,19.84,21.0
20.9,19.62,20.1
21.0,21.25,20.9
18.4,19.94,21.0
16.8,17.9,18.4
17.0,16.94,16.8
16.2,17.08,17.0
17.6,17.22,16.2
17.1,17.95,17.6
18.4,17.5,17.1
18.4,19.55,18.4
16.6,17.34,18.4
15.4,16.72,16.6
16.2,15.305,15.4
19.2,17.73,16.2
21.8,19.9,19.2
22.1,21.1,21.8
21.6,20.84,22.1
21.1,20.06,21.6
20.6,21.0,21.1
16.9,20.03,20.6
18.2,17.22,16.9
18.9,18.62,18.2
16.9,19.25,18.9
17.9,17.62,16.9
18.3,18.69,17.9
18.8,18.12,18.3
18.1,19.44,18.8
19.1,18.03,18.1
18.2,19.56,19.1
18.5,18.12,18.2
17.9,18.39,18.5
17.0,17.98,17.9
18.1,17.38,17.0
17.7,18.56,18.1
17.2,18.03,17.7
16.2,17.08,17.2
16.2,16.55,16.2
16.1,16.4,16.2
16.3,16.39,16.1
15.9,16.42,16.3
16.4,15.97,15.9
18.0,17.0,16.4
18.8,18.0,18.0
17.6,18.7,18.8
19.6,17.28,17.6
19.3,19.77,19.6
17.9,17.58,19.3
17.4,17.64,17.9
18.3,17.14,17.4
18.8,17.81,18.3
17.3,18.78,18.8
16.2,16.98,17.3
16.7,16.06,16.2
19.7,17.4,16.7
18.4,19.58,19.7
17.8,17.31,18.4
18.3,17.81,17.8
17.2,18.1,18.3
18.1,17.38,17.2
19.3,18.72,18.1
17.3,18.94,19.3
18.7,17.02,17.3
17.4,18.94,18.7
15.6,16.89,17.4
14.1,15.36,15.6
13.6,14.555,14.1
14.2,12.92,13.6
16.7,16.16,14.2
15.1,16.19,16.7
16.0,15.56,15.1
15.2,15.7,16.0
14.4,14.73,15.2
15.9,15.47,14.4
18.1,16.48,15.9
17.6,17.23,18.1
17.4,16.58,17.6
16.1,16.31,17.4
15.1,15.33,16.1
15.7,16.03,15.1
16.2,15.19,15.7
17.0,16.62,16.2
15.1,15.78,17.0
15.7,14.31,15.1
14.6,15.72,15.7
12.6,14.34,14.6
11.1,12.43,12.6
10.4,10.56,11.1
9.7,10.99,10.4
11.4,10.086,9.7
14.7,13.44,11.4
15.0,14.2,14.7
15.7,14.5,15.0
14.7,14.625,15.7
12.4,12.96,14.7
12.1,11.81,12.4
14.3,12.914,12.1
15.0,14.516,14.3
15.1,14.06,15.0
12.8,13.86,15.1
12.1,12.25,12.8
9.5,11.73,12.1
10.8,10.11,9.5
13.6,11.49,10.8
14.6,13.62,13.6
14.6,13.33,14.6
11.9,13.4,14.6
11.1,11.22,11.9
11.3,11.02,11.1
12.4,11.49,11.3
13.6,13.21,12.4
14.4,11.65,13.6
14.0,14.555,14.4
14.0,13.5,14.0
14.7,13.09,14.0
11.9,12.69,14.7
10.5,10.91,11.9
12.1,10.83,10.5
12.2,12.68,12.1
10.2,11.06,12.2
11.5,9.07,10.2
12.6,11.67,11.5
12.2,11.586,12.6
10.8,10.555,12.2
10.5,11.01,10.8
8.5,9.29,10.5
9.6,8.62,8.5
11.2,9.484,9.6
10.1,11.586,11.2
8.7,8.91,10.1
9.7,8.22,8.7
10.8,10.7,9.7
6.8,9.6,10.8
6.3,7.027,6.8
5.4,6.61,6.3
7.9,5.69,5.4
9.6,9.09,7.9
10.3,8.06,9.6
12.0,10.52,10.3
12.1,10.2,12.0
11.5,11.4,12.1
13.0,10.97,11.5
11.6,11.734,13.0
10.1,10.05,11.6
11.8,10.1,10.1
9.9,12.2,11.8
11.4,7.93,9.9
8.3,11.3,11.4
7.6,6.336,8.3
11.2,7.93,7.6
11.7,11.52,11.2
10.8,9.836,11.7
8.6,9.36,10.8
10.2,8.34,8.6
12.6,10.414,10.2
9.4,10.75,12.6
9.6,8.48,9.4
5.9000006,8.94,9.6
4.8,5.23,5.9
7.1,5.293,4.8
10.7,8.086,7.1
12.7,11.016,10.7
6.8,11.15,12.7
3.3000002,5.516,6.8
9.9,5.34,3.3
11.8,9.23,9.9
10.4,9.87,11.8
12.2,10.31,10.4
10.2,10.85,12.2
9.7,8.56,10.2
7.2,8.88,9.7
5.4,7.215,7.2
5.6,5.13,5.4
8.0,6.38,5.6
10.4,8.74,8.0
9.0,9.625,9.3
7.5,7.414,9.0
9.8,8.33,7.5
7.8,9.13,9.8
9.6,6.582,7.8
7.5,9.06,9.6
6.8,6.46,7.5
8.6,6.82,6.8
6.4,8.95,8.6
7.4,4.95,6.4
10.4,8.234,7.4
8.0,9.79,10.4
11.5,7.25,8.0
8.4,11.22,11.5
3.3000002,5.977,8.4
-0.3000002,3.191,3.3
1.5,0.3672,-0.3
4.4,3.84,1.5
7.0,5.668,4.4
9.0,8.43,7.0
7.3,7.79,9.0
9.1,8.82,7.3
8.2,8.93,9.1
10.4,7.688,8.2
9.5,10.17,10.4
10.4,9.32,9.5
10.9,9.945,10.4
11.2,10.37,10.9
10.1,10.836,11.2
9.6,9.03,10.1
9.0,8.63,9.6
10.4,8.81,9.0
9.8,9.625,10.4
9.9,9.79,9.8
9.6,11.13,9.9
8.1,8.125,9.6
10.3,8.945,8.1
10.9,10.2,10.3
10.4,10.51,10.9
8.5,9.3,10.4
6.8,6.094,8.5
8.5,8.125,6.8
11.4,9.44,8.5
10.9,11.74,11.4
9.8,9.484,10.9
8.5,8.375,9.8
9.5,9.48,8.5
10.3,9.734,9.5
10.9,10.01,10.3
11.5,10.91,10.9
9.6,10.61,11.5
10.6,9.28,9.6
11.7,10.99,10.6
10.8,11.43,11.7
10.7,10.42,10.8
9.1,10.61,10.7
9.5,9.37,9.1
11.9,10.836,9.5
11.9,12.22,11.9
11.4,10.95,11.9
11.0,10.66,11.4
8.0,11.6,11.0
6.7,7.777,8.0
9.1,7.05,6.7
8.3,10.5,9.1
8.1,7.508,8.3
9.7,9.33,8.1
9.1,9.89,9.7
8.7,8.805,9.1
8.5,8.75,8.7
8.1,8.836,8.5
8.1,7.945,8.1
8.3,8.38,8.1
7.1,8.586,8.3
6.7,8.234,7.1
6.1000004,6.277,6.7
7.7,7.695,6.1
8.8,7.375,7.7
7.1,9.09,8.8
7.4,7.227,7.1
8.5,7.945,7.4
10.0,8.2,8.5
11.1,10.2,10.0
11.9,10.91,11.1
10.0,11.32,11.9
9.8,8.31,10.0
12.2,11.516,9.8
12.3,12.44,12.2
14.5,11.27,12.3
15.9,14.32,14.5
13.6,13.3,15.9
14.5,13.39,13.6
15.2,13.8,14.5
12.4,14.39,15.2
10.8,11.4,12.4
12.4,11.07,10.8
12.5,13.38,12.4
10.9,12.445,12.5
10.0,10.7,10.9
12.4,10.82,10.0
12.0,12.96,12.4
11.1,12.68,12.0
13.0,10.805,11.1
15.2,14.016,13.0
14.1,14.0,15.2
13.7,14.14,14.1
12.5,13.7,13.7
11.0,12.72,12.5
10.6,11.45,11.0
11.6,10.94,10.6
12.9,12.555,11.6
13.2,13.0,12.9
13.7,13.81,13.2
13.9,13.53,13.7
12.8,13.44,13.9
12.7,13.31,12.8
13.4,13.08,12.7
12.8,13.35,13.4
11.6,13.055,12.8
12.0,12.1,11.6
13.4,12.59,12.0
16.4,14.375,13.4
16.3,17.16,16.4
14.3,15.625,16.3
12.6,13.89,14.3
12.5,13.016,12.6
13.2,13.055,12.5
13.2,14.15,13.2
15.1,13.766,13.2
13.4,15.766,15.1
13.2,12.4,13.4
13.1,14.17,13.2
13.5,13.58,13.1
14.4,13.625,13.5
14.7,14.59,14.4
15.5,14.61,14.7
16.4,15.305,15.5
16.6,15.836,16.4
16.9,16.11,16.6
16.1,16.52,16.9
15.5,16.73,16.1
16.1,15.414,15.5
17.1,16.55,16.1
15.8,16.97,17.1
20.7,16.02,15.8
16.7,20.6,20.7
15.2,14.92,16.7
15.4,15.81,15.2
17.1,15.8,15.4
18.2,18.22,17.1
15.6,17.48,18.2
18.3,15.68,15.6
18.0,19.47,18.3
17.4,16.95,18.0
17.3,18.12,17.4
16.5,17.06,17.3
16.0,16.52,16.5
15.8,16.52,16.0
15.6,16.2,15.8
14.8,16.53,15.6
15.6,15.17,14.8
17.7,16.19,15.6
19.2,17.97,17.7
18.0,18.9,19.2
17.8,17.9,18.0
16.5,17.4,17.8
17.9,16.73,16.5
20.3,18.89,17.9
21.1,20.47,20.3
18.7,20.38,21.1
18.5,17.77,18.7
17.5,19.03,18.5
18.5,17.42,17.5
18.9,19.11,18.5
21.0,18.38,18.9
18.1,20.72,21.0
17.9,17.62,18.1
19.3,18.56,17.9
18.2,19.23,19.3
16.6,17.2,18.2
17.9,17.11,16.6
19.2,18.75,17.9
18.5,19.47,19.2
16.9,18.03,18.5
19.0,17.44,16.9
20.2,19.75,19.0
18.7,20.34,20.2
18.4,18.1,18.7
18.1,18.0,18.4
19.2,17.9,18.1
21.0,20.22,19.2
19.2,20.69,21.0
16.8,18.53,19.2
16.5,17.12,16.8
15.9,17.34,16.5
14.7,16.47,15.9
15.1,14.41,14.7
17.2,16.11,15.1
16.6,17.95,17.2
15.9,16.92,16.6
17.2,17.11,15.9
17.4,17.8,17.2
16.5,16.25,17.4
18.6,16.84,16.5
18.6,18.78,18.6
17.2,17.9,18.6
15.6,16.84,17.2
16.5,16.1,15.6
17.0,16.81,16.5
15.8,17.31,17.0
13.9,15.43,15.8
14.4,14.34,13.9
15.7,15.25,14.4
16.1,15.75,15.7
15.9,16.61,16.1
16.2,15.57,15.9
17.1,16.78,16.2
16.7,16.6,17.1
16.0,17.06,16.7
15.1,16.34,16.0
15.2,14.55,15.1
14.1,15.3,15.2
15.1,14.7,14.1
15.3,14.93,15.1
16.6,15.41,15.3
14.9,16.53,16.6
12.9,14.08,14.9
12.4,13.56,12.9
12.2,13.48,12.4
12.5,11.75,12.2
12.3,14.3,12.5
12.3,11.695,12.3
14.1,12.42,12.3
13.3,14.83,14.1
13.4,12.25,13.3
15.5,13.81,13.4
16.2,14.69,15.5
15.7,15.94,16.2
15.1,15.42,15.7
15.7,14.49,15.1
14.5,14.89,15.7
14.2,13.766,14.5
14.3,13.984,14.2
14.8,13.41,14.3
13.2,14.516,14.8
13.7,13.65,13.2
12.9,13.93,13.7
9.1,11.44,12.9
8.7,8.45,9.1
8.9,10.26,8.7
10.5,9.875,8.9
11.4,10.586,10.5
12.9,11.11,11.4
14.9,12.875,12.9
14.3,13.64,14.9
17.6,14.58,14.3
16.1,16.25,17.6
14.8,13.734,16.1
15.4,14.42,14.8
16.5,15.34,15.4
13.9,15.25,16.5
11.1,11.94,13.9
14.0,12.16,11.1
13.5,13.08,14.0
14.6,13.016,13.5
15.3,14.13,14.6
13.1,13.75,15.3
12.6,12.125,13.1
11.5,11.89,12.6
10.9,10.875,11.5
10.0,10.66,10.9
10.2,9.79,10.0
14.0,11.41,10.2
15.2,13.984,14.0
13.1,13.91,15.2
11.0,11.49,13.1
11.8,10.3,11.0
14.2,13.266,11.8
11.1,12.68,14.2
9.6,10.58,11.1
11.8,9.16,9.6
13.3,12.984,11.8
13.5,11.84,13.3
12.8,12.7,13.5
12.6,11.84,12.8
12.8,11.86,12.6
12.9,12.56,12.8
14.5,11.43,12.9
14.9,14.92,14.5
12.7,12.625,14.9
10.3,10.734,12.7
10.9,10.33,10.3
14.3,11.63,10.9
14.3,14.06,14.3
14.4,12.945,14.3
14.1,13.2,14.4
13.9,13.414,14.1
12.7,13.086,13.9
12.4,11.67,12.7
11.2,11.35,12.4
9.3,9.83,11.2
9.9,9.34,9.3
10.8,9.98,9.9
10.0,9.68,10.8
12.1,11.086,10.0
12.7,11.37,12.1
13.0,11.69,12.7
13.3,12.31,13.0
13.0,12.05,13.3
10.8,12.15,13.0
11.2,9.7,10.8
11.9,11.32,11.2
12.6,11.2,11.9
10.1,11.98,12.6
13.3,9.13,10.1
13.9,12.98,13.3
13.5,12.45,13.9
12.3,11.984,13.5
11.1,11.22,12.3
10.7,10.24,11.1
11.6,10.13,10.7
12.0,10.29,11.6
9.5,12.984,12.0
8.5,8.36,9.5
8.6,8.47,8.5
9.1,8.56,8.6
5.1,8.81,9.1
2.5,4.426,5.1
0.39999962,3.105,2.5
5.7,2.07,0.4
11.5,8.72,5.7
13.0,10.25,11.5
13.7,11.63,13.0
12.4,12.03,13.7
9.8,11.08,12.4
8.3,8.305,9.8
5.8,7.96,8.3
5.7,6.0,5.8
4.8,5.312,5.7
10.0,6.3,4.8
11.3,9.86,10.0
8.1,9.45,11.3
7.4,6.49,8.1
10.5,7.64,7.4
9.8,10.266,10.5
10.8,8.88,9.8
10.4,9.73,10.8
5.5,9.586,10.4
4.3,3.262,5.5
8.6,6.062,4.3
9.2,7.84,8.6
11.3,8.67,9.2
10.2,10.27,11.3
6.7,8.945,10.2
9.7,5.523,6.7
7.8,9.93,9.7
10.7,6.758,7.8
11.3,11.1,10.7
8.1,9.234,11.3
9.6,7.832,8.1
12.5,9.445,9.6
9.0,11.05,12.5
9.9,7.766,9.0
11.2,10.89,9.9
11.5,9.91,11.2
10.6,10.46,11.5
12.1,9.805,10.6
11.1,12.0,12.1
9.1,9.55,11.1
11.4,9.695,9.1
12.1,11.08,11.4
10.5,10.81,12.1
9.8,9.65,10.5
11.4,9.16,9.8
11.0,11.07,11.4
10.0,9.86,11.0
10.5,10.195,10.0
11.1,10.15,10.5
10.1,10.57,11.1
10.0,9.82,10.1
11.1,9.98,10.0
11.2,11.27,11.1
10.6,11.04,11.2
8.0,10.67,10.6
9.2,8.22,8.0
11.3,10.28,9.2
11.0,10.97,11.3
7.1,9.63,11.0
7.7,6.7,7.1
7.9,9.06,7.7
11.7,8.04,7.9
9.2,11.555,11.7
5.6,8.086,9.2
7.4,4.63,5.6
10.4,8.97,7.4
7.8,9.85,10.4
6.9,8.22,7.8
6.0,7.266,6.9
7.0,6.062,6.0
8.7,7.8,7.0
6.4,8.76,8.7
6.7,5.156,6.4
5.7,7.133,6.7
8.0,5.062,5.7
11.6,9.42,8.0
10.6,10.266,11.6
9.7,10.14,10.6
9.6,8.77,9.7
8.2,9.07,9.6
7.3,8.14,8.2
9.0,6.79,7.3
11.1,9.94,9.0
10.1,10.33,11.1
8.3,9.22,10.1
6.3,7.695,8.3
6.2,5.69,6.3
8.4,6.953,6.2
9.2,9.07,8.4
10.2,9.73,9.2
10.2,10.28,10.2
10.4,10.19,10.2
8.8,10.42,10.4
8.9,8.49,8.8
8.4,10.76,8.9
7.4,6.37,8.4
9.4,8.68,7.4
11.1,9.83,9.4
9.3,9.85,11.1
11.5,9.08,9.3
11.5,11.0,11.5
10.7,11.33,11.5
11.5,10.375,10.7
11.7,11.37,11.5
11.1,10.85,11.7
8.9,10.54,11.1
10.2,9.46,8.9
11.4,10.266,10.2
11.8,10.59,11.4
10.1,11.25,11.8
10.7,9.29,10.1
10.4,10.984,10.7
10.5,9.94,10.4
10.9,10.7,10.5
9.4,11.18,10.9
5.6,8.61,9.4
5.0,5.492,5.6
8.0,6.65,5.0
6.8,10.29,8.0
8.2,6.957,6.8
8.5,8.58,8.2
9.7,9.49,8.5
11.1,10.766,9.7
11.6,11.445,11.1
11.8,11.484,11.6
12.1,11.99,11.8
12.9,11.79,12.1
13.9,13.21,12.9
15.2,13.664,13.9
17.4,14.875,15.2
18.6,16.1,17.4
19.1,16.9,18.6
19.8,17.44,19.1
18.5,17.5,19.8
13.8,16.16,18.5
12.7,13.4,13.8
12.0,12.125,12.7
12.5,12.81,12.0
8.4,12.086,12.5
8.3,8.06,8.4
8.6,9.805,8.3
10.0,9.76,8.6
13.3,11.59,10.0
11.4,13.83,13.3
10.3,10.375,11.4
10.0,10.56,10.3
10.9,11.27,10.0
11.5,11.016,10.9
15.2,12.73,11.5
16.0,15.09,15.2
13.6,14.56,16.0
13.2,13.94,13.6
14.0,13.39,13.2
15.3,14.74,14.0
15.1,15.69,15.3
13.8,14.65,15.1
13.0,13.77,13.8
13.0,13.586,13.0
13.3,13.59,13.0
13.9,14.74,13.3
13.8,13.83,13.9
13.6,14.6,13.8
13.3,13.766,13.6
13.9,14.016,13.3
14.2,14.94,13.9
12.8,14.05,14.2
12.2,13.11,12.8
13.6,13.16,12.2
13.6,14.71,13.6
13.7,13.62,13.6
12.3,13.5,13.7
12.7,12.96,12.3
14.6,13.84,12.7
14.7,15.86,14.6
14.2,14.95,14.7
15.6,14.56,14.2
17.0,15.96,15.6
17.9,17.2,17.0
17.6,17.05,17.9
17.4,17.52,17.6
16.6,16.94,17.4
16.3,16.52,16.6
16.4,16.06,16.3
20.4,16.9,16.4
21.3,20.33,20.4
22.2,19.62,21.3
24.600002,21.6,22.2
20.9,22.84,24.6
19.2,18.11,20.9
17.0,19.28,19.2
15.6,16.92,17.0
15.2,16.16,15.6
15.6,16.33,15.2
16.4,16.66,15.6
17.7,16.78,16.4
21.1,18.81,17.7
22.8,21.06,21.1
18.9,21.1,22.8
17.4,18.33,18.9
16.7,17.05,17.4
17.7,17.83,16.7
17.7,18.5,17.7
17.6,18.22,17.7
17.6,17.62,17.6
17.7,17.84,17.6
18.2,19.03,17.7
21.3,18.73,18.2
23.1,21.77,21.3
19.3,21.42,23.1
16.5,18.94,19.3
16.4,16.11,16.5
20.8,17.75,16.4
22.9,21.36,20.8
18.4,21.06,22.9
17.9,17.6,18.4
19.6,18.47,17.9
20.4,20.02,19.6
19.4,20.31,20.4
21.8,18.78,19.4
22.1,21.98,21.8
18.7,20.55,22.1
19.3,18.6,18.7
20.1,19.89,19.3
18.0,18.69,20.1
17.9,18.5,18.0
18.5,18.08,17.9
17.4,19.0,18.5
17.2,16.94,17.4
20.8,18.2,17.2
20.3,21.0,20.8
19.7,19.34,20.3
18.8,19.36,19.7
17.5,18.61,18.8
18.3,17.44,17.5
20.2,18.81,18.3
21.5,20.34,20.2
21.2,20.72,21.5
20.6,20.44,21.2
20.7,20.27,20.6
21.2,20.66,20.7
20.7,20.84,21.2
18.8,20.75,20.7
19.0,18.1,18.8
19.3,19.94,19.0
19.1,19.16,19.3
17.4,18.78,19.1
15.8,16.48,17.4
16.5,16.16,15.8
17.0,17.72,16.5
16.6,18.11,17.0
17.1,17.53,16.6
16.8,17.62,17.1
14.6,15.32,16.8
15.5,15.36,14.6
14.8,15.414,15.5
15.3,15.586,14.8
16.3,17.08,15.3
16.3,16.2,16.3
14.7,15.68,16.3
15.3,14.55,14.7
13.9,15.53,15.3
13.9,13.06,13.9
14.0,14.125,13.9
14.9,14.88,14.0
15.5,14.39,14.9
14.6,14.95,15.5
14.7,14.0,14.6
14.9,15.04,14.7
16.0,14.9,14.9
14.7,16.06,16.0
15.2,13.695,14.7
14.7,15.37,15.2
14.3,14.4,14.7
14.0,13.914,14.3
14.0,14.875,14.0
16.1,14.234,14.0
14.4,15.875,16.1
10.6,13.164,14.4
11.1,10.84,10.6
16.1,12.125,11.1
15.9,16.39,16.1
15.1,13.78,15.9
16.3,14.5,15.1
15.2,16.22,16.3
13.7,13.83,15.2
15.8,14.05,13.7
17.3,15.75,15.8
17.6,15.89,17.3
16.6,16.03,17.6
16.0,15.69,16.6
17.0,15.35,16.0
15.6,16.31,17.0
16.4,14.5,15.6
15.1,15.734,16.4
16.1,15.53,15.1
16.3,15.09,16.1
16.9,16.19,16.3
14.2,15.33,16.9
12.9,13.016,14.2
12.8,12.766,12.9
12.4,11.84,12.8
11.1,12.45,12.4
13.1,10.7,11.1
16.7,14.74,13.1
14.2,15.266,16.7
17.0,13.43,14.2
14.1,16.8,17.0
14.3,12.484,14.1
14.4,14.11,14.3
14.6,13.555,14.4
13.0,13.484,14.6
11.5,11.95,13.0
12.2,11.055,11.5
13.4,12.83,12.2
11.1,12.3,13.4
6.2,10.3,11.1
5.1,6.074,6.2
7.1,6.8,5.1
9.3,9.13,7.1
10.1,10.17,9.3
9.8,9.586,10.1
12.2,9.74,9.8
11.4,11.484,12.2
9.7,9.85,11.4
12.2,9.734,9.7
12.9,13.74,12.2
11.5,10.31,12.9
6.4,10.61,11.5
3.1999998,5.5,6.4
3.9,3.652,3.2
9.8,5.64,3.9
13.1,10.75,9.8
11.2,11.66,13.1
11.5,9.73,11.2
12.5,11.12,11.5
10.3,11.125,12.5
9.5,9.164,10.3
10.5,9.35,9.5
9.7,9.09,10.5
10.1,8.82,9.7
9.8,8.77,10.1
11.3,9.56,9.8
13.9,11.336,11.3
12.7,12.23,13.9
10.3,11.26,12.7
3.5,8.23,10.3
0.6000004,3.617,3.5
1.6999998,0.6094,0.6
3.5,3.328,1.7
5.2,4.418,3.5
8.8,7.57,5.2
5.9000006,7.98,8.8
7.7,5.54,5.9
6.7,9.45,7.7
4.5,5.863,6.7
1.6999998,5.13,4.5
5.3,2.016,1.7
7.3,7.36,5.3
7.2,6.42,7.3
11.5,7.992,7.2
12.3,10.02,11.5
13.0,10.17,12.3
12.6,11.234,13.0
11.8,10.41,12.6
9.3,9.79,11.8
6.1000004,7.98,9.3
3.8000002,4.86,6.1
1.3000002,3.059,3.8
1.9999995,2.41,1.3
2.8000002,2.25,2.0
10.2,3.723,2.8
10.5,9.34,10.2
10.5,9.664,10.5
10.6,9.336,10.5
9.9,9.39,10.6
9.7,8.6,9.9
10.4,9.54,9.7
11.4,9.47,10.4
10.8,10.86,11.4
12.3,9.95,10.8
10.8,12.19,12.3
9.7,8.68,10.8
10.8,8.55,9.7
11.5,10.13,10.8
10.3,10.15,11.5
11.2,9.91,10.3
11.0,10.09,11.2
8.4,9.516,11.0
8.7,8.125,8.4
8.9,8.945,8.7
10.0,8.2,8.9
8.9,9.59,10.0
7.9,8.56,8.9
7.8,8.31,7.9
7.2,7.242,7.8
7.0,7.195,7.2
5.6,6.707,7.0
2.6,5.492,5.6
2.1999993,2.805,2.6
6.4,3.066,2.2
5.2,7.14,6.4
6.6,4.996,5.2
4.8,7.934,6.6
1.8999996,4.285,4.8
4.2,2.355,1.9
3.8000002,5.844,4.2
2.6,3.39,3.8
5.2,1.824,2.6
7.2,7.867,5.2
6.9,6.945,7.2
7.5,6.938,6.9
8.0,7.83,7.5
7.1,7.016,8.0
8.4,6.75,7.1
10.2,8.45,8.4
7.3,9.26,10.2
5.8,5.63,7.3
5.3,5.36,5.8
8.3,4.94,5.3
9.1,9.27,8.3
8.3,8.27,9.1
4.3,8.3,8.3
0.8999996,3.04,4.3
1.3999996,1.078,0.9
5.8,1.988,1.4
7.8,7.812,5.8
9.4,8.48,7.8
7.9,8.88,9.4
5.4,6.566,7.9
5.2,4.734,5.4
6.6,6.42,5.2
6.1000004,6.117,6.6
7.0,6.54,6.1
7.6,7.17,7.0
7.3,7.297,7.6
7.2,7.08,7.3
7.3,7.08,7.2
6.3,7.363,7.3
4.5,5.535,6.3
3.3000002,4.082,4.5
6.4,4.574,3.3
9.2,7.76,6.4
6.2,7.867,9.2
6.5,6.85,6.2
5.9000006,6.105,6.5
7.0,6.477,5.9
6.8,6.11,7.0
7.4,7.465,6.8
8.3,7.43,7.4
7.9,7.99,8.3
8.6,6.484,7.9
9.9,9.82,8.6
10.2,9.66,9.9
11.6,9.61,10.2
13.5,11.57,11.6
14.2,12.22,13.5
12.8,12.695,14.2
12.0,12.055,12.8
6.5,10.9,12.0
4.7,4.332,6.5
6.5,5.89,4.7
5.5,7.25,6.5
5.3,6.605,5.5
6.3,5.75,5.3
5.1,5.656,6.3
5.5,5.305,5.1
5.1,5.844,5.5
6.7,5.816,5.1
7.2,7.33,6.7
9.2,7.887,7.2
9.4,9.4,9.2
10.2,9.29,9.4
10.7,10.016,10.2
9.7,10.555,10.7
11.3,9.945,9.7
11.4,11.31,11.3
10.4,11.01,11.4
12.4,10.914,10.4
12.0,12.59,12.4
10.5,10.65,12.0
11.4,10.79,10.5
12.6,12.37,11.4
12.5,11.69,12.6
11.8,12.56,12.5
10.1,11.76,11.8
10.2,9.5,10.1
10.1,10.79,10.2
10.4,9.52,10.1
10.6,10.62,10.4
12.3,9.97,10.6
11.7,12.64,12.3
9.7,10.234,11.7
9.7,9.26,9.7
9.3,9.805,9.7
10.6,9.41,9.3
9.4,10.55,10.6
9.6,9.61,9.4
9.9,10.93,9.6
10.2,10.81,9.9
9.9,10.42,10.2
11.3,10.57,9.9
9.2,11.02,11.3
8.7,8.62,9.2
8.2,9.445,8.7
8.2,8.65,8.2
9.4,9.664,8.2
11.1,10.31,9.4
13.1,11.84,11.1
8.9,12.47,13.1
8.2,9.28,8.9
8.0,9.46,8.2
9.4,9.25,8.0
10.0,10.81,9.4
11.2,11.35,10.0
12.3,11.88,11.2
13.6,13.05,12.3
13.0,13.67,13.6
12.7,12.83,13.0
12.9,12.85,12.7
12.9,14.54,12.9
12.9,12.61,12.9
14.6,13.195,12.9
15.6,14.34,14.6
13.3,15.34,15.6
12.2,12.97,13.3
11.7,12.01,12.2
12.4,11.93,11.7
15.1,13.77,12.4
18.1,14.58,15.1
20.1,18.47,18.1
18.4,19.25,20.1
14.5,15.125,18.4
14.5,14.05,14.5
16.7,15.68,14.5
16.8,17.0,16.7
15.9,16.33,16.8
16.3,14.805,15.9
17.4,17.16,16.3
19.3,17.38,17.4
21.4,19.48,19.3
21.1,20.12,21.4
21.9,20.25,21.1
16.7,21.19,21.9
17.1,16.75,16.7
15.0,17.34,17.1
14.5,15.3,15.0
14.7,15.22,14.5
14.1,15.266,14.7
15.8,15.266,14.1
16.1,16.98,15.8
18.0,16.22,16.1
16.9,17.69,18.0
16.4,17.14,16.9
15.3,16.66,16.4
14.8,15.59,15.3
15.7,15.42,14.8
15.6,16.53,15.7
15.2,16.02,15.6
14.2,15.3,15.2
13.5,14.53,14.2
14.0,14.484,13.5
15.4,15.55,14.0
15.2,16.08,15.4
16.9,16.53,15.2
16.1,16.53,16.9
16.4,16.31,16.1
16.8,17.69,16.4
18.3,16.4,16.8
20.0,18.3,18.3
19.7,20.1,20.0
19.9,18.75,19.7
21.5,20.06,19.9
20.7,21.02,21.5
20.6,19.4,20.7
20.9,19.97,20.6
20.8,21.45,20.9
18.3,20.69,20.8
18.0,17.69,18.3
17.6,17.92,18.0
18.4,18.31,17.6
18.4,19.31,18.4
18.2,18.33,18.4
18.5,18.28,18.2
17.7,18.27,18.5
17.5,17.47,17.7
17.4,18.23,17.5
15.7,17.31,17.4
16.5,15.73,15.7
19.0,17.52,16.5
17.4,19.3,19.0
16.1,16.8,17.4
15.2,15.95,16.1
15.9,16.06,15.2
16.5,16.95,15.9
16.5,17.6,16.5
16.4,16.19,16.5
16.7,16.38,16.4
17.7,17.16,16.7
16.5,17.44,17.7
17.1,15.81,16.5
18.3,17.5,17.1
19.6,18.16,18.3
19.2,19.16,19.6
17.7,20.05,19.2
18.1,17.0,17.7
15.6,18.38,18.1
15.6,15.36,15.6
16.7,16.38,15.6
15.9,17.05,16.7
15.6,15.86,15.9
14.7,15.3,15.6
15.1,15.625,14.7
15.8,16.2,15.1
14.9,15.516,15.8
14.9,14.414,14.9
14.7,15.79,14.9
14.7,13.75,14.7
15.9,15.78,14.7
15.3,16.16,15.9
17.3,15.66,15.3
18.1,17.39,17.3
17.7,17.19,18.1
16.7,17.73,17.7
15.0,15.44,16.7
15.6,15.22,15.0
14.0,15.266,15.6
13.1,13.52,14.0
13.5,13.734,13.1
13.5,14.44,13.5
12.2,11.78,13.5
12.9,12.92,12.2
15.0,13.85,12.9
14.4,15.625,15.0
13.7,13.23,14.4
13.1,14.984,13.7
12.3,11.72,13.1
14.1,13.5,12.3
12.3,13.625,14.1
11.9,11.766,12.3
13.9,13.39,11.9
14.4,13.58,13.9
15.3,14.164,14.4
15.7,15.2,15.3
14.3,14.14,15.7
16.9,15.18,14.3
13.8,16.34,16.9
12.9,13.26,13.8
13.2,12.34,12.9
12.8,12.08,13.2
13.2,13.195,12.8
12.4,12.945,13.2
12.8,11.81,12.4
14.0,13.125,12.8
13.9,13.02,14.0
12.8,13.234,13.9
13.8,12.54,12.8
12.7,12.38,13.8
15.3,13.14,12.7
16.8,15.17,15.3
14.9,15.45,16.8
12.2,13.09,14.9
11.1,11.36,12.2
11.2,9.97,11.1
14.8,12.234,11.2
14.8,15.25,14.8
16.0,13.12,14.8
16.0,15.17,16.0
15.8,14.78,16.0
15.5,14.66,15.8
16.1,15.3,15.5
14.0,14.75,16.1
13.0,12.78,14.0
15.3,14.14,13.0
14.4,14.91,15.3
11.7,13.09,14.4
11.3,11.336,11.7
14.0,11.734,11.3
14.2,13.65,14.0
14.9,13.19,14.2
15.2,14.55,14.9
13.6,14.17,15.2
12.6,13.016,13.6
14.2,11.84,12.6
11.6,14.125,14.2
10.8,10.62,11.6
10.1,10.33,10.8
8.5,10.84,10.1
8.0,9.0,8.5
9.2,8.61,8.0
8.2,9.53,9.2
8.6,8.18,8.2
6.5,8.74,8.6
4.9,5.445,6.5
6.9,6.703,4.9
6.6,7.992,6.9
9.6,6.062,6.6
7.7,10.71,9.6
3.9,5.24,7.7
4.7,3.988,3.9
6.1000004,7.438,4.7
7.7,6.766,6.1
10.8,10.03,7.7
8.4,9.35,10.8
9.3,8.02,8.4
8.0,8.53,9.3
12.3,7.574,8.0
12.1,11.766,12.3
12.1,9.6,12.1
10.5,10.75,12.1
10.0,8.375,10.5
6.6,8.59,10.0
5.5,5.176,6.6
7.3,5.785,5.5
8.8,7.67,7.3
6.4,7.887,8.8
5.4,5.438,6.4
5.2,6.133,5.4
6.5,4.508,5.2
5.3,7.67,6.5
6.8,5.17,5.3
5.2,7.043,6.8
4.3,4.695,5.2
4.7,5.54,4.3
12.4,4.84,4.7
11.2,10.02,12.4
9.6,9.15,11.2
8.4,8.35,9.6
7.9,8.195,8.4
6.9,6.83,7.9
6.4,6.34,6.9
2.5,5.645,6.4
3.4,1.859,2.5
1.6999998,5.035,3.4
-0.19999981,1.625,1.7
1.9999995,1.664,-0.2
-0.39999962,3.082,2.0
1.8999996,0.6484,-0.4
-1.3000002,3.48,1.9
-3.8000002,-1.734,-1.3
-2.8000002,-3.719,-3.8
2.3000002,0.789,-2.8
2.5,2.922,2.3
1.6999998,1.672,2.5
0.10000038,1.156,1.7
0.39999962,-0.1797,0.1
-2.3999996,0.6406,0.4
1.1000004,-2.898,-2.4
4.9,1.758,1.1
8.5,5.94,4.9
7.4,7.344,8.5
7.0,5.41,7.4
5.1,6.28,7.0
7.0,6.0,5.1
9.2,7.46,7.0
9.5,8.33,9.2
8.2,7.44,9.5
8.5,7.285,8.2
6.6,7.547,8.5
5.4,5.906,6.6
7.0,4.56,5.4
5.4,7.1,7.0
5.5,4.34,5.4
8.0,6.203,5.5
8.3,8.92,8.0
5.0,6.97,8.3
6.0,4.77,5.0
3.5,6.285,6.0
4.8,2.805,3.5
3.8000002,5.812,4.8
4.5,4.58,3.8
6.3,4.855,4.5
5.0,5.773,6.3
9.4,5.887,5.0
9.3,9.39,9.4
10.1,7.895,9.3
11.0,9.63,10.1
8.3,9.2,11.0
9.2,7.043,8.3
9.7,10.44,9.2
9.3,8.984,9.7
11.2,9.21,9.3
8.1,10.14,11.2
10.2,6.28,8.1
7.4,9.84,10.2
9.7,7.035,7.4
10.2,9.336,9.7
9.7,10.28,10.2
10.5,9.29,9.7
9.9,10.44,10.5
10.7,9.48,9.9
10.2,10.14,10.7
11.3,9.445,10.2
11.4,10.87,11.3
11.3,10.91,11.4
9.4,10.375,11.3
9.0,8.625,9.4
10.8,9.44,9.0
11.1,9.9,10.8
11.0,11.016,11.1
11.1,10.62,11.0
9.9,11.305,11.1
10.1,9.125,9.9
10.3,10.38,10.1
10.8,9.96,10.3
10.0,10.695,10.8
10.1,9.11,10.0
11.1,9.195,10.1
11.6,9.9,11.1
9.5,10.63,11.6
8.3,8.39,9.5
11.0,9.31,8.3
11.4,11.29,11.0
11.3,10.53,11.4
8.8,10.055,11.3
10.9,8.484,8.8
9.4,10.55,10.9
7.9,8.266,9.4
9.1,8.48,7.9
8.7,9.13,9.1
10.7,9.66,8.7
10.3,11.16,10.7
10.1,9.53,10.3
11.4,10.336,10.1
11.6,11.46,11.4
8.8,10.66,11.6
7.9,7.836,8.8
8.1,7.883,7.9
9.0,8.26,8.1
10.1,9.24,9.0
10.8,9.38,10.1
10.8,11.38,10.8
9.4,10.055,10.8
9.1,8.484,9.4
11.7,9.8,9.1
11.9,12.71,11.7
12.6,11.37,11.9
13.5,12.46,12.6
14.3,11.91,13.5
11.6,12.805,14.3
9.4,10.27,11.6
9.5,8.72,9.4
10.3,10.2,9.5
11.1,9.98,10.3
10.4,10.086,11.1
10.1,10.48,10.4
10.2,9.7,10.1
8.7,10.14,10.2
7.8,8.66,8.7
6.8,7.848,7.8
7.6,7.285,6.8
9.3,8.78,7.6
9.6,9.52,9.3
12.7,11.23,9.6
12.5,13.42,12.7
12.9,11.81,12.5
13.2,13.18,12.9
12.7,13.23,13.2
12.9,11.914,12.7
15.5,12.95,12.9
18.3,16.1,15.5
15.1,17.31,18.3
14.4,14.47,15.1
13.0,14.1,14.4
8.0,12.805,13.0
7.1,7.684,8.0
10.5,9.555,7.1
10.5,11.555,10.5
12.2,11.24,10.5
11.2,13.23,12.2
11.9,10.766,11.2
12.3,12.0,11.9
11.6,11.984,12.3
14.4,12.34,11.6
15.5,14.64,14.4
13.6,15.14,15.5
14.2,13.4,13.6
14.1,14.34,14.2
12.5,13.75,14.1
12.8,12.484,12.5
14.0,13.33,12.8
15.8,14.125,14.0
14.0,15.414,15.8
15.4,13.3,14.0
17.0,15.57,15.4
17.3,17.08,17.0
16.3,16.1,17.3
18.1,15.984,16.3
20.4,18.28,18.1
19.5,20.53,20.4
15.1,17.45,19.5
12.6,14.42,15.1
12.9,12.41,12.6
16.1,14.07,12.9
14.0,16.66,16.1
16.2,14.1,14.0
17.3,16.9,16.2
15.9,17.22,17.3
16.4,15.875,15.9
18.3,16.84,16.4
16.3,18.56,18.3
16.1,16.1,16.3
15.0,16.28,16.1
15.2,15.16,15.0
14.9,15.805,15.2
14.3,15.625,14.9
16.0,15.31,14.3
15.0,16.62,16.0
14.1,15.25,15.0
15.0,14.31,14.1
14.1,16.47,15.0
14.8,14.125,14.1
15.3,15.79,14.8
15.1,16.19,15.3
14.7,15.2,15.1
12.4,15.39,14.7
12.0,13.17,12.4
12.9,13.25,12.0
13.9,13.7,12.9
14.4,15.516,13.9
13.6,14.25,14.4
11.7,13.8,13.6
13.0,12.95,11.7
14.6,13.47,13.0
15.7,16.22,14.6
16.5,15.516,15.7
18.2,17.27,16.5
19.6,17.75,18.2
20.2,19.25,19.6
19.3,18.78,20.2
17.5,19.06,19.3
17.7,17.53,17.5
17.2,18.1,17.7
16.3,16.5,17.2
16.9,16.92,16.3
17.8,17.69,16.9
16.6,17.78,17.8
16.1,16.5,16.6
17.4,16.47,16.1
18.1,18.0,17.4
18.6,18.38,18.1
19.3,18.95,18.6
18.5,18.47,19.3
16.5,18.78,18.5
16.8,16.78,16.5
18.2,17.22,16.8
18.1,18.58,18.2
18.0,17.83,18.1
19.3,17.84,18.0
17.6,19.25,19.3
16.3,16.5,17.6
18.3,17.19,16.3
19.7,19.02,18.3
19.1,19.31,19.7
18.1,18.83,19.1
18.1,17.84,18.1
18.6,18.62,18.1
17.7,19.0,18.6
20.7,16.7,17.7
23.3,20.9,20.7
20.7,21.88,23.3
20.4,19.4,20.7
20.7,19.97,20.4
18.9,19.64,20.7
18.9,18.78,18.9
20.5,18.94,18.9
20.0,20.47,20.5
20.5,19.45,20.0
20.1,20.03,20.5
21.5,19.81,20.1
21.3,21.1,21.5
19.4,20.62,21.3
19.7,19.31,19.4
20.6,20.5,19.7
20.1,20.14,20.6
17.7,19.38,20.1
16.2,16.75,17.7
16.8,17.64,16.2
15.5,16.47,16.8
16.7,16.52,15.5
18.4,17.6,16.7
17.0,18.97,18.4
15.6,16.12,17.0
15.8,16.19,15.6
17.8,16.98,15.8
16.2,18.16,17.8
14.8,15.36,16.2
14.6,15.43,14.8
15.2,15.6,14.6
15.8,15.75,15.2
15.9,16.4,15.8
15.9,15.72,15.9
15.3,16.42,15.9
15.3,15.84,15.3
12.5,14.516,15.3
12.5,12.25,12.5
13.3,12.89,12.5
14.7,13.625,13.3
17.6,15.08,14.7
19.7,17.94,17.6
18.2,17.34,19.7
18.5,17.52,18.2
17.3,17.27,18.5
17.8,16.83,17.3
17.6,16.47,17.8
17.5,16.95,17.6
17.3,16.36,17.5
17.3,16.94,17.3
15.8,16.22,17.3
16.3,15.766,15.8
16.8,15.68,16.3
17.6,16.17,16.8
17.8,17.22,17.6
16.6,17.14,17.8
16.3,15.53,16.6
15.7,16.0,16.3
15.3,14.695,15.7
15.0,15.47,15.3
15.4,14.91,15.0
17.8,15.695,15.4
18.0,17.9,17.8
15.7,16.53,18.0
15.3,15.2,15.7
12.8,15.78,15.3
12.8,12.14,12.8
11.4,13.14,12.8
15.0,12.5,11.4
16.5,15.58,15.0
16.9,15.984,16.5
18.5,15.5,16.9
17.9,17.9,18.5
17.3,16.28,17.9
15.9,16.08,17.3
15.4,15.09,15.9
15.3,14.875,15.4
10.4,13.67,15.3
9.0,9.66,10.4
10.4,10.31,9.0
11.0,10.79,10.4
7.5,11.11,11.0
4.8,7.21,7.5
5.7,6.406,4.8
8.1,6.83,5.7
8.5,8.82,8.1
6.7,8.33,8.5
10.5,8.25,6.7
14.4,11.74,10.5
13.5,13.86,14.4
12.1,11.836,13.5
11.4,10.72,12.1
11.2,11.78,11.4
11.6,10.26,11.2
10.3,11.75,11.6
8.9,8.82,10.3
8.8,9.07,8.9
8.6,8.62,8.8
12.2,8.12,8.6
15.3,13.17,12.2
14.9,13.63,15.3
15.2,13.125,14.9
14.4,13.97,15.2
13.0,12.77,14.4
11.2,10.73,13.0
9.1,10.23,11.2
7.1,7.79,9.1
9.6,6.15,7.1
11.2,11.18,9.6
11.3,10.08,11.2
10.8,10.44,11.3
11.8,10.04,10.8
12.4,11.664,11.8
10.7,10.97,12.4
11.3,10.055,10.7
10.4,10.164,11.3
7.8,9.98,10.4
4.8,7.04,7.8
4.2,5.418,4.8
4.1,5.098,4.2
6.8,4.72,4.1
12.2,8.8,6.8
11.6,11.016,12.2
12.5,10.45,11.6
14.0,12.09,12.5
12.4,12.64,14.0
8.3,10.914,12.4
7.3,6.477,8.3
4.9,6.883,7.3
4.5,5.375,4.9
1.3999996,4.51,4.5
4.2,1.758,1.4
11.6,7.773,4.2
9.6,10.555,11.6
10.8,8.79,9.6
8.8,9.2,10.8
9.8,7.785,8.8
12.4,9.03,9.8
13.0,11.68,12.4
12.0,10.484,13.0
9.9,10.945,12.0
8.4,8.266,9.9
7.3,6.977,8.4
11.0,7.98,7.3
11.1,10.4,11.0
7.7,10.34,11.1
9.4,7.285,7.7
10.3,10.46,9.4
11.3,10.305,10.3
9.8,10.77,11.3
10.1,8.59,9.8
12.0,9.37,10.1
10.9,12.03,12.0
12.5,9.836,10.9
12.4,11.625,12.5
12.1,10.91,12.4
12.3,11.2,12.1
12.3,10.55,12.3
11.1,11.75,12.3
9.5,9.39,11.1
11.4,8.42,9.5
9.0,10.87,11.4
7.8,6.945,9.0
9.4,9.21,7.8
9.2,9.5,9.4
4.1,7.535,9.2
5.7,4.48,4.1
4.3,7.688,5.7
3.1,3.867,4.3
5.1,4.87,3.1
3.8000002,5.867,5.1
0.8999996,3.309,3.8
0.19999981,0.922,0.9
0.3000002,1.734,0.2
0.8000002,1.633,0.3
2.0999994,1.094,0.8
2.8000002,3.887,2.1
3.6,3.727,2.8
3.5,3.715,3.6
3.0,3.543,3.5
3.6999998,3.871,3.0
6.0,5.285,3.7
7.1,6.61,6.0
8.6,7.07,7.1
6.0,7.54,8.6
5.3,6.152,6.0
6.4,4.645,5.3
7.9,6.953,6.4
8.3,8.625,7.9
8.1,7.53,8.3
8.7,8.05,8.1
10.2,8.2,8.7
10.5,9.81,10.2
8.0,8.945,10.5
8.0,7.203,8.0
11.3,8.266,8.0
11.5,10.055,11.3
9.9,10.72,11.5
8.5,8.7,9.9
9.4,7.676,8.5
8.7,8.41,9.4
7.8,7.785,8.7
8.5,7.867,7.8
9.7,9.47,8.5
7.9,8.8,9.7
7.7,7.492,7.9
10.3,8.016,7.7
13.0,9.91,10.3
10.5,12.41,13.0
9.9,9.13,10.5
11.4,9.79,9.9
11.5,11.21,11.4
9.7,10.88,11.5
9.3,8.57,9.7
10.1,9.695,9.3
8.6,9.92,10.1
8.8,8.29,8.6
9.9,9.305,8.8
9.1,9.91,9.9
8.0,8.484,9.1
7.2,8.24,8.0
7.9,6.766,7.2
8.4,9.06,7.9
8.0,8.44,8.4
8.7,7.855,8.0
8.8,8.32,8.7
9.0,9.336,8.8
8.0,9.4,9.0
7.7,7.848,8.0
9.9,8.75,7.7
10.8,9.87,9.9
11.6,10.875,10.8
13.1,10.54,11.6
12.1,12.1,13.1
11.6,13.016,12.1
10.1,8.945,11.6
11.6,10.61,10.1
11.5,12.0,11.6
11.2,11.266,11.5
10.8,11.06,11.2
10.2,10.39,10.8
10.0,9.664,10.2
8.8,9.05,10.0
7.4,8.73,8.8
6.2,6.93,7.4
5.8,7.375,6.2
6.4,5.93,5.8
4.3,6.92,6.4
4.4,4.36,4.3
5.9000006,5.723,4.4
6.8,7.367,5.9
8.9,7.61,6.8
7.9,9.44,8.9
9.5,8.016,7.9
11.1,9.38,9.5
10.0,11.17,11.1
11.4,9.93,10.0
11.8,12.195,11.4
11.9,10.75,11.8
12.4,11.78,11.9
11.4,13.09,12.4
10.8,10.72,11.4
9.8,10.0,10.8
9.9,9.26,9.8
12.0,10.31,9.9
11.2,11.91,12.0
10.9,11.61,11.2
10.2,10.836,10.9
9.6,10.11,10.2
11.3,9.79,9.6
12.0,11.99,11.3
12.5,11.92,12.0
12.3,12.375,12.5
13.6,11.56,12.3
14.2,13.86,13.6
16.2,14.03,14.2
17.7,15.25,16.2
17.3,15.5,17.7
16.0,15.86,17.3
16.2,14.875,16.0
18.3,16.06,16.2
18.3,17.42,18.3
16.3,16.62,18.3
18.0,16.12,16.3
18.2,17.69,18.0
17.5,16.89,18.2
16.8,17.6,17.5
15.1,15.58,16.8
14.1,14.45,15.1
14.3,14.83,14.1
15.1,15.3,14.3
13.8,15.22,15.1
12.0,13.02,13.8
11.0,12.77,12.0
12.1,12.08,11.0
12.5,14.19,12.1
13.7,13.266,12.5
14.1,15.02,13.7
15.1,14.25,14.1
15.2,15.44,15.1
15.7,14.74,15.2
17.3,16.77,15.7
16.1,17.22,17.3
15.2,15.33,16.1
15.2,15.61,15.2
15.7,16.27,15.2
14.2,16.06,15.7
12.0,13.984,14.2
13.0,12.81,12.0
14.4,14.7,13.0
14.0,15.46,14.4
14.1,14.484,14.0
13.6,14.18,14.1
13.4,14.59,13.6
15.7,14.64,13.4
19.4,15.94,15.7
21.8,20.0,19.4
16.7,19.62,21.8
15.9,14.66,16.7
16.3,16.14,15.9
15.6,17.38,16.3
15.4,15.91,15.6
15.4,15.81,15.4
15.1,16.02,15.4
15.6,15.68,15.1
15.8,16.22,15.6
16.0,16.44,15.8
15.8,16.11,16.0
15.3,16.69,15.8
16.2,15.47,15.3
15.2,16.81,16.2
15.5,15.45,15.2
16.0,16.31,15.5
16.0,16.53,16.0
15.9,15.51,16.0
15.8,16.92,15.9
16.0,16.56,15.8
16.3,16.48,16.0
16.6,16.83,16.3
15.1,16.38,16.6
15.4,15.28,15.1
15.2,16.55,15.4
16.3,15.94,15.2
16.6,16.78,16.3
16.8,16.52,16.6
16.7,17.22,16.8
17.8,17.73,16.7
16.1,16.48,17.8
17.2,16.36,16.1
16.7,18.33,17.2
15.8,15.84,16.7
15.9,15.766,15.8
15.9,16.36,15.9
16.9,16.06,15.9
17.0,17.25,16.9
16.7,17.03,17.0
15.8,16.73,16.7
15.8,16.02,15.8
14.6,16.28,15.8
16.5,15.625,14.6
16.1,17.06,16.5
17.4,16.36,16.1
17.0,16.72,17.4
17.1,16.83,17.0
18.9,17.53,17.1
20.5,18.75,18.9
22.4,19.72,20.5
19.9,21.5,22.4
19.7,18.28,19.9
17.7,19.61,19.7
16.2,16.62,17.7
16.9,16.67,16.2
17.4,17.66,16.9
15.9,17.81,17.4
17.5,16.61,15.9
17.5,18.17,17.5
16.6,16.98,17.5
17.2,16.81,16.6
18.0,18.12,17.2
17.5,18.25,18.0
17.4,16.84,17.5
16.9,17.52,17.4
16.6,15.875,16.9
17.0,17.19,16.6
15.9,16.72,17.0
14.2,15.15,15.9
15.0,14.95,14.2
16.5,16.06,15.0
19.1,17.14,16.5
18.8,18.9,19.1
15.3,16.9,18.8
16.5,15.28,15.3
16.9,17.2,16.5
17.1,16.56,16.9
17.4,17.31,17.1
16.7,17.22,17.4
18.1,16.2,16.7
17.7,18.56,18.1
16.3,16.11,17.7
14.0,15.54,16.3
13.5,13.84,14.0
13.5,13.91,13.5
13.6,13.445,13.5
16.3,13.63,13.6
15.1,17.28,16.3
14.7,13.3,15.1
15.4,14.31,14.7
17.0,15.2,15.4
17.5,16.62,17.0
16.5,17.06,17.5
15.4,15.3,16.5
15.7,14.78,15.4
16.5,16.73,15.7
16.0,15.555,16.5
16.2,15.664,16.0
16.2,15.39,16.2
15.6,15.94,16.2
13.7,14.03,15.6
14.4,14.92,13.7
15.6,14.15,14.4
14.8,15.125,15.6
12.7,13.516,14.8
10.9,12.39,12.7
11.9,11.59,10.9
11.4,12.08,11.9
12.3,11.56,11.4
12.3,12.55,12.3
13.0,11.86,12.3
13.7,14.15,13.0
14.4,12.45,13.7
13.6,14.85,14.4
15.0,12.24,13.6
15.8,15.59,15.0
15.0,14.34,15.8
15.3,14.29,15.0
12.8,14.47,15.3
10.9,11.7,12.8
10.0,10.586,10.9
12.1,10.21,10.0
15.7,13.266,12.1
16.5,15.25,15.7
14.7,15.06,16.5
14.2,13.66,14.7
12.6,14.5,14.2
12.2,11.68,12.6
15.1,12.0,12.2
15.2,15.734,15.1
11.9,13.37,15.2
12.0,10.836,11.9
13.6,11.86,12.0
10.8,13.87,13.6
11.9,10.16,10.8
10.1,13.04,11.9
8.1,9.37,10.1
8.7,7.336,8.1
11.3,10.91,8.7
12.3,10.03,11.3
15.7,13.0,12.3
15.0,15.16,15.7
11.0,13.03,15.0
9.3,8.93,11.0
9.7,11.125,9.3
9.6,9.05,9.7
9.6,9.875,9.6
8.7,9.43,9.6
6.0,7.047,8.7
6.3,6.266,6.0
4.8,6.1,6.3
6.7,4.434,4.8
8.0,8.56,6.7
3.9,7.03,8.0
3.5,3.812,3.9
3.6,4.656,3.5
8.6,3.234,3.6
9.8,9.74,8.6
10.8,8.49,9.8
12.2,10.27,10.8
9.9,11.07,12.2
8.0,9.266,9.9
8.2,7.062,8.0
6.0,7.67,8.2
5.8,5.785,6.0
1.5,5.668,5.8
5.2,0.6484,1.5
4.9,6.54,5.2
6.4,5.56,4.9
8.9,5.34,6.4
11.5,9.51,8.9
11.4,10.484,11.5
11.7,9.91,11.4
11.6,10.41,11.7
13.9,10.93,11.6
12.2,10.99,13.9
12.7,11.08,12.2
12.6,10.84,12.7
10.0,10.64,12.6
11.7,8.41,10.0
11.2,11.13,11.7
10.0,9.1,11.2
7.1,9.0,10.0
5.5,6.688,7.1
9.7,7.28,5.5
8.6,9.695,9.7
8.0,7.273,8.6
11.7,9.24,8.0
11.9,10.27,11.7
10.5,10.516,11.9
7.9,8.89,10.5
11.9,7.445,7.9
9.9,12.25,11.9
9.0,8.39,9.9
9.1,8.29,9.0
9.2,9.94,9.1
11.9,7.27,9.2
13.7,11.25,11.9
13.4,12.945,13.7
13.0,11.61,13.4
10.1,11.336,13.0
8.2,9.22,10.1
5.3,7.42,8.2
3.3000002,4.76,5.3
3.6999998,3.66,3.3
7.3,4.23,3.7
9.0,8.445,7.3
9.5,9.164,9.0
11.3,8.7,9.5
8.9,10.77,11.3
6.3,7.883,8.9
8.2,5.867,6.3
12.8,10.0,8.2
10.9,11.95,12.8
8.2,8.76,10.9
9.1,8.7,8.2
10.4,8.1,9.1
11.1,10.8,10.4
10.9,11.234,11.1
9.3,10.23,10.9
9.6,8.6,9.3
11.2,9.336,9.6
10.7,10.25,11.2
6.4,9.16,10.7
3.4,5.184,6.4
5.4,3.566,3.4
8.4,7.773,5.4
7.2,7.016,8.4
10.4,8.47,7.2
9.8,9.8,10.4
9.5,9.02,9.8
7.8,8.99,9.5
8.8,7.562,7.8
4.4,9.375,8.8
3.5,3.379,4.4
3.8000002,4.64,3.5
4.1,3.379,3.8
5.1,5.29,4.1
5.9000006,5.28,5.1
9.9,7.637,5.9
9.5,8.984,9.9
9.5,8.445,9.5
10.2,9.86,9.5
11.4,8.91,10.2
11.4,10.94,11.4
10.7,10.39,11.4
8.6,9.76,10.7
9.5,7.973,8.6
10.3,9.23,9.5
8.3,9.47,10.3
9.8,7.902,8.3
9.0,9.53,9.8
9.8,7.797,9.0
11.8,10.266,9.8
11.8,11.34,11.8
9.0,10.445,11.8
7.1,8.28,9.0
5.5,7.105,7.1
5.1,5.61,5.5
5.8,5.7,5.1
8.5,7.4,5.8
7.6,8.09,8.5
8.2,8.19,7.6
10.6,8.89,8.2
10.6,9.625,10.6
9.6,9.74,10.6
9.2,10.01,9.6
9.2,8.64,9.2
8.6,8.62,9.2
10.0,8.86,8.6
8.3,9.88,10.0
8.1,7.758,8.3
7.5,7.477,8.1
9.1,7.92,7.5
9.8,10.76,9.1
10.1,9.28,9.8
10.1,9.93,10.1
10.2,9.484,10.1
8.6,9.97,10.2
9.1,8.21,8.6
9.3,7.984,9.1
11.9,10.81,9.3
12.5,11.766,11.9
13.8,12.04,12.5
12.0,12.984,13.8
11.0,11.07,12.0
13.5,10.76,11.0
12.8,13.3,13.5
12.3,11.945,12.8
12.1,11.73,12.3
10.8,11.15,12.1
11.4,11.59,10.8
10.9,11.33,11.4
11.1,10.75,10.9
11.0,11.43,11.1
10.9,10.61,11.0
9.2,10.516,10.9
6.4,9.555,9.2
6.4,5.67,6.4
5.9000006,7.547,6.4
7.6,6.35,5.9
8.3,8.555,7.6
9.5,8.94,8.3
12.4,10.13,9.5
11.7,12.69,12.4
11.7,10.74,11.7
10.6,11.484,11.7
10.9,9.73,10.6
11.2,11.56,10.9
12.1,11.94,11.2
13.3,12.414,12.1
14.1,13.734,13.3
13.1,13.05,14.1
14.5,12.91,13.1
14.9,13.516,14.5
16.2,14.89,14.9
15.3,13.88,16.2
15.9,14.88,15.3
13.3,14.88,15.9
14.2,12.46,13.3
13.8,14.63,14.2
13.8,13.37,13.8
14.8,13.75,13.8
14.1,14.56,14.8
13.8,14.125,14.1
13.1,13.41,13.8
12.2,12.86,13.1
12.5,12.586,12.2
13.3,13.2,12.5
12.8,14.56,13.3
11.5,11.99,12.8
13.5,12.03,11.5
13.5,14.11,13.5
13.9,13.22,13.5
14.0,14.164,13.9
13.7,14.555,14.0
13.9,13.25,13.7
14.2,15.5,13.9
14.4,14.97,14.2
15.9,13.91,14.4
16.9,17.12,15.9
18.0,16.58,16.9
18.8,18.1,18.0
15.1,17.03,18.8
17.1,15.7,15.1
18.6,17.62,17.1
15.1,18.12,18.6
15.0,15.36,15.1
13.8,15.47,15.0
12.7,14.195,13.8
13.0,13.98,12.7
12.9,13.97,13.0
13.0,13.016,12.9
14.0,14.47,13.0
14.1,14.09,14.0
13.9,14.93,14.1
13.7,14.3,13.9
14.0,14.66,13.7
14.8,14.63,14.0
16.2,15.125,14.8
17.4,16.94,16.2
16.1,17.31,17.4
16.4,15.83,16.1
16.5,16.47,16.4
15.5,16.84,16.5
13.6,14.95,15.5
14.1,14.055,13.6
15.7,15.555,14.1
18.4,16.53,15.7
20.5,19.03,18.4
16.9,19.56,20.5
14.6,16.22,16.9
14.7,15.06,14.6
15.9,15.53,14.7
15.8,16.95,15.9
17.3,15.984,15.8
19.7,18.0,17.3
17.4,18.44,19.7
17.3,17.14,17.4
16.5,17.78,17.3
17.6,16.72,16.5
17.2,18.06,17.6
19.3,17.14,17.2
21.0,19.9,19.3
20.2,19.83,21.0
21.1,19.67,20.2
21.2,21.42,21.1
18.6,20.1,21.2
16.9,18.12,18.6
17.2,17.06,16.9
16.5,17.4,17.2
17.9,17.47,16.5
17.2,18.31,17.9
18.6,17.48,17.2
18.5,19.75,18.6
16.7,17.34,18.5
15.5,16.9,16.7
16.3,15.46,15.5
19.4,17.83,16.3
21.9,20.17,19.4
22.2,21.12,21.9
21.8,20.94,22.2
21.3,20.22,21.8
20.8,21.12,21.3
17.1,20.28,20.8
18.5,17.36,17.1
19.1,18.95,18.5
17.1,19.47,19.1
18.0,17.9,17.1
18.4,18.78,18.0
18.9,18.28,18.4
18.2,19.6,18.9
19.2,18.16,18.2
18.3,19.56,19.2
18.6,18.28,18.3
17.9,18.5,18.6
17.1,17.88,17.9
18.2,17.58,17.1
17.8,18.62,18.2
17.3,18.1,17.8
16.3,17.17,17.3
16.3,16.72,16.3
16.2,16.53,16.3
16.4,16.48,16.2
16.0,16.47,16.4
16.4,16.12,16.0
18.0,16.92,16.4
18.9,18.03,18.0
17.7,18.86,18.9
19.8,17.34,17.7
19.5,20.0,19.8
18.0,17.75,19.5
17.5,17.66,18.0
18.4,17.31,17.5
18.8,17.95,18.4
17.4,18.73,18.8
16.5,17.08,17.4
17.0,16.44,16.5
19.9,17.67,17.0
18.6,19.67,19.9
17.8,17.55,18.6
18.4,17.73,17.8
17.4,18.27,18.4
18.2,17.5,17.4
19.4,18.81,18.2
17.4,19.05,19.4
18.8,17.06,17.4
17.6,19.06,18.8
15.7,17.12,17.6
14.1,15.45,15.7
13.6,14.555,14.1
14.2,12.945,13.6
16.7,16.17,14.2
15.2,16.14,16.7
16.1,15.766,15.2
15.3,15.84,16.1
14.6,14.75,15.3
16.0,15.7,14.6
18.2,16.56,16.0
17.7,17.28,18.2
17.5,16.66,17.7
16.3,16.48,17.5
15.2,15.55,16.3
15.9,16.11,15.2
16.3,15.47,15.9
17.1,16.66,16.3
15.3,15.91,17.1
15.8,14.59,15.3
14.8,15.81,15.8
12.7,14.55,14.8
11.1,12.55,12.7
10.5,10.445,11.1
9.8,11.26,10.5
11.5,10.16,9.8
14.8,13.61,11.5
15.1,14.234,14.8
15.8,14.59,15.1
14.9,14.73,15.8
12.5,13.234,14.9
12.2,11.84,12.5
14.4,13.04,12.2
15.1,14.54,14.4
15.2,14.17,15.1
12.9,13.83,15.2
12.3,12.39,12.9
9.6,11.99,12.3
10.9,10.08,9.6
13.7,11.59,10.9
14.7,13.71,13.7
14.8,13.375,14.7
12.1,13.62,14.8
11.2,11.445,12.1
11.3,11.055,11.2
12.5,11.48,11.3
13.7,13.37,12.5
14.6,11.805,13.7
14.1,14.766,14.6
14.0,13.55,14.1
14.9,13.06,14.0
12.0,13.016,14.9
10.6,10.92,12.0
12.2,10.97,10.6
12.3,12.734,12.2
10.2,11.13,12.3
11.6,9.125,10.2
12.7,11.75,11.6
12.4,11.64,12.7
10.9,10.88,12.4
10.7,11.02,10.9
8.6,9.63,10.7
9.9,8.69,8.6
11.4,9.766,9.9
10.2,11.74,11.4
8.8,8.89,10.2
9.7,8.34,8.8
10.9,10.7,9.7
6.8,9.69,10.9
6.4,7.1,6.8
5.4,6.773,6.4
7.9,5.637,5.4
9.7,9.086,7.9
10.3,8.22,9.7
12.1,10.46,10.3
12.2,10.26,12.1
11.6,11.38,12.2
13.1,11.1,11.6
11.6,11.83,13.1
10.2,9.914,11.6
11.9,10.24,10.2
10.0,12.3,11.9
11.5,8.09,10.0
8.3,11.45,11.5
7.6,6.273,8.3
11.3,7.94,7.6
11.8,11.57,11.3
10.9,9.98,11.8
8.7,9.516,10.9
10.3,8.41,8.7
12.7,10.48,10.3
9.5,10.83,12.7
9.7,8.66,9.5
6.0,9.06,9.7
4.9,5.31,6.0
7.1,5.45,4.9
10.9,8.03,7.1
12.8,11.2,10.9
6.9,11.17,12.8
3.5,5.7,6.9
10.2,5.54,3.5
11.9,9.445,10.2
10.5,9.836,11.9
12.3,10.48,10.5
10.4,10.94,12.3
9.9,8.76,10.4
7.3,9.08,9.9
5.5,7.195,7.3
5.6,5.355,5.5
8.1,6.363,5.6
10.5,8.875,8.1
8.4,8.79,8.6
7.3,7.227,8.4
9.1,8.125,7.3
7.0,8.516,9.1
8.7,5.6,7.0
6.3,8.336,8.7
6.2,5.61,6.3
7.2,5.895,6.2
5.7,7.58,7.2
7.1,5.555,5.7
9.8,8.22,7.1
7.7,9.27,9.8
10.7,8.07,7.7
7.6,10.41,10.7
3.0,5.72,7.6
-0.39999962,3.0,3.0
1.6000004,-0.0703,-0.4
6.2,4.445,1.6
7.5,7.086,6.2
9.0,8.35,7.5
7.4,8.26,9.0
8.2,8.586,7.4
6.9,7.125,8.2
9.6,7.188,6.9
8.4,9.43,9.6
9.6,7.594,8.4
11.4,9.64,9.6
11.8,11.086,11.4
9.9,10.56,11.8
9.0,8.484,9.9
8.7,7.746,9.0
9.5,8.61,8.7
8.9,8.69,9.5
8.9,9.17,8.9
9.2,9.44,8.9
8.3,8.234,9.2
10.0,8.48,8.3
10.5,10.13,10.0
9.7,9.63,10.5
7.6,9.484,9.7
6.3,5.91,7.6
8.2,7.582,6.3
10.7,8.38,8.2
10.3,11.234,10.7
9.5,9.305,10.3
8.3,8.2,9.5
8.6,8.84,8.3
10.1,8.81,8.6
10.3,9.8,10.1
10.6,10.27,10.3
8.7,10.09,10.6
9.4,7.81,8.7
11.4,10.34,9.4
10.9,11.05,11.4
10.2,10.336,10.9
8.4,9.9,10.2
8.6,7.777,8.4
11.4,9.48,8.6
11.6,11.86,11.4
11.0,10.56,11.6
9.6,10.02,11.0
7.4,10.125,9.6
6.8,7.53,7.4
8.8,7.492,6.8
8.1,9.92,8.8
7.8,7.824,8.1
9.1,8.83,7.8
8.8,9.14,9.1
8.2,8.88,8.8
7.7,8.03,8.2
7.9,8.11,7.7
7.8,8.36,7.9
8.0,7.547,7.8
7.1,8.42,8.0
7.4,7.645,7.1
6.3,7.176,7.4
7.7,7.07,6.3
8.5,8.31,7.7
6.8,9.06,8.5
7.3,6.43,6.8
8.1,7.98,7.3
9.7,7.996,8.1
11.4,9.98,9.7
11.3,10.88,11.4
9.4,9.93,11.3
9.4,8.24,9.4
12.3,11.086,9.4
12.5,12.23,12.3
13.8,11.96,12.5
15.7,13.72,13.8
9.8,12.71,15.7
13.4,9.66,9.8
15.5,14.2,13.4
12.4,14.66,15.5
10.6,10.69,12.4
12.5,10.82,10.6
11.3,13.625,12.5
10.3,11.42,11.3
10.0,10.29,10.3
11.0,11.26,10.0
11.9,11.22,11.0
10.6,12.664,11.9
12.5,10.08,10.6
14.0,13.45,12.5
12.8,13.18,14.0
13.0,12.42,12.8
12.0,13.55,13.0
9.8,12.06,12.0
9.6,10.17,9.8
10.9,10.06,9.6
12.5,12.45,10.9
12.0,12.805,12.5
13.0,12.195,12.0
12.8,12.96,13.0
11.7,12.87,12.8
12.3,11.484,11.7
12.2,13.14,12.3
12.3,12.34,12.2
10.5,11.95,12.3
10.9,10.92,10.5
11.3,11.68,10.9
12.6,12.016,11.3
14.8,13.516,12.6
14.2,15.08,14.8
12.8,13.54,14.2
11.9,12.59,12.8
12.9,11.97,11.9
13.2,13.84,12.9
13.2,13.04,13.2
12.4,13.234,13.2
12.3,12.43,12.4
12.2,13.7,12.3
12.7,12.77,12.2
13.0,12.97,12.7
13.4,13.05,13.0
14.1,13.84,13.4
14.4,14.266,14.1
14.3,13.94,14.4
14.2,14.31,14.3
14.9,13.88,14.2
14.9,15.36,14.9
15.8,14.875,14.9
16.7,16.16,15.8
15.8,16.75,16.7
19.2,15.44,15.8
17.1,19.25,19.2
14.3,15.31,17.1
14.9,14.516,14.3
15.3,15.414,14.9
19.0,15.91,15.3
14.7,19.06,19.0
15.8,13.875,14.7
17.9,17.22,15.8
15.7,16.73,17.9
17.1,16.3,15.7
16.2,17.38,17.1
15.4,16.22,16.2
15.4,16.23,15.4
14.8,15.87,15.4
14.4,15.68,14.8
15.2,14.58,14.4
16.0,16.72,15.2
16.9,15.984,16.0
17.0,17.12,16.9
15.9,17.45,17.0
14.9,15.94,15.9
16.6,15.25,14.9
17.2,17.53,16.6
18.1,16.23,17.2
17.6,18.11,18.1
17.1,17.4,17.6
15.6,16.92,17.1
15.6,15.78,15.6
16.6,16.22,15.6
18.5,17.4,16.6
16.7,18.2,18.5
17.5,16.28,16.7
18.3,18.22,17.5
17.5,18.44,18.3
15.3,16.78,17.5
15.5,15.81,15.3
17.7,17.16,15.5
17.7,18.7,17.7
16.9,16.81,17.7
18.7,17.16,16.9
17.6,19.11,18.7
17.7,17.22,17.6
17.4,18.4,17.7
16.6,16.9,17.4
17.7,17.06,16.6
18.8,18.55,17.7
16.6,18.34,18.8
15.3,16.36,16.6
15.4,15.75,15.3
15.4,16.1,15.4
14.3,15.266,15.4
13.8,14.69,14.3
15.9,14.53,13.8
15.8,16.6,15.9
14.7,15.36,15.8
16.0,16.16,14.7
17.0,17.12,16.0
15.7,15.805,17.0
17.0,15.4,15.7
17.8,17.03,17.0
16.6,17.72,17.8
14.8,15.8,16.6
16.3,15.11,14.8
16.6,16.78,16.3
15.8,16.88,16.6
13.6,14.74,15.8
13.4,13.51,13.6
15.7,14.42,13.4
15.6,15.55,15.7
15.0,15.625,15.6
14.8,15.84,15.0
16.0,15.18,14.8
16.2,16.19,16.0
15.1,15.97,16.2
14.7,15.23,15.1
14.2,13.94,14.7
12.7,13.7,14.2
14.0,14.09,12.7
14.3,14.16,14.0
15.2,14.67,14.3
14.1,16.22,15.2
12.5,13.26,14.1
11.7,13.14,12.5
12.0,12.75,11.7
12.4,11.766,12.0
12.0,13.56,12.4
12.0,11.5,12.0
13.3,11.95,12.0
13.0,13.92,13.3
13.1,12.16,13.0
14.9,13.7,13.1
15.2,14.39,14.9
15.7,14.8,15.2
14.8,14.7,15.7
14.5,14.03,14.8
13.5,13.94,14.5
13.7,13.01,13.5
13.4,13.08,13.7
13.7,13.04,13.4
13.2,12.586,13.7
13.3,13.75,13.2
12.5,12.95,13.3
9.2,11.5,12.5
9.3,9.07,9.2
9.5,10.18,9.3
10.4,9.57,9.5
10.5,10.31,10.4
13.4,10.734,10.5
13.7,13.08,13.4
14.5,13.26,13.7
15.6,13.58,14.5
14.7,14.336,15.6
14.9,12.99,14.7
15.7,14.766,14.9
15.3,15.19,15.7
12.0,13.83,15.3
9.7,10.58,12.0
12.9,10.31,9.7
12.8,11.85,12.9
13.7,12.72,12.8
13.7,13.375,13.7
12.7,12.91,13.7
11.4,11.44,12.7
10.8,11.0,11.4
10.2,9.875,10.8
10.0,10.25,10.2
10.1,9.09,10.0
13.0,10.3,10.1
14.7,13.39,13.0
12.9,14.016,14.7
10.6,11.04,12.9
11.4,10.02,10.6
13.9,11.99,11.4
10.7,12.41,13.9
9.6,10.13,10.7
10.4,8.48,9.6
12.3,11.22,10.4
13.1,11.375,12.3
11.6,12.14,13.1
12.1,10.734,11.6
12.2,11.805,12.1
12.7,10.66,12.2
13.7,11.805,12.7
14.3,13.94,13.7
12.1,12.09,14.3
10.1,10.37,12.1
10.8,9.73,10.1
13.6,10.44,10.8
14.0,13.91,13.6
13.9,12.35,14.0
13.6,12.42,13.9
13.3,12.3,13.6
12.0,12.42,13.3
12.1,11.67,12.0
11.7,11.31,12.1
11.0,10.914,11.7
10.3,9.875,11.0
10.6,10.43,10.3
9.2,10.19,10.6
10.8,9.43,9.2
11.3,10.984,10.8
11.0,9.77,11.3
12.1,10.95,11.0
12.0,11.67,12.1
9.2,11.54,12.0
9.7,8.375,9.2
10.7,10.0,9.7
12.0,10.09,10.7
8.6,11.69,12.0
12.2,7.527,8.6
13.5,12.83,12.2
11.7,11.68,13.5
10.8,10.945,11.7
10.8,10.99,10.8
10.0,9.84,10.8
11.1,9.53,10.0
11.2,10.305,11.1
8.9,11.23,11.2
8.0,7.91,8.9
8.3,7.875,8.0
8.8,7.914,8.3
6.3,8.516,8.8
4.3,5.043,6.3
2.5,5.1,4.3
5.0,2.652,2.5
10.5,7.305,5.0
12.6,9.664,10.5
13.2,11.305,12.6
10.7,11.42,13.2
8.3,9.08,10.7
7.4,7.63,8.3
6.0,6.773,7.4
5.8,6.016,6.0
4.1,5.715,5.8
8.3,4.824,4.1
9.9,8.46,8.3
8.2,9.0,9.9
7.9,7.344,8.2
10.1,7.61,7.9
9.5,9.31,10.1
10.4,8.84,9.5
9.9,9.336,10.4
5.2,8.984,9.9
5.4,3.832,5.2
8.3,7.47,5.4
8.6,7.934,8.3
10.3,8.266,8.6
9.1,9.695,10.3
4.4,8.09,9.1
8.1,3.816,4.4
6.1000004,8.95,8.1
9.6,5.402,6.1
10.3,10.27,9.6
7.5,8.28,10.3
8.2,7.25,7.5
12.5,7.86,8.2
7.7,11.336,12.5
9.2,6.0,7.7
10.7,10.04,9.2
10.8,9.66,10.7
9.2,9.68,10.8
11.5,8.35,9.2
10.6,11.48,11.5
8.8,8.92,10.6
10.8,8.56,8.8
11.8,10.49,10.8
10.4,10.66,11.8
9.4,9.53,10.4
10.7,8.81,9.4
9.8,10.43,10.7
9.3,9.016,9.8
9.8,9.5,9.3
10.6,9.41,9.8
9.1,9.984,10.6
9.1,8.766,9.1
10.1,8.7,9.1
10.9,10.79,10.1
9.7,10.07,10.9
7.9,9.7,9.7
8.9,7.24,7.9
11.1,9.445,8.9
10.6,11.05,11.1
6.6,9.336,10.6
7.3,5.72,6.6
7.3,8.73,7.3
11.0,6.906,7.3
8.2,10.74,11.0
5.7,8.02,8.2
7.3,5.277,5.7
10.0,9.1,7.3
7.6,9.48,10.0
6.3,7.812,7.6
5.3,7.227,6.3
6.5,5.62,5.3
7.7,6.883,6.5
6.0,8.164,7.7
5.0,5.055,6.0
4.8,5.062,5.0
7.6,5.52,4.8
11.2,9.2,7.6
10.2,10.14,11.2
8.7,9.08,10.2
8.4,8.195,8.7
7.6,7.797,8.4
6.4,7.83,7.6
8.1,6.055,6.4
10.3,9.3,8.1
8.7,9.68,10.3
8.2,7.87,8.7
6.7,8.375,8.2
6.5,5.613,6.7
8.8,7.89,6.5
10.9,8.99,8.8
9.4,10.266,10.9
10.1,9.33,9.4
10.0,10.28,10.1
8.0,9.9,10.0
8.2,7.547,8.0
6.8,9.84,8.2
7.4,5.785,6.8
9.4,9.195,7.4
10.6,9.72,9.4
8.9,9.336,10.6
9.9,9.31,8.9
10.2,9.76,9.9
10.1,9.61,10.2
10.6,9.95,10.1
10.2,10.43,10.6
9.2,10.0,10.2
7.0,7.99,9.2
8.0,6.5,7.0
10.2,8.36,8.0
9.8,9.5,10.2
9.0,9.06,9.8
9.1,8.92,9.0
9.1,8.51,9.1
9.6,10.164,9.1
10.2,9.305,9.6
8.5,10.945,10.2
5.6,7.477,8.5
5.2,5.348,5.6
7.5,7.023,5.2
6.0,9.67,7.5
8.1,6.24,6.0
8.2,9.055,8.1
8.8,8.7,8.2
9.9,9.664,8.8
9.7,10.24,9.9
11.1,9.516,9.7
12.0,11.83,11.1
11.8,11.68,12.0
14.4,11.44,11.8
14.5,13.984,14.4
17.1,13.52,14.5
17.8,15.95,17.1
18.1,15.3,17.8
18.2,16.69,18.1
16.4,16.78,18.2
11.8,14.34,16.4
11.3,11.25,11.8
11.0,11.13,11.3
10.4,11.4,11.0
7.9,10.13,10.4
8.0,8.49,7.9
8.3,9.16,8.0
10.3,9.76,8.3
12.4,11.45,10.3
10.4,12.54,12.4
9.5,10.21,10.4
9.4,9.89,9.5
10.3,11.25,9.4
11.2,10.875,10.3
14.4,12.75,11.2
15.6,14.375,14.4
13.0,14.72,15.6
13.1,12.9,13.0
13.7,13.17,13.1
15.0,14.17,13.7
14.7,15.63,15.0
13.5,14.28,14.7
12.5,13.53,13.5
12.2,12.6,12.5
12.4,13.336,12.2
13.0,13.14,12.4
13.5,13.44,13.0
12.8,13.78,13.5
13.0,12.84,12.8
13.2,13.91,13.0
13.2,13.78,13.2
12.0,13.09,13.2
11.9,12.695,12.0
12.5,12.77,11.9
12.7,13.41,12.5
12.5,13.17,12.7
11.4,12.04,12.5
12.4,12.43,11.4
13.8,13.48,12.4
13.6,14.42,13.8
13.9,13.81,13.6
14.8,14.67,13.9
15.8,14.5,14.8
15.9,16.36,15.8
14.9,15.766,15.9
15.1,14.65,14.9
14.6,15.22,15.1
14.3,15.11,14.6
14.5,14.875,14.3
16.0,15.32,14.5
16.8,16.66,16.0
18.7,16.48,16.8
21.8,18.72,18.7
20.8,20.22,21.8
17.0,17.95,20.8
15.4,16.89,17.0
14.4,15.875,15.4
14.3,14.555,14.4
15.2,15.516,14.3
15.5,16.47,15.2
15.6,14.99,15.5
18.7,16.34,15.6
21.7,18.97,18.7
18.3,21.11,21.7
17.4,17.19,18.3
16.9,17.25,17.4
17.4,17.58,16.9
17.0,18.23,17.4
17.1,17.22,17.0
17.1,17.67,17.1
16.9,17.05,17.1
17.8,17.28,16.9
19.5,18.66,17.8
19.1,18.66,19.5
17.2,18.72,19.1
15.6,16.97,17.2
15.0,15.59,15.6
19.0,16.47,15.0
22.3,19.88,19.0
18.3,21.48,22.3
18.1,17.3,18.3
18.2,18.28,18.1
18.9,18.28,18.2
17.0,19.28,18.9
19.9,16.4,17.0
20.4,20.19,19.9
18.3,19.27,20.4
19.5,18.42,18.3
20.1,19.5,19.5
17.0,19.84,20.1
15.8,16.73,17.0
16.2,16.2,15.8
15.9,16.69,16.2
15.5,16.67,15.9
20.1,16.53,15.5
19.1,20.42,20.1
18.6,17.84,19.1
16.7,18.28,18.6
16.1,16.27,16.7
16.2,16.28,16.1
18.4,16.92,16.2
19.2,18.16,18.4
19.8,18.8,19.2
18.1,18.45,19.8
18.6,17.73,18.1
19.1,18.6,18.6
17.5,18.03,19.1
17.4,17.88,17.5
18.0,17.12,17.4
18.2,18.44,18.0
17.8,18.11,18.2
16.4,17.77,17.8
14.7,15.72,16.4
15.2,14.695,14.7
15.4,16.02,15.2
14.8,15.625,15.4
16.1,15.69,14.8
15.3,16.66,16.1
14.0,14.266,15.3
14.6,14.91,14.0
13.5,13.984,14.6
15.3,13.875,13.5
15.8,17.33,15.3
15.8,14.766,15.8
14.7,15.22,15.8
14.9,14.69,14.7
13.4,14.16,14.9
13.4,13.91,13.4
13.4,13.08,13.4
13.9,14.62,13.4
14.4,14.28,13.9
13.9,13.69,14.4
13.4,13.19,13.9
14.3,14.35,13.4
14.8,14.09,14.3
13.7,14.81,14.8
14.4,12.734,13.7
14.2,15.0,14.4
13.9,13.41,14.2
13.3,12.75,13.9
12.9,14.42,13.3
15.9,13.51,12.9
14.0,15.484,15.9
10.6,13.41,14.0
10.7,9.695,10.6
15.9,11.58,10.7
15.5,15.945,15.9
14.8,13.98,15.5
16.0,13.95,14.8
15.0,16.19,16.0
12.9,12.98,15.0
15.2,13.27,12.9
16.6,15.33,15.2
18.1,14.766,16.6
15.5,16.25,18.1
14.2,15.016,15.5
15.5,13.58,14.2
14.5,14.56,15.5
15.5,14.19,14.5
15.3,14.81,15.5
14.9,14.86,15.3
15.4,13.5,14.9
16.4,15.66,15.4
13.3,15.12,16.4
12.4,12.16,13.3
12.3,12.11,12.4
12.3,12.06,12.3
11.7,11.68,12.3
12.9,10.82,11.7
16.0,14.234,12.9
13.0,14.83,16.0
16.1,11.61,13.0
12.8,16.0,16.1
13.9,11.22,12.8
13.8,14.54,13.9
12.6,12.41,13.8
11.8,12.125,12.6
10.4,11.266,11.8
10.7,10.52,10.4
11.8,10.59,10.7
9.8,12.02,11.8
4.4,7.953,9.8
5.0,4.44,4.4
8.3,7.36,5.0
11.9,9.94,8.3
10.9,11.375,11.9
9.7,9.31,10.9
12.2,9.12,9.7
10.9,11.66,12.2
10.6,9.55,10.9
11.1,9.89,10.6
11.4,11.66,11.1
10.2,10.086,11.4
6.3,9.15,10.2
3.9,5.844,6.3
4.1,3.734,3.9
8.4,5.555,4.1
12.0,9.39,8.4
10.8,10.65,12.0
10.9,9.2,10.8
11.3,10.47,10.9
8.9,9.88,11.3
7.7,7.574,8.9
9.0,8.445,7.7
8.6,7.84,9.0
8.6,8.41,8.6
9.2,7.984,8.6
10.3,9.04,9.2
13.0,10.11,10.3
12.3,11.84,13.0
10.0,10.69,12.3
4.0,8.02,10.0
0.10000038,3.535,4.0
1.1000004,0.3828,0.1
3.8000002,3.023,1.1
6.4,4.867,3.8
7.8,8.25,6.4
5.3,6.65,7.8
8.0,5.547,5.3
6.7,9.375,8.0
4.6,5.84,6.7
1.7999997,4.57,4.6
5.1,1.8125,1.8
6.4,6.727,5.1
7.4,5.703,6.4
10.7,8.016,7.4
11.4,9.42,10.7
12.7,9.64,11.4
12.1,11.445,12.7
11.1,9.86,12.1
8.4,9.14,11.1
5.4,7.574,8.4
4.2,4.15,5.4
1.3999996,3.566,4.2
0.8999996,1.926,1.4
2.8000002,1.297,0.9
9.3,4.375,2.8
9.8,8.92,9.3
9.6,9.06,9.8
9.6,8.375,9.6
8.5,8.69,9.6
9.6,7.367,8.5
9.3,9.34,9.6
10.6,8.37,9.3
10.1,10.58,10.6
11.7,9.07,10.1
9.8,11.73,11.7
8.3,8.164,9.8
10.1,7.77,8.3
10.5,9.695,10.1
9.9,8.72,10.5
11.2,9.77,9.9
10.8,9.66,11.2
10.1,9.37,10.8
8.1,8.74,10.1
8.6,8.34,8.1
9.8,8.17,8.6
8.2,9.55,9.8
7.4,7.555,8.2
7.1,7.1,7.4
7.2,6.855,7.1
7.0,7.246,7.2
5.3,6.594,7.0
2.3000002,5.527,5.3
1.3999996,2.254,2.3
4.6,1.898,1.4
4.1,5.945,4.6
6.0,4.01,4.1
3.4,6.97,6.0
0.8000002,2.16,3.4
4.5,2.281,0.8
3.8000002,5.594,4.5
2.8000002,3.727,3.8
3.3000002,2.59,2.8
6.4,4.25,3.3
5.6,6.63,6.4
7.0,5.1,5.6
6.8,6.816,7.0
6.2,6.258,6.8
8.5,6.105,6.2
9.5,8.76,8.5
7.0,8.516,9.5
5.6,6.21,7.0
5.1,5.285,5.6
8.7,4.445,5.1
8.7,9.06,8.7
8.2,7.48,8.7
4.4,7.97,8.2
1.1999998,3.473,4.4
1.9999995,1.625,1.2
6.2,2.344,2.0
7.3,7.387,6.2
8.2,7.75,7.3
6.9,7.35,8.2
4.7,5.773,6.9
5.1,4.656,4.7
5.8,5.527,5.1
5.7,5.168,5.8
6.1000004,6.836,5.7
7.5,7.023,6.1
7.6,7.387,7.5
6.6,7.36,7.6
7.2,6.605,6.6
5.9000006,6.742,7.2
4.0,5.418,5.9
2.5,3.121,4.0
6.4,3.672,2.5
8.5,7.75,6.4
6.3,7.453,8.5
6.5,6.965,6.3
5.6,6.008,6.5
5.6,5.375,5.6
6.8,5.605,5.6
7.2,7.992,6.8
6.5,6.04,7.2
8.1,7.04,6.5
8.7,8.22,8.1
8.8,8.8,8.7
9.5,8.91,8.8
10.7,9.234,9.5
13.8,10.164,10.7
15.5,13.54,13.8
12.9,12.9,15.5
10.4,11.4,12.9
4.9,9.266,10.4
3.6999998,3.621,4.9
5.8,5.67,3.7
5.6,6.812,5.8
5.0,5.117,5.6
5.5,5.42,5.0
5.2,5.41,5.5
5.1,5.773,5.2
4.8,5.69,5.1
5.8,4.824,4.8
6.9,6.844,5.8
8.6,7.914,6.9
9.0,7.613,8.6
10.3,9.305,9.0
10.1,10.58,10.3
9.3,8.984,10.1
10.8,9.125,9.3
9.7,10.93,10.8
9.8,8.086,9.7
12.1,11.47,9.8
11.8,11.75,12.1
10.7,10.21,11.8
11.7,10.56,10.7
12.8,12.06,11.7
11.9,11.805,12.8
11.8,12.19,11.9
9.2,11.32,11.8
9.5,8.78,9.2
9.6,10.64,9.5
9.6,9.24,9.6
9.8,9.38,9.6
11.0,9.92,9.8
10.2,11.086,11.0
8.7,9.53,10.2
9.0,9.22,8.7
9.3,9.43,9.0
9.5,9.06,9.3
8.0,9.74,9.5
8.5,7.785,8.0
8.5,9.6,8.5
8.9,8.97,8.5
9.4,10.055,8.9
9.7,10.375,9.4
8.7,10.16,9.7
7.9,9.22,8.7
7.1,8.58,7.9
7.6,7.832,7.1
8.7,8.914,7.6
10.1,9.45,8.7
11.3,11.0,10.1
7.8,11.516,11.3
7.4,7.85,7.8
7.1,8.59,7.4
7.9,7.914,7.1
9.6,9.18,7.9
11.0,11.14,9.6
12.1,11.3,11.0
13.4,12.234,12.1
12.5,13.19,13.4
11.6,12.11,12.5
12.3,11.6,11.6
12.2,14.06,12.3
12.9,11.57,12.2
14.6,13.09,12.9
16.2,14.03,14.6
13.3,14.88,16.2
11.9,12.52,13.3
10.9,11.47,11.9
12.5,11.78,10.9
14.3,13.8,12.5
18.4,14.62,14.3
17.0,18.1,18.4
16.3,16.28,17.0
12.6,14.984,16.3
14.2,12.53,12.6
15.7,15.47,14.2
16.6,16.25,15.7
14.1,15.86,16.6
14.8,13.65,14.1
14.6,15.65,14.8
15.7,13.94,14.6
18.4,16.23,15.7
20.5,18.44,18.4
19.2,19.45,20.5
16.0,18.31,19.2
15.6,15.99,16.0
13.0,15.9,15.6
13.5,13.234,13.0
13.8,14.484,13.5
13.6,14.11,13.8
14.3,14.945,13.6
15.4,15.53,14.3
16.6,16.06,15.4
16.1,16.73,16.6
14.7,15.98,16.1
14.7,15.41,14.7
13.8,14.92,14.7
15.0,14.39,13.8
15.7,15.86,15.0
14.7,15.6,15.7
13.9,15.05,14.7
12.9,14.35,13.9
13.4,13.0,12.9
14.5,15.46,13.4
14.8,14.93,14.5
14.8,16.42,14.8
15.2,14.5,14.8
16.0,15.84,15.2
16.3,16.61,16.0
17.0,16.3,16.3
16.3,16.94,17.0
16.4,16.48,16.3
16.4,15.95,16.4
18.2,16.28,16.4
20.2,18.03,18.2
18.0,19.84,20.2
17.0,15.77,18.0
17.8,18.23,17.0
16.9,16.94,17.8
16.4,16.45,16.9
15.9,16.64,16.4
17.2,15.82,15.9
16.9,18.17,17.2
18.0,16.56,16.9
17.9,19.28,18.0
16.8,16.89,17.9
17.0,17.12,16.8
16.3,16.69,17.0
15.2,16.5,16.3
14.8,14.914,15.2
19.2,16.16,14.8
17.8,19.5,19.2
15.1,18.03,17.8
14.4,14.57,15.1
16.4,15.305,14.4
16.5,17.55,16.4
16.4,17.53,16.5
15.2,16.23,16.4
16.1,15.734,15.2
16.3,16.55,16.1
14.8,15.59,16.3
15.6,14.734,14.8
16.8,16.52,15.6
20.4,16.53,16.8
19.8,19.8,20.4
17.8,20.03,19.8
16.6,17.27,17.8
15.3,16.22,16.6
16.1,15.25,15.3
15.8,17.34,16.1
15.3,15.91,15.8
14.8,15.87,15.3
14.5,14.33,14.8
14.7,14.72,14.5
14.9,14.89,14.7
14.6,14.79,14.9
14.4,14.25,14.6
13.9,14.62,14.4
13.2,13.73,13.9
14.0,14.33,13.2
14.9,14.555,14.0
16.4,15.0,14.9
16.5,17.0,16.4
16.1,14.05,16.5
15.0,16.11,16.1
14.7,14.58,15.0
14.9,14.86,14.7
13.9,15.125,14.9
12.9,12.97,13.9
12.7,13.11,12.9
11.8,13.12,12.7
11.6,11.49,11.8
13.6,12.06,11.6
15.7,14.555,13.6
14.8,15.266,15.7
13.9,14.3,14.8
12.8,13.96,13.9
11.7,12.13,12.8
12.9,11.78,11.7
11.3,13.44,12.9
11.4,10.76,11.3
13.6,13.17,11.4
13.8,13.94,13.6
14.7,12.99,13.8
14.7,15.05,14.7
14.3,12.734,14.7
16.2,14.625,14.3
13.3,15.88,16.2
12.6,12.36,13.3
12.4,12.12,12.6
12.5,11.195,12.4
12.2,13.73,12.5
12.2,11.805,12.2
12.7,11.5,12.2
13.5,12.766,12.7
13.4,12.36,13.5
12.4,12.53,13.4
13.1,11.84,12.4
13.1,12.16,13.1
14.2,12.4,13.1
16.2,13.914,14.2
14.0,15.336,16.2
10.7,12.17,14.0
9.1,9.95,10.7
9.9,8.85,9.1
14.3,11.05,9.9
14.2,14.57,14.3
15.3,12.984,14.2
14.6,14.97,15.3
16.0,13.22,14.6
15.6,14.8,16.0
16.3,14.19,15.6
13.3,15.36,16.3
12.5,11.81,13.3
14.9,13.734,12.5
14.1,14.36,14.9
11.0,12.81,14.1
10.4,10.29,11.0
13.3,10.336,10.4
13.6,13.36,13.3
14.4,12.65,13.6
14.6,13.83,14.4
13.3,13.36,14.6
11.9,13.125,13.3
13.5,10.65,11.9
11.3,13.16,13.5
9.7,9.88,11.3
9.7,9.36,9.7
8.0,10.02,9.7
7.6,8.19,8.0
9.5,8.305,7.6
7.8,9.74,9.5
8.5,7.797,7.8
7.7,8.766,8.5
4.5,5.746,7.7
7.5,5.97,4.5
5.9000006,8.875,7.5
7.8,4.62,5.9
6.9,8.586,7.8
4.6,5.67,6.9
4.5,4.164,4.6
6.4,6.664,4.5
7.7,6.46,6.4
10.5,9.38,7.7
8.1,9.09,10.5
8.2,7.09,8.1
7.9,7.953,8.2
11.8,6.6,7.9
11.4,11.07,11.8
11.3,9.25,11.4
9.9,10.18,11.3
9.4,7.895,9.9
6.1000004,8.414,9.4
5.7,4.81,6.1
7.7,6.18,5.7
8.7,7.75,7.7
6.8,7.797,8.7
6.8,5.914,6.8
5.5,7.062,6.8
3.6999998,4.36,5.5
3.8000002,4.29,3.7
6.6,4.79,3.8
5.1,6.4,6.6
4.7,4.445,5.1
3.9,6.383,4.7
12.4,3.082,3.9
11.2,9.35,12.4
9.5,9.25,11.2
8.8,8.57,9.5
7.7,7.457,8.8
6.8,6.938,7.7
5.9000006,6.195,6.8
2.6999998,5.113,5.9
4.5,2.59,2.7
2.3000002,6.13,4.5
-0.10000038,1.953,2.3
3.1999998,1.879,-0.1
1.1000004,4.016,3.2
2.6,0.8516,1.1
-1.0,3.504,2.6
-3.6000004,-1.5625,-1.0
-2.1000004,-2.797,-3.6
1.7999997,0.1641,-2.1
2.3000002,2.793,1.8
1.6000004,1.777,2.3
-0.39999962,1.133,1.6
-0.6999998,-1.0,-0.4
-2.5,-0.2109,-0.7
0.39999962,-2.43,-2.5
3.1,0.4453,0.4
9.2,4.742,3.1
8.4,8.13,9.2
8.2,6.508,8.4
5.4,6.688,8.2
6.8,5.707,5.4
8.5,6.945,6.8
9.6,8.04,8.5
8.6,7.906,9.6
8.4,7.36,8.6
5.6,7.363,8.4
4.8,5.46,5.6
6.3,4.207,4.8
6.1000004,6.453,6.3
6.3,5.973,6.1
7.5,6.062,6.3
5.7,7.67,7.5
5.4,4.13,5.7
6.3,6.67,5.4
3.4,5.53,6.3
3.5,2.445,3.4
3.4,4.8,3.5
5.9000006,4.668,3.4
6.5,5.93,5.9
5.2,5.758,6.5
9.0,5.992,5.2
9.0,9.07,9.0
10.2,7.594,9.0
10.6,10.01,10.2
8.9,9.09,10.6
9.2,7.98,8.9
9.5,9.44,9.2
9.1,8.69,9.5
10.8,9.28,9.1
7.1,9.56,10.8
9.8,4.406,7.1
7.0,9.555,9.8
9.1,5.5,7.0
9.6,8.75,9.1
8.5,9.98,9.6
9.7,7.418,8.5
9.3,10.484,9.7
10.4,9.04,9.3
10.0,9.85,10.4
10.7,9.055,10.0
10.4,10.086,10.7
11.1,10.25,10.4
9.0,10.07,11.1
9.1,8.02,9.0
9.7,9.445,9.1
10.2,8.79,9.7
10.5,10.555,10.2
10.6,10.06,10.5
9.4,10.914,10.6
9.9,8.76,9.4
9.6,10.34,9.9
10.7,9.61,9.6
9.7,9.99,10.7
10.7,9.07,9.7
12.6,9.375,10.7
12.9,11.875,12.6
10.3,11.56,12.9
8.9,9.55,10.3
10.6,8.875,8.9
11.3,11.22,10.6
8.6,10.086,11.3
8.3,8.39,8.6
9.9,9.07,8.3
8.9,9.68,9.9
7.4,7.887,8.9
7.4,7.414,7.4
8.9,7.562,7.4
10.2,9.195,8.9
9.4,10.86,10.2
9.7,8.67,9.4
11.0,10.19,9.7
11.1,11.28,11.0
8.3,10.04,11.1
6.8,7.527,8.3
7.7,6.816,6.8
8.8,8.06,7.7
8.0,7.945,8.8
8.4,7.4,8.0
9.8,8.58,8.4
8.9,10.99,9.8
10.2,8.375,8.9
10.7,11.445,10.2
9.5,8.984,10.7
11.7,9.09,9.5
14.1,12.11,11.7
11.6,12.52,14.1
8.9,10.016,11.6
7.8,8.93,8.9
7.9,7.574,7.8
8.9,8.42,7.9
9.6,9.055,8.9
8.6,8.79,9.6
8.8,9.87,8.6
8.9,8.8,8.8
8.3,8.73,8.9
7.5,9.05,8.3
5.9000006,7.0,7.5
7.1,6.152,5.9
9.0,8.59,7.1
10.7,9.83,9.0
12.1,11.4,10.7
12.2,12.53,12.1
12.7,11.78,12.2
12.8,12.91,12.7
11.8,12.58,12.8
12.2,11.01,11.8
15.6,12.37,12.2
18.3,15.54,15.6
14.8,17.5,18.3
14.3,13.97,14.8
12.9,13.49,14.3
7.6,11.766,12.9
6.9,7.55,7.6
10.0,9.0,6.9
10.6,10.766,10.0
11.3,11.48,10.6
10.8,11.58,11.3
10.8,11.1,10.8
11.3,11.11,10.8
11.0,11.8,11.3
13.8,11.36,11.0
14.6,14.695,13.8
12.9,13.7,14.6
14.4,12.56,12.9
14.0,14.7,14.4
12.0,13.336,14.0
13.0,12.06,12.0
13.0,13.44,13.0
14.6,13.23,13.0
12.2,14.125,14.6
12.6,11.6,12.2
13.7,13.05,12.6
14.5,13.14,13.7
13.2,14.92,14.5
14.6,13.56,13.2
17.9,15.164,14.6
15.3,17.78,17.9
13.8,14.42,15.3
12.4,13.625,13.8
13.1,13.0,12.4
14.5,14.05,13.1
13.4,14.69,14.5
16.3,13.914,13.4
17.0,17.4,16.3
15.8,16.78,17.0
15.8,15.28,15.8
17.2,15.625,15.8
16.2,17.28,17.2
15.9,16.12,16.2
14.4,15.8,15.9
14.6,14.75,14.4
13.9,15.41,14.6
14.3,14.72,13.9
15.2,15.87,14.3
14.8,15.36,15.2
13.2,15.06,14.8
14.1,13.09,13.2
12.9,15.34,14.1
14.1,13.4,12.9
14.7,15.234,14.1
14.4,15.31,14.7
14.1,14.91,14.4
12.0,14.72,14.1
11.5,12.88,12.0
12.9,12.51,11.5
13.9,13.875,12.9
13.5,14.8,13.9
13.1,13.31,13.5
11.4,13.52,13.1
12.3,12.76,11.4
13.4,13.32,12.3
14.7,14.52,13.4
15.2,14.64,14.7
16.0,15.92,15.2
17.6,16.1,16.0
17.4,17.55,17.6
18.0,16.6,17.4
16.7,17.75,18.0
17.4,16.58,16.7
16.5,17.44,17.4
15.5,15.44,16.5
16.9,16.38,15.5
16.4,17.3,16.9
15.8,16.6,16.4
15.0,15.56,15.8
16.4,15.234,15.0
16.9,17.08,16.4
16.6,16.67,16.9
17.3,16.45,16.6
16.6,17.11,17.3
16.2,16.66,16.6
16.1,17.03,16.2
18.1,16.39,16.1
17.1,18.5,18.1
17.0,16.52,17.1
18.1,16.94,17.0
16.6,18.22,18.1
16.1,16.33,16.6
17.6,16.42,16.1
18.3,18.22,17.6
19.2,17.6,18.3
17.2,18.75,19.2
17.9,17.1,17.2
17.6,18.02,17.9
18.3,17.5,17.6
18.1,18.34,18.3
19.4,17.83,18.1
19.8,19.3,19.4
20.4,19.56,19.8
20.2,20.22,20.4
18.2,18.44,20.2
17.3,17.97,18.2
18.2,17.92,17.3
18.7,18.3,18.2
19.7,18.19,18.7
19.4,19.67,19.7
20.3,19.0,19.4
20.3,19.6,20.3
19.1,20.03,20.3
19.7,19.22,19.1
20.0,19.6,19.7
19.5,19.66,20.0
16.7,18.73,19.5
16.3,16.69,16.7
16.4,17.66,16.3
14.0,15.86,16.4
15.8,14.97,14.0
17.9,17.0,15.8
16.8,18.44,17.9
14.8,15.555,16.8
15.7,15.8,14.8
17.6,16.98,15.7
15.6,17.19,17.6
14.3,14.69,15.6
14.0,14.8,14.3
14.9,14.46,14.0
15.0,15.26,14.9
15.3,14.88,15.0
15.0,14.336,15.3
15.0,16.0,15.0
14.5,15.08,15.0
11.8,13.664,14.5
11.9,12.34,11.8
12.5,12.555,11.9
14.6,12.51,12.5
16.6,14.54,14.6
20.3,17.6,16.6
18.3,17.97,20.3
19.7,17.28,18.3
16.4,18.0,19.7
16.8,15.836,16.4
16.1,15.66,16.8
16.1,15.78,16.1
15.7,15.7,16.1
15.8,15.42,15.7
15.7,15.48,15.8
15.6,14.92,15.7
15.4,14.31,15.6
15.2,14.72,15.4
16.2,15.17,15.2
15.0,15.57,16.2
14.9,14.75,15.0
14.1,14.08,14.9
15.2,13.92,14.1
14.4,15.42,15.2
13.9,13.81,14.4
17.3,13.77,13.9
17.7,17.56,17.3
14.2,16.08,17.7
14.7,12.984,14.2
12.6,15.734,14.7
12.3,12.03,12.6
10.8,11.86,12.3
14.0,12.35,10.8
15.9,14.61,14.0
16.9,15.945,15.9
18.2,14.93,16.9
17.6,17.12,18.2
16.7,16.11,17.6
15.0,15.266,16.7
14.8,14.08,15.0
13.7,14.41,14.8
9.7,12.28,13.7
8.1,9.164,9.7
9.1,9.26,8.1
10.1,9.93,9.1
7.1,9.76,10.1
4.4,7.293,7.1
5.8,6.344,4.4
8.0,7.0,5.8
8.7,8.22,8.0
6.9,8.46,8.7
9.3,7.156,6.9
13.8,10.91,9.3
12.7,13.336,13.8
11.5,11.164,12.7
10.4,10.23,11.5
9.9,10.85,10.4
9.3,9.25,9.9
8.2,8.805,9.3
8.6,7.89,8.2
8.9,8.99,8.6
8.5,7.98,8.9
12.2,8.03,8.5
14.8,13.055,12.2
14.5,12.875,14.8
14.9,12.54,14.5
13.4,13.72,14.9
12.3,11.85,13.4
10.1,10.31,12.3
7.9,8.24,10.1
7.1,7.22,7.9
9.5,6.36,7.1
10.2,10.336,9.5
10.7,9.49,10.2
10.5,9.81,10.7
11.0,9.305,10.5
11.3,10.78,11.0
10.3,9.86,11.3
10.2,9.45,10.3
9.8,9.48,10.2
7.2,9.21,9.8
5.1,6.535,7.2
5.1,5.45,5.1
4.7,5.613,5.1
7.5,4.625,4.7
11.0,9.04,7.5
11.0,10.66,11.0
11.5,9.78,11.0
13.8,11.25,11.5
12.3,12.96,13.8
8.8,10.62,12.3
7.0,7.688,8.8
5.1,6.527,7.0
4.9,5.637,5.1
1.6000004,4.89,4.9
3.1999998,1.672,1.6
10.9,6.543,3.2
9.2,9.96,10.9
10.1,8.93,9.2
8.8,9.14,10.1
9.3,7.594,8.8
11.9,8.625,9.3
12.5,11.42,11.9
11.4,10.23,12.5
9.4,10.41,11.4
8.1,7.727,9.4
7.3,6.973,8.1
9.9,7.25,7.3
10.1,9.86,9.9
7.1,9.74,10.1
8.2,6.227,7.1
9.3,9.766,8.2
10.5,8.38,9.3
8.7,9.97,10.5
8.6,7.258,8.7
10.7,8.13,8.6
9.6,10.93,10.7
12.1,9.48,9.6
11.8,11.38,12.1
12.3,10.02,11.8
12.1,10.73,12.3
11.9,10.43,12.1
10.5,11.4,11.9
8.9,9.016,10.5
10.4,8.08,8.9
8.7,10.055,10.4
7.7,7.047,8.7
8.7,8.516,7.7
8.8,9.125,8.7
4.5,8.27,8.8
4.9,3.562,4.5
4.4,6.297,4.9
2.6999998,3.895,4.4
5.4,4.957,2.7
4.7,6.047,5.4
1.3000002,4.13,4.7
0.39999962,1.078,1.3
-0.6999998,1.633,0.4
1.1000004,-0.02344,-0.7
0.6999998,2.684,1.1
2.1999993,2.29,0.7
3.4,2.527,2.2
3.9,3.324,3.4
4.1,4.08,3.9
4.8,3.219,4.1
7.4,6.406,4.8
6.7,6.516,7.4
8.4,6.098,6.7
7.5,8.22,8.4
7.8,6.664,7.5
7.6,6.36,7.8
8.6,7.547,7.6
10.5,7.984,8.6
10.3,9.41,10.5
9.5,8.59,10.3
12.2,9.37,9.5
9.5,11.21,12.2
8.5,7.86,9.5
8.1,8.33,8.5
11.3,8.68,8.1
12.0,10.234,11.3
9.6,10.57,12.0
7.8,8.43,9.6
9.4,7.65,7.8
8.7,8.97,9.4
7.8,7.785,8.7
8.5,7.383,7.8
9.1,9.28,8.5
7.4,8.57,9.1
7.3,6.812,7.4
9.7,8.46,7.3
12.7,10.01,9.7
10.2,12.45,12.7
9.5,8.805,10.2
10.7,9.36,9.5
11.2,10.4,10.7
9.4,10.62,11.2
8.6,8.68,9.4
9.1,7.97,8.6
8.5,9.75,9.1
8.5,8.445,8.5
9.6,8.75,8.5
8.5,9.67,9.6
8.3,7.906,8.5
8.1,9.16,8.3
8.7,7.63,8.1
8.9,8.64,8.7
7.0,8.68,8.9
7.5,6.58,7.0
9.0,7.42,7.5
8.2,8.79,9.0
7.5,8.016,8.2
7.8,7.168,7.5
9.2,9.11,7.8
10.0,9.15,9.2
11.2,10.18,10.0
13.1,10.81,11.2
13.1,12.24,13.1
10.7,12.84,13.1
10.6,8.73,10.7
11.6,11.2,10.6
10.9,10.25,11.6
10.2,11.26,10.9
10.1,9.8,10.2
9.8,9.53,10.1
8.9,10.305,9.8
8.4,8.125,8.9
7.5,9.02,8.4
6.1000004,6.29,7.5
5.6,7.047,6.1
5.7,6.58,5.6
4.3,6.305,5.7
4.8,4.25,4.3
5.1,6.29,4.8
6.1000004,6.312,5.1
7.5,6.465,6.1
7.6,8.14,7.5
9.1,7.926,7.6
10.0,9.414,9.1
9.8,10.03,10.0
11.2,9.766,9.8
11.8,11.59,11.2
11.3,10.38,11.8
12.1,11.375,11.3
11.5,12.66,12.1
10.0,11.13,11.5
9.2,8.82,10.0
10.1,9.45,9.2
10.1,10.336,10.1
10.6,11.336,10.1
10.1,10.734,10.6
9.8,10.03,10.1
8.3,9.6,9.8
10.1,9.0,8.3
11.3,11.3,10.1
11.6,11.62,11.3
12.6,11.8,11.6
13.6,11.234,12.6
13.0,14.83,13.6
16.8,11.6,13.0
17.1,15.96,16.8
16.0,14.45,17.1
13.1,14.1,16.0
12.6,12.64,13.1
14.0,12.71,12.6
14.3,14.336,14.0
13.2,13.45,14.3
14.6,13.586,13.2
15.0,15.24,14.6
14.5,13.91,15.0
14.6,14.91,14.5
13.6,13.984,14.6
12.8,12.72,13.6
13.5,13.11,12.8
13.4,14.36,13.5
13.0,13.61,13.4
11.6,12.98,13.0
11.0,12.35,11.6
12.1,12.01,11.0
12.3,13.734,12.1
13.5,12.664,12.3
13.0,14.58,13.5
14.6,13.07,13.0
14.3,14.984,14.6
14.0,13.67,14.3
16.8,14.695,14.0
15.6,16.56,16.8
14.5,14.336,15.6
14.9,15.12,14.5
15.2,16.0,14.9
13.9,15.34,15.2
11.5,13.52,13.9
12.7,12.6,11.5
13.9,13.91,12.7
13.3,15.58,13.9
13.5,13.55,13.3
12.8,13.97,13.5
13.8,13.25,12.8
16.5,15.42,13.8
21.3,16.62,16.5
23.4,20.81,21.3
16.0,18.94,23.4
14.5,14.55,16.0
16.0,14.86,14.5
14.8,17.56,16.0
14.3,14.58,14.8
14.9,14.555,14.3
14.7,16.16,14.9
14.7,15.14,14.7
15.0,15.2,14.7
15.3,16.34,15.0
14.9,15.25,15.3
14.4,15.41,14.9
14.9,14.75,14.4
15.0,15.625,14.9
15.1,15.516,15.0
15.3,15.09,15.1
14.7,15.91,15.3
15.0,15.47,14.7
15.2,15.98,15.0
15.4,15.41,15.2
15.6,15.68,15.4
16.0,16.3,15.6
14.4,15.766,16.0
14.7,14.56,14.4
15.1,15.695,14.7
15.6,15.75,15.1
16.0,16.27,15.6
16.0,16.22,16.0
17.3,16.36,16.0
18.0,18.25,17.3
15.3,16.62,18.0
16.9,15.516,15.3
15.9,17.83,16.9
14.8,14.58,15.9
14.6,15.195,14.8
15.4,14.984,14.6
16.0,16.42,15.4
15.9,15.69,16.0
16.5,15.94,15.9
15.4,16.48,16.5
15.0,16.66,15.4
14.8,14.43,15.0
15.8,16.05,14.8
16.4,16.62,15.8
16.2,16.72,16.4
15.8,15.766,16.2
15.3,15.56,15.8
16.8,15.55,15.3
17.3,17.75,16.8
20.2,16.67,17.3
20.0,19.94,20.2
17.8,18.84,20.0
16.2,17.19,17.8
15.2,16.28,16.2
15.7,15.09,15.2
16.1,16.66,15.7
14.5,16.78,16.1
16.4,14.7,14.5
16.4,16.81,16.4
14.8,15.28,16.4
16.2,15.14,14.8
17.7,17.47,16.2
16.5,17.22,17.7
16.9,15.33,16.5
15.6,17.22,16.9
15.4,14.4,15.6
15.8,16.9,15.4
14.8,16.16,15.8
13.4,13.49,14.8
14.5,14.17,13.4
17.7,15.734,14.5
19.5,17.89,17.7
18.5,18.44,19.5
14.9,16.81,18.5
15.6,15.03,14.9
16.5,16.22,15.6
16.9,16.34,16.5
17.2,17.05,16.9
16.5,16.9,17.2
18.0,15.73,16.5
17.4,18.06,18.0
15.8,16.19,17.4
13.4,14.53,15.8
12.1,14.0,13.4
13.0,12.75,12.1
13.2,13.3,13.0
15.7,12.734,13.2
14.3,16.45,15.7
14.0,13.21,14.3
14.6,13.984,14.0
16.0,14.2,14.6
16.2,15.34,16.0
15.9,15.375,16.2
15.3,14.96,15.9
15.7,14.59,15.3
17.0,16.38,15.7
15.5,15.59,17.0
16.3,15.33,15.5
15.7,15.79,16.3
14.6,15.05,15.7
13.1,13.42,14.6
14.4,14.41,13.1
14.8,14.55,14.4
13.3,14.3,14.8
11.7,12.15,13.3
10.6,12.5,11.7
11.2,11.17,10.6
11.5,10.98,11.2
12.0,11.64,11.5
12.0,12.28,12.0
12.8,11.56,12.0
12.8,13.11,12.8
13.2,11.97,12.8
12.6,13.94,13.2
14.6,11.63,12.6
15.3,15.2,14.6
13.8,13.31,15.3
14.6,12.85,13.8
12.5,14.41,14.6
10.6,11.3,12.5
10.2,10.516,10.6
11.9,9.83,10.2
15.3,12.99,11.9
16.0,15.28,15.3
14.0,14.49,16.0
13.8,12.85,14.0
11.7,14.5,13.8
11.0,9.98,11.7
14.3,11.61,11.0
14.5,14.63,14.3
11.6,13.43,14.5
11.6,10.35,11.6
12.7,11.02,11.6
10.1,12.62,12.7
10.4,9.17,10.1
9.3,11.94,10.4
8.0,8.734,9.3
8.5,7.742,8.0
10.9,10.02,8.5
10.8,10.23,10.9
14.8,10.81,10.8
14.3,14.42,14.8
10.4,12.7,14.3
9.0,8.85,10.4
9.9,10.63,9.0
8.6,8.8,9.9
9.0,8.516,8.6
9.4,8.586,9.0
6.6,8.99,9.4
6.0,6.504,6.6
4.1,5.492,6.0
5.2,3.8,4.1
6.8,6.6,5.2
3.6999998,6.883,6.8
3.1999998,3.352,3.7
5.1,4.355,3.2
8.4,5.273,5.1
9.8,9.42,8.4
10.6,8.69,9.8
11.6,9.914,10.6
9.5,10.2,11.6
8.6,9.54,9.5
8.6,8.65,8.6
6.5,7.914,8.6
6.2,6.203,6.5
1.6000004,5.918,6.2
5.3,0.4531,1.6
5.9000006,6.266,5.3
6.8,6.215,5.9
8.9,5.816,6.8
10.8,9.41,8.9
10.7,9.31,10.8
11.0,9.91,10.7
10.8,9.945,11.0
13.7,10.08,10.8
11.5,11.23,13.7
12.5,10.57,11.5
12.0,10.63,12.5
8.7,9.74,12.0
9.6,8.14,8.7
10.0,9.5,9.6
8.9,8.64,10.0
6.8,8.52,8.9
5.2,6.027,6.8
9.0,6.695,5.2
7.9,9.04,9.0
8.0,7.273,7.9
10.9,9.05,8.0
11.2,9.836,10.9
9.1,10.34,11.2
6.2,7.406,9.1
10.0,5.79,6.2
8.7,10.56,10.0
7.7,7.97,8.7
8.1,7.19,7.7
7.5,8.516,8.1
10.8,5.844,7.5
12.6,10.26,10.8
13.6,12.266,12.6
12.7,11.38,13.6
9.2,9.97,12.7
7.9,9.01,9.2
5.8,6.945,7.9
2.6,5.473,5.8
3.9,2.867,2.6
6.7,4.867,3.9
8.8,7.938,6.7
9.0,8.62,8.8
10.4,7.92,9.0
7.6,9.79,10.4
5.5,6.445,7.6
8.3,5.324,5.5
12.4,8.6,8.3
10.5,11.34,12.4
8.0,7.97,10.5
8.6,8.016,8.0
9.4,7.984,8.6
9.7,9.32,9.4
10.6,10.38,9.7
8.6,9.836,10.6
9.3,8.71,8.6
10.8,8.68,9.3
9.9,9.84,10.8
7.1,8.52,9.9
3.6999998,6.18,7.1
5.1,3.504,3.7
8.0,7.72,5.1
7.7,7.477,8.0
10.0,8.83,7.7
9.2,9.6,10.0
9.1,8.5,9.2
7.3,8.586,9.1
7.9,6.945,7.3
4.0,8.04,7.9
4.5,4.16,4.0
4.2,5.125,4.5
4.3,3.676,4.2
5.0,5.492,4.3
6.0,5.15,5.0
8.8,8.12,6.0
8.8,8.195,8.8
8.9,8.05,8.8
9.9,9.12,8.9
11.1,8.99,9.9
10.6,10.77,11.1
10.0,9.56,10.6
8.0,9.21,10.0
8.8,7.453,8.0
9.5,8.5,8.8
7.8,8.62,9.5
9.3,7.617,7.8
8.5,8.96,9.3
9.5,7.727,8.5
11.7,9.8,9.5
11.6,11.28,11.7
8.3,10.22,11.6
6.7,7.457,8.3
5.7,6.42,6.7
5.6,5.47,5.7
5.7,6.613,5.6
7.6,6.105,5.7
7.0,7.117,7.6
7.0,7.117,7.0
9.8,7.664,7.0
10.7,9.68,9.8
9.0,10.02,10.7
7.3,7.914,9.0
7.7,7.08,7.3
7.7,7.26,7.7
8.3,7.29,7.7
7.4,8.47,8.3
8.4,8.016,7.4
7.8,8.086,8.4
9.0,8.234,7.8
9.1,9.37,9.0
9.4,8.97,9.1
9.0,9.61,9.4
8.2,7.867,9.0
7.9,7.97,8.2
8.4,8.31,7.9
8.4,8.0,8.4
11.6,10.484,8.4
11.7,11.586,11.6
14.2,10.54,11.7
12.8,13.31,14.2
11.5,11.54,12.8
13.2,11.25,11.5
13.7,12.83,13.2
12.6,12.36,13.7
12.2,11.94,12.6
10.5,11.1,12.2
10.9,10.29,10.5
10.4,10.64,10.9
10.4,10.94,10.4
10.2,10.43,10.4
10.0,10.39,10.2
8.6,10.09,10.0
5.8,8.88,8.6
6.7,6.203,5.8
5.2,7.688,6.7
7.5,5.953,5.2
7.6,8.55,7.5
8.4,7.656,7.6
11.9,8.96,8.4
11.0,11.98,11.9
11.0,10.57,11.0
10.2,10.53,11.0
10.8,10.03,10.2
11.0,11.45,10.8
11.1,10.39,11.0
11.6,11.695,11.1
11.8,11.56,11.6
10.9,11.91,11.8
12.8,10.89,10.9
12.6,11.94,12.8
13.0,12.375,12.6
13.7,12.33,13.0
13.1,13.17,13.7
13.6,12.59,13.1
14.6,13.11,13.6
13.7,14.33,14.6
13.7,13.1,13.7
15.3,13.52,13.7
13.8,13.91,15.3
13.8,13.8,13.8
13.2,13.24,13.8
12.1,12.97,13.2
12.4,12.48,12.1
12.3,12.94,12.4
12.0,11.93,12.3
11.7,12.164,12.0
13.1,12.69,11.7
12.1,13.06,13.1
12.4,13.05,12.1
13.5,12.81,12.4
12.4,14.14,13.5
12.6,12.52,12.4
13.7,14.11,12.6
12.4,13.92,13.7
13.8,12.15,12.4
15.9,15.03,13.8
16.4,15.41,15.9
16.9,16.73,16.4
13.6,16.1,16.9
15.1,13.07,13.6
15.5,15.75,15.1
14.4,15.32,15.5
14.3,14.75,14.4
13.7,14.72,14.3
11.7,12.97,13.7
13.2,12.81,11.7
11.9,14.06,13.2
12.1,12.89,11.9
13.1,13.15,12.1
13.4,13.77,13.1
13.2,13.94,13.4
12.8,13.33,13.2
13.2,13.03,12.8
13.6,14.24,13.2
14.7,14.266,13.6
15.4,15.03,14.7
14.7,15.625,15.4
15.1,15.055,14.7
15.7,15.41,15.1
14.7,16.73,15.7
13.5,14.15,14.7
13.8,14.39,13.5
14.2,14.41,13.8
16.7,15.09,14.2
19.1,17.34,16.7
16.7,18.42,19.1
14.3,16.9,16.7
15.3,14.08,14.3
15.9,16.33,15.3
15.0,15.94,15.9
17.0,15.56,15.0
19.9,17.81,17.0
17.2,18.33,19.9
17.7,17.34,17.2
16.0,17.67,17.7
16.3,16.06,16.0
17.0,17.25,16.3
18.0,17.0,17.0
18.9,18.84,18.0
17.3,18.05,18.9
17.5,17.31,17.3
17.4,18.22,17.5
17.0,17.11,17.4
16.7,17.1,17.0
16.4,16.86,16.7
15.8,16.47,16.4
16.1,17.03,15.8
15.8,16.1,16.1
18.3,16.64,15.8
17.9,19.19,18.3
15.9,16.36,17.9
14.8,16.17,15.9
15.1,15.23,14.8
16.9,16.27,15.1
19.3,17.12,16.9
18.7,19.27,19.3
18.2,18.1,18.7
17.8,17.66,18.2
18.4,17.78,17.8
16.0,17.95,18.4
16.3,16.53,16.0
17.2,16.78,16.3
17.4,18.06,17.2
18.1,16.56,17.4
17.4,18.58,18.1
18.7,17.69,17.4
17.6,19.28,18.7
18.8,16.72,17.6
17.6,18.64,18.8
17.6,17.56,17.6
16.7,17.38,17.6
15.9,17.08,16.7
16.7,15.7,15.9
17.1,17.06,16.7
16.0,18.02,17.1
15.6,15.59,16.0
15.5,16.3,15.6
15.4,15.74,15.5
15.4,16.23,15.4
15.6,15.19,15.4
14.8,16.05,15.6
17.6,15.2,14.8
19.1,18.38,17.6
17.3,17.62,19.1
19.3,16.97,17.3
19.1,19.53,19.3
17.0,17.48,19.1
16.6,16.89,17.0
16.4,16.25,16.6
17.7,16.28,16.4
15.9,17.72,17.7
15.1,16.12,15.9
15.1,15.19,15.1
17.1,15.73,15.1
16.2,17.34,17.1
16.5,15.56,16.2
17.1,16.69,16.5
15.7,15.836,17.1
17.2,16.67,15.7
19.2,17.56,17.2
15.2,17.38,19.2
19.5,15.2,15.2
18.1,19.66,19.5
15.0,17.56,18.1
13.4,14.734,15.0
13.0,13.97,13.4
13.5,12.375,13.0
16.0,15.44,13.5
14.7,15.3,16.0
15.6,15.234,14.7
14.6,15.37,15.6
14.2,14.055,14.6
15.1,14.41,14.2
17.2,16.0,15.1
16.8,16.31,17.2
17.3,16.28,16.8
15.6,16.0,17.3
14.6,14.36,15.6
14.5,15.125,14.6
15.0,14.26,14.5
15.9,16.03,15.0
14.5,14.336,15.9
14.9,14.16,14.5
13.4,14.74,14.9
12.1,12.94,13.4
11.0,12.2,12.1
9.8,10.34,11.0
10.3,10.89,9.8
11.0,9.56,10.3
14.0,13.29,11.0
14.5,13.91,14.0
15.0,13.89,14.5
12.8,14.086,15.0
11.3,11.32,12.8
11.9,11.945,11.3
13.7,12.33,11.9
14.3,14.27,13.7
13.3,12.83,14.3
12.3,12.7,13.3
11.5,12.2,12.3
9.0,10.8,11.5
10.5,9.69,9.0
12.9,11.12,10.5
13.6,12.6,12.9
13.6,12.555,13.6
10.7,12.41,13.6
11.0,9.28,10.7
11.4,12.18,11.0
12.8,9.516,11.4
14.0,12.97,12.8
14.8,12.5,14.0
13.5,14.28,14.8
13.1,12.555,13.5
14.4,12.94,13.1
11.7,12.56,14.4
10.0,10.305,11.7
10.7,9.984,10.0
11.3,11.03,10.7
10.1,10.38,11.3
11.6,9.73,10.1
12.1,11.414,11.6
11.8,11.33,12.1
11.1,10.72,11.8
10.6,11.17,11.1
9.0,10.055,10.6
9.9,8.38,9.0
11.2,9.336,9.9
9.9,10.63,11.2
9.5,9.34,9.9
9.6,9.13,9.5
10.2,9.36,9.6
8.0,9.44,10.2
7.5,8.07,8.0
4.7,6.85,7.5
7.9,4.516,4.7
9.9,9.336,7.9
10.2,8.67,9.9
11.4,10.375,10.2
10.5,9.805,11.4
11.0,10.016,10.5
12.4,10.62,11.0
11.3,11.39,12.4
10.1,9.88,11.3
11.6,9.49,10.1
9.9,11.1,11.6
10.4,8.68,9.9
8.3,10.44,10.4
7.8,7.33,8.3
10.4,7.07,7.8
10.9,10.664,10.4
9.6,9.0,10.9
7.5,8.86,9.6
9.7,6.836,7.5
12.1,10.03,9.7
8.9,10.64,12.1
8.5,7.633,8.9
6.2,8.26,8.5
6.3,5.844,6.2
7.8,6.5,6.3
10.2,7.695,7.8
12.3,10.625,10.2
6.6,10.8,12.3
2.1999993,5.043,6.6
8.5,3.191,2.2
10.4,8.67,8.5
9.3,8.57,10.4
11.8,9.3,9.3
9.5,10.94,11.8
8.2,7.68,9.5
6.6,7.727,8.2
6.2,7.094,6.6
6.8,5.664,6.2
8.1,7.035,6.8
10.0,8.016,8.1
8.6,8.94,8.7
7.4,7.645,8.6
9.2,8.05,7.4
7.1,8.56,9.2
8.9,5.688,7.1
6.4,8.484,8.9
6.2,5.637,6.4
7.3,5.82,6.2
5.7,7.78,7.3
7.2,5.527,5.7
9.9,8.37,7.2
7.8,9.44,9.9
10.9,8.08,7.8
7.9,10.59,10.9
3.1999998,6.004,7.9
-0.19999981,3.0,3.2
1.6999998,0.125,-0.2
6.2,4.453,1.7
7.6,7.055,6.2
9.1,8.43,7.6
7.5,8.36,9.1
8.3,8.74,7.5
7.1,7.125,8.3
9.8,7.516,7.1
8.5,9.68,9.8
9.8,7.562,8.5
11.5,9.8,9.8
11.9,11.13,11.5
10.1,10.73,11.9
9.2,8.66,10.1
8.8,7.945,9.2
9.7,8.66,8.8
9.1,8.945,9.7
9.1,9.445,9.1
9.4,9.6,9.1
8.5,8.55,9.4
10.1,8.69,8.5
10.8,10.22,10.1
10.0,9.98,10.8
7.8,9.72,10.0
6.4,6.082,7.8
8.3,7.594,6.4
10.9,8.46,8.3
10.5,11.44,10.9
9.7,9.53,10.5
8.5,8.414,9.7
8.7,9.08,8.5
10.2,8.875,8.7
10.4,9.89,10.2
10.7,10.37,10.4
8.9,10.13,10.7
9.8,8.05,8.9
11.8,10.734,9.8
11.1,11.49,11.8
10.4,10.35,11.1
8.5,9.96,10.4
8.7,7.79,8.5
11.6,9.64,8.7
11.7,12.09,11.6
11.2,10.6,11.7
9.7,10.26,11.2
7.6,10.08,9.7
6.9,7.883,7.6
8.9,7.594,6.9
8.2,10.05,8.9
7.9,7.996,8.2
9.2,8.97,7.9
8.9,9.305,9.2
8.4,8.95,8.9
7.9,8.4,8.4
8.1,8.305,7.9
7.9,8.66,8.1
8.2,7.508,7.9
7.3,8.64,8.2
7.5,8.03,7.3
6.3,7.203,7.5
7.8,6.92,6.3
8.6,8.56,7.8
7.0,9.0,8.6
7.4,6.71,7.0
8.3,8.06,7.4
9.8,7.996,8.3
11.4,10.03,9.8
11.5,10.836,11.4
9.5,10.23,11.5
9.5,8.13,9.5
12.5,11.25,9.5
12.7,12.46,12.5
13.7,12.25,12.7
15.6,13.5,13.7
9.9,12.734,15.6
13.4,9.89,9.9
15.6,14.26,13.4
12.5,14.695,15.6
10.7,10.87,12.5
12.7,10.96,10.7
11.4,13.91,12.7
10.4,11.375,11.4
10.0,10.42,10.4
11.1,11.195,10.0
12.0,11.4,11.1
10.8,12.75,12.0
12.6,10.35,10.8
14.0,13.484,12.6
12.9,13.19,14.0
13.0,12.53,12.9
12.1,13.47,13.0
9.9,12.26,12.1
9.7,10.234,9.9
11.1,10.1,9.7
12.6,12.67,11.1
12.2,12.81,12.6
13.1,12.46,12.2
12.8,13.07,13.1
11.8,12.84,12.8
12.4,11.67,11.8
12.3,13.3,12.4
12.4,12.484,12.3
10.6,12.086,12.4
11.0,10.95,10.6
11.5,11.78,11.0
12.8,12.29,11.5
14.9,13.57,12.8
14.4,15.234,14.9
12.8,13.78,14.4
12.1,12.414,12.8
13.0,12.3,12.1
13.4,13.914,13.0
13.5,13.17,13.4
12.6,13.58,13.5
12.5,12.52,12.6
12.4,13.94,12.5
12.9,12.96,12.4
13.1,13.2,12.9
13.4,13.17,13.1
14.1,13.74,13.4
14.6,14.25,14.1
14.6,14.305,14.6
14.4,14.66,14.6
15.1,14.09,14.4
15.0,15.58,15.1
15.9,14.89,15.0
17.0,16.22,15.9
16.0,17.08,17.0
19.2,15.69,16.0
17.2,19.34,19.2
14.4,15.4,17.2
15.2,14.57,14.4
15.5,15.8,15.2
19.1,16.11,15.5
14.9,19.14,19.1
15.9,14.16,14.9
18.1,17.34,15.9
15.9,17.0,18.1
17.2,16.4,15.9
16.3,17.47,17.2
15.5,16.27,16.3
15.5,16.36,15.5
14.9,15.97,15.5
14.6,15.734,14.9
15.5,14.77,14.6
16.3,17.14,15.5
17.0,16.23,16.3
17.2,17.22,17.0
16.2,17.61,17.2
15.1,16.17,16.2
16.8,15.414,15.1
17.3,17.67,16.8
18.2,16.2,17.3
17.7,18.2,18.2
17.2,17.53,17.7
15.7,17.1,17.2
15.7,15.875,15.7
16.8,16.36,15.7
18.6,17.56,16.8
16.9,18.33,18.6
17.7,16.47,16.9
18.5,18.39,17.7
17.7,18.6,18.5
15.6,16.97,17.7
15.7,16.2,15.6
17.7,17.34,15.7
17.8,18.6,17.7
16.9,16.9,17.8
18.9,17.14,16.9
17.7,19.34,18.9
17.8,17.39,17.7
17.4,18.47,17.8
16.7,16.97,17.4
17.7,17.22,16.7
18.9,18.55,17.7
16.7,18.56,18.9
15.5,16.47,16.7
15.5,16.05,15.5
15.5,16.16,15.5
14.4,15.43,15.5
13.9,14.805,14.4
15.9,14.625,13.9
15.8,16.53,15.9
14.8,15.28,15.8
16.2,16.28,14.8
17.1,17.36,16.2
15.8,15.87,17.1
17.2,15.56,15.8
17.9,17.23,17.2
16.7,17.75,17.9
14.9,15.89,16.7
16.4,15.3,14.9
16.8,16.78,16.4
15.9,17.05,16.8
13.6,14.83,15.9
13.4,13.46,13.6
15.7,14.4,13.4
15.7,15.44,15.7
15.1,15.83,15.7
14.9,15.97,15.1
16.2,15.375,14.9
16.4,16.36,16.2
15.2,16.14,16.4
14.8,15.19,15.2
14.3,14.1,14.8
12.9,13.77,14.3
14.1,14.28,12.9
14.4,14.19,14.1
15.3,14.86,14.4
14.3,16.4,15.3
12.6,13.42,14.3
11.9,13.2,12.6
12.2,12.984,11.9
12.5,12.15,12.2
12.2,13.68,12.5
12.2,11.766,12.2
13.6,12.12,12.2
13.2,14.31,13.6
13.2,12.27,13.2
15.0,13.8,13.2
15.4,14.58,15.0
15.8,14.91,15.4
14.9,14.74,15.8
14.6,14.16,14.9
13.7,13.96,14.6
13.8,13.234,13.7
13.7,13.16,13.8
14.0,13.28,13.7
13.5,12.91,14.0
13.5,13.945,13.5
12.6,13.06,13.5
9.4,11.63,12.6
9.4,9.33,9.4
9.6,10.3,9.4
10.5,9.695,9.6
10.7,10.41,10.5
13.5,11.0,10.7
13.8,13.19,13.5
14.5,13.36,13.8
15.5,13.625,14.5
14.7,14.09,15.5
14.9,13.11,14.7
15.7,14.84,14.9
15.4,15.234,15.7
12.4,14.0,15.4
10.0,10.96,12.4
13.0,10.5,10.0
12.9,11.99,13.0
13.8,12.734,12.9
13.9,13.41,13.8
12.9,13.22,13.9
11.5,11.51,12.9
11.0,11.0,11.5
10.3,10.15,11.0
10.1,10.305,10.3
10.1,9.21,10.1
13.1,10.234,10.1
14.8,13.516,13.1
13.0,14.14,14.8
10.7,10.984,13.0
11.5,10.24,10.7
14.0,12.18,11.5
10.8,12.42,14.0
9.7,10.24,10.8
10.5,8.45,9.7
12.4,11.37,10.5
13.3,11.43,12.4
11.7,12.39,13.3
12.3,10.664,11.7
12.4,12.03,12.3
12.8,10.87,12.4
13.9,11.875,12.8
14.5,14.07,13.9
12.2,12.21,14.5
10.2,10.39,12.2
10.9,9.93,10.2
13.8,10.49,10.9
14.2,14.02,13.8
14.0,12.71,14.2
13.7,12.49,14.0
13.4,12.41,13.7
12.1,12.53,13.4
12.2,11.79,12.1
11.8,11.414,12.2
11.1,10.984,11.8
10.4,10.07,11.1
10.8,10.59,10.4
9.4,10.41,10.8
11.0,9.7,9.4
11.5,11.2,11.0
11.3,9.85,11.5
12.1,11.34,11.3
12.1,11.64,12.1
9.3,11.73,12.1
9.8,8.5,9.3
10.7,10.12,9.8
12.2,9.99,10.7
8.7,11.96,12.2
12.3,7.508,8.7
13.6,12.88,12.3
11.8,11.77,13.6
10.9,10.92,11.8
11.0,11.07,10.9
10.1,10.04,11.0
11.2,9.65,10.1
11.3,10.4,11.2
9.0,11.35,11.3
8.1,8.01,9.0
8.4,8.05,8.1
8.9,8.01,8.4
6.4,8.58,8.9
4.4,5.125,6.4
2.6,5.24,4.4
5.1,2.797,2.6
10.6,7.387,5.1
12.7,9.77,10.6
13.3,11.36,12.7
10.9,11.445,13.3
8.5,9.31,10.9
7.6,7.75,8.5
6.1000004,6.953,7.6
6.0,6.18,6.1
4.2,5.973,6.0
8.5,4.92,4.2
10.1,8.664,8.5
8.3,9.17,10.1
8.0,7.445,8.3
10.2,7.69,8.0
9.7,9.46,10.2
10.6,9.016,9.7
10.0,9.5,10.6
5.4,9.1,10.0
5.5,4.113,5.4
8.4,7.62,5.5
8.7,8.07,8.4
10.5,8.35,8.7
9.2,9.84,10.5
4.5,8.17,9.2
8.3,3.926,4.5
6.2,9.125,8.3
9.7,5.605,6.2
10.4,10.445,9.7
7.6,8.336,10.4
8.2,7.273,7.6
12.6,7.84,8.2
7.8,11.35,12.6
9.2,6.11,7.8
10.8,10.086,9.2
11.0,9.63,10.8
9.4,9.97,11.0
11.7,8.625,9.4
10.7,11.71,11.7
8.9,8.92,10.7
11.0,8.73,8.9
11.9,10.734,11.0
10.5,10.8,11.9
9.6,9.59,10.5
10.9,9.11,9.6
10.0,10.5,10.9
9.4,9.22,10.0
10.0,9.54,9.4
10.7,9.59,10.0
9.2,10.12,10.7
9.2,8.914,9.2
10.2,8.74,9.2
11.0,10.91,10.2
9.8,10.1,11.0
8.0,9.805,9.8
8.9,7.477,8.0
11.2,9.44,8.9
10.7,11.18,11.2
6.6,9.44,10.7
7.3,5.633,6.6
7.3,8.71,7.3
11.2,6.754,7.3
8.4,10.86,11.2
5.8,8.25,8.4
7.4,5.242,5.8
10.1,9.195,7.4
7.7,9.516,10.1
6.4,8.06,7.7
5.5,7.344,6.4
6.6,5.773,5.5
8.0,7.04,6.6
6.1000004,8.6,8.0
5.1,5.035,6.1
4.8,5.133,5.1
7.7,5.367,4.8
11.3,9.31,7.7
10.3,10.25,11.3
8.9,9.18,10.3
8.7,8.45,8.9
7.8,8.14,8.7
6.6,7.98,7.8
8.2,6.164,6.6
10.5,9.33,8.2
8.8,9.8,10.5
8.2,7.977,8.8
6.8,8.32,8.2
6.6,5.715,6.8
8.9,7.996,6.6
11.0,9.05,8.9
9.5,10.42,11.0
10.2,9.414,9.5
10.1,10.32,10.2
8.1,9.95,10.1
8.3,7.617,8.1
6.9,9.98,8.3
7.5,5.797,6.9
9.5,9.29,7.5
10.7,9.76,9.5
8.9,9.38,10.7
10.1,9.26,8.9
10.7,9.84,10.1
10.3,10.1,10.7
10.7,9.945,10.3
10.3,10.55,10.7
9.3,9.98,10.3
7.1,8.164,9.3
8.2,6.6,7.1
10.2,8.414,8.2
9.8,9.51,10.2
9.2,9.09,9.8
9.3,9.195,9.2
9.2,8.74,9.3
9.9,10.25,9.2
10.4,9.69,9.9
8.7,11.016,10.4
5.7,7.746,8.7
5.3,5.406,5.7
7.6,7.188,5.3
6.2,9.734,7.6
8.1,6.516,6.2
8.2,9.05,8.1
8.9,8.734,8.2
10.0,9.84,8.9
9.8,10.28,10.0
11.2,9.57,9.8
12.2,11.93,11.2
12.2,12.02,12.2
14.6,11.734,12.2
14.5,14.05,14.6
16.9,13.43,14.5
17.5,15.805,16.9
17.9,15.05,17.5
17.9,16.56,17.9
16.3,16.61,17.9
12.2,14.414,16.3
11.6,11.67,12.2
11.1,11.39,11.6
10.5,11.375,11.1
8.0,10.23,10.5
8.0,8.555,8.0
8.4,9.14,8.0
10.4,9.95,8.4
12.6,11.61,10.4
10.6,12.78,12.6
9.6,10.445,10.6
9.5,9.9,9.6
10.5,11.42,9.5
11.3,11.2,10.5
14.4,12.766,11.3
15.5,14.336,14.4
13.1,14.61,15.5
13.2,13.0,13.1
13.8,13.266,13.2
15.1,14.375,13.8
14.8,15.664,15.1
13.6,14.41,14.8
12.6,13.63,13.6
12.4,12.7,12.6
12.6,13.58,12.4
13.1,13.3,12.6
13.6,13.4,13.1
12.9,13.91,13.6
13.2,12.945,12.9
13.4,14.1,13.2
13.4,14.07,13.4
12.2,13.25,13.4
12.0,12.93,12.2
12.7,12.86,12.0
12.8,13.67,12.7
12.6,13.23,12.8
11.5,12.16,12.6
12.5,12.58,11.5
13.9,13.52,12.5
13.9,14.516,13.9
14.1,14.125,13.9
15.1,14.83,14.1
16.1,14.734,15.1
16.2,16.52,16.1
15.0,15.945,16.2
15.2,14.68,15.0
14.7,15.414,15.2
14.5,15.2,14.7
14.5,15.03,14.5
16.2,15.1,14.5
17.0,17.0,16.2
18.8,16.75,17.0
21.7,18.86,18.8
20.8,20.19,21.7
17.1,18.1,20.8
15.5,17.1,17.1
14.5,15.984,15.5
14.4,14.56,14.5
15.5,15.625,14.4
15.8,16.84,15.5
15.8,15.17,15.8
18.7,16.52,15.8
21.7,18.92,18.7
18.5,21.12,21.7
17.5,17.4,18.5
17.1,17.22,17.5
17.6,17.84,17.1
17.1,18.5,17.6
17.2,17.3,17.1
17.2,17.78,17.2
17.1,17.22,17.2
18.1,17.52,17.1
19.7,18.88,18.1
19.3,18.66,19.7
17.5,18.98,19.3
15.8,17.2,17.5
15.1,15.8,15.8
19.2,16.62,15.1
22.3,20.02,19.2
18.4,21.44,22.3
18.3,17.36,18.4
18.4,18.53,18.3
19.0,18.34,18.4
17.1,19.38,19.0
20.0,16.48,17.1
20.5,20.3,20.0
18.5,19.4,20.5
19.7,18.6,18.5
20.2,19.72,19.7
17.1,19.84,20.2
15.9,16.84,17.1
16.3,16.3,15.9
16.0,16.81,16.3
15.5,16.77,16.0
20.1,16.38,15.5
19.1,20.42,20.1
18.9,17.98,19.1
16.9,18.56,18.9
16.2,16.42,16.9
16.3,16.33,16.2
18.4,17.0,16.3
19.1,18.19,18.4
19.8,18.78,19.1
18.0,18.5,19.8
18.5,17.69,18.0
19.0,18.5,18.5
17.6,17.84,19.0
17.6,18.06,17.6
18.1,17.34,17.6
18.3,18.53,18.1
18.0,18.12,18.3
16.6,17.9,18.0
14.9,15.8,16.6
15.3,14.93,14.9
15.6,16.06,15.3
14.8,16.0,15.6
16.2,15.56,14.8
15.4,16.77,16.2
14.0,14.36,15.4
14.6,14.85,14.0
13.6,14.02,14.6
15.4,14.06,13.6
15.9,17.4,15.4
15.9,14.83,15.9
14.7,15.34,15.9
15.0,14.75,14.7
13.4,14.2,15.0
13.4,14.08,13.4
13.4,13.12,13.4
13.9,14.58,13.4
14.5,14.31,13.9
13.9,13.8,14.5
13.4,13.125,13.9
14.3,14.31,13.4
14.9,14.12,14.3
13.8,14.91,14.9
14.4,12.75,13.8
14.3,14.92,14.4
14.0,13.65,14.3
13.3,12.89,14.0
13.0,14.34,13.3
16.1,13.625,13.0
14.1,15.71,16.1
10.7,13.375,14.1
10.7,9.81,10.7
16.1,11.56,10.7
15.6,16.08,16.1
14.8,14.06,15.6
16.1,13.91,14.8
15.0,16.28,16.1
12.9,12.96,15.0
15.4,13.31,12.9
16.8,15.61,15.4
18.3,14.83,16.8
15.7,16.47,18.3
14.5,15.17,15.7
15.7,13.984,14.5
14.8,14.69,15.7
15.6,14.5,14.8
15.4,14.69,15.6
15.0,14.89,15.4
15.5,13.664,15.0
16.6,15.734,15.5
13.4,15.266,16.6
12.5,12.08,13.4
12.4,12.2,12.5
12.3,12.17,12.4
11.7,11.61,12.3
13.0,10.836,11.7
16.1,14.445,13.0
13.0,14.84,16.1
16.2,11.67,13.0
12.9,16.11,16.2
14.0,11.34,12.9
13.9,14.56,14.0
12.7,12.57,13.9
12.0,12.23,12.7
10.7,11.58,12.0
10.9,10.914,10.7
12.1,10.625,10.9
9.9,12.32,12.1
4.6,7.95,9.9
5.0,4.746,4.6
8.3,7.227,5.0
12.0,9.96,8.3
11.0,11.586,12.0
9.9,9.24,11.0
12.3,9.52,9.9
11.0,11.68,12.3
10.5,9.72,11.0
11.1,9.8,10.5
11.5,11.69,11.1
10.4,10.06,11.5
6.3,9.44,10.4
4.0,5.76,6.3
4.1,3.922,4.0
8.9,5.492,4.1
12.2,9.93,8.9
10.9,10.65,12.2
11.0,9.34,10.9
11.4,10.56,11.0
9.1,9.914,11.4
7.9,7.816,9.1
9.2,8.73,7.9
8.7,8.0,9.2
8.6,8.53,8.7
9.3,7.992,8.6
10.3,9.13,9.3
13.1,10.09,10.3
12.5,11.95,13.1
10.2,10.94,12.5
4.1,8.16,10.2
0.10000038,3.668,4.1
1.1000004,0.4062,0.1
3.9,3.02,1.1
6.5,5.004,3.9
8.0,8.4,6.5
5.4,6.92,8.0
8.2,5.527,5.4
6.8,9.586,8.2
4.8,5.82,6.8
1.8999996,4.9,4.8
5.3,1.805,1.9
6.4,6.777,5.3
7.4,5.61,6.4
10.9,8.08,7.4
11.6,9.664,10.9
12.9,9.89,11.6
12.2,11.6,12.9
11.3,9.92,12.2
8.6,9.33,11.3
5.7,7.707,8.6
4.3,4.49,5.7
1.3999996,3.516,4.3
1.1999998,2.016,1.4
3.0,1.578,1.2
9.4,4.4,3.0
9.9,9.086,9.4
9.8,9.17,9.9
9.7,8.57,9.8
8.8,8.836,9.7
9.7,7.82,8.8
9.5,9.39,9.7
10.7,8.586,9.5
10.3,10.66,10.7
11.7,9.31,10.3
9.9,11.73,11.7
8.4,8.3,9.9
10.3,7.855,8.4
10.7,9.836,10.3
9.9,8.89,10.7
11.4,9.8,9.9
10.9,9.99,11.4
10.1,9.305,10.9
8.3,8.67,10.1
8.7,8.49,8.3
9.9,8.21,8.7
8.3,9.6,9.9
7.4,7.61,8.3
7.1,7.01,7.4
7.4,6.89,7.1
7.1,7.58,7.4
5.4,6.62,7.1
2.5,5.58,5.4
1.6000004,2.543,2.5
4.9,2.098,1.6
4.5,6.13,4.9
6.3,4.555,4.5
3.9,7.254,6.3
1.1000004,2.68,3.9
4.6,2.453,1.1
3.9,5.797,4.6
2.8000002,3.793,3.9
3.4,2.617,2.8
6.6,4.43,3.4
5.8,6.797,6.6
7.0,5.383,5.8
6.8,6.676,7.0
6.2,6.164,6.8
8.5,6.203,6.2
9.7,8.77,8.5
7.1,8.77,9.7
5.8,6.24,7.1
5.3,5.496,5.8
8.8,4.633,5.3
8.9,9.18,8.8
8.3,7.74,8.9
4.5,8.055,8.3
1.3000002,3.543,4.5
2.1999993,1.664,1.3
6.3,2.555,2.2
7.3,7.453,6.3
8.4,7.773,7.3
7.1,7.594,8.4
4.7,5.953,7.1
5.1,4.56,4.7
5.9000006,5.586,5.1
5.9000006,5.336,5.9
6.3,7.01,5.9
7.7,7.33,6.3
7.6,7.613,7.7
6.7,7.29,7.6
7.3,6.83,6.7
6.1000004,6.695,7.3
4.1,5.746,6.1
2.5,3.23,4.1
6.4,3.59,2.5
8.4,7.777,6.4
6.4,7.28,8.4
6.6,7.082,6.4
5.6,6.047,6.6
5.7,5.45,5.6
6.8,5.836,5.7
7.2,7.895,6.8
6.5,6.086,7.2
8.1,7.08,6.5
8.7,8.164,8.1
9.0,8.836,8.7
9.6,9.16,9.0
10.9,9.23,9.6
13.9,10.37,10.9
15.7,13.555,13.9
13.1,13.164,15.7
10.5,11.48,13.1
5.2,9.28,10.5
3.9,3.969,5.2
5.9000006,5.773,3.9
5.6,6.848,5.9
5.1,5.113,5.6
5.6,5.656,5.1
5.2,5.45,5.6
5.2,5.656,5.2
4.9,5.938,5.2
5.9000006,4.926,4.9
7.0,6.887,5.9
8.7,8.01,7.0
9.1,7.71,8.7
10.4,9.305,9.1
10.2,10.69,10.4
9.4,9.016,10.2
11.0,9.18,9.4
10.0,11.164,11.0
10.0,8.516,10.0
12.3,11.65,10.0
11.9,12.06,12.3
10.8,10.086,11.9
11.8,10.69,10.8
12.9,12.234,11.8
12.0,11.89,12.9
11.9,12.22,12.0
9.3,11.51,11.9
9.5,8.78,9.3
9.6,10.69,9.5
9.7,9.12,9.6
9.8,9.54,9.7
11.1,9.79,9.8
10.4,11.234,11.1
8.8,9.85,10.4
9.2,9.24,8.8
9.5,9.75,9.2
9.7,9.195,9.5
8.1,9.87,9.7
8.5,7.816,8.1
8.5,9.625,8.5
9.1,8.93,8.5
9.6,10.33,9.1
10.0,10.484,9.6
8.9,10.53,10.0
8.0,9.28,8.9
7.2,8.74,8.0
7.7,7.918,7.2
8.8,8.98,7.7
10.1,9.625,8.8
11.5,10.99,10.1
8.1,11.734,11.5
7.6,8.21,8.1
7.3,8.84,7.6
8.0,8.125,7.3
9.6,9.23,8.0
11.1,11.16,9.6
12.3,11.55,11.1
13.6,12.47,12.3
12.6,13.34,13.6
11.7,12.05,12.6
12.5,11.75,11.7
12.4,14.26,12.5
13.1,11.75,12.4
15.1,13.36,13.1
16.5,14.47,15.1
13.4,15.08,16.5
12.0,12.484,13.4
11.0,11.61,12.0
12.7,11.93,11.0
14.3,13.96,12.7
18.4,14.55,14.3
17.2,18.12,18.4
16.7,16.7,17.2
12.9,15.33,16.7
14.5,12.89,12.9
16.0,15.83,14.5
17.0,16.5,16.0
14.3,16.17,17.0
14.8,13.86,14.3
14.6,15.516,14.8
15.8,13.97,14.6
18.5,16.42,15.8
20.4,18.44,18.5
19.2,19.34,20.4
16.1,18.44,19.2
15.7,16.05,16.1
13.1,15.91,15.7
13.6,13.37,13.1
14.0,14.69,13.6
13.7,14.36,14.0
14.4,14.97,13.7
15.5,15.64,14.4
16.8,16.11,15.5
16.3,17.0,16.8
15.0,16.02,16.3
14.9,15.83,15.0
13.9,15.016,14.9
15.1,14.56,13.9
15.8,15.97,15.1
14.8,15.72,15.8
14.0,15.26,14.8
12.9,14.484,14.0
13.5,12.95,12.9
14.6,15.586,13.5
14.9,14.96,14.6
14.9,16.56,14.9
15.4,14.59,14.9
16.4,16.11,15.4
16.5,16.9,16.4
17.1,16.38,16.5
16.4,17.06,17.1
16.4,16.7,16.4
16.6,15.86,16.4
18.3,16.56,16.6
20.1,18.0,18.3
18.0,19.75,20.1
16.9,15.93,18.0
17.8,18.11,16.9
17.1,17.03,17.8
16.6,16.62,17.1
16.1,16.83,16.6
17.4,16.0,16.1
17.1,18.38,17.4
18.1,16.72,17.1
18.1,19.27,18.1
17.1,17.23,18.1
17.2,17.39,17.1
16.4,16.88,17.2
15.4,16.53,16.4
14.9,15.266,15.4
19.2,16.22,14.9
17.8,19.53,19.2
15.2,18.06,17.8
14.4,14.766,15.2
16.5,15.32,14.4
16.6,17.66,16.5
16.5,17.62,16.6
15.4,16.4,16.5
16.1,15.95,15.4
16.3,16.44,16.1
14.9,15.62,16.3
15.6,14.86,14.9
16.7,16.53,15.6
20.3,16.4,16.7
19.7,19.72,20.3
17.9,19.94,19.7
16.7,17.44,17.9
15.3,16.25,16.7
16.1,15.22,15.3
15.9,17.28,16.1
15.3,16.12,15.9
14.9,15.79,15.3
14.5,14.53,14.9
14.7,14.66,14.5
15.0,14.97,14.7
14.7,14.875,15.0
14.5,14.41,14.7
14.0,14.72,14.5
13.3,13.76,14.0
14.0,14.45,13.3
14.9,14.51,14.0
16.5,14.97,14.9
16.7,17.03,16.5
16.2,14.34,16.7
15.1,16.23,16.2
14.8,14.61,15.1
15.1,14.87,14.8
14.1,15.33,15.1
12.9,13.22,14.1
12.8,12.97,12.9
11.9,13.33,12.8
11.6,11.51,11.9
13.6,12.14,11.6
15.9,14.55,13.6
14.8,15.54,15.9
14.0,14.12,14.8
12.9,14.22,14.0
11.9,12.26,12.9
13.0,11.94,11.9
11.3,13.47,13.0
11.4,10.734,11.3
13.7,13.15,11.4
13.8,14.06,13.7
14.8,12.984,13.8
14.8,15.16,14.8
14.4,12.914,14.8
16.4,14.73,14.4
13.4,16.06,16.4
12.7,12.49,13.4
12.5,12.2,12.7
12.6,11.29,12.5
12.2,13.83,12.6
12.3,11.74,12.2
12.8,11.695,12.3
13.6,12.77,12.8
13.6,12.47,13.6
12.6,12.766,13.6
13.2,12.055,12.6
13.2,12.234,13.2
14.3,12.52,13.2
16.4,14.016,14.3
14.2,15.58,16.4
10.7,12.375,14.2
9.1,9.91,10.7
9.9,8.8,9.1
14.4,11.05,9.9
14.3,14.69,14.4
15.5,13.04,14.3
14.9,15.14,15.5
16.3,13.68,14.9
15.9,15.06,16.3
16.5,14.17,15.9
13.4,15.45,16.5
12.5,12.04,13.4
15.1,13.695,12.5
14.2,14.61,15.1
11.0,12.65,14.2
10.5,10.33,11.0
13.3,10.45,10.5
13.7,13.3,13.3
14.6,12.71,13.7
14.8,14.125,14.6
13.4,13.555,14.8
12.0,13.11,13.4
13.6,10.85,12.0
11.3,13.29,13.6
9.7,9.93,11.3
9.8,9.28,9.7
8.0,10.21,9.8
7.8,8.18,8.0
9.7,8.59,7.8
7.9,9.85,9.7
8.5,7.91,7.9
7.8,8.625,8.5
4.7,6.086,7.8
7.5,6.082,4.7
5.9000006,8.73,7.5
8.0,4.64,5.9
7.1,8.82,8.0
4.6,5.727,7.1
4.5,4.184,4.6
6.4,6.742,4.5
7.7,6.47,6.4
10.6,9.445,7.7
8.3,9.07,10.6
8.3,7.484,8.3
8.0,8.01,8.3
11.9,6.766,8.0
11.5,11.18,11.9
11.4,9.23,11.5
10.0,10.21,11.4
9.6,8.055,10.0
6.1000004,8.5,9.6
5.7,4.69,6.1
7.9,6.242,5.7
8.9,8.04,7.9
7.0,7.96,8.9
7.2,5.977,7.0
5.9000006,7.465,7.2
4.1,4.613,5.9
4.0,4.723,4.1
6.8,4.766,4.0
5.2,6.715,6.8
4.8,4.434,5.2
4.1,6.492,4.8
12.5,3.238,4.1
11.3,9.516,12.5
9.6,9.4,11.3
8.8,8.69,9.6
7.7,7.42,8.8
6.8,6.867,7.7
6.0,6.21,6.8
2.9,5.156,6.0
4.8,2.746,2.9
2.4,6.406,4.8
0.10000038,1.977,2.4
3.4,2.145,0.1
1.3999996,4.293,3.4
2.6,1.008,1.4
-1.0,3.367,2.6
-3.3999996,-1.492,-1.0
-1.8999996,-2.555,-3.4
1.9999995,0.4922,-1.9
2.5,3.004,2.0
1.6999998,2.008,2.5
-0.19999981,1.219,1.7
-0.39999962,-0.6953,-0.2
-2.3000002,0.0625,-0.4
0.5,-2.352,-2.3
3.3000002,0.578,0.5
9.4,4.96,3.3
8.7,8.27,9.4
8.6,6.727,8.7
5.8,6.953,8.6
7.1,6.027,5.8
8.7,7.21,7.1
9.6,8.2,8.7
8.6,7.88,9.6
8.4,7.285,8.6
5.8,7.34,8.4
5.2,5.797,5.8
6.3,4.75,5.2
6.2,6.44,6.3
6.4,6.156,6.2
7.6,6.117,6.4
5.8,7.863,7.6
5.6,4.17,5.8
6.5,6.84,5.6
3.6,5.707,6.5
3.6,2.637,3.6
3.4,4.86,3.6
6.0,4.62,3.4
6.6,6.04,6.0
5.3,5.81,6.6
9.1,6.164,5.3
9.1,9.23,9.1
10.3,7.668,9.1
10.7,10.07,10.3
9.0,9.2,10.7
9.3,8.08,9.0
9.7,9.5,9.3
9.2,8.99,9.7
10.9,9.4,9.2
7.2,9.71,10.9
10.0,4.453,7.2
7.1,9.64,10.0
9.2,5.61,7.1
9.7,8.836,9.2
8.5,10.11,9.7
9.8,7.367,8.5
9.4,10.55,9.8
10.5,9.14,9.4
10.1,9.93,10.5
10.8,9.17,10.1
10.6,10.05,10.8
11.3,10.5,10.6
9.1,10.3,11.3
9.2,8.12,9.1
9.8,9.59,9.2
10.4,8.89,9.8
10.7,10.81,10.4
10.7,10.28,10.7
9.6,10.94,10.7
10.0,8.99,9.6
9.7,10.44,10.0
10.9,9.75,9.7
9.8,10.234,10.9
10.7,9.125,9.8
12.5,9.32,10.7
12.8,11.8,12.5
10.3,11.45,12.8
9.0,9.6,10.3
10.7,9.016,9.0
11.4,11.35,10.7
8.8,10.086,11.4
8.4,8.68,8.8
10.1,8.96,8.4
9.0,9.92,10.1
7.5,7.72,9.0
7.5,7.53,7.5
9.1,7.61,7.5
10.4,9.54,9.1
9.5,10.92,10.4
9.9,8.8,9.5
11.3,10.44,9.9
11.4,11.664,11.3
8.4,10.26,11.4
6.9,7.504,8.4
7.7,6.812,6.9
8.9,7.98,7.7
8.1,8.16,8.9
8.5,7.43,8.1
10.0,8.72,8.5
9.1,11.164,10.0
10.3,8.555,9.1
10.8,11.55,10.3
9.7,9.09,10.8
11.9,9.35,9.7
14.0,12.06,11.9
11.5,12.48,14.0
8.9,9.89,11.5
7.9,9.06,8.9
8.0,7.71,7.9
9.0,8.45,8.0
9.7,9.15,9.0
8.8,8.89,9.7
9.0,10.11,8.8
9.1,8.97,9.0
8.5,9.03,9.1
7.6,9.33,8.5
6.1000004,6.906,7.6
7.1,6.367,6.1
9.0,8.6,7.1
10.7,9.91,9.0
12.2,11.47,10.7
12.3,12.57,12.2
12.8,11.83,12.3
12.9,12.95,12.8
12.0,12.625,12.9
12.2,11.234,12.0
15.6,12.08,12.2
18.4,15.53,15.6
15.1,17.5,18.4
14.5,14.4,15.1
13.1,13.69,14.5
7.8,11.945,13.1
7.0,7.695,7.8
10.2,9.125,7.0
10.7,10.984,10.2
11.5,11.38,10.7
10.9,11.89,11.5
10.9,11.16,10.9
11.3,11.28,10.9
11.0,11.84,11.3
13.8,11.42,11.0
14.7,14.72,13.8
13.1,13.78,14.7
14.5,12.83,13.1
14.1,14.695,14.5
12.2,13.41,14.1
13.1,12.336,12.2
13.1,13.484,13.1
14.6,13.39,13.1
12.4,14.07,14.6
12.9,11.81,12.4
14.0,13.375,12.9
14.7,13.46,14.0
13.5,15.125,14.7
14.9,13.95,13.5
18.0,15.32,14.9
15.5,17.84,18.0
13.9,14.67,15.5
12.4,13.66,13.9
13.1,13.03,12.4
14.6,14.03,13.1
13.4,14.85,14.6
16.4,13.86,13.4
17.1,17.48,16.4
15.9,16.81,17.1
15.8,15.45,15.9
17.4,15.5,15.8
16.3,17.48,17.4
16.1,16.1,16.3
14.5,16.12,16.1
14.8,14.76,14.5
13.9,15.71,14.8
14.4,14.56,13.9
15.2,15.98,14.4
14.8,15.3,15.2
13.3,15.06,14.8
14.4,13.336,13.3
13.1,15.73,14.4
14.3,13.516,13.1
14.9,15.37,14.3
14.6,15.56,14.9
14.3,15.08,14.6
12.2,14.86,14.3
11.7,13.08,12.2
13.1,12.695,11.7
14.0,14.0,13.1
13.6,14.95,14.0
13.2,13.35,13.6
11.4,13.7,13.2
12.4,12.74,11.4
13.5,13.51,12.4
14.8,14.555,13.5
15.3,14.766,14.8
16.0,16.11,15.3
17.6,16.1,16.0
17.4,17.64,17.6
18.0,16.6,17.4
16.9,17.72,18.0
17.6,16.88,16.9
16.6,17.6,17.6
15.6,15.35,16.6
17.1,16.39,15.6
16.7,17.6,17.1
16.0,16.73,16.7
15.2,15.68,16.0
16.5,15.39,15.2
16.9,17.19,16.5
16.6,16.64,16.9
17.3,16.6,16.6
16.6,17.12,17.3
16.3,16.78,16.6
16.2,17.14,16.3
18.3,16.31,16.2
17.2,18.66,18.3
17.1,16.53,17.2
18.3,17.0,17.1
16.8,18.44,18.3
16.3,16.56,16.8
17.8,16.66,16.3
18.5,18.44,17.8
19.4,17.69,18.5
17.4,19.03,19.4
18.0,17.23,17.4
17.7,18.12,18.0
18.3,17.7,17.7
18.1,18.38,18.3
19.5,17.78,18.1
19.9,19.36,19.5
20.6,19.66,19.9
20.4,20.34,20.6
18.3,18.69,20.4
17.4,18.0,18.3
18.3,18.1,17.4
18.8,18.44,18.3
19.8,18.33,18.8
19.5,19.69,19.8
20.5,19.02,19.5
20.5,19.8,20.5
19.4,20.25,20.5
19.9,19.5,19.4
20.2,19.69,19.9
19.7,19.83,20.2
16.8,18.98,19.7
16.3,16.81,16.8
16.6,17.69,16.3
14.2,16.03,16.6
15.9,15.21,14.2
18.1,17.16,15.9
16.9,18.75,18.1
14.9,15.53,16.9
15.8,16.0,14.9
17.8,17.12,15.8
15.7,17.44,17.8
14.3,14.67,15.7
14.1,14.78,14.3
15.0,14.55,14.1
15.2,15.375,15.0
15.4,15.266,15.2
15.2,14.37,15.4
15.1,16.12,15.2
14.5,15.234,15.1
11.9,13.61,14.5
11.9,12.55,11.9
12.6,12.42,11.9
14.8,12.695,12.6
16.7,14.766,14.8
20.4,17.67,16.7
18.3,18.1,20.4
19.8,17.28,18.3
16.6,18.17,19.8
16.9,15.984,16.6
16.2,15.81,16.9
16.2,15.79,16.2
15.9,15.72,16.2
15.9,15.69,15.9
15.9,15.42,15.9
15.9,15.19,15.9
15.6,14.61,15.9
15.2,14.914,15.6
16.5,15.17,15.2
15.2,16.02,16.5
15.1,14.79,15.2
14.3,14.234,15.1
15.3,14.24,14.3
14.4,15.44,15.3
14.1,13.92,14.4
17.5,14.06,14.1
17.8,17.78,17.5
14.3,16.19,17.8
14.9,12.98,14.3
12.6,15.92,14.9
12.4,11.945,12.6
10.9,11.98,12.4
14.2,12.49,10.9
16.1,14.875,14.2
17.1,16.08,16.1
18.5,15.11,17.1
17.8,17.38,18.5
16.8,16.31,17.8
15.2,15.36,16.8
15.0,14.27,15.2
14.0,14.68,15.0
9.9,12.56,14.0
8.3,9.21,9.9
9.6,9.555,8.3
10.4,10.4,9.6
7.3,9.93,10.4
4.5,7.56,7.3
5.8,6.395,4.5
8.0,7.086,5.8
8.8,8.25,8.0
7.2,8.47,8.8
9.5,7.53,7.2
13.9,11.02,9.5
12.8,13.44,13.9
11.7,11.125,12.8
10.6,10.47,11.7
10.1,11.03,10.6
9.5,9.44,10.1
8.4,9.14,9.5
8.7,8.03,8.4
9.0,9.03,8.7
8.6,8.02,9.0
12.3,7.96,8.6
14.9,13.13,12.3
14.6,12.87,14.9
15.0,12.7,14.6
13.6,13.83,15.0
12.5,11.99,13.6
10.3,10.51,12.5
8.0,8.42,10.3
7.0,7.246,8.0
9.5,6.234,7.0
10.3,10.35,9.5
10.8,9.69,10.3
10.7,9.92,10.8
11.0,9.555,10.7
11.5,10.77,11.0
10.4,10.164,11.5
10.3,9.58,10.4
9.9,9.62,10.3
7.3,9.39,9.9
5.2,6.727,7.3
5.1,5.52,5.2
4.7,5.516,5.1
7.5,4.555,4.7
11.1,9.016,7.5
11.2,10.734,11.1
11.6,9.99,11.2
13.9,11.37,11.6
12.3,13.03,13.9
8.9,10.54,12.3
7.1,7.785,8.9
5.2,6.605,7.1
5.1,5.797,5.2
1.7999997,5.242,5.1
3.4,1.777,1.8
11.1,6.625,3.4
9.3,10.15,11.1
10.2,8.984,9.3
8.9,9.2,10.2
9.5,7.695,8.9
12.0,8.88,9.5
12.6,11.58,12.0
11.5,10.37,12.6
9.5,10.484,11.5
8.2,7.83,9.5
7.3,7.066,8.2
10.0,7.297,7.3
10.3,9.97,10.0
7.2,9.88,10.3
8.2,6.34,7.2
9.5,9.76,8.2
10.7,8.586,9.5
8.9,10.22,10.7
8.8,7.344,8.9
10.7,8.375,8.8
9.6,10.95,10.7
12.2,9.46,9.6
12.0,11.5,12.2
12.6,10.164,12.0
12.3,10.91,12.6
11.9,10.49,12.3
10.6,11.33,11.9
8.9,9.05,10.6
10.5,7.99,8.9
8.8,10.18,10.5
7.8,7.125,8.8
8.9,8.664,7.8
9.0,9.3,8.9
4.7,8.51,9.0
5.0,3.71,4.7
4.6,6.47,5.0
3.1,4.203,4.6
5.5,5.277,3.1
4.9,6.098,5.5
1.5,4.37,4.9
0.8000002,1.352,1.5
-0.3000002,1.949,0.8
1.5,0.3594,-0.3
1.0,2.957,1.5
2.6,2.562,1.0
3.6,2.809,2.6
4.1,3.492,3.6
4.2,4.32,4.1
4.9,3.348,4.2
7.4,6.5,4.9
6.8,6.418,7.4
8.4,6.195,6.8
7.6,8.11,8.4
8.1,6.918,7.6
7.7,6.76,8.1
8.6,7.664,7.7
10.5,7.99,8.6
10.1,9.46,10.5
9.3,8.32,10.1
12.1,9.17,9.3
9.6,11.086,12.1
8.6,8.01,9.6
8.2,8.336,8.6
11.5,8.836,8.2
12.2,10.46,11.5
9.7,10.7,12.2
7.9,8.58,9.7
9.6,7.67,7.9
8.9,9.19,9.6
7.9,7.945,8.9
8.6,7.336,7.9
9.2,9.35,8.6
7.4,8.625,9.2
7.3,6.76,7.4
9.8,8.44,7.3
12.9,10.12,9.8
10.3,12.586,12.9
9.6,8.86,10.3
10.9,9.51,9.6
11.3,10.625,10.9
9.5,10.74,11.3
8.7,8.83,9.5
9.2,8.04,8.7
8.6,9.836,9.2
8.6,8.55,8.6
9.8,8.84,8.6
8.7,9.91,9.8
8.4,8.06,8.7
8.2,9.19,8.4
8.8,7.67,8.2
9.0,8.7,8.8
7.2,8.73,9.0
7.6,6.79,7.2
9.2,7.47,7.6
8.3,9.08,9.2
7.6,7.93,8.3
7.9,7.32,7.6
9.4,9.22,7.9
10.2,9.414,9.4
11.5,10.41,10.2
13.2,10.99,11.5
13.2,12.266,13.2
10.9,13.016,13.2
10.7,8.766,10.9
11.7,11.234,10.7
11.0,10.36,11.7
10.4,11.41,11.0
10.3,10.055,10.4
10.0,9.695,10.3
9.1,10.59,10.0
8.5,8.336,9.1
7.6,9.1,8.5
6.2,6.33,7.6
5.8,7.15,6.2
5.9000006,6.797,5.8
4.4,6.484,5.9
4.8,4.324,4.4
5.2,6.234,4.8
6.3,6.484,5.2
7.7,6.65,6.3
7.8,8.43,7.7
9.2,8.08,7.8
10.1,9.5,9.2
9.8,10.086,10.1
11.3,9.66,9.8
11.9,11.77,11.3
11.4,10.47,11.9
12.3,11.414,11.4
11.5,12.84,12.3
10.1,10.95,11.5
9.3,9.03,10.1
10.2,9.48,9.3
10.2,10.336,10.2
10.7,11.28,10.2
10.3,10.875,10.7
10.0,10.305,10.3
8.4,9.77,10.0
10.2,9.086,8.4
11.5,11.34,10.2
11.8,11.9,11.5
12.7,12.12,11.8
13.8,11.14,12.7
13.3,15.08,13.8
17.0,11.89,13.3
17.1,16.1,17.0
16.0,14.57,17.1
13.3,14.01,16.0
12.7,12.89,13.3
14.1,12.805,12.7
14.3,14.55,14.1
13.3,13.42,14.3
14.6,13.8,13.3
15.0,15.28,14.6
14.5,13.92,15.0
14.6,14.91,14.5
13.7,14.06,14.6
12.9,12.73,13.7
13.6,13.17,12.9
13.5,14.42,13.6
13.1,13.66,13.5
11.7,13.02,13.1
11.1,12.47,11.7
12.2,12.055,11.1
12.4,13.87,12.2
13.6,12.75,12.4
13.0,14.72,13.6
14.7,12.98,13.0
14.4,15.03,14.7
14.2,13.79,14.4
17.0,14.984,14.2
15.8,16.77,17.0
14.6,14.555,15.8
15.1,15.15,14.6
15.3,16.23,15.1
14.0,15.28,15.3
11.6,13.62,14.0
12.9,12.766,11.6
14.0,14.16,12.9
13.4,15.65,14.0
13.5,13.66,13.4
12.9,13.87,13.5
13.9,13.36,12.9
16.7,15.55,13.9
21.4,16.81,16.7
23.8,20.88,21.4
16.3,19.56,23.8
14.7,14.586,16.3
16.3,15.15,14.7
15.0,17.97,16.3
14.4,14.72,15.0
15.0,14.65,14.4
14.8,16.25,15.0
14.9,15.25,14.8
15.2,15.47,14.9
15.4,16.53,15.2
15.0,15.26,15.4
14.6,15.47,15.0
15.1,15.016,14.6
15.1,15.76,15.1
15.4,15.49,15.1
15.5,15.55,15.4
14.9,16.0,15.5
15.3,15.78,14.9
15.5,16.25,15.3
15.7,15.67,15.5
15.9,16.06,15.7
16.3,16.55,15.9
14.5,16.03,16.3
14.8,14.64,14.5
15.2,15.81,14.8
15.9,15.92,15.2
16.2,16.66,15.9
16.2,16.34,16.2
17.6,16.66,16.2
18.2,18.53,17.6
15.4,16.72,18.2
17.0,15.625,15.4
16.1,17.94,17.0
15.0,14.69,16.1
14.7,15.375,15.0
15.5,15.08,14.7
16.2,16.44,15.5
16.2,16.1,16.2
16.7,16.31,16.2
15.5,16.52,16.7
15.1,16.92,15.5
14.9,14.5,15.1
15.9,16.16,14.9
16.6,16.78,15.9
16.3,16.97,16.6
15.9,15.77,16.3
15.4,15.66,15.9
17.0,15.7,15.4
17.5,18.0,17.0
20.4,16.77,17.5
20.3,20.11,20.4
18.2,19.19,20.3
16.4,17.5,18.2
15.5,16.4,16.4
15.9,15.48,15.5
16.3,16.75,15.9
14.8,16.98,16.3
16.7,15.09,14.8
16.5,17.06,16.7
15.0,15.375,16.5
16.4,15.41,15.0
17.9,17.62,16.4
16.7,17.53,17.9
17.2,15.48,16.7
15.8,17.5,17.2
15.7,14.57,15.8
16.0,17.12,15.7
15.0,16.3,16.0
13.5,13.71,15.0
14.6,14.31,13.5
17.8,15.8,14.6
19.8,17.9,17.8
18.6,18.8,19.8
15.0,16.84,18.6
15.7,15.125,15.0
16.6,16.28,15.7
17.0,16.38,16.6
17.3,17.2,17.0
16.6,16.88,17.3
18.1,15.83,16.6
17.6,18.19,18.1
15.9,16.47,17.6
13.5,14.64,15.9
12.3,14.1,13.5
13.1,13.086,12.3
13.2,13.266,13.1
15.8,12.66,13.2
14.4,16.5,15.8
14.2,13.36,14.4
14.7,14.28,14.2
16.0,14.195,14.7
16.3,15.34,16.0
16.0,15.56,16.3
15.4,15.06,16.0
15.8,14.555,15.4
17.2,16.4,15.8
15.6,15.91,17.2
16.5,15.39,15.6
15.9,16.03,16.5
14.7,15.35,15.9
13.3,13.48,14.7
14.5,14.66,13.3
14.9,14.59,14.5
13.4,14.3,14.9
11.8,12.37,13.4
10.7,12.64,11.8
11.3,11.2,10.7
11.6,11.08,11.3
12.1,11.75,11.6
12.2,12.38,12.1
13.0,11.836,12.2
12.9,13.305,13.0
13.4,12.05,12.9
12.8,14.09,13.4
14.8,12.016,12.8
15.5,15.41,14.8
14.1,13.56,15.5
14.8,13.1,14.1
12.6,14.57,14.8
10.6,11.445,12.6
10.2,10.484,10.6
11.9,9.81,10.2
15.5,13.03,11.9
16.2,15.58,15.5
14.1,14.586,16.2
14.0,12.92,14.1
11.8,14.74,14.0
11.1,10.15,11.8
14.5,11.695,11.1
14.6,14.78,14.5
11.8,13.516,14.6
11.7,10.555,11.8
12.9,11.03,11.7
10.2,12.8,12.9
10.6,9.25,10.2
9.5,12.16,10.6
8.1,8.98,9.5
8.5,7.85,8.1
11.0,10.02,8.5
11.0,10.305,11.0
15.0,11.09,11.0
14.4,14.56,15.0
10.5,12.78,14.4
9.1,8.83,10.5
9.9,10.8,9.1
8.7,8.78,9.9
9.1,8.63,8.7
9.5,8.68,9.1
6.7,9.19,9.5
6.1000004,6.47,6.7
4.2,5.664,6.1
5.3,3.89,4.2
6.9,6.695,5.3
3.8000002,6.957,6.9
3.5,3.453,3.8
5.1,4.582,3.5
8.5,5.082,5.1
9.9,9.516,8.5
10.7,8.766,9.9
11.8,9.94,10.7
9.5,10.42,11.8
8.7,9.43,9.5
8.7,8.86,8.7
6.6,7.867,8.7
6.4,6.32,6.6
1.7999997,6.13,6.4
5.4,0.578,1.8
5.9000006,6.316,5.4
6.9,6.24,5.9
9.0,5.92,6.9
10.9,9.54,9.0
10.7,9.41,10.9
11.1,9.82,10.7
11.0,10.14,11.1
13.8,10.29,11.0
11.7,11.24,13.8
12.6,10.9,11.7
12.1,10.71,12.6
8.7,9.85,12.1
10.0,8.03,8.7
10.0,10.03,10.0
8.9,8.39,10.0
6.9,8.47,8.9
5.3,6.195,6.9
9.1,6.75,5.3
8.1,9.164,9.1
8.0,7.54,8.1
11.0,8.93,8.0
11.3,9.86,11.0
9.3,10.43,11.3
6.2,7.598,9.3
10.2,5.668,6.2
8.8,10.7,10.2
7.8,7.96,8.8
8.2,7.266,7.8
7.6,8.63,8.2
11.0,5.875,7.6
12.7,10.41,11.0
13.7,12.336,12.7
12.9,11.36,13.7
9.3,10.336,12.9
8.0,8.984,9.3
5.9000006,7.074,8.0
2.6,5.555,5.9
4.0,2.852,2.6
6.8,5.023,4.0
8.9,8.08,6.8
9.1,8.7,8.9
10.5,8.016,9.1
7.8,9.914,10.5
5.6,6.734,7.8
8.4,5.34,5.6
12.5,8.77,8.4
10.5,11.42,12.5
8.1,7.926,10.5
8.8,8.164,8.1
9.6,8.234,8.8
9.8,9.375,9.6
10.7,10.44,9.8
8.7,9.93,10.7
9.4,8.8,8.7
10.9,8.76,9.4
10.0,9.87,10.9
7.3,8.586,10.0
3.8000002,6.47,7.3
5.2,3.45,3.8
8.2,7.832,5.2
7.9,7.67,8.2
10.2,9.086,7.9
9.4,9.82,10.2
9.3,8.734,9.4
7.3,8.87,9.3
8.0,6.79,7.3
4.1,8.22,8.0
4.6,4.273,4.1
4.3,5.293,4.6
4.4,3.836,4.3
5.1,5.633,4.4
6.1000004,5.2,5.1
9.1,8.25,6.1
8.9,8.48,9.1
9.0,8.05,8.9
10.1,9.2,9.0
11.2,9.25,10.1
10.8,10.83,11.2
10.1,9.83,10.8
8.1,9.21,10.1
8.9,7.633,8.1
9.7,8.59,8.9
8.2,8.914,9.7
9.6,7.957,8.2
8.6,9.125,9.6
9.6,7.812,8.6
11.9,9.89,9.6
11.7,11.445,11.9
8.5,10.23,11.7
6.9,7.766,8.5
5.9000006,6.586,6.9
5.7,5.645,5.9
5.8,6.605,5.7
7.8,6.38,5.8
7.2,7.32,7.8
7.2,7.414,7.2
10.0,7.84,7.2
10.7,9.78,10.0
9.2,9.92,10.7
7.4,8.22,9.2
7.7,7.062,7.4
7.8,7.254,7.7
8.3,7.4,7.8
7.5,8.41,8.3
8.6,8.14,7.5
7.9,8.33,8.6
9.1,8.234,7.9
9.2,9.46,9.1
9.6,8.92,9.2
9.2,9.7,9.6
8.4,8.09,9.2
8.1,8.16,8.4
8.6,8.44,8.1
8.5,8.22,8.6
11.8,10.53,8.5
11.8,11.82,11.8
14.3,10.68,11.8
12.8,13.37,14.3
11.6,11.42,12.8
13.4,11.414,11.6
13.8,13.06,13.4
12.8,12.44,13.8
12.3,12.18,12.8
10.7,11.11,12.3
11.0,10.63,10.7
10.5,10.7,11.0
10.6,11.04,10.5
10.3,10.7,10.6
10.1,10.4,10.3
8.7,10.21,10.1
6.0,9.055,8.7
6.8,6.39,6.0
5.3,7.676,6.8
7.6,6.11,5.3
7.7,8.58,7.6
8.5,7.72,7.7
12.1,9.08,8.5
11.2,12.25,12.1
11.1,10.695,11.2
10.3,10.62,11.1
10.9,10.06,10.3
11.1,11.516,10.9
11.3,10.45,11.1
11.8,11.99,11.3
11.9,11.78,11.8
11.1,11.85,11.9
13.0,11.07,11.1
12.6,12.13,13.0
13.0,12.25,12.6
13.7,12.445,13.0
13.2,13.28,13.7
13.8,12.695,13.2
14.8,13.3,13.8
13.9,14.56,14.8
13.8,13.336,13.9
15.4,13.6,13.8
13.9,14.016,15.4
13.9,13.91,13.9
13.3,13.3,13.9
12.2,13.07,13.3
12.5,12.586,12.2
12.5,13.04,12.5
12.1,12.305,12.5
11.8,12.27,12.1
13.3,12.77,11.8
12.2,13.32,13.3
12.6,13.05,12.2
13.7,13.08,12.6
12.7,14.25,13.7
12.9,12.96,12.7
14.1,14.56,12.9
12.8,14.3,14.1
14.0,12.586,12.8
16.1,15.19,14.0
16.6,15.59,16.1
17.1,17.05,16.6
13.8,16.28,17.1
15.3,13.28,13.8
15.7,15.92,15.3
14.5,15.49,15.7
14.4,14.88,14.5
13.8,14.7,14.4
11.9,13.16,13.8
13.3,13.05,11.9
11.9,14.08,13.3
12.2,12.83,11.9
13.3,13.27,12.2
13.6,14.016,13.3
13.3,14.09,13.6
13.0,13.36,13.3
13.4,13.36,13.0
13.7,14.414,13.4
14.8,14.234,13.7
15.5,15.25,14.8
14.9,15.766,15.5
15.2,15.305,14.9
15.9,15.484,15.2
14.9,16.97,15.9
13.6,14.31,14.9
14.0,14.42,13.6
14.4,14.734,14.0
16.8,15.24,14.4
19.1,17.42,16.8
16.9,18.34,19.1
14.5,17.27,16.9
15.4,14.2,14.5
16.1,16.44,15.4
15.3,16.2,16.1
17.2,15.94,15.3
20.1,17.9,17.2
17.4,18.5,20.1
17.8,17.62,17.4
16.1,17.72,17.8
16.5,16.19,16.1
17.2,17.53,16.5
18.0,17.23,17.2
18.9,18.81,18.0
17.4,18.11,18.9
17.7,17.44,17.4
17.6,18.5,17.7
17.1,17.38,17.6
16.9,17.16,17.1
16.6,17.05,16.9
16.2,16.69,16.6
16.4,17.44,16.2
16.0,16.34,16.4
18.5,16.78,16.0
18.1,19.38,18.5
16.0,16.56,18.1
15.0,16.25,16.0
15.2,15.49,15.0
17.1,16.3,15.2
19.4,17.47,17.1
18.8,19.34,19.4
18.4,18.2,18.8
17.9,17.78,18.4
18.6,17.78,17.9
16.3,18.25,18.6
16.5,16.94,16.3
17.3,16.84,16.5
17.5,18.16,17.3
18.2,16.7,17.5
17.5,18.66,18.2
18.8,17.88,17.5
17.7,19.39,18.8
18.9,16.83,17.7
17.8,18.69,18.9
17.7,17.84,17.8
16.7,17.45,17.7
16.0,16.98,16.7
16.8,15.87,16.0
17.2,17.16,16.8
16.0,18.08,17.2
15.6,15.49,16.0
15.5,16.3,15.6
15.5,15.78,15.5
15.6,16.36,15.5
15.6,15.375,15.6
14.8,15.94,15.6
17.6,15.25,14.8
19.2,18.38,17.6
17.4,17.64,19.2
19.5,17.11,17.4
19.3,19.72,19.5
17.1,17.62,19.3
16.6,16.94,17.1
16.5,16.28,16.6
17.7,16.42,16.5
16.0,17.72,17.7
15.4,16.27,16.0
15.4,15.44,15.4
17.3,15.984,15.4
16.3,17.45,17.3
16.6,15.61,16.3
17.1,16.84,16.6
15.9,15.89,17.1
17.3,16.86,15.9
19.3,17.66,17.3
15.3,17.38,19.3
19.7,15.266,15.3
18.2,19.78,19.7
15.1,17.56,18.2
13.4,14.875,15.1
13.1,13.97,13.4
13.6,12.625,13.1
16.0,15.58,13.6
14.7,15.17,16.0
15.7,15.3,14.7
14.7,15.44,15.7
14.4,14.09,14.7
15.2,14.625,14.4
17.4,16.1,15.2
16.9,16.56,17.4
17.4,16.3,16.9
15.6,16.12,17.4
14.7,14.29,15.6
14.7,15.31,14.7
15.2,14.45,14.7
16.1,16.34,15.2
14.6,14.55,16.1
15.1,14.17,14.6
13.6,15.12,15.1
12.2,13.05,13.6
11.0,12.3,12.2
9.9,10.27,11.0
10.4,11.07,9.9
11.1,9.76,10.4
14.1,13.35,11.1
14.6,14.01,14.1
15.1,13.984,14.6
12.9,14.17,15.1
11.4,11.3,12.9
12.1,11.95,11.4
13.9,12.51,12.1
14.4,14.45,13.9
13.5,12.91,14.4
12.5,12.94,13.5
11.7,12.35,12.5
9.1,10.91,11.7
10.6,9.734,9.1
13.0,11.305,10.6
13.7,12.625,13.0
13.8,12.625,13.7
10.8,12.64,13.8
11.1,9.29,10.8
11.5,12.3,11.1
12.8,9.61,11.5
14.1,12.95,12.8
15.0,12.58,14.1
13.6,14.53,15.0
13.1,12.69,13.6
14.5,12.82,13.1
11.8,12.71,14.5
10.1,10.36,11.8
10.9,10.055,10.1
11.4,11.28,10.9
10.2,10.336,11.4
11.7,9.8,10.2
12.2,11.42,11.7
12.0,11.41,12.2
11.3,10.92,12.0
10.7,11.35,11.3
9.2,10.016,10.7
10.3,8.6,9.2
11.4,9.77,10.3
10.0,10.766,11.4
9.5,9.414,10.0
9.7,9.086,9.5
10.3,9.51,9.7
8.0,9.586,10.3
7.6,8.08,8.0
4.8,6.984,7.6
8.0,4.695,4.8
10.0,9.5,8.0
10.2,8.72,10.0
11.6,10.34,10.2
10.6,10.086,11.6
11.1,10.13,10.6
12.5,10.71,11.1
11.4,11.49,12.5
10.2,9.99,11.4
11.7,9.59,10.2
10.0,11.234,11.7
10.5,8.72,10.0
8.4,10.52,10.5
7.9,7.484,8.4
10.5,7.164,7.9
10.9,10.805,10.5
9.7,8.9,10.9
7.7,8.96,9.7
9.8,7.125,7.7
12.2,10.11,9.8
9.1,10.695,12.2
8.6,7.883,9.1
6.4,8.32,8.6
6.4,6.164,6.4
8.0,6.492,6.4
10.3,7.94,8.0
12.5,10.75,10.3
6.8,10.97,12.5
2.3000002,5.176,6.8
8.7,3.285,2.3
10.5,8.72,8.7
9.3,8.586,10.5
11.9,9.28,9.3
9.7,10.984,11.9
8.4,7.92,9.7
6.8,7.92,8.4
6.3,7.344,6.8
6.9,5.664,6.3
8.2,7.145,6.9
10.2,8.19,8.2
8.7,9.07,8.8
7.6,7.727,8.7
9.4,8.266,7.6
7.3,8.74,9.4
9.1,5.94,7.3
6.5,8.67,9.1
6.2,5.65,6.5
7.3,5.758,6.2
5.7,7.777,7.3
7.2,5.625,5.7
10.1,8.38,7.2
7.9,9.66,10.1
11.1,8.125,7.9
8.2,10.74,11.1
3.5,6.16,8.2
0.0,3.277,3.5
1.6999998,0.2812,0.0
6.3,4.31,1.7
7.7,7.203,6.3
9.2,8.58,7.7
7.6,8.45,9.2
8.5,8.85,7.6
7.2,7.47,8.5
9.9,7.57,7.2
8.6,9.734,9.9
9.9,7.633,8.6
11.6,9.85,9.9
12.0,11.125,11.6
10.2,10.86,12.0
9.3,8.69,10.2
8.9,7.953,9.3
9.9,8.71,8.9
9.2,9.2,9.9
9.2,9.51,9.2
9.5,9.6,9.2
8.6,8.67,9.5
10.2,8.79,8.6
11.2,10.27,10.2
10.3,10.59,11.2
7.9,9.77,10.3
6.5,6.062,7.9
8.4,7.68,6.5
11.1,8.625,8.4
10.6,11.62,11.1
9.8,9.52,10.6
8.6,8.55,9.8
8.9,9.06,8.6
10.4,9.17,8.9
10.6,10.13,10.4
10.9,10.53,10.6
9.1,10.31,10.9
10.2,8.32,9.1
12.2,11.06,10.2
11.4,11.88,12.2
10.7,10.71,11.4
8.7,10.19,10.7
8.8,7.906,8.7
11.8,9.734,8.8
11.9,12.26,11.8
11.4,10.8,11.9
9.9,10.445,11.4
7.8,10.26,9.9
6.9,8.07,7.8
9.0,7.383,6.9
8.3,10.25,9.0
7.9,7.99,8.3
9.3,8.86,7.9
8.9,9.51,9.3
8.5,8.73,8.9
8.1,8.45,8.5
8.2,8.48,8.1
8.1,8.625,8.2
8.4,7.75,8.1
7.4,8.71,8.4
7.6,8.16,7.4
6.4,7.39,7.6
7.9,6.938,6.4
8.8,8.67,7.9
7.2,9.29,8.8
7.5,6.805,7.2
8.5,8.055,7.5
9.9,8.195,8.5
11.5,10.04,9.9
11.7,11.07,11.5
9.6,10.414,11.7
9.5,8.16,9.6
12.7,11.23,9.5
12.8,12.625,12.7
13.7,12.23,12.8
15.5,13.586,13.7
9.9,12.734,15.5
13.4,9.8,9.9
15.7,14.3,13.4
12.6,14.72,15.7
10.7,11.03,12.6
12.9,10.85,10.7
11.6,14.125,12.9
10.4,11.64,11.6
10.1,10.32,10.4
11.1,11.45,10.1
12.1,11.27,11.1
10.9,12.89,12.1
12.8,10.33,10.9
14.0,13.734,12.8
13.0,13.21,14.0
13.0,12.58,13.0
12.1,13.42,13.0
10.0,12.234,12.1
9.9,10.32,10.0
11.3,10.375,9.9
12.8,12.81,11.3
12.4,13.055,12.8
13.1,12.69,12.4
12.8,12.93,13.1
11.9,12.91,12.8
12.5,11.87,11.9
12.3,13.41,12.5
12.5,12.35,12.3
10.8,12.18,12.5
11.1,11.3,10.8
11.7,11.86,11.1
13.1,12.49,11.7
15.0,13.86,13.1
14.5,15.27,15.0
12.9,13.86,14.5
12.2,12.59,12.9
13.2,12.35,12.2
13.7,14.19,13.2
13.7,13.5,13.7
12.8,13.69,13.7
12.7,12.67,12.8
12.6,14.234,12.7
13.0,13.125,12.6
13.2,13.234,13.0
13.6,13.3,13.2
14.2,14.0,13.6
14.7,14.39,14.2
14.9,14.35,14.7
14.5,15.016,14.9
15.3,14.07,14.5
15.1,15.81,15.3
16.0,14.9,15.1
17.3,16.31,16.0
16.1,17.36,17.3
19.2,15.64,16.1
17.4,19.38,19.2
14.6,15.7,17.4
15.4,14.78,14.6
15.7,15.89,15.4
19.3,16.3,15.7
15.1,19.34,19.3
16.1,14.28,15.1
18.3,17.52,16.1
16.2,17.36,18.3
17.4,16.72,16.2
16.5,17.69,17.4
15.6,16.45,16.5
15.5,16.4,15.6
15.1,15.94,15.5
14.7,16.02,15.1
15.7,14.83,14.7
16.6,17.31,15.7
17.1,16.53,16.6
17.4,17.28,17.1
16.5,17.72,17.4
15.3,16.38,16.5
17.1,15.555,15.3
17.5,18.06,17.1
18.4,16.38,17.5
17.8,18.53,18.4
17.3,17.56,17.8
15.9,17.16,17.3
15.8,16.11,15.9
17.0,16.47,15.8
18.6,17.7,17.0
17.1,18.22,18.6
17.9,16.69,17.1
18.8,18.62,17.9
17.9,18.88,18.8
15.8,17.12,17.9
15.8,16.34,15.8
17.8,17.4,15.8
17.9,18.69,17.8
17.0,16.98,17.9
19.1,17.3,17.0
17.7,19.56,19.1
18.0,17.28,17.7
17.5,18.75,18.0
16.7,17.11,17.5
17.7,17.1,16.7
18.9,18.5,17.7
16.7,18.6,18.9
15.6,16.5,16.7
15.6,16.12,15.6
15.5,16.25,15.6
14.4,15.375,15.5
14.0,14.79,14.4
15.9,14.74,14.0
15.9,16.5,15.9
14.9,15.42,15.9
16.5,16.38,14.9
17.3,17.69,16.5
15.9,16.12,17.3
17.3,15.68,15.9
18.0,17.17,17.3
16.8,17.9,18.0
15.0,16.0,16.8
16.6,15.51,15.0
17.1,16.95,16.6
16.0,17.36,17.1
13.6,14.85,16.0
13.5,13.51,13.6
15.8,14.5,13.5
15.8,15.58,15.8
15.2,15.914,15.8
15.0,16.0,15.2
16.3,15.49,15.0
16.6,16.47,16.3
15.4,16.39,16.6
14.9,15.34,15.4
14.4,14.03,14.9
13.2,13.83,14.4
14.3,14.586,13.2
14.4,14.35,14.3
15.3,14.81,14.4
14.4,16.44,15.3
12.8,13.38,14.4
12.1,13.42,12.8
12.3,13.13,12.1
12.5,12.2,12.3
12.3,13.59,12.5
12.3,11.95,12.3
13.8,12.08,12.3
13.3,14.46,13.8
13.2,12.336,13.3
15.1,13.71,13.2
15.6,14.734,15.1
15.9,14.984,15.6
15.0,14.74,15.9
14.7,14.19,15.0
13.9,14.11,14.7
14.0,13.484,13.9
14.1,13.36,14.0
14.4,13.695,14.1
13.8,13.34,14.4
13.7,14.17,13.8
12.8,13.3,13.7
9.5,11.86,12.8
9.5,9.35,9.5
9.7,10.414,9.5
10.7,9.98,9.7
10.9,10.7,10.7
13.7,11.164,10.9
13.9,13.38,13.7
14.5,13.41,13.9
15.5,13.67,14.5
14.7,14.11,15.5
14.8,13.016,14.7
15.7,14.71,14.8
15.6,15.33,15.7
12.8,14.33,15.6
10.3,11.27,12.8
13.2,10.734,10.3
13.0,12.28,13.2
14.0,12.78,13.0
14.0,13.59,14.0
13.1,13.2,14.0
11.7,11.78,13.1
11.2,11.19,11.7
10.5,10.336,11.2
10.2,10.54,10.5
10.1,9.3,10.2
13.2,10.3,10.1
15.0,13.625,13.2
13.2,14.49,15.0
10.7,10.99,13.2
11.5,10.23,10.7
14.1,12.14,11.5
11.0,12.45,14.1
9.8,10.51,11.0
10.6,8.47,9.8
12.6,11.47,10.6
13.4,11.69,12.6
11.9,12.375,13.4
12.5,10.98,11.9
12.6,12.266,12.5
13.0,11.13,12.6
14.2,12.02,13.0
14.8,14.4,14.2
12.4,12.57,14.8
10.2,10.55,12.4
11.1,9.81,10.2
14.0,10.78,11.1
14.4,14.164,14.0
14.1,12.94,14.4
13.9,12.53,14.1
13.6,12.68,13.9
12.2,12.78,13.6
12.3,11.766,12.2
11.9,11.5,12.3
11.2,11.05,11.9
10.6,10.22,11.2
11.0,10.84,10.6
9.6,10.57,11.0
11.2,9.92,9.6
11.8,11.38,11.2
11.6,10.2,11.8
12.2,11.66,11.6
12.2,11.86,12.2
9.3,11.875,12.2
9.9,8.42,9.3
10.8,10.2,9.9
12.3,10.125,10.8
8.8,12.016,12.3
12.4,7.65,8.8
13.7,13.016,12.4
11.9,11.875,13.7
11.0,10.97,11.9
11.2,11.24,11.0
10.2,10.164,11.2
11.4,9.73,10.2
11.4,10.64,11.4
9.0,11.39,11.4
8.1,7.9,9.0
8.4,8.0,8.1
9.1,8.03,8.4
6.6,8.805,9.1
4.5,5.176,6.6
2.6999998,5.332,4.5
5.2,2.945,2.7
10.7,7.445,5.2
12.9,9.836,10.7
13.5,11.555,12.9
11.1,11.664,13.5
8.7,9.45,11.1
7.9,7.934,8.7
6.2,7.25,7.9
6.1000004,6.28,6.2
4.3,6.047,6.1
8.7,5.07,4.3
10.3,8.87,8.7
8.4,9.26,10.3
8.0,7.633,8.4
10.4,7.58,8.0
9.8,9.65,10.4
10.8,9.06,9.8
10.1,9.71,10.8
5.5,9.17,10.1
5.6,4.1,5.5
8.5,7.734,5.6
8.8,8.17,8.5
10.7,8.44,8.8
9.4,9.97,10.7
4.6,8.37,9.4
8.5,3.973,4.6
6.3,9.3,8.5
9.8,5.79,6.3
10.6,10.64,9.8
7.8,8.58,10.6
8.3,7.438,7.8
12.7,7.984,8.3
7.9,11.47,12.7
9.3,6.207,7.9
11.0,10.21,9.3
11.2,9.75,11.0
9.6,10.19,11.2
12.0,8.79,9.6
10.9,12.02,12.0
9.0,9.06,10.9
11.1,8.75,9.0
12.0,10.8,11.1
10.6,10.88,12.0
9.8,9.69,10.6
11.0,9.32,9.8
10.1,10.32,11.0
9.5,9.33,10.1
10.1,9.65,9.5
10.9,9.65,10.1
9.3,10.375,10.9
9.4,9.02,9.3
10.4,8.914,9.4
11.2,11.2,10.4
9.9,10.26,11.2
8.0,10.0,9.9
9.0,7.344,8.0
11.3,9.52,9.0
10.8,11.234,11.3
6.7,9.44,10.8
7.4,5.797,6.7
7.4,8.84,7.4
11.4,6.812,7.4
8.6,10.96,11.4
5.9000006,8.47,8.6
7.5,5.375,5.9
10.2,9.29,7.5
7.7,9.56,10.2
6.6,8.016,7.7
5.7,7.77,6.6
6.7,5.76,5.7
8.2,7.08,6.7
6.2,8.67,8.2
5.3,5.242,6.2
4.9,5.387,5.3
7.7,5.418,4.9
11.4,9.35,7.7
10.4,10.37,11.4
9.1,9.28,10.4
9.0,8.72,9.1
8.0,8.36,9.0
6.8,8.164,8.0
8.4,6.36,6.8
10.7,9.586,8.4
8.9,9.84,10.7
8.3,8.03,8.9
7.0,8.56,8.3
6.7,6.02,7.0
8.9,8.07,6.7
11.0,8.875,8.9
9.7,10.43,11.0
10.3,9.63,9.7
10.3,10.34,10.3
8.2,10.22,10.3
8.4,7.65,8.2
7.1,10.1,8.4
7.6,6.0,7.1
9.6,9.4,7.6
10.8,9.914,9.6
9.0,9.46,10.8
10.4,9.43,9.0
11.2,10.17,10.4
10.6,10.53,11.2
10.9,10.09,10.6
10.5,10.875,10.9
9.5,10.195,10.5
7.3,8.38,9.5
8.5,6.875,7.3
10.3,8.64,8.5
9.9,9.69,10.3
9.3,9.16,9.9
9.4,9.164,9.3
9.3,8.734,9.4
10.2,10.305,9.3
10.7,10.14,10.2
8.9,11.26,10.7
5.9000006,7.887,8.9
5.3,5.65,5.9
7.7,7.164,5.3
6.4,9.734,7.7
8.1,6.734,6.4
8.3,8.92,8.1
9.0,8.96,8.3
10.1,9.93,9.0
10.0,10.305,10.1
11.3,9.88,10.0
12.5,12.06,11.3
12.5,12.57,12.5
14.8,11.71,12.5
14.5,14.16,14.8
16.7,13.375,14.5
17.2,15.56,16.7
17.6,14.875,17.2
17.6,16.28,17.6
16.2,16.5,17.6
12.5,14.47,16.2
11.9,12.0,12.5
11.3,11.69,11.9
10.7,11.53,11.3
8.1,10.484,10.7
8.1,8.56,8.1
8.4,9.26,8.1
10.4,10.01,8.4
12.8,11.625,10.4
10.8,13.0,12.8
9.7,10.7,10.8
9.5,9.89,9.7
10.6,11.45,9.5
11.4,11.27,10.6
14.4,12.87,11.4
15.5,14.234,14.4
13.2,14.6,15.5
13.2,13.07,13.2
13.9,13.2,13.2
15.3,14.55,13.9
14.9,15.89,15.3
13.6,14.39,14.9
12.7,13.59,13.6
12.5,12.89,12.7
12.8,13.555,12.5
13.3,13.52,12.8
13.8,13.69,13.3
13.1,14.125,13.8
13.3,13.23,13.1
13.5,14.06,13.3
13.6,14.2,13.5
12.4,13.52,13.6
12.1,13.11,12.4
12.8,12.89,12.1
13.0,13.71,12.8
12.7,13.64,13.0
11.6,12.24,12.7
12.7,12.62,11.6
14.1,13.77,12.7
14.2,14.84,14.1
14.3,14.36,14.2
15.5,14.94,14.3
16.6,15.2,15.5
16.5,16.92,16.6
15.1,16.16,16.5
15.2,14.75,15.1
14.9,15.33,15.2
14.8,15.55,14.9
14.6,15.36,14.8
16.3,15.086,14.6
17.1,17.11,16.3
18.8,16.75,17.1
21.6,18.78,18.8
20.8,20.22,21.6
17.2,18.19,20.8
15.7,17.25,17.2
14.7,16.22,15.7
14.6,14.78,14.7
15.7,15.81,14.6
16.2,16.98,15.7
16.0,15.58,16.2
18.7,16.69,16.0
21.7,18.9,18.7
18.8,21.16,21.7
17.7,17.8,18.8
17.3,17.4,17.7
17.7,18.08,17.3
17.2,18.6,17.7
17.3,17.36,17.2
17.3,17.9,17.3
17.3,17.3,17.3
18.5,17.77,17.3
20.0,19.25,18.5
19.5,18.78,20.0
17.9,19.27,19.5
16.0,17.62,17.9
15.3,15.836,16.0
19.5,16.98,15.3
22.4,20.27,19.5
18.6,21.55,22.4
18.5,17.67,18.6
18.7,18.72,18.5
19.1,18.61,18.7
17.3,19.44,19.1
20.1,16.75,17.3
20.6,20.44,20.1
18.7,19.5,20.6
19.9,18.84,18.7
20.4,19.88,19.9
17.3,20.03,20.4
16.0,17.12,17.3
16.5,16.38,16.0
16.1,17.06,16.5
15.6,16.83,16.1
20.0,16.48,15.6
19.1,20.39,20.0
19.1,18.17,19.1
17.1,18.66,19.1
16.3,16.62,17.1
16.4,16.42,16.3
18.4,17.14,16.4
19.1,18.19,18.4
19.7,18.88,19.1
17.9,18.3,19.7
18.5,17.67,17.9
19.0,18.58,18.5
17.7,17.84,19.0
17.7,18.31,17.7
18.2,17.36,17.7
18.4,18.58,18.2
18.1,18.22,18.4
16.7,17.84,18.1
15.0,15.97,16.7
15.4,14.91,15.0
15.7,16.17,15.4
14.9,16.05,15.7
16.2,15.766,14.9
15.5,16.67,16.2
13.9,14.53,15.5
14.6,14.55,13.9
13.7,14.11,14.6
15.6,14.25,13.7
16.1,17.55,15.6
15.9,15.01,16.1
14.7,15.17,15.9
15.1,14.88,14.7
13.3,14.266,15.1
13.4,14.0,13.3
13.3,13.11,13.4
14.0,14.45,13.3
14.6,14.59,14.0
13.9,13.79,14.6
13.5,13.14,13.9
14.4,14.42,13.5
15.0,14.266,14.4
14.0,14.92,15.0
14.5,13.04,14.0
14.4,15.086,14.5
14.1,13.71,14.4
13.3,12.945,14.1
13.1,14.305,13.3
16.3,13.77,13.1
14.2,15.91,16.3
10.8,13.445,14.2
10.8,9.945,10.8
16.3,11.71,10.8
15.7,16.22,16.3
14.9,14.305,15.7
16.2,13.97,14.9
15.1,16.36,16.2
12.9,13.2,15.1
15.5,13.3,12.9
17.1,15.7,15.5
18.6,15.3,17.1
15.9,16.72,18.6
14.8,15.21,15.9
15.9,14.28,14.8
15.2,14.85,15.9
15.8,14.95,15.2
15.6,14.75,15.8
15.1,14.984,15.6
15.7,13.84,15.1
16.8,15.94,15.7
13.6,15.39,16.8
12.7,12.375,13.6
12.5,12.375,12.7
12.4,12.3,12.5
11.7,11.664,12.4
13.1,10.9,11.7
16.2,14.6,13.1
13.0,14.74,16.2
16.3,11.79,13.0
13.0,16.22,16.3
14.2,11.46,13.0
14.0,14.8,14.2
12.9,12.61,14.0
12.1,12.49,12.9
11.0,11.484,12.1
11.2,11.35,11.0
12.3,10.87,11.2
10.1,12.42,12.3
4.7,8.32,10.1
5.1,4.723,4.7
8.3,7.39,5.1
12.1,9.98,8.3
11.2,11.734,12.1
10.0,9.516,11.2
12.4,9.59,10.0
11.0,11.71,12.4
10.4,9.61,11.0
11.1,9.71,10.4
11.6,11.766,11.1
10.6,10.06,11.6
6.4,9.7,10.6
4.1,5.906,6.4
4.2,4.043,4.1
9.5,5.62,4.2
12.3,10.52,9.5
11.0,10.4,12.3
11.1,9.55,11.0
11.5,10.695,11.1
9.3,9.98,11.5
8.1,8.04,9.3
9.4,8.86,8.1
8.7,8.17,9.4
8.7,8.48,8.7
9.4,8.27,8.7
10.3,9.19,9.4
13.3,10.17,10.3
12.6,12.125,13.3
10.4,11.0,12.6
4.2,8.5,10.4
0.0,3.754,4.2
1.1999998,0.2266,0.0
4.0,3.184,1.2
6.6,5.07,4.0
8.1,8.53,6.6
5.5,6.938,8.1
8.4,5.605,5.5
7.0,9.74,8.4
4.9,5.984,7.0
1.9999995,4.88,4.9
5.5,1.914,2.0
6.4,6.89,5.5
7.5,5.55,6.4
11.0,8.3,7.5
11.7,9.734,11.0
13.0,9.88,11.7
12.4,11.65,13.0
11.5,10.17,12.4
8.9,9.44,11.5
6.0,8.03,8.9
4.4,4.816,6.0
1.3999996,3.543,4.4
1.5,2.145,1.4
3.3000002,1.793,1.5
9.6,4.508,3.3
10.0,9.36,9.6
10.0,9.26,10.0
9.8,8.805,10.0
9.0,8.91,9.8
9.8,8.05,9.0
9.7,9.35,9.8
10.9,8.88,9.7
10.5,10.875,10.9
11.8,9.45,10.5
10.1,11.805,11.8
8.6,8.516,10.1
10.5,8.0,8.6
10.9,10.04,10.5
10.0,9.016,10.9
11.5,10.0,10.0
11.1,10.016,11.5
10.1,9.61,11.1
8.5,8.61,10.1
9.0,8.6,8.5
10.1,8.63,9.0
8.5,9.79,10.1
7.5,7.848,8.5
7.1,7.086,7.5
7.5,6.977,7.1
7.3,7.69,7.5
5.6,6.78,7.3
2.8000002,5.81,5.6
1.8999996,2.895,2.8
5.3,2.398,1.9
4.8,6.47,5.3
6.6,4.793,4.8
4.4,7.49,6.6
1.3999996,3.137,4.4
4.7,2.598,1.4
4.1,5.996,4.7
2.8000002,4.08,4.1
3.6,2.547,2.8
6.8,4.83,3.6
6.0,7.06,6.8
7.0,5.51,6.0
6.9,6.625,7.0
6.3,6.312,6.9
8.5,6.414,6.3
9.8,8.875,8.5
7.2,8.89,9.8
5.9000006,6.336,7.2
5.4,5.484,5.9
9.0,4.67,5.4
9.0,9.3,9.0
8.4,7.824,9.0
4.7,8.07,8.4
1.3999996,3.887,4.7
2.4,1.625,1.4
6.4,2.816,2.4
7.4,7.52,6.4
8.6,7.934,7.4
7.3,7.727,8.6
4.7,6.16,7.3
5.1,4.56,4.7
5.9000006,5.61,5.1
6.1000004,5.406,5.9
6.4,7.18,6.1
7.8,7.348,6.4
7.7,7.656,7.8
6.8,7.406,7.7
7.5,6.875,6.8
6.2,6.977,7.5
4.2,5.676,6.2
2.5,3.406,4.2
6.5,3.516,2.5
8.4,7.965,6.5
6.5,7.28,8.4
6.8,7.18,6.5
5.5,6.324,6.8
5.7,5.266,5.5
6.9,5.84,5.7
7.2,7.977,6.9
6.6,6.082,7.2
8.1,7.24,6.6
8.6,8.164,8.1
9.1,8.64,8.6
9.7,9.26,9.1
11.1,9.24,9.7
14.1,10.56,11.1
15.9,13.695,14.1
13.3,13.375,15.9
10.7,11.55,13.3
5.5,9.47,10.7
4.1,4.24,5.5
6.0,5.89,4.1
5.6,6.926,6.0
5.2,5.047,5.6
5.7,5.723,5.2
5.2,5.547,5.7
5.3,5.54,5.2
5.0,6.125,5.3
6.0,4.996,5.0
7.0,7.03,6.0
8.8,7.816,7.0
9.2,7.895,8.8
10.5,9.305,9.2
10.4,10.8,10.5
9.6,9.305,10.4
11.1,9.38,9.6
10.2,11.15,11.1
10.2,8.64,10.2
12.5,11.84,10.2
12.1,12.25,12.5
10.9,10.28,12.1
11.9,10.72,10.9
13.0,12.41,11.9
12.1,11.87,13.0
11.9,12.29,12.1
9.4,11.47,11.9
9.6,8.95,9.4
9.6,10.83,9.6
9.8,9.08,9.6
9.9,9.62,9.8
11.2,9.91,9.9
10.6,11.336,11.2
8.9,10.13,10.6
9.3,9.3,8.9
9.7,9.83,9.3
9.9,9.48,9.7
8.2,10.05,9.9
8.5,7.77,8.2
8.6,9.65,8.5
9.3,9.19,8.6
9.8,10.57,9.3
10.3,10.72,9.8
9.1,10.74,10.3
8.1,9.336,9.1
7.2,8.875,8.1
7.8,7.867,7.2
8.9,9.125,7.8
10.2,9.67,8.9
11.6,11.2,10.2
8.3,11.76,11.6
7.7,8.38,8.3
7.5,8.79,7.7
8.1,8.445,7.5
9.6,9.21,8.1
11.1,11.234,9.6
12.4,11.55,11.1
13.8,12.59,12.4
12.8,13.47,13.8
11.8,12.25,12.8
12.7,11.88,11.8
12.6,14.484,12.7
13.3,11.914,12.6
15.6,13.66,13.3
16.9,14.91,15.6
13.6,15.375,16.9
12.0,12.69,13.6
11.0,11.53,12.0
12.9,11.9,11.0
14.4,14.22,12.9
18.4,14.625,14.4
17.3,18.22,18.4
17.1,16.78,17.3
13.2,15.72,17.1
14.7,13.15,13.2
16.3,15.984,14.7
17.4,16.83,16.3
14.4,16.53,17.4
14.9,13.82,14.4
14.7,15.59,14.9
15.9,14.2,14.7
18.6,16.56,15.9
20.4,18.47,18.6
19.2,19.44,20.4
16.3,18.47,19.2
15.8,16.33,16.3
13.2,15.98,15.8
13.7,13.484,13.2
14.1,14.81,13.7
13.9,14.41,14.1
14.6,15.22,13.9
15.6,15.89,14.6
16.9,16.14,15.6
16.6,17.05,16.9
15.3,16.33,16.6
15.1,16.14,15.3
13.9,15.09,15.1
15.2,14.45,13.9
16.0,16.1,15.2
14.9,15.97,16.0
14.0,15.33,14.9
13.0,14.39,14.0
13.6,13.18,13.0
14.8,15.74,13.6
15.0,15.28,14.8
15.0,16.6,15.0
15.6,14.59,15.0
16.8,16.34,15.6
16.7,17.23,16.8
17.2,16.34,16.7
16.4,17.2,17.2
16.5,16.77,16.4
16.8,15.92,16.5
18.5,16.84,16.8
20.1,18.16,18.5
17.9,19.83,20.1
16.8,15.75,17.9
17.8,17.95,16.8
17.4,17.12,17.8
16.8,17.02,17.4
16.3,16.94,16.8
17.5,16.16,16.3
17.3,18.47,17.5
18.3,16.92,17.3
18.2,19.42,18.3
17.4,17.2,18.2
17.4,17.73,17.4
16.5,16.89,17.4
15.5,16.61,16.5
15.0,15.47,15.5
19.2,16.31,15.0
17.9,19.5,19.2
15.2,18.25,17.9
14.5,14.69,15.2
16.6,15.53,14.5
16.7,17.67,16.6
16.6,17.73,16.7
15.5,16.5,16.6
16.2,16.02,15.5
16.4,16.62,16.2
15.0,15.69,16.4
15.6,14.96,15.0
16.6,16.45,15.6
20.2,16.39,16.6
19.7,19.67,20.2
18.0,19.97,19.7
16.8,17.5,18.0
15.3,16.34,16.8
16.2,15.22,15.3
16.0,17.42,16.2
15.4,16.25,16.0
14.9,15.875,15.4
14.5,14.47,14.9
14.7,14.7,14.5
15.1,14.97,14.7
14.8,15.05,15.1
14.6,14.43,14.8
14.1,14.875,14.6
13.4,13.83,14.1
14.1,14.47,13.4
15.0,14.695,14.1
16.7,15.12,15.0
16.8,17.22,16.7
16.3,14.234,16.8
15.3,16.34,16.3
15.0,14.875,15.3
15.2,15.14,15.0
14.2,15.34,15.2
13.0,13.28,14.2
12.9,13.02,13.0
12.0,13.51,12.9
11.6,11.484,12.0
13.6,12.19,11.6
16.0,14.54,13.6
14.9,15.58,16.0
14.1,14.25,14.9
13.0,14.33,14.1
12.2,12.41,13.0
13.2,12.36,12.2
11.4,13.65,13.2
11.4,10.85,11.4
13.8,13.17,11.4
13.8,14.125,13.8
15.0,12.945,13.8
14.9,15.38,15.0
14.6,13.016,14.9
16.7,15.016,14.6
13.6,16.4,16.7
12.8,12.6,13.6
12.6,12.32,12.8
12.7,11.375,12.6
12.3,13.875,12.7
12.3,11.94,12.3
12.9,11.68,12.3
13.8,12.82,12.9
13.7,12.74,13.8
12.7,12.82,13.7
13.3,12.03,12.7
13.2,12.3,13.3
14.4,12.49,13.2
16.5,14.164,14.4
14.3,15.56,16.5
10.7,12.32,14.3
9.1,10.04,10.7
9.9,8.76,9.1
14.5,11.02,9.9
14.4,14.86,14.5
15.7,13.07,14.4
15.1,15.34,15.7
16.7,13.76,15.1
16.4,15.42,16.7
16.7,14.63,16.4
13.4,15.48,16.7
12.6,12.055,13.4
15.3,13.92,12.6
14.3,14.875,15.3
11.1,12.516,14.3
10.7,10.516,11.1
13.5,10.72,10.7
13.8,13.61,13.5
14.7,12.695,13.8
15.0,14.17,14.7
13.6,13.84,15.0
12.1,13.195,13.6
13.6,10.88,12.1
11.3,13.28,13.6
9.8,9.91,11.3
9.8,9.43,9.8
8.1,10.14,9.8
8.0,8.45,8.1
9.9,8.766,8.0
8.0,9.92,9.9
8.6,8.12,8.0
7.8,8.67,8.6
5.0,6.203,7.8
7.6,6.414,5.0
6.0,8.75,7.6
8.2,4.758,6.0
7.3,9.07,8.2
4.6,5.82,7.3
4.5,4.125,4.6
6.4,6.777,4.5
7.8,6.453,6.4
10.8,9.625,7.8
8.4,9.21,10.8
8.4,7.46,8.4
8.0,8.09,8.4
12.0,6.64,8.0
11.7,11.22,12.0
11.6,9.49,11.7
10.1,10.375,11.6
9.8,8.08,10.1
6.2,8.63,9.8
5.8,4.79,6.2
8.1,6.418,5.8
9.1,8.28,8.1
7.3,8.016,9.1
7.5,6.316,7.3
6.4,7.664,7.5
4.6,5.19,6.4
4.3,5.137,4.6
7.0,4.94,4.3
5.3,7.0,7.0
4.9,4.508,5.3
4.3,6.637,4.9
12.6,3.39,4.3
11.4,9.65,12.6
9.7,9.56,11.4
9.0,8.836,9.7
7.8,7.71,9.0
6.8,6.938,7.8
6.2,6.227,6.8
3.0,5.492,6.2
5.1,2.645,3.0
2.6,6.676,5.1
0.19999981,2.16,2.6
3.6,2.234,0.2
1.7999997,4.51,3.6
2.6999998,1.398,1.8
-0.8999996,3.441,2.7
-3.3000002,-1.352,-0.9
-1.6999998,-2.445,-3.3
2.3000002,0.75,-1.7
2.6,3.262,2.3
1.7999997,2.008,2.6
0.0,1.367,1.8
-0.19999981,-0.4766,0.0
-2.1000004,0.1641,-0.2
0.5,-2.156,-2.1
3.5,0.7188,0.5
9.5,5.117,3.5
9.0,8.33,9.5
9.1,6.94,9.0
6.2,7.297,9.1
7.4,6.297,6.2
8.9,7.47,7.4
9.7,8.375,8.9
8.7,8.11,9.7
8.5,7.277,8.7
6.0,7.42,8.5
5.5,6.0,6.0
6.4,4.93,5.5
6.2,6.43,6.4
6.5,6.117,6.2
7.7,6.21,6.5
5.9000006,7.97,7.7
5.8,4.26,5.9
6.7,7.074,5.8
3.8000002,5.91,6.7
3.6999998,2.805,3.8
3.5,4.93,3.7
6.1000004,4.773,3.5
6.7,6.227,6.1
5.4,5.9,6.7
9.2,6.27,5.4
9.3,9.33,9.2
10.5,7.945,9.3
10.8,10.36,10.5
9.1,9.195,10.8
9.5,8.2,9.1
9.8,9.734,9.5
9.3,9.12,9.8
11.0,9.54,9.3
7.3,9.76,11.0
10.1,4.61,7.3
7.3,9.73,10.1
9.2,5.85,7.3
9.7,8.836,9.2
8.5,10.09,9.7
9.9,7.406,8.5
9.6,10.63,9.9
10.6,9.41,9.6
10.2,9.97,10.6
11.0,9.266,10.2
10.8,10.17,11.0
11.4,10.61,10.8
9.1,10.266,11.4
9.3,8.17,9.1
9.9,9.695,9.3
10.6,9.07,9.9
10.9,11.02,10.6
10.9,10.51,10.9
9.7,11.086,10.9
10.1,9.0,9.7
9.8,10.484,10.1
11.0,9.85,9.8
9.9,10.34,11.0
10.7,9.09,9.9
12.4,9.4,10.7
12.7,11.82,12.4
10.4,11.375,12.7
9.0,9.8,10.4
10.8,8.8,9.0
11.6,11.39,10.8
8.9,10.37,11.6
8.6,8.65,8.9
10.3,9.19,8.6
9.2,10.1,10.3
7.7,7.914,9.2
7.6,7.68,7.7
9.2,7.684,7.6
10.7,9.64,9.2
9.6,11.27,10.7
10.0,8.88,9.6
11.6,10.45,10.0
11.6,11.984,11.6
8.6,10.32,11.6
7.1,7.727,8.6
7.8,6.945,7.1
9.0,8.1,7.8
8.3,8.3,9.0
8.7,7.57,8.3
10.3,8.99,8.7
9.2,11.46,10.3
10.5,8.41,9.2
11.0,11.734,10.5
9.9,9.35,11.0
12.2,9.62,9.9
13.9,12.125,12.2
11.4,12.414,13.9
8.8,9.82,11.4
8.1,8.914,8.8
8.2,8.09,8.1
9.1,8.71,8.2
9.8,9.195,9.1
9.0,8.98,9.8
9.2,10.39,9.0
9.2,8.92,9.2
8.6,9.11,9.2
7.8,9.39,8.6
6.2,7.15,7.8
7.1,6.25,6.2
8.9,8.65,7.1
10.7,9.8,8.9
12.4,11.54,10.7
12.4,12.766,12.4
13.0,11.91,12.4
13.0,13.266,13.0
12.3,12.55,13.0
12.3,11.61,12.3
15.7,12.195,12.3
18.6,15.734,15.7
15.4,17.7,18.6
14.7,14.7,15.4
13.3,13.83,14.7
8.0,12.15,13.3
7.1,7.77,8.0
10.4,9.21,7.1
10.9,11.23,10.4
11.7,11.484,10.9
11.0,12.15,11.7
10.9,11.21,11.0
11.3,11.28,10.9
11.1,11.81,11.3
13.8,11.625,11.1
14.8,14.734,13.8
13.3,13.98,14.8
14.7,12.95,13.3
14.3,14.81,14.7
12.4,13.61,14.3
13.2,12.45,12.4
13.1,13.625,13.2
14.7,13.31,13.1
12.7,14.3,14.7
13.2,12.09,12.7
14.4,13.66,13.2
14.9,13.875,14.4
13.9,15.28,14.9
15.2,14.53,13.9
18.2,15.44,15.2
15.7,18.03,18.2
14.0,14.78,15.7
12.5,13.71,14.0
13.1,13.22,12.5
14.6,13.95,13.1
13.5,14.9,14.6
16.5,14.07,13.5
17.2,17.56,16.5
16.0,16.86,17.2
15.9,15.56,16.0
17.6,15.664,15.9
16.5,17.72,17.6
16.2,16.36,16.5
14.6,16.1,16.2
14.9,14.83,14.6
14.0,15.72,14.9
14.5,14.75,14.0
15.3,16.12,14.5
14.9,15.445,15.3
13.4,15.25,14.9
14.6,13.414,13.4
13.3,15.92,14.6
14.4,13.7,13.3
15.1,15.39,14.4
14.8,15.83,15.1
14.6,15.19,14.8
12.4,15.22,14.6
11.9,13.16,12.4
13.2,12.91,11.9
14.1,13.984,13.2
13.7,15.086,14.1
13.2,13.46,13.7
11.5,13.664,13.2
12.5,12.89,11.5
13.7,13.664,12.5
14.9,14.85,13.7
15.4,14.75,14.9
16.0,16.28,15.4
17.5,16.08,16.0
17.4,17.53,17.5
18.1,16.75,17.4
17.1,17.84,18.1
17.8,17.05,17.1
16.8,17.72,17.8
15.8,15.61,16.8
17.4,16.56,15.8
17.1,18.0,17.4
16.3,16.97,17.1
15.3,16.0,16.3
16.6,15.33,15.3
16.9,17.31,16.6
16.5,16.64,16.9
17.3,16.53,16.5
16.5,17.12,17.3
16.5,16.64,16.5
16.4,17.42,16.5
18.5,16.45,16.4
17.4,18.78,18.5
17.2,16.78,17.4
18.5,16.92,17.2
17.0,18.7,18.5
16.5,16.72,17.0
18.1,16.9,16.5
18.7,18.78,18.1
19.6,17.7,18.7
17.6,19.2,19.6
18.0,17.48,17.6
17.7,18.06,18.0
18.3,17.67,17.7
18.2,18.38,18.3
19.5,17.9,18.2
20.0,19.28,19.5
20.8,19.8,20.0
20.6,20.44,20.8
18.4,18.9,20.6
17.5,18.08,18.4
18.4,18.22,17.5
18.9,18.47,18.4
19.9,18.53,18.9
19.6,19.72,19.9
20.7,19.08,19.6
20.8,20.06,20.7
19.8,20.53,20.8
20.1,19.89,19.8
20.5,19.73,20.1
19.9,20.2,20.5
16.8,19.25,19.9
16.4,16.69,16.8
16.8,17.88,16.4
14.3,16.19,16.8
16.0,15.266,14.3
18.3,17.31,16.0
17.0,18.97,18.3
14.9,15.5,17.0
15.9,16.02,14.9
18.0,17.25,15.9
15.8,17.72,18.0
14.4,14.58,15.8
14.2,14.88,14.4
15.1,14.63,14.2
15.3,15.41,15.1
15.5,15.33,15.3
15.4,14.445,15.5
15.2,16.27,15.4
14.6,15.41,15.2
11.9,13.695,14.6
12.0,12.61,11.9
12.7,12.555,12.0
15.0,12.875,12.7
16.9,14.95,15.0
20.5,17.84,16.9
18.3,18.19,20.5
19.9,17.25,18.3
16.8,18.3,19.9
17.0,16.08,16.8
16.3,15.91,17.0
16.4,15.89,16.3
16.1,15.89,16.4
16.1,15.805,16.1
16.0,15.625,16.1
16.1,15.234,16.0
15.7,14.64,16.1
15.2,15.016,15.7
16.7,15.17,15.2
15.5,16.25,16.7
15.4,15.06,15.5
14.5,14.62,15.4
15.4,14.41,14.5
14.4,15.44,15.4
14.3,14.14,14.4
17.6,14.3,14.3
17.9,17.81,17.6
14.5,16.28,17.9
15.1,13.3,14.5
12.7,16.12,15.1
12.5,12.086,12.7
11.0,12.08,12.5
14.4,12.56,11.0
16.2,15.125,14.4
17.3,16.1,16.2
18.7,15.32,17.3
17.9,17.5,18.7
16.9,16.4,17.9
15.4,15.39,16.9
15.1,14.484,15.4
14.2,14.66,15.1
10.2,12.8,14.2
8.5,9.49,10.2
10.0,9.79,8.5
10.8,10.625,10.0
7.5,10.35,10.8
4.5,7.89,7.5
5.7,6.227,4.5
8.1,7.055,5.7
8.9,8.46,8.1
7.5,8.51,8.9
9.6,7.95,7.5
14.1,10.85,9.6
13.0,13.56,14.1
12.0,11.35,13.0
10.8,10.805,12.0
10.3,11.22,10.8
9.7,9.76,10.3
8.5,9.34,9.7
8.8,8.08,8.5
9.1,9.09,8.8
8.7,8.06,9.1
12.3,7.883,8.7
15.1,13.14,12.3
14.7,13.1,15.1
15.2,12.74,14.7
13.8,14.07,15.2
12.7,12.016,13.8
10.5,10.664,12.7
8.1,8.63,10.5
7.0,7.297,8.1
9.6,6.258,7.0
10.4,10.54,9.6
10.9,9.78,10.4
10.8,9.89,10.9
11.1,9.6,10.8
11.7,10.95,11.1
10.4,10.34,11.7
10.3,9.46,10.4
10.0,9.59,10.3
7.4,9.52,10.0
5.2,6.875,7.4
5.2,5.41,5.2
4.8,5.75,5.2
7.6,4.71,4.8
11.2,9.19,7.6
11.3,10.805,11.2
11.7,10.016,11.3
14.0,11.51,11.7
12.4,13.13,14.0
9.0,10.76,12.4
7.2,7.773,9.0
5.3,6.71,7.2
5.2,5.93,5.3
1.9999995,5.367,5.2
3.5,1.953,2.0
11.2,6.555,3.5
9.4,10.22,11.2
10.4,9.15,9.4
9.0,9.44,10.4
9.6,7.76,9.0
12.1,8.95,9.6
12.8,11.64,12.1
11.7,10.63,12.8
9.6,10.76,11.7
8.4,7.797,9.6
7.3,7.27,8.4
10.1,7.266,7.3
10.6,10.02,10.1
7.3,10.164,10.6
8.3,6.312,7.3
9.8,9.84,8.3
10.8,8.95,9.8
9.0,10.27,10.8
8.9,7.43,9.0
10.8,8.44,8.9
9.6,11.08,10.8
12.2,9.46,9.6
12.2,11.484,12.2
13.0,10.484,12.2
12.5,11.24,13.0
12.0,10.49,12.5
10.8,11.43,12.0
9.0,9.3,10.8
10.6,8.086,9.0
8.9,10.28,10.6
7.8,7.297,8.9
9.1,8.63,7.8
9.2,9.47,9.1
4.8,8.66,9.2
5.1,3.645,4.8
4.7,6.594,5.1
3.5,4.25,4.7
5.7,5.664,3.5
5.1,6.25,5.7
1.6999998,4.586,5.1
1.3999996,1.633,1.7
0.19999981,2.629,1.4
1.8999996,0.703,0.2
1.3999996,3.242,1.9
3.0,2.941,1.4
3.9,3.176,3.0
4.3,3.762,3.9
4.3,4.508,4.3
5.0,3.496,4.3
7.5,6.594,5.0
6.9,6.64,7.5
8.5,6.312,6.9
7.7,8.19,8.5
8.4,7.06,7.7
7.7,7.055,8.4
8.6,7.57,7.7
10.4,7.977,8.6
10.0,9.29,10.4
9.2,8.37,10.0
12.1,9.16,9.2
9.8,11.11,12.1
8.8,8.25,9.8
8.3,8.51,8.8
11.7,8.914,8.3
12.5,10.766,11.7
9.8,10.91,12.5
8.1,8.695,9.8
9.8,7.87,8.1
9.1,9.336,9.8
8.1,8.125,9.1
8.7,7.508,8.1
9.4,9.42,8.7
7.4,8.89,9.4
7.3,6.61,7.4
9.9,8.42,7.3
13.1,10.22,9.9
10.4,12.72,13.1
9.7,8.914,10.4
11.1,9.6,9.7
11.3,10.84,11.1
9.6,10.59,11.3
8.9,8.945,9.6
9.3,8.32,8.9
8.7,9.875,9.3
8.8,8.58,8.7
10.0,9.055,8.8
8.8,10.16,10.0
8.6,8.02,8.8
8.4,9.44,8.6
9.0,7.914,8.4
9.2,8.94,9.0
7.3,8.97,9.2
7.7,6.77,7.3
9.3,7.547,7.7
8.5,9.164,9.3
7.7,8.125,8.5
8.0,7.38,7.7
9.5,9.31,8.0
10.4,9.45,9.5
11.9,10.6,10.4
13.3,11.35,11.9
13.2,12.25,13.3
11.1,12.93,13.2
10.8,9.086,11.1
11.8,11.21,10.8
11.2,10.55,11.8
10.6,11.63,11.2
10.4,10.15,10.6
10.2,9.67,10.4
9.3,10.8,10.2
8.6,8.53,9.3
7.7,9.125,8.6
6.4,6.477,7.7
6.0,7.387,6.4
6.1000004,7.04,6.0
4.5,6.656,6.1
4.9,4.473,4.5
5.4,6.34,4.9
6.5,6.836,5.4
7.9,6.79,6.5
7.9,8.62,7.9
9.2,7.98,7.9
10.3,9.48,9.2
9.9,10.41,10.3
11.4,9.77,9.9
12.0,11.86,11.4
11.5,10.516,12.0
12.5,11.586,11.5
11.6,13.03,12.5
10.2,11.02,11.6
9.4,9.15,10.2
10.4,9.56,9.4
10.4,10.6,10.4
10.9,11.445,10.4
10.4,11.125,10.9
10.2,10.23,10.4
8.6,10.086,10.2
10.4,9.375,8.6
11.6,11.516,10.4
12.0,11.92,11.6
12.9,12.33,12.0
13.9,11.32,12.9
13.6,15.18,13.9
17.2,12.18,13.6
17.1,16.19,17.2
16.1,14.59,17.1
13.4,14.07,16.1
12.9,12.945,13.4
14.1,12.945,12.9
14.3,14.46,14.1
13.4,13.6,14.3
14.7,13.91,13.4
15.0,15.42,14.7
14.4,13.91,15.0
14.6,14.78,14.4
13.8,14.17,14.6
13.1,12.78,13.8
13.8,13.43,13.1
13.7,14.6,13.8
13.1,13.85,13.7
11.8,12.89,13.1
11.2,12.586,11.8
12.2,12.164,11.2
12.5,13.88,12.2
13.6,12.82,12.5
13.1,14.63,13.6
14.8,13.16,13.1
14.5,15.09,14.8
14.4,13.92,14.5
17.3,15.22,14.4
16.0,17.06,17.3
14.8,14.64,16.0
15.3,15.43,14.8
15.5,16.42,15.3
14.2,15.53,15.5
11.6,13.86,14.2
13.0,12.69,11.6
14.1,14.22,13.0
13.5,15.695,14.1
13.6,13.78,13.5
13.1,14.02,13.6
14.0,13.61,13.1
16.9,15.58,14.0
21.6,17.06,16.9
24.2,20.97,21.6
16.7,20.03,24.2
14.8,14.87,16.7
16.6,15.21,14.8
15.2,18.28,16.6
14.5,14.86,15.2
15.1,14.76,14.5
14.9,16.31,15.1
15.0,15.36,14.9
15.4,15.53,15.0
15.6,16.77,15.4
15.2,15.44,15.6
14.8,15.766,15.2
15.4,15.19,14.8
15.3,16.1,15.4
15.6,15.66,15.3
15.8,15.734,15.6
15.1,16.27,15.8
15.6,15.95,15.1
15.9,16.5,15.6
15.9,16.1,15.9
16.2,16.16,15.9
16.6,16.89,16.2
14.6,16.23,16.6
14.9,14.67,14.6
15.3,15.99,14.9
16.1,16.03,15.3
16.4,16.81,16.1
16.4,16.55,16.4
17.9,16.9,16.4
18.5,18.75,17.9
15.4,16.94,18.5
17.2,15.61,15.4
16.3,18.19,17.2
15.2,14.84,16.3
14.9,15.58,15.2
15.7,15.36,14.9
16.3,16.72,15.7
16.4,16.1,16.3
16.9,16.47,16.4
15.6,16.67,16.9
15.2,17.08,15.6
15.0,14.61,15.2
16.0,16.3,15.0
16.7,16.86,16.0
16.5,16.98,16.7
16.0,15.95,16.5
15.4,15.66,16.0
17.2,15.7,15.4
17.8,18.22,17.2
20.6,17.08,17.8
20.6,20.25,20.6
18.6,19.56,20.6
16.7,17.73,18.6
15.7,16.69,16.7
16.2,15.67,15.7
16.6,17.03,16.2
15.1,17.31,16.6
17.0,15.39,15.1
16.7,17.31,17.0
15.2,15.625,16.7
16.6,15.66,15.2
18.0,17.78,16.6
16.9,17.53,18.0
17.5,15.69,16.9
16.0,17.73,17.5
16.0,14.83,16.0
16.2,17.31,16.0
15.1,16.5,16.2
13.6,13.72,15.1
14.7,14.48,13.6
18.0,15.91,14.7
20.1,18.11,18.0
18.7,19.06,20.1
15.2,16.83,18.7
15.9,15.37,15.2
16.7,16.53,15.9
17.1,16.38,16.7
17.5,17.42,17.1
16.8,17.12,17.5
18.3,16.0,16.8
17.8,18.44,18.3
16.0,16.62,17.8
13.7,14.79,16.0
12.6,14.31,13.7
13.3,13.57,12.6
13.3,13.38,13.3
16.0,12.72,13.3
14.5,16.64,16.0
14.4,13.445,14.5
14.9,14.55,14.4
16.0,14.3,14.9
16.4,15.34,16.0
16.2,15.7,16.4
15.6,15.305,16.2
15.9,14.59,15.6
17.3,16.44,15.9
15.7,16.03,17.3
16.7,15.45,15.7
16.0,16.27,16.7
14.8,15.31,16.0
13.5,13.5,14.8
14.7,14.92,13.5
15.1,14.766,14.7
13.5,14.51,15.1
11.9,12.45,13.5
10.9,12.75,11.9
11.5,11.49,10.9
11.7,11.3,11.5
12.2,11.85,11.7
12.4,12.49,12.2
13.2,12.0,12.4
13.0,13.48,13.2
13.7,12.16,13.0
12.9,14.41,13.7
15.0,12.05,12.9
15.7,15.6,15.0
14.3,13.734,15.7
15.0,13.3,14.3
12.7,14.75,15.0
10.6,11.586,12.7
10.2,10.445,10.6
12.0,9.805,10.2
15.6,13.164,12.0
16.4,15.63,15.6
14.2,14.875,16.4
14.2,12.95,14.2
11.9,14.945,14.2
11.2,10.22,11.9
14.6,11.87,11.2
14.8,14.86,14.6
11.9,13.87,14.8
11.9,10.42,11.9
13.0,11.38,11.9
10.4,12.86,13.0
10.8,9.62,10.4
9.7,12.36,10.8
8.2,9.164,9.7
8.6,7.906,8.2
11.2,10.195,8.6
11.2,10.6,11.2
15.2,11.37,11.2
14.5,14.74,15.2
10.7,12.86,14.5
9.2,9.11,10.7
10.0,10.87,9.2
8.9,9.01,10.0
9.2,8.91,8.9
9.5,8.75,9.2
6.9,9.12,9.5
6.2,6.75,6.9
4.3,5.703,6.2
5.4,4.08,4.3
7.0,6.78,5.4
3.9,6.97,7.0
3.8000002,3.496,3.9
5.2,4.906,3.8
8.6,5.12,5.2
10.0,9.65,8.6
10.9,8.81,10.0
12.0,10.16,10.9
9.7,10.69,12.0
8.9,9.6,9.7
8.9,9.13,8.9
6.8,8.01,8.9
6.7,6.457,6.8
1.9999995,6.508,6.7
5.5,0.5547,2.0
6.0,6.316,5.5
7.0,6.418,6.0
9.0,5.984,7.0
11.1,9.55,9.0
10.8,9.695,11.1
11.2,9.95,10.8
11.1,10.23,11.2
14.0,10.42,11.1
11.8,11.41,14.0
12.7,10.984,11.8
12.2,10.81,12.7
8.8,9.91,12.2
10.4,8.12,8.8
10.1,10.51,10.4
9.0,8.414,10.1
7.1,8.586,9.0
5.4,6.46,7.1
9.3,6.7,5.4
8.2,9.35,9.3
8.1,7.656,8.2
11.2,8.99,8.1
11.4,10.07,11.2
9.5,10.51,11.4
6.3,7.758,9.5
10.4,5.867,6.3
9.0,10.93,10.4
8.0,8.14,9.0
8.3,7.434,8.0
7.8,8.805,8.3
11.1,5.996,7.8
12.9,10.49,11.1
13.9,12.484,12.9
13.0,11.47,13.9
9.4,10.375,13.0
8.1,9.04,9.4
6.0,7.188,8.1
2.6999998,5.645,6.0
4.1,3.09,2.7
6.8,5.125,4.1
9.0,8.11,6.8
9.1,8.91,9.0
10.6,7.883,9.1
8.0,9.98,10.6
5.7,7.04,8.0
8.4,5.312,5.7
12.7,8.74,8.4
10.6,11.57,12.7
8.2,7.93,10.6
9.0,8.31,8.2
9.8,8.4,9.0
10.0,9.43,9.8
10.8,10.66,10.0
8.8,9.95,10.8
9.6,9.02,8.8
11.0,8.97,9.6
10.2,9.87,11.0
7.5,8.805,10.2
4.0,6.605,7.5
5.3,3.684,4.0
8.4,7.938,5.3
8.1,7.863,8.4
10.3,9.26,8.1
9.5,9.81,10.3
9.4,8.75,9.5
7.4,8.914,9.4
8.1,7.004,7.4
4.3,8.29,8.1
4.7,4.67,4.3
4.4,5.402,4.7
4.4,3.938,4.4
5.2,5.61,4.4
6.2,5.348,5.2
9.3,8.38,6.2
9.1,8.45,9.3
9.2,8.41,9.1
10.2,9.47,9.2
11.4,9.19,10.2
11.0,10.98,11.4
10.2,10.016,11.0
8.2,9.13,10.2
9.1,7.79,8.2
9.9,8.836,9.1
8.7,9.16,9.9
9.9,8.59,8.7
8.7,9.25,9.9
9.7,7.938,8.7
12.1,9.984,9.7
11.9,11.66,12.1
8.7,10.47,11.9
7.1,7.844,8.7
6.1000004,6.793,7.1
5.9000006,5.84,6.1
5.9000006,6.83,5.9
8.0,6.477,5.9
7.3,7.523,8.0
7.5,7.375,7.3
10.2,8.27,7.5
10.8,9.914,10.2
9.4,10.07,10.8
7.5,8.42,9.4
7.8,7.062,7.5
7.9,7.4,7.8
8.3,7.5,7.9
7.6,8.34,8.3
8.8,8.266,7.6
8.1,8.58,8.8
9.3,8.38,8.1
9.4,9.69,9.3
9.9,9.09,9.4
9.4,9.97,9.9
8.5,8.19,9.4
8.3,8.21,8.5
8.7,8.58,8.3
8.7,8.19,8.7
11.9,10.75,8.7
11.9,11.875,11.9
14.4,10.81,11.9
12.8,13.336,14.4
11.7,11.35,12.8
13.6,11.625,11.7
14.0,13.305,13.6
12.9,12.66,14.0
12.5,12.125,12.9
10.8,11.47,12.5
11.1,10.62,10.8
10.7,10.805,11.1
10.8,11.35,10.7
10.5,10.93,10.8
10.3,10.56,10.5
8.7,10.46,10.3
6.2,8.93,8.7
7.0,6.703,6.2
5.4,7.89,7.0
7.7,6.17,5.4
7.8,8.625,7.7
8.6,7.84,7.8
12.3,9.18,8.6
11.4,12.47,12.3
11.2,10.85,11.4
10.5,10.69,11.2
11.1,10.41,10.5
11.2,11.8,11.1
11.4,10.414,11.2
11.9,12.086,11.4
12.1,11.875,11.9
11.4,12.05,12.1
13.2,11.49,11.4
12.7,12.266,13.2
12.9,12.375,12.7
13.8,12.22,12.9
13.4,13.5,13.8
14.0,12.984,13.4
14.9,13.34,14.0
14.0,14.55,14.9
13.9,13.41,14.0
15.5,13.66,13.9
14.1,14.016,15.5
14.0,14.11,14.1
13.3,13.32,14.0
12.3,12.97,13.3
12.6,12.734,12.3
12.6,13.195,12.6
12.2,12.34,12.6
11.9,12.39,12.2
13.4,12.94,11.9
12.4,13.36,13.4
12.9,13.27,12.4
13.9,13.44,12.9
12.9,14.305,13.9
13.2,13.125,12.9
14.4,15.0,13.2
13.1,14.3,14.4
14.1,12.83,13.1
16.4,15.19,14.1
16.7,16.02,16.4
17.3,17.11,16.7
14.1,16.6,17.3
15.5,13.625,14.1
15.9,16.06,15.5
14.6,15.72,15.9
14.5,14.94,14.6
13.8,14.8,14.5
12.1,13.125,13.8
13.4,13.3,12.1
12.0,14.125,13.4
12.4,13.016,12.0
13.5,13.55,12.4
13.8,14.3,13.5
13.5,14.31,13.8
13.1,13.54,13.5
13.6,13.4,13.1
13.9,14.625,13.6
14.9,14.484,13.9
15.6,15.34,14.9
15.1,15.96,15.6
15.3,15.49,15.1
16.1,15.56,15.3
15.2,17.16,16.1
13.8,14.67,15.2
14.2,14.625,13.8
14.6,14.92,14.2
16.8,15.414,14.6
19.2,17.34,16.8
17.0,18.58,19.2
14.6,17.27,17.0
15.5,14.17,14.6
16.3,16.6,15.5
15.6,16.45,16.3
17.5,16.22,15.6
20.4,18.16,17.5
17.6,18.75,20.4
18.0,17.78,17.6
16.2,17.88,18.0
16.7,16.3,16.2
17.3,17.84,16.7
18.1,17.28,17.3
18.9,18.94,18.1
17.5,18.16,18.9
17.8,17.56,17.5
17.7,18.56,17.8
17.4,17.44,17.7
17.1,17.58,17.4
16.8,17.03,17.1
16.5,17.03,16.8
16.7,17.66,16.5
16.2,16.52,16.7
18.7,17.03,16.2
18.2,19.53,18.7
16.1,16.6,18.2
15.2,16.42,16.1
15.3,15.7,15.2
17.4,16.34,15.3
19.4,17.9,17.4
18.9,19.22,19.4
18.6,18.33,18.9
18.1,18.0,18.6
18.8,17.98,18.1
16.6,18.48,18.8
16.8,17.28,16.6
17.5,17.12,16.8
17.6,18.4,17.5
18.3,16.7,17.6
17.5,18.73,18.3
18.9,17.84,17.5
17.8,19.47,18.9
19.0,16.97,17.8
17.9,18.75,19.0
17.9,17.95,17.9
16.8,17.72,17.9
16.1,17.06,16.8
16.8,16.05,16.1
17.4,17.08,16.8
16.1,18.38,17.4
15.7,15.53,16.1
15.5,16.38,15.7
15.6,15.79,15.5
15.7,16.48,15.6
15.6,15.36,15.7
14.8,15.97,15.6
17.6,15.39,14.8
19.3,18.38,17.6
17.5,17.75,19.3
19.7,17.16,17.5
19.5,19.86,19.7
17.3,17.78,19.5
16.7,17.1,17.3
16.6,16.42,16.7
17.8,16.47,16.6
16.2,17.84,17.8
15.7,16.62,16.2
15.8,15.61,15.7
17.5,16.4,15.8
16.4,17.48,17.5
16.6,15.77,16.4
17.1,16.72,16.6
16.1,15.945,17.1
17.5,17.08,16.1
19.5,17.84,17.5
15.5,17.62,19.5
19.8,15.516,15.5
18.4,19.94,19.8
15.1,17.78,18.4
13.4,14.8,15.1
13.2,14.016,13.4
13.6,12.79,13.2
16.1,15.56,13.6
14.8,15.36,16.1
15.9,15.43,14.8
14.9,15.72,15.9
14.6,14.19,14.9
15.3,14.89,14.6
17.5,16.17,15.3
17.1,16.56,17.5
17.5,16.47,17.1
15.7,16.22,17.5
14.8,14.46,15.7
14.9,15.46,14.8
15.3,14.586,14.9
16.2,16.44,15.3
14.8,14.516,16.2
15.2,14.42,14.8
13.9,15.17,15.2
12.3,13.375,13.9
11.1,12.31,12.3
10.0,10.48,11.1
10.4,11.17,10.0
11.2,9.75,10.4
14.3,13.47,11.2
14.7,14.19,14.3
15.2,13.94,14.7
13.1,14.31,15.2
11.6,11.58,13.1
12.3,12.16,11.6
14.1,12.68,12.3
14.5,14.625,14.1
13.7,13.02,14.5
12.6,13.195,13.7
12.0,12.29,12.6
9.4,11.32,12.0
10.7,10.016,9.4
13.2,11.44,10.7
13.9,12.91,13.2
14.0,12.875,13.9
11.0,12.85,14.0
11.3,9.43,11.0
11.6,12.53,11.3
12.9,9.664,11.6
14.2,13.11,12.9
15.2,12.58,14.2
13.8,14.734,15.2
13.2,13.0,13.8
14.6,12.94,13.2
11.9,12.836,14.6
10.2,10.445,11.9
11.0,10.195,10.2
11.6,11.234,11.0
10.2,10.61,11.6
11.9,9.69,10.2
12.4,11.63,11.9
12.2,11.625,12.4
11.5,11.08,12.2
10.9,11.484,11.5
9.5,10.21,10.9
10.7,8.88,9.5
11.6,10.24,10.7
10.2,10.8,11.6
9.6,9.65,10.2
9.8,9.15,9.6
10.4,9.7,9.8
8.1,9.59,10.4
7.7,8.22,8.1
4.9,7.06,7.7
8.1,4.883,4.9
10.1,9.664,8.1
10.3,8.805,10.1
11.7,10.5,10.3
10.8,10.06,11.7
11.2,10.414,10.8
12.6,10.8,11.2
11.5,11.59,12.6
10.3,10.1,11.5
11.9,9.625,10.3
10.1,11.5,11.9
10.6,8.69,10.1
8.5,10.67,10.6
8.0,7.69,8.5
10.6,7.32,8.0
11.0,10.91,10.6
9.9,9.0,11.0
7.9,9.29,9.9
9.9,7.258,7.9
12.4,10.125,9.9
9.3,10.914,12.4
8.8,8.06,9.3
6.6,8.57,8.8
6.6,6.383,6.6
8.1,6.727,6.6
10.5,8.016,8.1
12.6,10.945,10.5
7.1,11.0,12.6
2.5,5.71,7.1
9.0,3.336,2.5
10.6,8.89,9.0
9.4,8.52,10.6
12.1,9.44,9.4
9.9,11.234,12.1
8.6,8.11,9.9
7.0,8.11,8.6
6.5,7.516,7.0
6.9,5.805,6.5
8.3,7.062,6.9
10.3,8.266,8.3
9.0,9.63,9.3
7.6,7.367,9.0
9.8,8.42,7.6
7.8,9.04,9.8
9.6,6.6,7.8
7.6,9.04,9.6
6.8,6.656,7.6
8.6,6.742,6.8
6.4,8.86,8.6
7.4,5.027,6.4
10.5,8.234,7.4
8.0,9.92,10.5
11.5,7.12,8.0
8.6,11.16,11.5
3.4,6.465,8.6
-0.3000002,3.027,3.4
1.5,0.336,-0.3
4.4,3.77,1.5
7.1,5.688,4.4
9.0,8.586,7.1
7.4,7.773,9.0
9.1,8.984,7.4
8.2,8.81,9.1
10.4,7.625,8.2
9.5,10.086,10.4
10.5,9.38,9.5
11.0,10.04,10.5
11.2,10.56,11.0
10.2,10.82,11.2
9.7,9.14,10.2
9.0,8.72,9.7
10.5,8.81,9.0
9.9,9.77,10.5
10.0,9.914,9.9
9.7,11.266,10.0
8.1,8.336,9.7
10.3,8.91,8.1
11.0,10.16,10.3
10.6,10.67,11.0
8.6,9.516,10.6
6.8,6.203,8.6
8.5,8.07,6.8
11.5,9.43,8.5
11.0,11.87,11.5
9.8,9.61,11.0
8.6,8.195,9.8
9.5,9.64,8.6
10.3,9.664,9.5
11.0,10.01,10.3
11.5,11.055,11.0
9.7,10.445,11.5
10.7,9.51,9.7
11.9,11.016,10.7
10.8,11.8,11.9
10.8,10.3,10.8
9.1,10.766,10.8
9.5,9.19,9.1
12.0,10.75,9.5
11.9,12.305,12.0
11.4,10.8,11.9
11.1,10.56,11.4
8.1,11.72,11.1
6.7,7.938,8.1
9.2,7.016,6.7
8.3,10.63,9.2
8.1,7.39,8.3
9.7,9.336,8.1
9.1,9.85,9.7
8.8,8.836,9.1
8.6,8.99,8.8
8.1,8.9,8.6
8.1,7.93,8.1
8.3,8.35,8.1
7.1,8.56,8.3
6.7,8.2,7.1
6.1000004,6.242,6.7
7.7,7.71,6.1
8.9,7.383,7.7
7.2,9.26,8.9
7.5,7.293,7.2
8.6,8.1,7.5
10.0,8.36,8.6
11.2,10.15,10.0
12.0,11.14,11.2
10.0,11.47,12.0
9.8,8.12,10.0
12.3,11.516,9.8
12.4,12.55,12.3
14.6,11.36,12.4
15.9,14.48,14.6
13.6,13.266,15.9
14.5,13.39,13.6
15.3,13.8,14.5
12.4,14.484,15.3
10.8,11.38,12.4
12.5,11.02,10.8
12.5,13.51,12.5
10.9,12.414,12.5
10.0,10.65,10.9
12.4,10.8,10.0
12.1,12.91,12.4
11.2,12.94,12.1
13.0,10.91,11.2
15.2,13.92,13.0
14.1,14.04,15.2
13.7,14.09,14.1
12.5,13.664,13.7
11.1,12.69,12.5
10.6,11.58,11.1
11.7,10.914,10.6
12.9,12.66,11.7
13.3,12.875,12.9
13.8,13.984,13.3
14.0,13.664,13.8
12.8,13.52,14.0
12.8,13.25,12.8
13.4,13.31,12.8
12.8,13.31,13.4
11.7,13.01,12.8
12.0,12.29,11.7
13.5,12.586,12.0
16.5,14.47,13.5
16.4,17.23,16.5
14.4,15.73,16.4
12.6,14.05,14.4
12.6,12.984,12.6
13.2,13.27,12.6
13.3,14.08,13.2
15.2,13.94,13.3
13.5,15.89,15.2
13.3,12.41,13.5
13.1,14.266,13.3
13.6,13.45,13.1
14.4,13.82,13.6
14.7,14.51,14.4
15.5,14.61,14.7
16.5,15.27,15.5
16.7,16.03,16.5
17.0,16.14,16.7
16.1,16.6,17.0
15.5,16.66,16.1
16.2,15.44,15.5
17.2,16.69,16.2
15.8,17.05,17.2
20.7,16.0,15.8
16.8,20.6,20.7
15.3,15.11,16.8
15.5,15.9,15.3
17.2,15.89,15.5
18.2,18.34,17.2
15.6,17.4,18.2
18.4,15.66,15.6
18.0,19.56,18.4
17.5,16.88,18.0
17.4,18.22,17.5
16.6,17.14,17.4
16.1,16.66,16.6
15.8,16.6,16.1
15.6,16.14,15.8
14.8,16.5,15.6
15.7,15.14,14.8
17.8,16.36,15.7
19.2,18.03,17.8
18.1,18.88,19.2
18.0,18.03,18.1
16.6,17.64,18.0
18.0,16.83,16.6
20.4,19.0,18.0
21.2,20.6,20.4
18.8,20.47,21.2
18.5,17.86,18.8
17.5,18.98,18.5
18.6,17.36,17.5
19.0,19.3,18.6
21.0,18.47,19.0
18.1,20.66,21.0
18.0,17.67,18.1
19.4,18.69,18.0
18.3,19.33,19.4
16.7,17.3,18.3
18.0,17.23,16.7
19.2,18.81,18.0
18.6,19.44,19.2
16.9,18.28,18.6
19.1,17.36,16.9
20.3,19.84,19.1
18.8,20.5,20.3
18.4,18.2,18.8
18.1,17.88,18.4
19.2,17.95,18.1
21.0,20.19,19.2
19.2,20.66,21.0
16.9,18.52,19.2
16.5,17.36,16.9
15.9,17.27,16.5
14.7,16.5,15.9
15.1,14.41,14.7
17.2,16.12,15.1
16.6,17.95,17.2
16.0,16.94,16.6
17.3,17.25,16.0
17.5,17.9,17.3
16.5,16.39,17.5
18.7,16.77,16.5
18.6,18.88,18.7
17.3,17.88,18.6
15.7,16.94,17.3
16.5,16.3,15.7
17.1,16.73,16.5
15.8,17.48,17.1
13.9,15.32,15.8
14.4,14.39,13.9
15.8,15.25,14.4
16.1,15.914,15.8
16.0,16.5,16.1
16.2,15.766,16.0
17.1,16.78,16.2
16.8,16.6,17.1
16.0,17.2,16.8
15.2,16.3,16.0
15.3,14.72,15.2
14.2,15.36,15.3
15.2,14.92,14.2
15.3,15.06,15.2
16.6,15.38,15.3
15.0,16.44,16.6
12.9,14.26,15.0
12.4,13.5,12.9
12.2,13.375,12.4
12.5,11.8,12.2
12.4,14.31,12.5
12.4,11.88,12.4
14.2,12.57,12.4
13.4,14.97,14.2
13.5,12.45,13.4
15.5,13.95,13.5
16.2,14.64,15.5
15.7,15.84,16.2
15.2,15.414,15.7
15.8,14.7,15.2
14.6,14.96,15.8
14.3,13.92,14.6
14.4,14.06,14.3
15.0,13.5,14.4
13.3,14.78,15.0
13.8,13.62,13.3
12.9,14.03,13.8
9.1,11.29,12.9
8.7,8.484,9.1
8.9,10.234,8.7
10.6,9.89,8.9
11.5,10.71,10.6
13.0,11.19,11.5
14.9,12.96,13.0
14.4,13.61,14.9
17.6,14.734,14.4
16.2,16.22,17.6
14.9,14.0,16.2
15.4,14.5,14.9
16.6,15.28,15.4
14.1,15.36,16.6
11.2,12.125,14.1
14.1,12.22,11.2
13.6,13.28,14.1
14.7,13.2,13.6
15.4,14.32,14.7
13.2,13.81,15.4
12.7,12.23,13.2
11.5,11.984,12.7
11.0,10.875,11.5
10.1,10.836,11.0
10.2,9.93,10.1
14.0,11.42,10.2
15.3,13.95,14.0
13.2,14.06,15.3
11.0,11.625,13.2
11.9,10.234,11.0
14.2,13.41,11.9
11.2,12.57,14.2
9.6,10.82,11.2
11.8,9.06,9.6
13.4,12.98,11.8
13.5,12.02,13.4
12.9,12.7,13.5
12.7,12.016,12.9
12.9,11.92,12.7
12.9,12.64,12.9
14.6,11.336,12.9
14.9,14.97,14.6
12.7,12.47,14.9
10.3,10.8,12.7
11.0,10.266,10.3
14.4,11.734,11.0
14.4,14.11,14.4
14.4,13.04,14.4
14.1,13.13,14.4
13.9,13.41,14.1
12.7,13.06,13.9
12.4,11.58,12.7
11.3,11.34,12.4
9.3,10.03,11.3
9.9,9.28,9.3
10.9,9.98,9.9
10.1,9.85,10.9
12.2,11.23,10.1
12.8,11.445,12.2
13.1,11.77,12.8
13.4,12.33,13.1
13.0,12.22,13.4
10.8,12.09,13.0
11.2,9.7,10.8
12.0,11.33,11.2
12.7,11.375,12.0
10.1,12.09,12.7
13.3,8.96,10.1
13.9,12.94,13.3
13.5,12.43,13.9
12.4,11.95,13.5
11.2,11.375,12.4
10.8,10.43,11.2
11.6,10.305,10.8
12.0,10.22,11.6
9.5,12.97,12.0
8.6,8.42,9.5
8.6,8.664,8.6
9.2,8.555,8.6
5.2,8.9,9.2
2.5,4.58,5.2
0.5,3.055,2.5
5.7,2.242,0.5
11.5,8.766,5.7
13.1,10.234,11.5
13.8,11.69,13.1
12.4,12.15,13.8
9.9,11.04,12.4
8.3,8.42,9.9
5.8,7.84,8.3
5.7,6.047,5.8
4.8,5.312,5.7
10.0,6.31,4.8
11.3,9.84,10.0
8.2,9.35,11.3
7.4,6.758,8.2
10.6,7.61,7.4
9.9,10.4,10.6
10.8,9.01,9.9
10.4,9.69,10.8
5.6,9.59,10.4
4.3,3.5,5.6
8.7,6.074,4.3
9.2,7.992,8.7
11.4,8.64,9.2
10.3,10.39,11.4
6.8,9.05,10.3
9.8,5.66,6.8
7.8,10.08,9.8
10.7,6.54,7.8
11.3,11.01,10.7
8.1,9.22,11.3
9.7,7.85,8.1
12.6,9.61,9.7
9.0,11.2,12.6
9.9,7.582,9.0
11.3,10.86,9.9
11.5,10.0,11.3
10.7,10.42,11.5
12.2,9.984,10.7
11.1,12.086,12.2
9.1,9.445,11.1
11.4,9.73,9.1
12.1,11.09,11.4
10.5,10.766,12.1
9.9,9.67,10.5
11.5,9.26,9.9
11.1,11.13,11.5
10.1,10.08,11.1
10.5,10.3,10.1
11.1,10.07,10.5
10.1,10.47,11.1
10.1,9.87,10.1
11.1,10.19,10.1
11.3,11.21,11.1
10.7,11.15,11.3
8.0,10.81,10.7
9.2,8.1,8.0
11.4,10.24,9.2
11.1,11.09,11.4
7.1,9.7,11.1
7.7,6.742,7.1
7.9,9.08,7.7
11.8,8.05,7.9
9.3,11.66,11.8
5.6,8.22,9.3
7.4,4.58,5.6
10.5,8.96,7.4
7.8,9.98,10.5
7.0,8.09,7.8
6.1000004,7.47,7.0
7.0,6.195,6.1
8.8,7.75,7.0
6.4,8.836,8.8
6.7,5.14,6.4
5.8,7.1,6.7
8.0,5.188,5.8
11.7,9.45,8.0
10.7,10.43,11.7
9.8,10.2,10.7
9.7,8.93,9.8
8.3,9.15,9.7
7.3,8.234,8.3
9.1,6.65,7.3
11.2,9.99,9.1
10.2,10.42,11.2
8.3,9.36,10.2
6.3,7.586,8.3
6.2,5.695,6.3
8.4,6.918,6.2
9.2,9.06,8.4
10.3,9.69,9.2
10.2,10.484,10.3
10.5,10.086,10.2
8.8,10.59,10.5
8.9,8.44,8.8
8.4,10.72,8.9
7.4,6.33,8.4
9.5,8.64,7.4
11.1,9.99,9.5
9.4,9.836,11.1
11.6,9.31,9.4
11.7,11.03,11.6
10.8,11.56,11.7
11.5,10.43,10.8
11.7,11.37,11.5
11.1,10.805,11.7
8.9,10.51,11.1
10.3,9.44,8.9
11.5,10.375,10.3
11.8,10.67,11.5
10.2,11.195,11.8
10.8,9.48,10.2
10.4,11.11,10.8
10.6,9.84,10.4
11.0,10.81,10.6
9.5,11.2,11.0
5.6,8.805,9.5
5.0,5.42,5.6
8.0,6.664,5.0
6.9,10.3,8.0
8.2,7.156,6.9
8.5,8.586,8.2
9.8,9.484,8.5
11.1,10.98,9.8
11.7,11.34,11.1
11.9,11.664,11.7
12.2,12.08,11.9
13.0,11.94,12.2
14.0,13.28,13.0
15.2,13.734,14.0
17.4,14.81,15.2
18.6,16.11,17.4
19.0,16.86,18.6
19.7,17.31,19.0
18.5,17.34,19.7
13.9,16.2,18.5
12.8,13.41,13.9
12.1,12.234,12.8
12.5,12.99,12.1
8.4,11.95,12.5
8.3,8.07,8.4
8.6,9.805,8.3
10.0,9.82,8.6
13.3,11.6,10.0
11.5,13.78,13.3
10.3,10.6,11.5
10.0,10.52,10.3
10.9,11.28,10.0
11.6,11.02,10.9
15.2,12.88,11.6
16.1,15.05,15.2
13.6,14.81,16.1
13.3,13.81,13.6
14.1,13.63,13.3
15.4,14.93,14.1
15.1,15.76,15.4
13.8,14.58,15.1
13.0,13.8,13.8
13.1,13.55,13.0
13.4,13.77,13.1
14.0,14.766,13.4
13.8,14.03,14.0
13.6,14.53,13.8
13.3,13.72,13.6
14.0,13.984,13.3
14.3,15.09,14.0
12.9,14.17,14.3
12.3,13.19,12.9
13.6,13.3,12.3
13.6,14.63,13.6
13.7,13.58,13.6
12.3,13.51,13.7
12.7,12.97,12.3
14.6,13.8,12.7
14.8,15.81,14.6
14.3,15.14,14.8
15.7,14.64,14.3
17.2,16.03,15.7
18.1,17.42,17.2
17.6,17.25,18.1
17.5,17.4,17.6
16.7,17.16,17.5
16.4,16.62,16.7
16.4,16.16,16.4
20.5,16.84,16.4
21.4,20.42,20.5
22.3,19.67,21.4
24.600002,21.67,22.3
20.9,22.81,24.6
19.2,18.16,20.9
17.1,19.3,19.2
15.6,17.14,17.1
15.3,16.08,15.6
15.6,16.53,15.3
16.6,16.62,15.6
17.8,17.03,16.6
21.2,18.88,17.8
22.8,21.19,21.2
19.0,21.06,22.8
17.5,18.5,19.0
16.8,17.17,17.5
17.8,17.9,16.8
17.8,18.62,17.8
17.6,18.34,17.8
17.7,17.5,17.6
17.8,18.02,17.7
18.4,19.19,17.8
21.4,18.95,18.4
23.2,21.84,21.4
19.5,21.53,23.2
16.6,19.19,19.5
16.4,16.14,16.6
20.9,17.78,16.4
23.0,21.44,20.9
18.5,21.19,23.0
17.9,17.67,18.5
19.7,18.44,17.9
20.5,20.11,19.7
19.4,20.39,20.5
21.8,18.73,19.4
22.1,21.97,21.8
18.8,20.53,22.1
19.4,18.72,18.8
20.2,19.94,19.4
18.1,18.84,20.2
17.9,18.6,18.1
18.5,18.06,17.9
17.4,18.94,18.5
17.2,16.94,17.4
20.8,18.16,17.2
20.3,21.02,20.8
19.8,19.31,20.3
18.8,19.45,19.8
17.6,18.5,18.8
18.3,17.69,17.6
20.2,18.81,18.3
21.6,20.31,20.2
21.2,20.92,21.6
20.6,20.34,21.2
20.7,20.34,20.6
21.2,20.62,20.7
20.7,20.88,21.2
18.9,20.73,20.7
19.0,18.22,18.9
19.4,19.94,19.0
19.1,19.28,19.4
17.4,18.67,19.1
15.8,16.52,17.4
16.5,16.17,15.8
17.1,17.72,16.5
16.7,18.31,17.1
17.1,17.64,16.7
16.9,17.56,17.1
14.6,15.516,16.9
15.5,15.34,14.6
14.8,15.42,15.5
15.4,15.53,14.8
16.3,17.27,15.4
16.3,16.05,16.3
14.7,15.72,16.3
15.3,14.55,14.7
13.9,15.484,15.3
13.9,13.16,13.9
14.0,14.12,13.9
14.9,14.875,14.0
15.5,14.39,14.9
14.6,14.914,15.5
14.7,14.016,14.6
14.9,15.04,14.7
16.0,14.91,14.9
14.7,16.06,16.0
15.2,13.63,14.7
14.7,15.375,15.2
14.4,14.41,14.7
14.0,14.125,14.4
14.0,14.84,14.0
16.2,14.234,14.0
14.5,16.06,16.2
10.7,13.24,14.5
11.1,10.984,10.7
16.2,12.08,11.1
16.0,16.44,16.2
15.1,14.016,16.0
16.3,14.39,15.1
15.2,16.12,16.3
13.7,13.9,15.2
15.8,14.11,13.7
17.4,15.7,15.8
17.7,15.984,17.4
16.7,16.11,17.7
16.1,15.875,16.7
17.1,15.41,16.1
15.8,16.4,17.1
16.5,14.69,15.8
15.1,15.83,16.5
16.1,15.47,15.1
16.3,15.05,16.1
17.0,16.16,16.3
14.3,15.44,17.0
13.0,13.19,14.3
12.9,12.87,13.0
12.4,12.055,12.9
11.1,12.43,12.4
13.2,10.72,11.1
16.7,14.875,13.2
14.2,15.2,16.7
17.0,13.47,14.2
14.2,16.78,17.0
14.4,12.72,14.2
14.4,14.234,14.4
14.7,13.49,14.4
13.0,13.586,14.7
11.6,11.875,13.0
12.3,11.11,11.6
13.5,12.92,12.3
11.1,12.38,13.5
6.2,10.2,11.1
5.1,6.11,6.2
7.1,6.79,5.1
9.3,9.12,7.1
10.1,10.13,9.3
9.8,9.555,10.1
12.3,9.71,9.8
11.4,11.625,12.3
9.7,9.67,11.4
12.2,9.78,9.7
13.0,13.734,12.2
11.6,10.54,13.0
6.3,10.74,11.6
3.1999998,5.176,6.3
3.9,3.766,3.2
10.0,5.62,3.9
13.1,10.91,10.0
11.2,11.5,13.1
11.5,9.83,11.2
12.5,11.125,11.5
10.4,11.14,12.5
9.6,9.33,10.4
10.6,9.49,9.6
9.8,9.25,10.6
10.1,8.97,9.8
9.9,8.69,10.1
11.3,9.67,9.9
13.9,11.31,11.3
12.8,12.234,13.9
10.3,11.48,12.8
3.5,8.086,10.3
0.6000004,3.688,3.5
1.7999997,0.5938,0.6
3.5,3.473,1.8
5.3,4.418,3.5
8.8,7.71,5.3
5.9000006,7.887,8.8
7.8,5.586,5.9
6.7,9.56,7.8
4.5,5.746,6.7
1.6999998,5.168,4.5
5.3,2.008,1.7
7.3,7.336,5.3
7.2,6.43,7.3
11.6,7.98,7.2
12.4,10.11,11.6
13.1,10.35,12.4
12.6,11.37,13.1
11.8,10.336,12.6
9.3,9.77,11.8
6.1000004,7.89,9.3
3.8000002,4.8,6.1
1.3999996,3.078,3.8
2.0999994,2.57,1.4
2.8000002,2.344,2.1
10.2,3.516,2.8
10.6,9.28,10.2
10.6,9.75,10.6
10.7,9.46,10.6
10.0,9.53,10.7
9.8,8.7,10.0
10.5,9.67,9.8
11.5,9.65,10.5
10.8,10.95,11.5
12.3,9.875,10.8
10.8,12.125,12.3
9.7,8.62,10.8
10.9,8.57,9.7
11.5,10.21,10.9
10.3,10.04,11.5
11.3,9.91,10.3
11.1,10.26,11.3
8.4,9.58,11.1
8.8,8.12,8.4
9.0,9.1,8.8
10.1,8.32,9.0
8.9,9.78,10.1
7.9,8.41,8.9
7.8,8.42,7.9
7.3,7.11,7.8
7.1,7.387,7.3
5.6,6.875,7.1
2.6999998,5.41,5.6
2.3000002,2.957,2.7
6.5,3.117,2.3
5.3,7.234,6.5
6.7,5.027,5.3
5.0,7.984,6.7
1.9999995,4.496,5.0
4.2,2.352,2.0
3.9,5.863,4.2
2.6,3.512,3.9
5.3,1.82,2.6
7.3,7.957,5.3
7.0,7.04,7.3
7.5,7.1,7.0
8.0,7.83,7.5
7.1,7.023,8.0
8.4,6.76,7.1
10.3,8.46,8.4
7.3,9.4,10.3
5.9000006,5.547,7.3
5.3,5.562,5.9
8.3,4.863,5.3
9.2,9.234,8.3
8.3,8.45,9.2
4.4,8.22,8.3
0.8999996,3.293,4.4
1.3999996,0.9844,0.9
5.8,1.988,1.4
7.8,7.812,5.8
9.4,8.484,7.8
7.9,8.84,9.4
5.4,6.453,7.9
5.2,4.797,5.4
6.6,6.47,5.2
6.2,6.11,6.6
7.0,6.7,6.2
7.6,7.133,7.0
7.3,7.242,7.6
7.2,7.094,7.3
7.3,7.008,7.2
6.4,7.336,7.3
4.5,5.805,6.4
3.3000002,3.969,4.5
6.5,4.586,3.3
9.2,7.918,6.5
6.3,7.83,9.2
6.5,7.008,6.3
5.9000006,6.016,6.5
7.0,6.492,5.9
6.9,6.062,7.0
7.4,7.625,6.9
8.4,7.414,7.4
7.9,8.21,8.4
8.7,6.344,7.9
9.9,9.945,8.7
10.3,9.516,9.9
11.7,9.734,10.3
13.6,11.66,11.7
14.3,12.29,13.6
12.9,12.766,14.3
12.1,12.14,12.9
6.6,11.05,12.1
4.8,4.3,6.6
6.5,6.055,4.8
5.5,7.227,6.5
5.3,6.61,5.5
6.3,5.75,5.3
5.1,5.656,6.3
5.5,5.31,5.1
5.2,5.805,5.5
6.8,5.992,5.2
7.2,7.46,6.8
9.2,7.863,7.2
9.5,9.41,9.2
10.3,9.53,9.5
10.7,10.14,10.3
9.7,10.54,10.7
11.3,9.9,9.7
11.5,11.21,11.3
10.5,11.15,11.5
12.5,11.06,10.5
12.1,12.67,12.5
10.5,10.805,12.1
11.5,10.766,10.5
12.7,12.5,11.5
12.6,11.76,12.7
11.8,12.75,12.6
10.2,11.63,11.8
10.2,9.72,10.2
10.2,10.76,10.2
10.4,9.766,10.2
10.6,10.48,10.4
12.3,10.01,10.6
11.8,12.59,12.3
9.7,10.43,11.8
9.8,9.2,9.7
9.4,9.97,9.8
10.7,9.484,9.4
9.4,10.68,10.7
9.6,9.445,9.4
9.9,10.945,9.6
10.3,10.766,9.9
10.0,10.55,10.3
11.4,10.66,10.0
9.3,11.03,11.4
8.7,8.86,9.3
8.2,9.41,8.7
8.3,8.66,8.2
9.5,9.87,8.3
11.2,10.484,9.5
13.2,12.07,11.2
9.0,12.53,13.2
8.3,9.36,9.0
8.0,9.61,8.3
9.4,9.22,8.0
10.0,10.77,9.4
11.2,11.37,10.0
12.4,11.89,11.2
13.6,13.2,12.4
13.1,13.57,13.6
12.8,12.95,13.1
13.0,12.984,12.8
12.9,14.625,13.0
12.9,12.5,12.9
14.8,13.15,12.9
15.7,14.7,14.8
13.3,15.34,15.7
12.3,12.95,13.3
11.7,12.17,12.3
12.5,11.9,11.7
15.2,13.96,12.5
18.1,14.766,15.2
20.2,18.47,18.1
18.5,19.42,20.2
14.6,15.05,18.5
14.6,14.12,14.6
16.8,15.766,14.6
16.9,17.1,16.8
16.0,16.4,16.9
16.3,14.89,16.0
17.5,17.17,16.3
19.3,17.53,17.5
21.5,19.45,19.3
21.1,20.25,21.5
21.9,20.19,21.1
16.7,21.19,21.9
17.1,16.72,16.7
15.1,17.34,17.1
14.5,15.47,15.1
14.7,15.15,14.5
14.2,15.234,14.7
15.9,15.43,14.2
16.2,17.11,15.9
18.1,16.3,16.2
17.0,17.88,18.1
16.5,17.19,17.0
15.4,16.75,16.5
14.8,15.67,15.4
15.8,15.43,14.8
15.6,16.72,15.8
15.2,15.984,15.6
14.2,15.31,15.2
13.6,14.5,14.2
14.0,14.69,13.6
15.4,15.53,14.0
15.2,16.1,15.4
16.9,16.48,15.2
16.1,16.5,16.9
16.5,16.28,16.1
16.8,17.73,16.5
18.3,16.33,16.8
20.1,18.31,18.3
19.8,20.25,20.1
20.0,18.84,19.8
21.6,20.12,20.0
20.7,21.06,21.6
20.6,19.38,20.7
20.9,20.0,20.6
20.8,21.47,20.9
18.3,20.66,20.8
18.1,17.62,18.3
17.7,18.08,18.1
18.5,18.44,17.7
18.4,19.44,18.5
18.2,18.25,18.4
18.5,18.28,18.2
17.8,18.25,18.5
17.5,17.6,17.8
17.4,18.17,17.5
15.7,17.3,17.4
16.5,15.76,15.7
19.0,17.56,16.5
17.4,19.3,19.0
16.1,16.81,17.4
15.2,15.97,16.1
15.9,16.03,15.2
16.6,16.94,15.9
16.6,17.78,16.6
16.5,16.28,16.6
16.7,16.48,16.5
17.7,17.14,16.7
16.6,17.45,17.7
17.2,16.03,16.6
18.3,17.64,17.2
19.6,18.16,18.3
19.2,19.17,19.6
17.7,20.03,19.2
18.2,16.97,17.7
15.6,18.44,18.2
15.6,15.33,15.6
16.7,16.38,15.6
15.9,16.98,16.7
15.6,15.83,15.9
14.7,15.3,15.6
15.1,15.68,14.7
15.8,16.19,15.1
14.9,15.516,15.8
14.9,14.414,14.9
14.7,15.75,14.9
14.7,13.77,14.7
15.9,15.75,14.7
15.3,16.12,15.9
17.3,15.68,15.3
18.1,17.34,17.3
17.7,17.17,18.1
16.8,17.66,17.7
15.1,15.66,16.8
15.6,15.39,15.1
14.0,15.2,15.6
13.1,13.45,14.0
13.5,13.766,13.1
13.5,14.445,13.5
12.2,11.8,13.5
12.9,12.92,12.2
15.1,13.86,12.9
14.5,15.81,15.1
13.8,13.31,14.5
13.2,15.16,13.8
12.3,11.84,13.2
14.2,13.445,12.3
12.3,13.695,14.2
11.9,11.77,12.3
13.9,13.44,11.9
14.4,13.56,13.9
15.4,14.05,14.4
15.7,15.36,15.4
14.4,14.09,15.7
17.0,15.33,14.4
13.9,16.4,17.0
13.0,13.42,13.9
13.2,12.52,13.0
12.8,12.05,13.2
13.2,13.195,12.8
12.4,12.95,13.2
12.9,11.81,12.4
14.1,13.26,12.9
13.9,13.14,14.1
12.8,13.16,13.9
13.8,12.5,12.8
12.7,12.34,13.8
15.4,13.16,12.7
16.8,15.34,15.4
15.0,15.29,16.8
12.2,13.336,15.0
11.1,11.31,12.2
11.2,9.94,11.1
14.8,12.2,11.2
14.8,15.25,14.8
16.1,13.06,14.8
16.1,15.234,16.1
16.0,14.86,16.1
15.6,14.94,16.0
16.1,15.28,15.6
14.0,14.56,16.1
13.0,12.89,14.0
15.4,14.17,13.0
14.4,15.1,15.4
11.7,12.945,14.4
11.3,11.31,11.7
14.1,11.766,11.3
14.2,13.8,14.1
14.9,13.125,14.2
15.2,14.445,14.9
13.6,14.17,15.2
12.7,13.05,13.6
14.2,12.03,12.7
11.6,14.15,14.2
10.8,10.625,11.6
10.1,10.305,10.8
8.5,10.86,10.1
8.1,9.01,8.5
9.3,8.78,8.1
8.2,9.69,9.3
8.6,8.1,8.2
6.6,8.72,8.6
4.9,5.652,6.6
6.9,6.65,4.9
6.7,7.92,6.9
9.7,6.27,6.7
7.8,10.87,9.7
3.9,5.27,7.8
4.7,4.066,3.9
6.1000004,7.438,4.7
7.8,6.844,6.1
10.9,10.16,7.8
8.4,9.516,10.9
9.3,7.965,8.4
8.0,8.45,9.3
12.4,7.582,8.0
12.1,11.83,12.4
12.1,9.56,12.1
10.6,10.75,12.1
10.1,8.555,10.6
6.6,8.68,10.1
5.5,5.12,6.6
7.4,5.79,5.5
8.9,7.82,7.4
6.4,7.953,8.9
5.5,5.375,6.4
5.4,6.24,5.5
6.6,4.695,5.4
5.3,7.734,6.6
6.8,5.137,5.3
5.2,7.023,6.8
4.3,4.71,5.2
4.8,5.6,4.3
12.4,4.973,4.8
11.2,10.086,12.4
9.7,9.09,11.2
8.4,8.57,9.7
8.0,8.125,8.4
6.9,6.98,8.0
6.4,6.32,6.9
2.5,5.633,6.4
3.5,1.879,2.5
1.6999998,5.18,3.5
-0.19999981,1.5625,1.7
2.0999994,1.609,-0.2
-0.3000002,3.23,2.1
1.7999997,0.703,-0.3
-1.3000002,3.29,1.8
-3.8000002,-1.664,-1.3
-2.6999998,-3.734,-3.8
2.3000002,0.9453,-2.7
2.5,2.895,2.3
1.6999998,1.68,2.5
0.19999981,1.086,1.7
0.5,-0.04688,0.2
-2.3999996,0.742,0.5
1.1000004,-2.922,-2.4
5.0,1.75,1.1
8.5,6.062,5.0
7.5,7.297,8.5
7.2,5.484,7.5
5.2,6.508,7.2
7.1,5.96,5.2
9.3,7.523,7.1
9.6,8.42,9.3
8.3,7.625,9.6
8.5,7.45,8.3
6.6,7.504,8.5
5.6,5.9,6.6
7.0,4.867,5.6
5.4,7.117,7.0
5.5,4.305,5.4
8.0,6.195,5.5
8.4,8.91,8.0
5.1,7.14,8.4
6.0,4.93,5.1
3.6,6.273,6.0
4.8,2.934,3.6
3.8000002,5.812,4.8
4.6,4.56,3.8
6.3,5.047,4.6
5.0,5.68,6.3
9.4,5.92,5.0
9.3,9.39,9.4
10.1,7.92,9.3
11.1,9.62,10.1
8.3,9.37,11.1
9.2,6.914,8.3
9.7,10.41,9.2
9.3,9.0,9.7
11.2,9.21,9.3
8.1,10.14,11.2
10.3,6.22,8.1
7.4,9.92,10.3
9.7,6.977,7.4
10.2,9.266,9.7
9.7,10.28,10.2
10.6,9.29,9.7
10.0,10.62,10.6
10.7,9.58,10.0
10.2,10.06,10.7
11.3,9.414,10.2
11.5,10.83,11.3
11.4,11.12,11.5
9.4,10.49,11.4
9.0,8.58,9.4
10.8,9.414,9.0
11.2,9.9,10.8
11.0,11.1,11.2
11.1,10.555,11.0
9.9,11.25,11.1
10.2,9.03,9.9
10.3,10.516,10.2
10.8,9.945,10.3
10.0,10.65,10.8
10.1,9.08,10.0
11.1,9.2,10.1
11.6,9.86,11.1
9.5,10.66,11.6
8.4,8.4,9.5
11.1,9.45,8.4
11.5,11.44,11.1
11.4,10.59,11.5
8.8,10.28,11.4
11.0,8.29,8.8
9.4,10.66,11.0
8.0,8.24,9.4
9.2,8.59,8.0
8.8,9.26,9.2
10.7,9.8,8.8
10.3,11.11,10.7
10.2,9.555,10.3
11.5,10.555,10.2
11.7,11.484,11.5
8.8,10.68,11.7
7.9,7.71,8.8
8.1,7.883,7.9
9.1,8.22,8.1
10.1,9.34,9.1
10.9,9.31,10.1
10.9,11.46,10.9
9.4,10.14,10.9
9.1,8.41,9.4
11.7,9.76,9.1
12.0,12.7,11.7
12.7,11.56,12.0
13.5,12.44,12.7
14.3,11.914,13.5
11.6,12.83,14.3
9.5,10.23,11.6
9.5,8.88,9.5
10.4,10.164,9.5
11.1,10.1,10.4
10.5,10.02,11.1
10.1,10.64,10.5
10.3,9.57,10.1
8.7,10.375,10.3
7.9,8.55,8.7
6.8,8.05,7.9
7.5,7.14,6.8
9.2,8.69,7.5
9.5,9.36,9.2
12.8,11.07,9.5
12.5,13.6,12.8
13.0,11.68,12.5
13.2,13.32,13.0
12.8,13.08,13.2
13.0,12.06,12.8
15.6,13.09,13.0
18.4,16.25,15.6
15.2,17.34,18.4
14.5,14.66,15.2
13.1,14.25,14.5
8.1,12.875,13.1
7.1,7.78,8.1
10.6,9.47,7.1
10.6,11.7,10.6
12.3,11.38,10.6
11.2,13.37,12.3
12.0,10.65,11.2
12.3,12.23,12.0
11.6,11.89,12.3
14.5,12.32,11.6
15.6,14.78,14.5
13.6,15.33,15.6
14.3,13.23,13.6
14.2,14.516,14.3
12.6,13.9,14.2
12.8,12.625,12.6
14.0,13.3,12.8
15.9,14.125,14.0
14.1,15.6,15.9
15.6,13.29,14.1
17.1,15.78,15.6
17.4,17.1,17.1
16.5,16.16,17.4
18.2,16.27,16.5
20.4,18.38,18.2
19.6,20.53,20.4
15.1,17.53,19.6
12.6,14.42,15.1
12.9,12.42,12.6
16.1,14.08,12.9
14.0,16.67,16.1
16.3,14.1,14.0
17.3,17.06,16.3
15.9,17.12,17.3
16.4,15.89,15.9
18.4,16.81,16.4
16.4,18.62,18.4
16.2,16.3,16.4
15.0,16.34,16.2
15.2,15.03,15.0
14.9,15.766,15.2
14.3,15.66,14.9
16.1,15.28,14.3
15.0,16.83,16.1
14.1,15.18,15.0
15.1,14.28,14.1
14.2,16.58,15.1
14.8,14.21,14.2
15.3,15.7,14.8
15.1,16.16,15.3
14.8,15.17,15.1
12.4,15.516,14.8
12.0,13.11,12.4
12.9,13.266,12.0
13.9,13.65,12.9
14.4,15.53,13.9
13.6,14.14,14.4
11.7,13.83,13.6
13.0,12.96,11.7
14.6,13.48,13.0
15.7,16.22,14.6
16.5,15.47,15.7
18.2,17.22,16.5
19.6,17.77,18.2
20.2,19.27,19.6
19.4,18.81,20.2
17.5,19.22,19.4
17.8,17.44,17.5
17.2,18.25,17.8
16.3,16.45,17.2
17.0,16.89,16.3
17.9,17.89,17.0
16.7,17.78,17.9
16.1,16.56,16.7
17.4,16.38,16.1
18.2,18.0,17.4
18.6,18.53,18.2
19.3,18.94,18.6
18.5,18.5,19.3
16.6,18.78,18.5
16.9,16.94,16.6
18.3,17.31,16.9
18.1,18.66,18.3
18.1,17.77,18.1
19.4,18.03,18.1
17.7,19.28,19.4
16.3,16.62,17.7
18.4,17.1,16.3
19.8,19.1,18.4
19.2,19.45,19.8
18.2,18.97,19.2
18.1,17.97,18.2
18.6,18.56,18.1
17.8,19.03,18.6
20.8,16.94,17.8
23.4,21.02,20.8
20.8,21.97,23.4
20.5,19.56,20.8
20.7,20.03,20.5
18.9,19.64,20.7
18.9,18.72,18.9
20.6,18.97,18.9
20.0,20.6,20.6
20.5,19.42,20.0
20.2,20.0,20.5
21.6,19.95,20.2
21.4,21.17,21.6
19.5,20.7,21.4
19.8,19.4,19.5
20.7,20.6,19.8
20.1,20.22,20.7
17.8,19.27,20.1
16.2,16.97,17.8
16.9,17.64,16.2
15.5,16.66,16.9
16.7,16.38,15.5
18.4,17.61,16.7
17.0,18.94,18.4
15.7,16.1,17.0
15.9,16.4,15.7
17.9,17.16,15.9
16.3,18.23,17.9
14.8,15.49,16.3
14.6,15.36,14.8
15.2,15.59,14.6
15.8,15.78,15.2
16.0,16.38,15.8
15.9,15.9,16.0
15.3,16.3,15.9
15.3,15.84,15.3
12.5,14.414,15.3
12.5,12.31,12.5
13.3,12.85,12.5
14.7,13.64,13.3
17.6,15.05,14.7
19.7,17.86,17.6
18.2,17.27,19.7
18.6,17.52,18.2
17.4,17.38,18.6
17.9,16.97,17.4
17.7,16.6,17.9
17.6,17.14,17.7
17.4,16.4,17.6
17.3,17.03,17.4
15.9,16.19,17.3
16.4,15.94,15.9
16.9,15.766,16.4
17.7,16.33,16.9
17.9,17.38,17.7
16.7,17.2,17.9
16.4,15.625,16.7
15.8,16.1,16.4
15.3,14.86,15.8
15.0,15.33,15.3
15.4,14.95,15.0
17.9,15.625,15.4
18.1,17.97,17.9
15.7,16.75,18.1
15.4,15.04,15.7
12.9,15.95,15.4
12.8,12.32,12.9
11.5,13.13,12.8
15.0,12.72,11.5
16.6,15.59,15.0
16.9,16.2,16.6
18.6,15.47,16.9
18.0,17.97,18.6
17.3,16.44,18.0
15.9,16.05,17.3
15.4,14.98,15.9
15.4,14.86,15.4
10.5,13.77,15.4
9.1,9.71,10.5
10.6,10.46,9.1
11.2,10.95,10.6
7.6,11.305,11.2
4.8,7.26,7.6
5.7,6.406,4.8
8.2,6.844,5.7
8.5,8.98,8.2
6.8,8.266,8.5
10.5,8.44,6.8
14.5,11.7,10.5
13.6,14.0,14.5
12.1,11.95,13.6
11.5,10.6,12.1
11.2,11.945,11.5
11.6,10.17,11.2
10.4,11.66,11.6
8.9,8.99,10.4
8.9,9.016,8.9
8.7,8.83,8.9
12.2,8.25,8.7
15.4,13.2,12.2
15.0,13.78,15.4
15.2,13.26,15.0
14.4,13.97,15.2
13.1,12.68,14.4
11.2,10.97,13.1
9.1,10.21,11.2
7.1,7.684,9.1
9.6,6.184,7.1
11.2,11.22,9.6
11.3,9.96,11.2
10.8,10.46,11.3
11.8,10.05,10.8
12.5,11.664,11.8
10.8,11.13,12.5
11.3,10.16,10.8
10.4,10.12,11.3
7.8,9.984,10.4
4.8,6.97,7.8
4.2,5.46,4.8
4.1,5.094,4.2
6.9,4.723,4.1
12.3,8.914,6.9
11.6,11.164,12.3
12.5,10.28,11.6
14.1,12.08,12.5
12.4,12.72,14.1
8.3,10.836,12.4
7.3,6.406,8.3
4.9,6.883,7.3
4.5,5.383,4.9
1.3999996,4.49,4.5
4.2,1.766,1.4
11.6,7.766,4.2
9.7,10.52,11.6
10.8,8.97,9.7
8.8,9.17,10.8
9.8,7.773,8.8
12.5,9.03,9.8
13.0,11.74,12.5
12.1,10.42,13.0
9.9,11.1,12.1
8.4,8.21,9.9
7.3,6.97,8.4
11.1,7.98,7.3
11.1,10.516,11.1
7.7,10.21,11.1
9.4,7.332,7.7
10.3,10.445,9.4
11.4,10.29,10.3
9.9,10.914,11.4
10.1,8.73,9.9
12.0,9.266,10.1
10.9,12.01,12.0
12.6,9.88,10.9
12.5,11.79,12.6
12.2,11.02,12.5
12.3,11.26,12.2
12.3,10.42,12.3
11.1,11.75,12.3
9.5,9.32,11.1
11.4,8.45,9.5
9.1,10.85,11.4
7.8,7.227,9.1
9.5,9.19,7.8
9.3,9.64,9.5
4.2,7.633,9.3
5.7,4.617,4.2
4.4,7.71,5.7
3.1999998,3.988,4.4
5.1,4.883,3.2
3.9,5.83,5.1
1.0,3.434,3.9
0.39999962,1.086,1.0
0.5,1.898,0.4
1.0,1.805,0.5
2.1999993,1.305,1.0
2.9,3.992,2.2
3.6999998,3.793,2.9
3.5,3.879,3.7
3.1,3.523,3.5
3.6999998,3.988,3.1
6.0,5.266,3.7
7.1,6.676,6.0
8.7,7.07,7.1
6.0,7.63,8.7
5.4,6.094,6.0
6.5,4.77,5.4
7.9,7.11,6.5
8.3,8.62,7.9
8.0,7.59,8.3
8.7,7.855,8.0
10.2,8.28,8.7
10.6,9.875,10.2
8.1,9.086,10.6
8.0,7.32,8.1
11.3,8.26,8.0
11.6,10.055,11.3
9.9,10.84,11.6
8.6,8.65,9.9
9.4,7.85,8.6
8.8,8.27,9.4
7.9,7.95,8.8
8.5,8.01,7.9
9.7,9.46,8.5
7.9,8.74,9.7
7.7,7.516,7.9
10.3,8.08,7.7
13.1,9.875,10.3
10.6,12.445,13.1
9.9,9.38,10.6
11.4,9.74,9.9
11.5,11.16,11.4
9.7,10.82,11.5
9.3,8.61,9.7
10.1,9.59,9.3
8.6,9.88,10.1
8.8,8.32,8.6
10.0,9.305,8.8
9.2,9.99,10.0
8.0,8.7,9.2
7.3,8.12,8.0
8.0,7.023,7.3
8.4,9.2,8.0
8.0,8.336,8.4
8.8,7.848,8.0
8.9,8.414,8.8
9.0,9.53,8.9
8.0,9.37,9.0
7.7,7.805,8.0
10.0,8.71,7.7
10.9,9.95,10.0
11.8,11.016,10.9
13.2,10.836,11.8
12.1,12.22,13.2
11.7,12.93,12.1
10.2,9.125,11.7
11.7,10.69,10.2
11.6,12.18,11.7
11.2,11.31,11.6
10.9,10.914,11.2
10.3,10.53,10.9
10.0,9.805,10.3
8.8,8.89,10.0
7.4,8.766,8.8
6.2,6.934,7.4
5.8,7.36,6.2
6.4,5.875,5.8
4.3,6.875,6.4
4.4,4.387,4.3
5.9000006,5.68,4.4
6.9,7.383,5.9
8.9,7.79,6.9
7.9,9.35,8.9
9.6,7.99,7.9
11.2,9.555,9.6
10.0,11.375,11.2
11.5,9.84,10.0
11.8,12.33,11.5
11.9,10.71,11.8
12.5,11.734,11.9
11.4,13.25,12.5
10.8,10.6,11.4
9.8,9.98,10.8
9.9,9.24,9.8
12.1,10.27,9.9
11.2,12.0,12.1
11.0,11.54,11.2
10.3,11.09,11.0
9.7,10.164,10.3
11.4,10.0,9.7
12.1,12.13,11.4
12.6,12.06,12.1
12.4,12.52,12.6
13.7,11.695,12.4
14.3,13.98,13.7
16.3,14.16,14.3
17.7,15.37,16.3
17.3,15.43,17.7
16.1,15.77,17.3
16.3,15.016,16.1
18.3,16.16,16.3
18.3,17.38,18.3
16.3,16.66,18.3
18.0,16.03,16.3
18.2,17.67,18.0
17.5,16.9,18.2
16.9,17.56,17.5
15.1,15.81,16.9
14.1,14.42,15.1
14.3,14.766,14.1
15.1,15.305,14.3
13.8,15.125,15.1
12.0,13.01,13.8
11.0,12.7,12.0
12.2,12.11,11.0
12.6,14.33,12.2
13.8,13.41,12.6
14.1,15.16,13.8
15.1,14.09,14.1
15.2,15.34,15.1
15.8,14.734,15.2
17.3,16.88,15.8
16.1,17.12,17.3
15.2,15.32,16.1
15.3,15.54,15.2
15.7,16.44,15.3
14.3,15.88,15.7
12.0,14.28,14.3
13.0,12.78,12.0
14.4,14.67,13.0
14.0,15.47,14.4
14.1,14.445,14.0
13.7,14.22,14.1
13.5,14.805,13.7
15.8,14.766,13.5
19.4,16.03,15.8
21.9,20.0,19.4
16.9,19.75,21.9
15.9,14.91,16.9
16.4,16.14,15.9
15.6,17.53,16.4
15.4,15.766,15.6
15.4,15.85,15.4
15.2,15.984,15.4
15.6,15.86,15.2
15.9,16.16,15.6
16.1,16.6,15.9
15.9,16.3,16.1
15.4,16.8,15.9
16.3,15.6,15.4
15.2,16.94,16.3
15.6,15.36,15.2
16.0,16.4,15.6
16.1,16.4,16.0
16.0,15.7,16.1
15.9,17.03,16.0
16.1,16.66,15.9
16.4,16.58,16.1
16.7,16.92,16.4
15.1,16.4,16.7
15.4,15.28,15.1
15.2,16.56,15.4
16.4,15.945,15.2
16.6,16.89,16.4
16.8,16.45,16.6
16.8,17.14,16.8
17.9,17.84,16.8
16.2,16.56,17.9
17.3,16.5,16.2
16.7,18.5,17.3
15.8,15.68,16.7
15.9,15.766,15.8
16.0,16.34,15.9
16.9,16.17,16.0
17.1,17.25,16.9
16.8,17.16,17.1
15.9,16.81,16.8
15.8,16.22,15.9
14.6,16.25,15.8
16.6,15.59,14.6
16.2,17.16,16.6
17.5,16.5,16.2
17.0,16.9,17.5
17.1,16.78,17.0
19.0,17.5,17.1
20.7,18.86,19.0
22.5,19.94,20.7
20.1,21.56,22.5
19.8,18.55,20.1
17.8,19.62,19.8
16.3,16.78,17.8
17.0,16.77,16.3
17.5,17.7,17.0
16.0,17.94,17.5
17.6,16.75,16.0
17.5,18.17,17.6
16.7,16.97,17.5
17.3,17.0,16.7
18.0,18.25,17.3
17.6,18.17,18.0
17.5,16.97,17.6
17.0,17.61,17.5
16.7,15.97,17.0
17.1,17.23,16.7
16.0,16.81,17.1
14.2,15.34,16.0
15.0,14.875,14.2
16.5,16.03,15.0
19.2,17.1,16.5
18.9,19.05,19.2
15.4,17.03,18.9
16.5,15.414,15.4
17.0,17.11,16.5
17.2,16.7,17.0
17.4,17.47,17.2
16.8,17.14,17.4
18.1,16.4,16.8
17.8,18.5,18.1
16.3,16.42,17.8
14.1,15.5,16.3
13.6,13.96,14.1
13.6,14.086,13.6
13.6,13.45,13.6
16.4,13.58,13.6
15.1,17.34,16.4
14.8,13.2,15.1
15.4,14.484,14.8
17.0,15.09,15.4
17.5,16.62,17.0
16.5,17.06,17.5
15.5,15.22,16.5
15.7,14.92,15.5
16.6,16.75,15.7
16.1,15.734,16.6
16.2,15.74,16.1
16.2,15.34,16.2
15.7,15.86,16.2
13.8,14.19,15.7
14.5,15.016,13.8
15.7,14.375,14.5
14.9,15.28,15.7
12.8,13.66,14.9
10.9,12.59,12.8
11.9,11.49,10.9
11.4,12.07,11.9
12.4,11.54,11.4
12.3,12.79,12.4
13.0,11.75,12.3
13.8,14.11,13.0
14.5,12.58,13.8
13.7,14.875,14.5
15.1,12.5,13.7
15.9,15.75,15.1
15.1,14.39,15.9
15.4,14.375,15.1
12.9,14.555,15.4
10.9,11.93,12.9
10.0,10.52,10.9
12.2,10.28,10.0
15.7,13.484,12.2
16.6,15.22,15.7
14.7,15.234,16.6
14.3,13.61,14.7
12.6,14.64,14.3
12.2,11.625,12.6
15.2,12.01,12.2
15.3,15.86,15.2
12.0,13.375,15.3
12.1,11.05,12.0
13.7,11.98,12.1
10.9,14.0,13.7
11.9,10.266,10.9
10.2,12.98,11.9
8.1,9.58,10.2
8.7,7.145,8.1
11.3,10.93,8.7
12.4,10.02,11.3
15.8,13.14,12.4
15.0,15.22,15.8
11.1,12.99,15.0
9.3,9.15,11.1
9.7,11.07,9.3
9.6,9.055,9.7
9.6,9.84,9.6
8.7,9.44,9.6
6.0,7.047,8.7
6.3,6.336,6.0
4.8,6.062,6.3
6.7,4.414,4.8
8.1,8.54,6.7
3.9,7.184,8.1
3.6,3.68,3.9
3.6,4.78,3.6
8.6,3.117,3.6
9.8,9.72,8.6
10.8,8.5,9.8
12.3,10.26,10.8
10.0,11.12,12.3
8.0,9.44,10.0
8.2,7.008,8.0
6.0,7.664,8.2
5.8,5.773,6.0
1.5,5.668,5.8
5.2,0.633,1.5
4.8,6.47,5.2
6.5,5.473,4.8
8.9,5.586,6.5
11.5,9.58,8.9
11.4,10.49,11.5
11.8,9.914,11.4
11.6,10.586,11.8
13.9,10.875,11.6
12.2,10.88,13.9
12.8,11.08,12.2
12.7,11.04,12.8
10.0,10.805,12.7
11.8,8.234,10.0
11.3,11.16,11.8
10.0,9.19,11.3
7.1,8.95,10.0
5.5,6.64,7.1
9.8,7.293,5.5
8.6,9.8,9.8
8.0,7.227,8.6
11.8,9.234,8.0
11.9,10.42,11.8
10.6,10.5,11.9
7.9,9.0,10.6
12.0,7.387,7.9
10.0,12.3,12.0
9.1,8.54,10.0
9.1,8.375,9.1
9.3,9.93,9.1
11.9,7.51,9.3
13.8,11.29,11.9
13.4,13.05,13.8
13.1,11.52,13.4
10.1,11.51,13.1
8.2,9.05,10.1
5.3,7.46,8.2
3.3000002,4.746,5.3
3.6999998,3.645,3.3
7.3,4.223,3.7
9.0,8.445,7.3
9.6,9.14,9.0
11.3,8.87,9.6
9.0,10.7,11.3
6.3,8.05,9.0
8.3,5.83,6.3
12.9,10.11,8.3
10.9,12.05,12.9
8.2,8.7,10.9
9.1,8.68,8.2
10.4,8.03,9.1
11.2,10.77,10.4
10.9,11.35,11.2
9.3,10.14,10.9
9.7,8.63,9.3
11.2,9.516,9.7
10.7,10.2,11.2
6.5,9.05,10.7
3.5,5.516,6.5
5.4,3.648,3.5
8.5,7.793,5.4
7.3,7.188,8.5
10.4,8.54,7.3
9.8,9.81,10.4
9.5,8.91,9.8
7.8,8.945,9.5
8.8,7.594,7.8
4.4,9.38,8.8
3.6,3.379,4.4
3.8000002,4.8,3.6
4.2,3.34,3.8
5.1,5.47,4.2
6.0,5.254,5.1
10.0,7.766,6.0
9.5,9.15,10.0
9.5,8.36,9.5
10.3,9.82,9.5
11.5,9.086,10.3
11.5,11.03,11.5
10.8,10.516,11.5
8.6,9.82,10.8
9.6,7.953,8.6
10.4,9.31,9.6
8.4,9.555,10.4
9.9,7.984,8.4
9.0,9.55,9.9
9.9,7.805,9.0
11.9,10.42,9.9
11.9,11.48,11.9
9.0,10.58,11.9
7.2,8.15,9.0
5.6,7.25,7.2
5.1,5.7,5.6
5.8,5.645,5.1
8.5,7.36,5.8
7.7,8.055,8.5
8.3,8.36,7.7
10.6,8.98,8.3
10.6,9.62,10.6
9.6,9.75,10.6
9.3,9.96,9.6
9.2,8.83,9.3
8.6,8.53,9.2
10.0,8.83,8.6
8.3,9.84,10.0
8.2,7.72,8.3
7.5,7.656,8.2
9.2,7.844,7.5
9.9,10.9,9.2
10.2,9.49,9.9
10.2,10.06,10.2
10.3,9.61,10.2
8.7,10.055,10.3
9.2,8.375,8.7
9.4,8.06,9.2
11.9,10.94,9.4
12.5,11.7,11.9
13.9,11.94,12.5
12.0,13.09,13.9
11.1,11.06,12.0
13.5,10.93,11.1
12.8,13.25,13.5
12.3,11.83,12.8
12.1,11.766,12.3
10.9,11.086,12.1
11.4,11.766,10.9
10.9,11.29,11.4
11.2,10.76,10.9
11.1,11.64,11.2
11.0,10.73,11.1
9.2,10.586,11.0
6.5,9.53,9.2
6.5,5.867,6.5
6.0,7.61,6.5
7.6,6.496,6.0
8.3,8.51,7.6
9.6,8.945,8.3
12.4,10.24,9.6
11.8,12.64,12.4
11.7,10.9,11.8
10.6,11.41,11.7
10.9,9.766,10.6
11.3,11.51,10.9
12.1,12.05,11.3
13.3,12.336,12.1
14.2,13.695,13.3
13.1,13.234,14.2
14.5,12.766,13.1
14.9,13.484,14.5
16.2,14.86,14.9
15.4,13.91,16.2
16.0,15.016,15.4
13.4,15.016,16.0
14.3,12.55,13.4
13.9,14.72,14.3
13.9,13.47,13.9
14.9,13.96,13.9
14.1,14.69,14.9
13.9,14.05,14.1
13.1,13.59,13.9
12.2,12.83,13.1
12.5,12.59,12.2
13.3,13.21,12.5
12.9,14.57,13.3
11.5,12.24,12.9
13.6,11.95,11.5
13.5,14.234,13.6
13.9,13.08,13.5
14.0,14.06,13.9
13.8,14.47,14.0
14.0,13.4,13.8
14.3,15.63,14.0
14.5,14.984,14.3
16.0,14.01,14.5
17.0,17.16,16.0
18.0,16.78,17.0
18.9,18.02,18.0
15.2,17.16,18.9
17.2,15.8,15.2
18.7,17.72,17.2
15.2,18.25,18.7
15.0,15.5,15.2
13.8,15.35,15.0
12.8,14.234,13.8
13.1,14.14,12.8
12.9,14.11,13.1
13.1,13.0,12.9
14.1,14.61,13.1
14.1,14.17,14.1
14.0,14.93,14.1
13.7,14.47,14.0
14.1,14.63,13.7
14.9,14.8,14.1
16.2,15.25,14.9
17.4,16.9,16.2
16.2,17.33,17.4
16.4,15.984,16.2
16.6,16.36,16.4
15.6,17.0,16.6
13.6,15.016,15.6
14.1,13.99,13.6
15.8,15.52,14.1
18.5,16.69,15.8
20.6,19.14,18.5
17.0,19.72,20.6
14.7,16.36,17.0
14.7,15.19,14.7
16.0,15.516,14.7
15.9,17.12,16.0
17.4,16.03,15.9
19.8,18.1,17.4
17.5,18.5,19.8
17.4,17.3,17.5
16.6,17.97,17.4
17.7,16.83,16.6
17.2,18.19,17.7
19.3,17.11,17.2
21.1,19.9,19.3
20.3,19.9,21.1
21.2,19.78,20.3
21.2,21.5,21.2
18.7,19.97,21.2
17.0,18.31,18.7
17.3,17.12,17.0
16.7,17.5,17.3
18.0,17.69,16.7
17.3,18.34,18.0
18.6,17.58,17.3
18.5,19.73,18.6
16.7,17.33,18.5
15.6,16.83,16.7
16.3,15.586,15.6
19.5,17.81,16.3
22.0,20.33,19.5
22.3,21.16,22.0
21.9,21.02,22.3
21.4,20.31,21.9
20.9,21.22,21.4
17.2,20.47,20.9
18.6,17.42,17.2
19.1,19.06,18.6
17.1,19.4,19.1
18.1,17.88,17.1
18.4,19.0,18.1
18.9,18.12,18.4
18.2,19.56,18.9
19.2,18.08,18.2
18.4,19.55,19.2
18.7,18.44,18.4
18.0,18.58,18.7
17.1,18.08,18.0
18.2,17.5,17.1
17.8,18.6,18.2
17.3,18.11,17.8
16.3,17.12,17.3
16.3,16.75,16.3
16.2,16.5,16.3
16.4,16.45,16.2
16.0,16.38,16.4
16.4,16.17,16.0
18.0,16.94,16.4
18.9,18.03,18.0
17.7,18.77,18.9
19.9,17.34,17.7
19.5,20.06,19.9
18.1,17.67,19.5
17.5,17.78,18.1
18.4,17.25,17.5
18.9,17.9,18.4
17.5,18.9,18.9
16.6,17.27,17.5
17.1,16.5,16.6
20.0,17.67,17.1
18.7,19.77,20.0
17.9,17.58,18.7
18.4,17.9,17.9
17.4,18.25,18.4
18.2,17.48,17.4
19.5,18.81,18.2
17.5,19.16,19.5
18.9,17.2,17.5
17.6,19.22,18.9
15.7,17.03,17.6
14.1,15.484,15.7
13.7,14.58,14.1
14.2,13.16,13.7
16.8,16.19,14.2
15.2,16.36,16.8
16.1,15.695,15.2
15.4,15.74,16.1
14.6,15.01,15.4
16.1,15.64,14.6
18.3,16.77,16.1
17.8,17.4,18.3
17.5,16.7,17.8
16.3,16.47,17.5
15.2,15.51,16.3
16.0,16.08,15.2
16.4,15.58,16.0
17.1,16.75,16.4
15.3,15.766,17.1
15.9,14.59,15.3
14.9,15.97,15.9
12.7,14.6,14.9
11.1,12.53,12.7
10.5,10.42,11.1
9.8,11.234,10.5
11.5,10.17,9.8
14.8,13.62,11.5
15.1,14.19,14.8
15.9,14.555,15.1
14.9,14.91,15.9
12.5,13.18,14.9
12.2,11.82,12.5
14.5,12.984,12.2
15.2,14.67,14.5
15.3,14.33,15.2
12.9,13.94,15.3
12.4,12.29,12.9
9.7,12.125,12.4
10.9,10.25,9.7
13.8,11.49,10.9
14.7,13.85,13.8
14.8,13.36,14.7
12.2,13.47,14.8
11.2,11.73,12.2
11.3,10.96,11.2
12.6,11.49,11.3
13.7,13.61,12.6
14.7,11.59,13.7
14.1,14.83,14.7
14.1,13.41,14.1
14.9,13.31,14.1
12.0,12.86,14.9
10.6,10.86,12.0
12.3,10.98,10.6
12.4,12.83,12.3
10.2,11.23,12.4
11.6,9.04,10.2
12.8,11.734,11.6
12.4,11.86,12.8
10.9,10.77,12.4
10.7,11.016,10.9
8.6,9.53,10.7
10.0,8.625,8.6
11.4,9.81,10.0
10.2,11.67,11.4
8.8,8.91,10.2
9.7,8.36,8.8
10.9,10.71,9.7
6.8,9.7,10.9
6.4,7.117,6.8
5.4,6.79,6.4
8.0,5.62,5.4
9.7,9.21,8.0
10.4,8.16,9.7
12.2,10.59,10.4
12.3,10.39,12.2
11.6,11.54,12.3
13.2,11.08,11.6
11.7,12.02,13.2
10.2,10.08,11.7
12.0,10.18,10.2
10.1,12.414,12.0
11.6,8.195,10.1
8.3,11.61,11.6
7.6,6.164,8.3
11.3,7.945,7.6
11.8,11.56,11.3
10.9,9.945,11.8
8.8,9.484,10.9
10.3,8.53,8.8
12.8,10.41,10.3
9.6,10.945,12.8
9.8,8.71,9.6
6.1000004,9.164,9.8
4.9,5.418,6.1
7.2,5.367,4.9
10.9,8.17,7.2
12.9,11.17,10.9
7.0,11.31,12.9
3.6,5.83,7.0
10.3,5.66,3.6
12.0,9.55,10.3
10.5,9.945,12.0
12.4,10.375,10.5
10.5,11.086,12.4
9.9,8.945,10.5
7.4,8.99,9.9
5.5,7.418,7.4
5.6,5.277,5.5
8.1,6.37,5.6
10.6,8.88,8.1
8.7,9.44,9.1
7.2,7.07,8.7
9.4,8.06,7.2
7.5,8.82,9.4
9.2,6.51,7.5
7.3,8.836,9.2
6.7,6.305,7.3
8.3,6.766,6.7
6.3,8.52,8.3
7.3,5.098,6.3
10.1,8.11,7.3
7.8,9.445,10.1
10.9,7.227,7.8
7.8,10.734,10.9
2.6999998,5.625,7.8
-0.6999998,2.84,2.7
1.3000002,-0.0781,-0.7
4.2,3.73,1.3
6.7,5.375,4.2
8.8,8.17,6.7
7.1,7.67,8.8
8.8,8.5,7.1
7.8,8.555,8.8
10.1,7.188,7.8
9.2,9.836,10.1
10.1,9.1,9.2
10.7,9.7,10.1
11.1,10.26,10.7
9.9,10.555,11.1
9.3,9.01,9.9
8.8,8.25,9.3
10.0,8.664,8.8
9.5,9.16,10.0
9.5,9.66,9.5
9.4,10.61,9.5
7.9,8.08,9.4
10.0,8.67,7.9
10.4,9.836,10.0
9.8,9.93,10.4
8.3,9.09,9.8
6.5,6.188,8.3
8.4,7.727,6.5
10.9,9.38,8.4
10.6,11.29,10.9
9.5,9.28,10.6
8.3,7.88,9.5
9.2,9.35,8.3
10.0,9.445,9.2
10.6,9.79,10.0
11.1,10.61,10.6
9.2,10.17,11.1
10.1,8.94,9.2
11.1,10.836,10.1
10.4,10.77,11.1
10.1,9.91,10.4
8.8,9.98,10.1
9.2,9.3,8.8
11.4,10.51,9.2
11.6,11.6,11.4
11.0,10.86,11.6
10.7,10.1,11.0
7.8,11.41,10.7
6.7,7.637,7.8
8.9,7.195,6.7
8.1,10.234,8.9
8.0,7.4,8.1
9.5,9.34,8.0
8.9,9.58,9.5
8.5,8.78,8.9
8.2,8.5,8.5
7.9,8.484,8.2
7.8,7.918,7.9
8.0,8.11,7.8
6.9,8.266,8.0
6.5,7.883,6.9
6.0,6.34,6.5
7.7,7.516,6.0
8.5,7.492,7.7
6.8,8.49,8.5
7.2,6.99,6.8
8.1,7.82,7.2
9.7,7.793,8.1
11.0,9.91,9.7
11.6,10.94,11.0
9.7,11.04,11.6
9.7,8.07,9.7
11.8,11.41,9.7
12.1,12.11,11.8
14.4,11.02,12.1
15.8,14.22,14.4
13.4,13.15,15.8
14.3,13.195,13.4
14.8,13.5,14.3
12.1,14.08,14.8
10.7,11.06,12.1
12.0,11.18,10.7
12.1,12.87,12.0
10.7,12.19,12.1
9.8,10.46,10.7
12.2,10.57,9.8
11.7,12.66,12.2
10.8,12.35,11.7
12.6,10.61,10.8
15.0,13.59,12.6
13.7,13.77,15.0
13.5,13.68,13.7
12.2,13.58,13.5
10.7,12.36,12.2
10.3,11.33,10.7
11.2,10.56,10.3
12.6,12.12,11.2
12.8,12.75,12.6
13.4,13.33,12.8
13.6,13.35,13.4
12.5,13.13,13.6
12.4,12.97,12.5
13.1,12.805,12.4
12.6,13.06,13.1
11.4,12.82,12.6
11.7,11.9,11.4
12.9,12.28,11.7
15.9,13.836,12.9
16.0,16.78,15.9
14.0,15.47,16.0
12.4,13.65,14.0
12.2,12.875,12.4
12.9,12.72,12.2
12.7,13.836,12.9
14.6,12.8,12.7
13.0,15.42,14.6
12.9,12.266,13.0
12.8,13.83,12.9
13.3,13.22,12.8
14.2,13.55,13.3
14.5,14.516,14.2
15.3,14.44,14.5
16.1,15.11,15.3
15.8,15.375,16.1
16.4,15.46,15.8
15.6,16.11,16.4
15.2,16.25,15.6
15.9,15.19,15.2
16.6,16.31,15.9
15.5,16.44,16.6
20.6,15.75,15.5
16.6,20.38,20.6
14.9,14.8,16.6
14.9,15.49,14.9
16.6,15.36,14.9
17.9,17.75,16.6
15.2,17.25,17.9
17.9,15.125,15.2
17.5,19.02,17.9
16.9,16.27,17.5
16.9,17.81,16.9
16.2,16.67,16.9
15.7,16.23,16.2
15.6,16.2,15.7
15.2,16.0,15.6
14.5,16.08,15.2
15.1,14.89,14.5
17.0,15.67,15.1
18.8,17.44,17.0
17.5,18.56,18.8
17.2,17.47,17.5
16.2,16.97,17.2
17.5,16.6,16.2
19.8,18.45,17.5
20.7,20.02,19.8
18.4,20.1,20.7
18.1,17.38,18.4
17.2,18.56,18.1
18.2,17.17,17.2
18.5,18.77,18.2
20.7,18.08,18.5
17.7,20.4,20.7
17.5,17.19,17.7
18.8,18.19,17.5
17.8,18.77,18.8
16.1,16.75,17.8
17.5,16.6,16.1
18.8,18.62,17.5
18.2,18.94,18.8
16.7,17.86,18.2
18.6,17.42,16.7
20.0,19.34,18.6
18.3,20.16,20.0
18.2,17.62,18.3
17.8,17.84,18.2
19.0,17.56,17.8
20.9,19.94,19.0
19.0,20.66,20.9
16.5,18.12,19.0
16.2,16.84,16.5
15.8,17.03,16.2
14.6,16.31,15.8
15.0,14.34,14.6
17.1,15.984,15.0
16.4,17.92,17.1
15.6,16.69,16.4
16.6,16.81,15.6
17.1,17.16,16.6
16.3,16.25,17.1
18.3,16.56,16.3
18.4,18.6,18.3
17.0,17.69,18.4
15.4,16.6,17.0
16.1,15.83,15.4
16.5,16.42,16.1
15.6,16.88,16.5
13.9,15.23,15.6
14.2,14.26,13.9
15.6,14.93,14.2
15.9,15.72,15.6
15.7,16.28,15.9
15.9,15.41,15.7
16.7,16.36,15.9
16.3,16.22,16.7
15.7,16.73,16.3
14.8,16.1,15.7
14.9,14.44,14.8
13.8,14.9,14.9
14.8,14.44,13.8
15.0,14.734,14.8
16.3,15.03,15.0
14.7,16.25,16.3
12.5,14.09,14.7
12.0,12.96,12.5
11.9,12.95,12.0
12.4,11.4,11.9
12.1,14.19,12.4
12.1,11.45,12.1
13.6,12.2,12.1
13.1,14.25,13.6
13.3,12.24,13.1
15.3,13.69,13.3
15.8,14.3,15.3
15.4,15.72,15.8
14.8,15.12,15.4
15.4,14.34,14.8
14.2,14.516,15.4
13.8,13.5,14.2
13.6,13.5,13.8
14.1,12.78,13.6
12.5,14.02,14.1
13.2,12.88,12.5
12.6,13.54,13.2
9.0,11.234,12.6
8.6,8.2,9.0
8.9,10.13,8.6
10.1,9.945,8.9
10.9,10.13,10.1
12.4,10.63,10.9
14.5,12.516,12.4
14.2,13.26,14.5
17.4,14.56,14.2
16.0,15.96,17.4
14.7,13.695,16.0
15.1,14.414,14.7
16.1,14.97,15.1
13.0,14.766,16.1
10.7,11.22,13.0
13.7,11.94,10.7
13.2,12.72,13.7
14.3,12.77,13.2
15.0,13.77,14.3
12.7,13.51,15.0
12.2,11.6,12.7
11.1,11.48,12.2
10.7,10.54,11.1
9.8,10.58,10.7
10.2,9.47,9.8
13.7,11.25,10.2
14.8,13.67,13.7
12.8,13.41,14.8
11.0,11.31,12.8
11.6,10.266,11.0
13.9,12.914,11.6
10.8,12.5,13.9
9.3,10.27,10.8
11.5,8.77,9.3
13.0,12.65,11.5
13.2,11.56,13.0
12.5,12.42,13.2
12.2,11.67,12.5
12.4,11.45,12.2
12.6,12.09,12.4
13.8,11.37,12.6
14.4,14.33,13.8
12.4,12.4,14.4
10.1,10.35,12.4
10.6,10.08,10.1
13.8,11.34,10.6
13.9,13.766,13.8
14.1,12.37,13.9
13.8,12.766,14.1
13.5,13.03,13.8
12.4,12.55,13.5
12.2,11.54,12.4
11.1,11.16,12.2
9.2,9.87,11.1
9.7,9.22,9.2
10.6,9.72,9.7
9.6,9.66,10.6
11.6,10.65,9.6
12.0,11.02,11.6
12.3,10.96,12.0
13.1,11.76,12.3
12.8,11.75,13.1
10.7,11.89,12.8
11.0,9.68,10.7
11.7,11.03,11.0
12.3,11.08,11.7
9.9,11.66,12.3
13.0,8.96,9.9
13.7,12.73,13.0
13.3,12.305,13.7
12.1,11.82,13.3
10.9,11.03,12.1
10.5,10.18,10.9
11.4,10.02,10.5
11.7,10.125,11.4
9.3,12.664,11.7
8.5,8.055,9.3
8.5,8.586,8.5
8.8,8.45,8.5
5.0,8.484,8.8
2.5,4.52,5.0
0.39999962,3.027,2.5
5.4,2.031,0.4
11.3,8.56,5.4
12.7,10.14,11.3
13.4,11.36,12.7
12.0,11.72,13.4
9.4,10.8,12.0
7.9,7.883,9.4
5.7,7.547,7.9
5.5,5.973,5.7
4.5,5.125,5.5
9.5,5.93,4.5
10.9,9.43,9.5
8.0,9.32,10.9
7.3,6.38,8.0
10.3,7.535,7.3
9.6,10.01,10.3
10.4,8.76,9.6
10.1,9.38,10.4
5.3,9.195,10.1
4.1,3.246,5.3
8.4,5.785,4.1
8.9,7.777,8.4
10.8,8.484,8.9
9.9,9.91,10.8
6.4,8.766,9.9
9.4,5.297,6.4
7.5,9.72,9.4
10.4,6.184,7.5
11.0,10.66,10.4
7.8,9.05,11.0
9.5,7.46,7.8
12.3,9.266,9.5
8.8,10.92,12.3
9.7,7.535,8.8
10.9,10.55,9.7
11.1,9.76,10.9
10.2,10.02,11.1
11.6,9.34,10.2
10.8,11.445,11.6
8.8,9.37,10.8
11.1,9.35,8.8
11.9,10.79,11.1
10.3,10.63,11.9
9.3,9.46,10.3
11.0,8.47,9.3
10.7,10.85,11.0
9.8,9.58,10.7
10.1,10.07,9.8
10.8,9.66,10.1
9.7,10.36,10.8
9.7,9.28,9.7
10.8,9.836,9.7
10.9,10.93,10.8
10.4,10.9,10.9
7.8,10.55,10.4
9.1,7.824,7.8
11.0,10.17,9.1
10.7,10.64,11.0
7.0,9.47,10.7
7.5,6.57,7.0
7.7,8.695,7.5
11.4,7.777,7.7
8.9,11.375,11.4
5.4,7.816,8.9
7.2,4.43,5.4
10.2,8.68,7.2
7.8,9.71,10.2
6.7,8.32,7.8
5.7,6.86,6.7
6.8,6.133,5.7
8.2,7.6,6.8
6.2,8.26,8.2
6.3,5.03,6.2
5.6,6.594,6.3
7.8,5.387,5.6
11.4,9.26,7.8
10.3,10.15,11.4
9.4,9.88,10.3
9.0,8.64,9.4
7.8,8.414,9.0
6.8,7.934,7.8
8.6,6.227,6.8
10.8,9.39,8.6
9.8,10.2,10.8
8.1,8.96,9.8
6.1000004,7.67,8.1
6.1000004,5.414,6.1
8.2,6.914,6.1
9.2,8.91,8.2
10.0,9.78,9.2
10.0,10.086,10.0
10.0,10.14,10.0
8.6,9.74,10.0
8.7,8.41,8.6
8.1,10.484,8.7
7.2,6.22,8.1
9.2,8.47,7.2
10.8,9.62,9.2
9.2,9.555,10.8
10.8,9.19,9.2
10.5,10.375,10.8
10.1,10.49,10.5
11.3,9.85,10.1
11.4,11.29,11.3
10.8,10.41,11.4
8.5,10.195,10.8
9.6,8.81,8.5
11.1,9.85,9.6
11.6,10.64,11.1
9.8,10.95,11.6
10.4,9.08,9.8
10.2,10.81,10.4
9.9,9.68,10.2
10.3,9.86,9.9
9.1,10.734,10.3
5.3,8.53,9.1
4.8,5.09,5.3
7.7,6.4,4.8
6.4,9.8,7.7
8.3,6.71,6.4
8.4,8.8,8.3
9.3,9.04,8.4
10.9,10.14,9.3
11.3,11.5,10.9
11.5,11.09,11.3
11.8,11.72,11.5
12.1,11.49,11.8
13.5,12.4,12.1
14.9,13.56,13.5
17.4,14.48,14.9
18.8,16.22,17.4
19.2,17.06,18.8
19.9,17.38,19.2
18.4,17.48,19.9
13.0,15.82,18.4
12.2,12.42,13.0
11.7,11.83,12.2
12.2,12.586,11.7
8.1,11.78,12.2
8.3,7.945,8.1
8.6,9.91,8.3
9.7,9.57,8.6
12.9,11.1,9.7
11.0,13.56,12.9
10.1,10.03,11.0
9.9,10.62,10.1
10.7,11.02,9.9
11.3,10.86,10.7
14.9,12.586,11.3
15.9,14.734,14.9
13.3,14.5,15.9
13.0,13.586,13.3
13.8,13.28,13.0
15.0,14.49,13.8
14.8,15.35,15.0
13.7,14.39,14.8
12.8,13.695,13.7
12.8,13.31,12.8
12.9,13.484,12.8
13.7,14.49,12.9
13.5,13.78,13.7
13.4,14.24,13.5
13.0,13.53,13.4
13.6,13.78,13.0
13.8,14.484,13.6
12.5,13.74,13.8
12.0,12.94,12.5
13.3,12.88,12.0
13.3,14.44,13.3
13.5,13.25,13.3
12.1,13.33,13.5
12.6,12.63,12.1
14.3,13.8,12.6
14.1,15.375,14.3
13.7,14.35,14.1
14.9,14.25,13.7
16.1,15.27,14.9
17.2,16.48,16.1
17.2,16.6,17.2
17.1,17.03,17.2
16.2,16.61,17.1
15.6,16.0,16.2
16.1,15.34,15.6
19.9,16.77,16.1
20.6,19.78,19.9
21.9,19.1,20.6
24.3,21.44,21.9
20.7,22.44,24.3
18.9,17.94,20.7
16.8,18.98,18.9
15.2,16.86,16.8
14.9,15.766,15.2
15.1,16.1,14.9
15.7,16.03,15.1
17.1,16.14,15.7
20.9,18.3,17.1
22.6,20.94,20.9
18.5,20.78,22.6
17.2,17.9,18.5
16.3,17.0,17.2
17.3,17.23,16.3
17.4,18.08,17.3
17.3,17.94,17.4
17.4,17.36,17.3
17.3,17.64,17.4
17.5,18.5,17.3
20.6,18.22,17.5
22.5,21.16,20.6
18.6,20.92,22.5
16.2,18.34,18.6
16.0,15.984,16.2
20.2,17.12,16.0
22.7,20.92,20.2
18.1,21.03,22.7
17.5,17.27,18.1
19.0,18.03,17.5
20.0,19.52,19.0
19.0,19.9,20.0
21.4,18.47,19.0
21.6,21.55,21.4
18.2,20.06,21.6
18.7,18.05,18.2
19.7,19.31,18.7
17.7,18.61,19.7
17.7,18.16,17.7
18.2,17.73,17.7
17.2,18.69,18.2
17.0,16.77,17.2
20.7,18.0,17.0
20.0,20.81,20.7
19.1,18.88,20.0
18.3,18.81,19.1
17.2,18.1,18.3
18.0,17.22,17.2
20.0,18.38,18.0
21.4,20.22,20.0
21.1,20.53,21.4
20.6,20.4,21.1
20.7,20.12,20.6
21.0,20.62,20.7
20.4,20.62,21.0
18.4,20.47,20.4
18.8,17.66,18.4
19.0,19.6,18.8
18.7,18.86,19.0
17.1,18.56,18.7
15.5,16.23,17.1
16.3,15.79,15.5
16.8,17.53,16.3
16.4,17.9,16.8
17.0,17.4,16.4
16.6,17.31,17.0
14.6,15.28,16.6
15.5,15.28,14.6
14.6,15.45,15.5
15.1,15.31,14.6
16.0,16.94,15.1
16.2,16.03,16.0
14.8,15.72,16.2
15.2,14.64,14.8
14.0,15.375,15.2
13.9,13.23,14.0
14.0,14.13,13.9
14.8,14.84,14.0
15.3,14.3,14.8
14.5,14.81,15.3
14.6,13.84,14.5
14.7,14.85,14.6
15.7,14.59,14.7
14.4,15.766,15.7
15.0,13.66,14.4
14.4,15.14,15.0
14.2,14.016,14.4
14.0,14.016,14.2
13.8,14.95,14.0
15.8,14.0,13.8
14.2,15.58,15.8
10.5,13.14,14.2
11.0,10.71,10.5
15.7,12.03,11.0
15.7,16.02,15.7
14.8,13.71,15.7
16.1,14.09,14.8
15.1,16.02,16.1
13.7,13.586,15.1
15.5,13.98,13.7
16.8,15.45,15.5
17.1,15.34,16.8
16.1,15.66,17.1
15.3,15.33,16.1
16.5,14.71,15.3
15.0,15.91,16.5
15.9,14.125,15.0
14.7,15.29,15.9
15.9,15.22,14.7
15.8,14.836,15.9
16.4,15.61,15.8
14.0,14.914,16.4
12.7,13.04,14.0
12.7,12.62,12.7
12.3,11.86,12.7
11.1,12.28,12.3
13.0,10.69,11.1
16.4,14.6,13.0
14.2,15.26,16.4
16.6,13.266,14.2
13.9,16.31,16.6
14.0,12.58,13.9
14.2,13.83,14.0
14.3,13.28,14.2
12.7,13.22,14.3
10.9,11.63,12.7
11.6,10.55,10.9
12.7,12.16,11.6
10.8,11.74,12.7
5.9000006,9.97,10.8
5.0,5.742,5.9
7.1,6.688,5.0
9.1,9.0,7.1
9.6,9.83,9.1
9.5,9.15,9.6
11.9,9.35,9.5
11.2,11.23,11.9
9.9,9.71,11.2
12.1,9.87,9.9
12.7,13.586,12.1
11.2,10.28,12.7
6.4,10.36,11.2
3.1,5.414,6.4
3.6999998,3.527,3.1
8.6,5.484,3.7
12.9,9.71,8.6
11.1,11.93,12.9
11.3,9.375,11.1
12.2,10.92,11.3
9.9,10.63,12.2
9.2,8.805,9.9
10.1,9.14,9.2
9.5,8.77,10.1
9.9,8.69,9.5
9.5,8.664,9.9
11.2,9.37,9.5
13.6,11.09,11.2
12.5,11.86,13.6
10.0,11.164,12.5
3.4,7.902,10.0
0.6999998,3.457,3.4
1.6000004,0.711,0.7
3.3000002,3.129,1.6
5.1,4.27,3.3
8.6,7.555,5.1
5.8,7.715,8.6
7.5,5.53,5.8
6.4,9.23,7.5
4.3,5.52,6.4
1.5,4.98,4.3
4.9,1.793,1.5
7.2,7.145,4.9
7.1,6.43,7.2
11.2,7.64,7.1
12.0,9.82,11.2
12.7,10.04,12.0
12.3,11.02,12.7
11.4,10.09,12.3
8.9,9.53,11.4
5.6,7.547,8.9
3.6,4.254,5.6
1.3000002,3.11,3.6
1.3000002,2.227,1.3
2.3000002,1.461,1.3
9.9,4.07,2.3
10.2,9.164,9.9
10.2,9.41,10.2
10.5,9.05,10.2
9.4,9.32,10.5
9.5,8.27,9.4
10.1,9.3,9.5
11.1,9.29,10.1
10.4,10.61,11.1
12.1,9.4,10.4
10.4,11.94,12.1
9.3,8.21,10.4
10.5,8.1,9.3
11.1,9.89,10.5
10.2,9.71,11.1
11.0,9.77,10.2
10.7,9.875,11.0
8.2,9.195,10.7
8.1,7.78,8.2
8.5,8.16,8.1
9.7,8.05,8.5
8.5,9.32,9.7
7.9,8.03,8.5
7.7,8.25,7.9
7.0,7.336,7.7
6.7,6.914,7.0
5.3,6.367,6.7
2.1999993,5.016,5.3
1.7999997,2.277,2.2
6.0,2.672,1.8
4.6,6.953,6.0
6.0,4.395,4.6
3.8000002,7.465,6.0
1.3999996,3.352,3.8
3.9,2.352,1.4
3.6,5.434,3.9
2.6999998,3.379,3.6
4.9,2.05,2.7
6.8,7.504,4.9
6.5,6.477,6.8
7.5,6.562,6.5
7.9,7.805,7.5
7.0,7.062,7.9
8.3,6.5,7.0
9.9,8.36,8.3
7.2,8.875,9.9
5.5,5.582,7.2
5.0,5.035,5.5
8.0,4.645,5.0
8.8,9.01,8.0
8.1,7.93,8.8
4.2,8.164,8.1
0.8000002,3.09,4.2
1.1000004,0.9453,0.8
5.6,1.531,1.1
7.7,7.535,5.6
9.0,8.33,7.7
7.5,8.516,9.0
5.3,6.215,7.5
5.2,4.61,5.3
6.5,6.285,5.2
5.9000006,5.965,6.5
6.8,6.492,5.9
7.3,6.938,6.8
7.2,7.0,7.3
7.0,7.117,7.2
7.0,6.82,7.0
6.1000004,7.004,7.0
4.5,5.59,6.1
3.1999998,4.082,4.5
6.4,4.395,3.2
9.2,7.633,6.4
6.0,7.96,9.2
6.2,6.656,6.0
5.9000006,5.863,6.2
6.8,6.492,5.9
6.6,5.86,6.8
7.5,7.492,6.6
8.3,7.477,7.5
7.9,8.05,8.3
8.6,6.406,7.9
9.6,9.836,8.6
9.9,9.35,9.6
11.2,9.37,9.9
13.0,11.07,11.2
13.6,11.945,13.0
12.4,12.164,13.6
11.6,11.805,12.4
5.9000006,10.47,11.6
4.2,3.809,5.9
6.3,5.53,4.2
5.5,7.07,6.3
5.1,6.6,5.5
6.2,5.27,5.1
5.1,5.645,6.2
5.3,5.266,5.1
5.0,5.637,5.3
6.5,5.918,5.0
7.1,7.266,6.5
9.1,7.633,7.1
9.3,9.3,9.1
10.0,9.31,9.3
10.4,9.83,10.0
9.3,10.125,10.4
10.9,9.6,9.3
11.0,10.85,10.9
10.0,10.54,11.0
12.0,10.71,10.0
11.6,12.19,12.0
10.4,10.14,11.6
11.2,10.69,10.4
12.4,12.06,11.2
12.2,11.45,12.4
11.6,12.4,12.2
9.8,11.35,11.6
10.0,9.28,9.8
10.1,10.63,10.0
10.2,9.62,10.1
10.5,10.375,10.2
12.1,10.01,10.5
11.4,12.516,12.1
9.6,10.0,11.4
9.4,9.14,9.6
8.9,9.61,9.4
10.3,9.016,8.9
9.1,10.42,10.3
9.5,9.34,9.1
9.6,10.59,9.5
9.8,10.43,9.6
9.5,10.125,9.8
10.7,10.4,9.5
8.8,10.375,10.7
8.6,8.484,8.8
8.2,9.445,8.6
8.2,8.58,8.2
9.3,9.55,8.2
11.0,10.164,9.3
12.7,11.695,11.0
8.4,12.016,12.7
7.8,8.83,8.4
7.6,9.19,7.8
9.2,8.74,7.6
10.0,10.734,9.2
11.1,11.25,10.0
12.0,11.625,11.1
13.1,12.75,12.0
12.6,13.08,13.1
12.5,12.664,12.6
12.4,12.64,12.5
12.5,13.95,12.4
12.5,12.375,12.5
13.7,12.69,12.5
14.9,13.41,13.7
13.0,14.81,14.9
12.2,12.84,13.0
11.6,12.11,12.2
12.1,11.75,11.6
14.9,13.41,12.1
18.0,14.45,14.9
19.7,18.36,18.0
17.5,18.62,19.7
14.0,14.516,17.5
13.9,13.65,14.0
16.1,15.03,13.9
16.1,16.5,16.1
15.6,15.89,16.1
16.0,14.68,15.6
17.2,16.77,16.0
19.0,17.22,17.2
20.9,19.14,19.0
20.9,19.94,20.9
21.6,19.97,20.9
16.2,20.72,21.6
16.8,16.3,16.2
14.8,17.05,16.8
14.4,15.125,14.8
14.4,15.08,14.4
13.9,14.91,14.4
15.6,15.06,13.9
15.9,16.75,15.6
17.7,16.0,15.9
16.4,17.44,17.7
15.7,16.66,16.4
14.9,15.97,15.7
14.7,15.33,14.9
15.6,15.3,14.7
15.3,16.44,15.6
15.0,15.67,15.3
14.2,15.11,15.0
13.5,14.61,14.2
14.0,14.39,13.5
15.2,15.555,14.0
15.0,15.83,15.2
16.7,16.38,15.0
15.8,16.44,16.7
15.7,15.875,15.8
16.5,16.97,15.7
18.1,16.5,16.5
19.8,18.06,18.1
19.3,19.9,19.8
19.1,18.22,19.3
21.0,19.38,19.1
20.6,20.75,21.0
20.6,19.31,20.6
20.9,19.9,20.6
20.6,21.38,20.9
17.8,20.28,20.6
17.5,17.22,17.8
17.2,17.44,17.5
18.0,17.9,17.2
17.9,18.81,18.0
17.8,17.84,17.9
18.2,17.97,17.8
17.2,17.9,18.2
17.2,17.11,17.2
17.3,18.06,17.2
15.6,17.28,17.3
16.3,15.55,15.6
19.1,17.31,16.3
17.2,19.4,19.1
16.1,16.47,17.2
15.2,16.03,16.1
15.8,15.86,15.2
16.4,16.89,15.8
16.3,17.55,16.4
16.2,15.89,16.3
16.6,16.3,16.2
17.6,17.03,16.6
16.4,17.3,17.6
17.1,15.75,16.4
18.3,17.6,17.1
19.7,18.05,18.3
19.1,19.23,19.7
17.4,19.95,19.1
17.9,16.56,17.4
15.6,18.19,17.9
15.5,15.43,15.6
16.5,16.3,15.5
15.8,16.75,16.5
15.6,15.87,15.8
14.7,15.25,15.6
15.2,15.53,14.7
15.7,16.34,15.2
14.8,15.28,15.7
14.8,14.34,14.8
14.5,15.625,14.8
14.4,13.55,14.5
15.7,15.49,14.4
15.2,15.984,15.7
17.0,15.58,15.2
17.7,17.12,17.0
17.4,17.0,17.7
16.5,17.31,17.4
14.9,15.57,16.5
15.4,15.2,14.9
13.8,15.12,15.4
13.0,13.234,13.8
13.5,13.64,13.0
13.3,14.375,13.5
12.1,11.555,13.3
12.9,12.74,12.1
14.7,13.89,12.9
14.2,15.2,14.7
13.5,13.31,14.2
12.8,14.64,13.5
12.0,11.54,12.8
13.8,13.06,12.0
12.4,13.5,13.8
11.9,11.875,12.4
13.8,13.19,11.9
14.3,13.47,13.8
15.0,14.016,14.3
15.6,14.89,15.0
14.1,14.016,15.6
16.4,14.875,14.1
13.6,15.86,16.4
12.9,13.234,13.6
13.1,12.375,12.9
12.5,12.0,13.1
13.1,12.89,12.5
12.3,12.75,13.1
12.6,11.625,12.3
13.8,13.016,12.6
13.6,12.89,13.8
12.5,12.92,13.6
13.6,12.28,12.5
12.7,12.39,13.6
15.1,13.164,12.7
16.5,14.92,15.1
14.6,15.2,16.5
12.2,12.99,14.6
11.1,11.336,12.2
11.2,9.98,11.1
14.6,12.16,11.2
14.5,15.03,14.6
15.5,12.63,14.5
15.5,14.63,15.5
15.1,14.42,15.5
14.7,14.11,15.1
15.6,14.75,14.7
13.9,14.41,15.6
12.9,12.625,13.9
14.9,13.94,12.9
14.2,14.46,14.9
11.6,12.84,14.2
11.0,11.35,11.6
13.8,11.375,11.0
13.9,13.48,13.8
14.6,12.91,13.9
14.8,14.2,14.6
13.3,13.71,14.8
12.4,12.914,13.3
14.0,11.62,12.4
11.6,13.914,14.0
10.7,10.56,11.6
10.0,10.1,10.7
8.4,10.67,10.0
7.7,8.805,8.4
8.9,8.164,7.7
8.1,9.24,8.9
8.6,8.164,8.1
6.5,8.8,8.6
4.4,5.24,6.5
6.8,6.17,4.4
6.5,8.19,6.8
9.2,5.9,6.5
7.4,10.32,9.2
4.1,5.242,7.4
4.7,4.137,4.1
6.2,7.516,4.7
7.7,6.844,6.2
10.5,9.93,7.7
8.1,9.25,10.5
9.0,7.594,8.1
7.9,8.234,9.0
12.1,7.414,7.9
11.8,11.52,12.1
11.8,9.48,11.8
10.3,10.59,11.8
9.7,8.29,10.3
6.5,8.47,9.7
5.6,5.17,6.5
7.1,5.816,5.6
8.4,7.336,7.1
5.8,7.516,8.4
4.7,4.68,5.8
4.2,5.58,4.7
5.5,3.582,4.2
5.0,6.953,5.5
6.6,4.902,5.0
5.0,6.688,6.6
4.0,4.316,5.0
4.3,5.098,4.0
12.2,4.695,4.3
11.1,9.836,12.2
9.5,9.13,11.1
8.2,8.18,9.5
7.8,7.93,8.2
6.9,6.78,7.8
6.2,6.406,6.9
2.1999993,5.44,6.2
2.9,1.414,2.2
1.3999996,4.457,2.9
-0.5,1.344,1.4
1.7999997,1.3125,-0.5
-1.1000004,2.582,1.8
1.8999996,0.0,-1.1
-1.3999996,3.79,1.9
-4.0,-2.102,-1.4
-3.1999998,-3.938,-4.0
1.7999997,0.2344,-3.2
2.3000002,2.426,1.8
1.5,1.5625,2.3
-0.3000002,0.836,1.5
-0.3000002,-0.6953,-0.3
-2.5,0.03906,-0.3
1.0,-2.828,-2.5
4.3,1.609,1.0
8.1,5.203,4.3
6.9,7.05,8.1
5.9000006,5.203,6.9
4.1,5.223,5.9
6.3,5.29,4.1
8.8,6.797,6.3
9.5,7.984,8.8
8.1,7.64,9.5
8.3,7.242,8.1
6.3,7.477,8.3
4.7,5.418,6.3
6.9,3.75,4.7
5.2,6.945,6.9
5.3,4.14,5.2
7.8,6.164,5.3
8.1,8.625,7.8
4.9,6.883,8.1
5.8,4.723,4.9
3.3000002,5.977,5.8
4.6,2.645,3.3
3.6,5.65,4.6
4.4,4.246,3.6
6.1000004,4.81,4.4
4.9,5.543,6.1
9.2,5.742,4.9
9.0,9.17,9.2
9.9,7.555,9.0
10.8,9.48,9.9
8.1,9.01,10.8
8.9,6.766,8.1
9.5,10.164,8.9
9.2,8.67,9.5
11.0,9.12,9.2
8.0,9.9,11.0
9.9,6.29,8.0
7.1,9.61,9.9
9.5,6.72,7.1
10.0,9.195,9.5
9.6,10.04,10.0
10.3,9.22,9.6
9.7,10.26,10.3
10.4,9.32,9.7
9.9,9.76,10.4
11.0,9.22,9.9
11.0,10.59,11.0
11.0,10.59,11.0
9.3,10.24,11.0
8.8,8.68,9.3
10.6,9.24,8.8
10.8,9.7,10.6
10.6,10.8,10.8
10.9,10.164,10.6
9.6,11.195,10.9
9.9,8.86,9.6
10.0,10.234,9.9
10.5,9.586,10.0
9.8,10.37,10.5
10.1,9.16,9.8
11.2,9.234,10.1
11.6,9.94,11.2
9.5,10.64,11.6
8.2,8.52,9.5
10.8,9.24,8.2
11.2,11.125,10.8
11.1,10.414,11.2
8.6,10.055,11.1
10.6,8.46,8.6
9.1,10.33,10.6
7.7,8.0,9.1
8.9,8.34,7.7
8.5,9.01,8.9
10.3,9.29,8.5
10.2,10.91,10.3
9.9,9.445,10.2
10.9,10.09,9.9
11.0,10.93,10.9
8.5,10.11,11.0
7.8,7.72,8.5
8.0,7.855,7.8
8.8,8.17,8.0
9.8,9.03,8.8
10.4,9.06,9.8
10.4,10.984,10.4
9.2,9.875,10.4
8.9,8.31,9.2
11.5,9.54,8.9
11.5,12.484,11.5
12.0,10.805,11.5
13.5,12.25,12.0
14.3,11.95,13.5
11.5,12.72,14.3
9.2,10.05,11.5
9.2,8.65,9.2
10.1,9.875,9.2
10.8,9.89,10.1
10.0,9.766,10.8
9.7,10.06,10.0
10.0,9.26,9.7
8.5,10.016,10.0
7.5,8.43,8.5
6.6,7.54,7.5
7.7,7.156,6.6
9.4,8.85,7.7
9.6,9.57,9.4
12.3,11.06,9.6
12.3,12.95,12.3
12.6,11.93,12.3
12.9,12.836,12.6
12.3,12.95,12.9
12.8,11.516,12.3
15.3,12.89,12.8
17.7,15.914,15.3
14.5,16.9,17.7
14.1,13.81,14.5
12.6,13.89,14.1
7.6,12.34,12.6
6.9,7.523,7.6
10.1,9.29,6.9
10.2,11.18,10.1
11.9,11.12,10.2
11.0,12.96,11.9
11.9,10.66,11.0
12.3,12.125,11.9
11.6,11.89,12.3
14.3,12.33,11.6
15.3,14.52,14.3
13.1,15.09,15.3
13.9,12.69,13.1
13.8,14.19,13.9
12.2,13.39,13.8
12.6,12.28,12.2
13.8,13.07,12.6
15.6,13.875,13.8
13.5,15.22,15.6
14.7,12.84,13.5
16.2,14.9,14.7
16.7,16.31,16.2
15.6,15.66,16.7
17.4,15.45,15.6
19.9,17.78,17.4
18.9,20.03,19.9
14.9,16.9,18.9
12.6,14.28,14.9
12.8,12.47,12.6
15.9,13.82,12.8
13.8,16.45,15.9
15.9,13.9,13.8
16.9,16.66,15.9
15.7,16.81,16.9
16.2,15.734,15.7
17.8,16.78,16.2
16.0,17.9,17.8
15.8,16.03,16.0
14.6,15.97,15.8
14.9,14.82,14.6
14.9,15.5,14.9
14.2,15.67,14.9
15.9,15.11,14.2
14.9,16.47,15.9
13.9,15.125,14.9
14.6,14.05,13.9
13.7,15.92,14.6
14.5,13.91,13.7
14.9,15.56,14.5
14.7,15.64,14.9
14.2,14.984,14.7
12.0,14.85,14.2
11.6,12.92,12.0
12.6,12.88,11.6
13.7,13.41,12.6
14.2,15.305,13.7
13.5,14.086,14.2
11.6,13.59,13.5
12.8,12.84,11.6
14.4,13.25,12.8
15.5,15.97,14.4
16.4,15.45,15.5
18.0,17.14,16.4
19.6,17.47,18.0
20.0,19.33,19.6
19.1,18.4,20.0
17.1,18.92,19.1
17.2,17.03,17.1
16.8,17.53,17.2
15.9,16.12,16.8
16.4,16.52,15.9
16.9,17.08,16.4
16.1,16.94,16.9
15.8,16.25,16.1
17.2,16.28,15.8
18.0,17.66,17.2
18.6,18.38,18.0
19.2,18.9,18.6
18.5,18.4,19.2
16.1,18.81,18.5
16.4,16.14,16.1
17.7,16.84,16.4
17.8,18.1,17.7
17.7,17.67,17.8
18.8,17.62,17.7
17.2,18.8,18.8
16.0,16.3,17.2
17.8,16.77,16.0
19.2,18.47,17.8
18.7,19.0,19.2
17.6,18.5,18.7
17.9,17.34,17.6
18.5,18.44,17.9
17.5,18.88,18.5
20.3,16.33,17.5
23.0,20.55,20.3
20.3,21.75,23.0
20.0,18.97,20.3
20.3,19.72,20.0
18.6,19.16,20.3
18.6,18.55,18.6
20.2,18.5,18.6
19.7,20.25,20.2
20.1,19.03,19.7
19.7,19.62,20.1
21.0,19.6,19.7
20.8,20.62,21.0
18.7,20.22,20.8
19.2,18.6,18.7
20.1,20.06,19.2
19.7,19.62,20.1
17.6,18.89,19.7
16.0,16.77,17.6
16.5,17.19,16.0
15.2,16.34,16.5
16.5,16.22,15.2
18.1,17.36,16.5
16.9,18.69,18.1
15.6,16.05,16.9
15.7,16.12,15.6
17.5,16.83,15.7
15.9,17.88,17.5
14.7,15.2,15.9
14.4,15.25,14.7
15.1,15.28,14.4
15.6,15.69,15.1
15.8,16.11,15.6
15.4,15.766,15.8
15.0,16.03,15.4
15.2,15.38,15.0
12.6,14.484,15.2
12.4,12.22,12.6
13.2,12.8,12.4
14.2,13.5,13.2
17.1,14.55,14.2
19.3,17.56,17.1
18.0,16.97,19.3
18.2,17.31,18.0
16.9,16.98,18.2
17.6,16.53,16.9
17.5,16.38,17.6
17.2,16.9,17.5
16.9,16.14,17.2
16.9,16.58,16.9
15.5,15.93,16.9
15.9,15.45,15.5
16.5,15.45,15.9
17.6,15.97,16.5
17.1,17.16,17.6
15.9,16.23,17.1
15.7,14.93,15.9
15.3,15.484,15.7
15.0,14.484,15.3
14.9,15.2,15.0
15.0,14.45,14.9
17.6,15.25,15.0
17.8,17.84,17.6
15.4,16.31,17.8
15.0,14.91,15.4
12.7,15.516,15.0
12.7,11.96,12.7
11.2,12.97,12.7
14.6,12.21,11.2
16.3,15.195,14.6
16.6,16.19,16.3
17.9,15.08,16.6
17.6,17.38,17.9
17.1,16.1,17.6
15.5,15.83,17.1
15.1,14.73,15.5
14.8,14.555,15.1
9.9,13.11,14.8
8.6,9.43,9.9
9.5,9.63,8.6
10.2,10.16,9.5
6.9,10.445,10.2
4.8,6.28,6.9
5.7,6.68,4.8
8.1,6.72,5.7
8.5,8.766,8.1
6.1000004,8.35,8.5
10.2,7.477,6.1
14.1,11.69,10.2
13.2,13.55,14.1
11.7,11.64,13.2
11.1,10.22,11.7
10.8,11.516,11.1
11.2,9.72,10.8
10.0,11.32,11.2
8.7,8.72,10.0
8.7,8.875,8.7
8.4,8.59,8.7
12.0,7.867,8.4
14.9,12.91,12.0
14.6,13.2,14.9
14.9,12.82,14.6
13.9,13.625,14.9
12.7,12.375,13.9
10.8,10.53,12.7
8.8,9.695,10.8
7.3,7.617,8.8
9.5,6.387,7.3
10.9,10.984,9.5
11.0,9.71,10.9
10.5,10.266,11.0
11.6,9.65,10.5
12.0,11.305,11.6
10.6,10.62,12.0
11.2,10.05,10.6
10.2,9.93,11.2
7.7,9.68,10.2
4.8,6.938,7.7
4.2,5.36,4.8
4.0,5.105,4.2
6.7,4.484,4.0
11.8,8.63,6.7
11.2,10.68,11.8
12.3,10.16,11.2
13.8,11.83,12.3
12.3,12.516,13.8
8.2,10.74,12.3
7.1,6.58,8.2
4.8,6.57,7.1
4.1,5.375,4.8
1.0,3.91,4.1
3.9,1.4375,1.0
11.3,7.703,3.9
9.4,10.26,11.3
10.5,8.76,9.4
8.6,8.96,10.5
9.5,7.62,8.6
12.2,8.77,9.5
12.7,11.51,12.2
11.8,10.06,12.7
9.7,10.83,11.8
8.3,8.04,9.7
7.2,6.938,8.3
10.7,7.742,7.2
10.6,10.125,10.7
7.5,9.93,10.6
9.3,7.094,7.5
9.9,10.3,9.3
11.0,9.92,9.9
9.5,10.44,11.0
9.7,8.44,9.5
11.8,8.96,9.7
10.8,11.72,11.8
12.4,9.77,10.8
11.9,11.56,12.4
11.3,10.34,11.9
11.9,10.53,11.3
12.1,10.58,11.9
10.8,11.484,12.1
9.4,9.12,10.8
11.3,8.51,9.4
8.9,10.84,11.3
7.7,6.914,8.9
9.1,9.02,7.7
8.9,9.26,9.1
4.0,7.28,8.9
5.4,4.484,4.0
4.0,7.305,5.4
2.1999993,3.457,4.0
4.8,4.055,2.2
3.6,5.6,4.8
0.6000004,3.14,3.6
-0.8000002,0.4219,0.6
-0.8000002,0.867,-0.8
-0.19999981,0.664,-0.8
1.1999998,0.3438,-0.2
1.9999995,3.035,1.2
3.1,3.148,2.0
3.1999998,3.39,3.1
2.6999998,3.379,3.2
3.5,3.39,2.7
6.1000004,5.203,3.5
6.8,6.688,6.1
8.5,6.562,6.8
5.9000006,7.676,8.5
4.7,5.895,5.9
6.3,4.11,4.7
7.8,6.855,6.3
8.3,8.36,7.8
8.2,7.543,8.3
8.9,8.01,8.2
10.3,8.32,8.9
10.3,9.83,10.3
7.9,8.85,10.3
7.8,7.086,7.9
10.9,8.02,7.8
11.0,9.58,10.9
9.8,10.4,11.0
8.3,8.695,9.8
9.2,7.508,8.3
8.5,8.2,9.2
7.7,7.684,8.5
8.3,7.863,7.7
9.4,9.25,8.3
7.9,8.445,9.4
7.7,7.43,7.9
10.0,8.016,7.7
12.7,9.62,10.0
10.3,12.22,12.7
9.8,8.945,10.3
11.0,9.79,9.8
11.4,10.62,11.0
9.5,10.94,11.4
9.1,8.27,9.5
9.8,9.516,9.1
8.5,9.7,9.8
8.5,8.27,8.5
9.6,9.05,8.5
8.9,9.625,9.6
7.8,8.52,8.9
7.0,7.953,7.8
7.7,6.715,7.0
8.1,8.9,7.7
7.8,8.234,8.1
8.5,7.71,7.8
8.6,8.17,8.5
8.7,9.26,8.6
7.7,9.086,8.7
7.5,7.586,7.7
9.7,8.516,7.5
10.3,9.734,9.7
11.0,10.3,10.3
12.7,10.17,11.0
11.9,11.84,12.7
11.2,12.83,11.9
9.9,8.61,11.2
11.4,10.65,9.9
11.2,11.71,11.4
10.8,11.0,11.2
10.5,10.555,10.8
9.8,10.17,10.5
9.6,9.266,9.8
8.6,8.61,9.6
7.2,8.63,8.6
5.9000006,6.684,7.2
5.5,7.086,5.9
6.1000004,5.63,5.5
4.2,6.742,6.1
4.3,4.293,4.2
5.6,5.594,4.3
6.5,6.805,5.6
8.5,7.44,6.5
7.5,8.93,8.5
9.3,7.61,7.5
10.8,9.32,9.3
9.9,10.93,10.8
11.2,9.75,9.9
11.6,11.984,11.2
11.6,10.69,11.6
12.0,11.41,11.6
11.2,12.73,12.0
10.5,10.58,11.2
9.5,9.63,10.5
9.5,9.05,9.5
11.7,9.875,9.5
10.9,11.75,11.7
10.6,11.305,10.9
9.9,10.68,10.6
9.5,9.77,9.9
11.0,9.664,9.5
11.7,11.67,11.0
12.2,11.58,11.7
12.1,12.28,12.2
13.1,11.29,12.1
13.5,13.28,13.1
15.7,13.3,13.5
17.5,14.875,15.7
16.9,15.33,17.5
15.6,15.44,16.9
15.6,14.72,15.6
17.9,15.55,15.6
18.1,17.19,17.9
16.0,16.4,18.1
17.7,15.84,16.0
18.0,17.34,17.7
17.4,16.78,18.0
16.7,17.53,17.4
14.8,15.445,16.7
13.9,14.14,14.8
13.9,14.61,13.9
14.7,14.8,13.9
13.5,14.86,14.7
11.7,12.67,13.5
10.8,12.44,11.7
12.0,11.984,10.8
12.2,14.08,12.0
13.5,12.8,12.2
13.8,14.83,13.5
14.8,13.86,13.8
14.9,15.09,14.8
15.4,14.3,14.9
16.8,16.45,15.4
15.6,16.62,16.8
14.9,14.76,15.6
14.8,15.27,14.9
15.3,15.95,14.8
13.9,15.81,15.3
11.9,13.72,13.9
12.8,12.67,11.9
14.2,14.48,12.8
13.8,15.336,14.2
14.0,14.26,13.8
13.4,14.16,14.0
13.2,14.36,13.4
15.5,14.516,13.2
18.9,15.8,15.5
21.0,19.61,18.9
16.1,18.78,21.0
15.6,14.53,16.1
15.7,15.83,15.6
15.1,16.64,15.7
15.2,15.57,15.1
15.2,15.625,15.2
14.9,15.74,15.2
15.3,15.54,14.9
15.4,15.84,15.3
15.7,16.06,15.4
15.5,15.95,15.7
15.0,16.36,15.5
15.8,15.3,15.0
14.9,16.5,15.8
15.0,15.03,14.9
15.4,15.58,15.0
15.6,16.0,15.4
15.2,15.07,15.6
15.1,16.17,15.2
15.6,16.14,15.1
15.6,16.25,15.6
16.0,16.06,15.6
14.9,16.05,16.0
15.2,15.08,14.9
14.9,16.22,15.2
15.8,15.516,14.9
16.3,16.25,15.8
16.4,16.34,16.3
16.1,16.62,16.4
17.4,17.3,16.1
16.0,16.3,17.4
16.9,16.31,16.0
16.2,17.9,16.9
15.4,15.234,16.2
15.7,15.39,15.4
15.7,16.16,15.7
16.6,15.97,15.7
16.5,16.88,16.6
16.3,16.5,16.5
15.7,16.62,16.3
15.7,15.79,15.7
14.5,16.06,15.7
16.3,15.56,14.5
15.9,16.89,16.3
17.1,16.12,15.9
16.8,16.5,17.1
16.9,16.6,16.8
18.5,17.27,16.9
19.9,18.4,18.5
21.8,19.3,19.9
19.1,21.14,21.8
18.6,17.39,19.1
17.1,18.69,18.6
15.7,16.22,17.1
16.3,16.0,15.7
16.9,17.2,16.3
15.3,17.19,16.9
16.8,15.89,15.3
17.1,17.66,16.8
16.3,16.5,17.1
16.7,16.52,16.3
17.6,17.7,16.7
17.0,17.8,17.6
16.9,16.22,17.0
16.6,17.31,16.9
16.0,15.42,16.6
16.5,16.78,16.0
15.7,16.34,16.5
14.0,15.0,15.7
14.7,14.58,14.0
16.1,15.69,14.7
18.7,16.66,16.1
18.5,18.55,18.7
15.0,16.56,18.5
16.2,15.06,15.0
16.7,16.83,16.2
16.9,16.36,16.7
17.1,17.05,16.9
16.4,17.03,17.1
17.8,15.945,16.4
17.4,18.33,17.8
16.0,15.83,17.4
13.7,15.09,16.0
13.1,13.8,13.7
13.3,13.41,13.1
13.5,13.516,13.3
15.9,13.58,13.5
14.9,16.83,15.9
14.4,13.25,14.9
15.0,13.9,14.4
16.9,14.875,15.0
17.3,16.5,16.9
16.1,16.83,17.3
15.1,14.664,16.1
15.5,14.75,15.1
16.3,16.62,15.5
15.8,15.29,16.3
15.9,15.516,15.8
15.9,15.055,15.9
15.4,15.69,15.9
13.4,13.86,15.4
14.1,14.695,13.4
15.3,13.82,14.1
14.6,14.875,15.3
12.6,13.34,14.6
10.6,12.3,12.6
11.7,11.234,10.6
11.3,11.89,11.7
12.1,11.51,11.3
12.0,12.17,12.1
12.5,11.625,12.0
13.5,13.6,12.5
14.0,12.17,13.5
13.4,14.6,14.0
14.6,11.87,13.4
15.4,15.234,14.6
14.4,13.97,15.4
14.9,13.695,14.4
12.7,14.08,14.9
10.9,11.62,12.7
10.0,10.44,10.9
12.1,10.09,10.0
15.4,13.266,12.1
16.1,14.95,15.4
14.5,14.75,16.1
13.9,13.51,14.5
12.5,14.17,13.9
12.1,11.445,12.5
14.8,11.81,12.1
15.0,15.45,14.8
11.7,13.17,15.0
11.8,10.766,11.7
13.3,11.72,11.8
10.6,13.555,13.3
11.5,10.055,10.6
9.8,12.6,11.5
8.0,9.234,9.8
8.8,7.234,8.0
11.1,10.91,8.8
11.9,9.86,11.1
15.3,12.49,11.9
14.7,14.95,15.3
10.8,12.75,14.7
9.2,9.01,10.8
9.7,10.984,9.2
9.3,8.875,9.7
9.5,9.555,9.3
8.7,9.27,9.5
5.9000006,7.1,8.7
6.1000004,6.117,5.9
4.6,5.883,6.1
6.4,4.21,4.6
7.7,8.2,6.4
3.6999998,6.71,7.7
2.9,3.703,3.7
3.4,4.254,2.9
8.3,3.242,3.4
9.6,9.53,8.3
10.5,8.234,9.6
11.9,10.0,10.5
9.8,10.76,11.9
7.9,9.234,9.8
7.9,6.89,7.9
5.8,7.32,7.9
5.5,5.57,5.8
1.1000004,5.223,5.5
5.2,0.2812,1.1
5.0,6.523,5.2
6.4,5.43,5.0
8.7,5.36,6.4
11.2,9.336,8.7
11.3,10.13,11.2
11.5,9.92,11.3
11.3,10.12,11.5
13.5,10.56,11.3
11.9,10.61,13.5
12.5,10.7,11.9
12.4,10.74,12.5
9.7,10.5,12.4
10.8,8.13,9.7
11.1,10.14,10.8
9.8,9.22,11.1
6.9,8.87,9.8
5.4,6.273,6.9
9.4,7.18,5.4
8.3,9.42,9.4
7.9,6.984,8.3
11.5,9.11,7.9
11.7,10.2,11.5
10.1,10.375,11.7
7.7,8.56,10.1
11.5,7.277,7.7
9.6,11.92,11.5
8.7,8.195,9.6
8.8,8.1,8.7
9.0,9.6,8.8
11.5,7.33,9.0
13.3,11.03,11.5
13.0,12.61,13.3
12.7,11.305,13.0
9.8,11.375,12.7
8.1,8.836,9.8
5.2,7.332,8.1
3.3000002,4.6,5.2
3.6999998,3.64,3.3
7.2,4.25,3.7
8.9,8.34,7.2
9.5,9.0,8.9
11.0,8.79,9.5
8.5,10.37,11.0
6.2,7.508,8.5
8.2,5.92,6.2
12.5,9.94,8.2
10.7,11.734,12.5
8.0,8.516,10.7
8.7,8.44,8.0
9.9,7.71,8.7
10.8,10.36,9.9
10.6,10.9,10.8
9.2,9.94,10.6
9.3,8.555,9.2
10.9,8.99,9.3
10.4,9.95,10.9
6.2,8.914,10.4
3.1999998,5.246,6.2
5.2,3.469,3.2
8.1,7.6,5.2
7.0,6.824,8.1
10.1,8.266,7.0
9.5,9.54,10.1
9.2,8.75,9.5
7.8,8.64,9.2
8.6,7.605,7.8
4.2,9.07,8.6
3.4,3.145,4.2
3.8000002,4.45,3.4
4.0,3.465,3.8
4.9,5.176,4.0
5.8,5.016,4.9
9.4,7.574,5.8
9.2,8.664,9.4
9.2,8.12,9.2
10.0,9.42,9.2
11.0,9.03,10.0
11.0,10.53,11.0
10.5,10.05,11.0
8.5,10.07,10.5
9.3,7.58,8.5
9.9,9.0,9.3
7.4,9.05,9.9
9.2,6.945,7.4
8.9,9.19,9.2
9.6,7.89,8.9
11.5,9.98,9.6
11.4,11.06,11.5
8.6,9.93,11.4
6.7,7.906,8.6
5.2,6.69,6.7
4.9,5.344,5.2
5.6,5.59,4.9
8.1,7.117,5.6
7.4,7.703,8.1
7.8,7.953,7.4
10.3,8.44,7.8
10.5,9.47,10.3
9.2,9.53,10.5
9.0,9.69,9.2
9.0,8.6,9.0
8.4,8.414,9.0
9.8,8.6,8.4
8.1,9.77,9.8
7.9,7.523,8.1
7.3,7.42,7.9
8.9,7.758,7.3
9.4,10.52,8.9
9.5,8.64,9.4
9.7,9.31,9.5
9.8,9.35,9.7
8.3,9.34,9.8
8.8,8.16,8.3
9.1,7.832,8.8
11.6,10.59,9.1
12.2,11.484,11.6
13.6,11.58,12.2
11.9,12.91,13.6
10.8,11.03,11.9
13.1,10.55,10.8
12.6,12.87,13.1
12.1,11.836,12.6
11.8,11.61,12.1
10.6,10.766,11.8
11.1,11.49,10.6
10.6,11.02,11.1
10.8,10.48,10.6
10.7,11.09,10.8
10.6,10.54,10.7
9.1,10.33,10.6
6.0,9.31,9.1
6.1000004,5.258,6.0
5.6,7.367,6.1
7.4,6.227,5.6
8.2,8.47,7.4
9.2,8.8,8.2
12.0,9.76,9.2
11.3,12.16,12.0
11.4,10.55,11.3
10.3,11.27,11.4
10.7,9.37,10.3
10.9,11.305,10.7
11.8,11.64,10.9
12.9,12.07,11.8
13.7,13.31,12.9
12.6,12.71,13.7
14.0,12.38,12.6
14.6,13.086,14.0
16.0,14.65,14.6
15.0,13.67,16.0
15.6,14.75,15.0
13.0,14.8,15.6
13.9,12.08,13.0
13.5,14.25,13.9
13.6,13.09,13.5
14.5,13.62,13.6
13.8,14.31,14.5
13.6,13.805,13.8
12.9,13.27,13.6
12.0,12.58,12.9
12.3,12.375,12.0
13.1,12.94,12.3
12.6,14.27,13.1
11.3,11.93,12.6
13.2,11.805,11.3
13.1,13.77,13.2
13.4,12.9,13.1
13.5,13.586,13.4
13.3,14.19,13.5
13.4,12.945,13.3
13.4,14.81,13.4
13.7,14.28,13.4
15.4,13.234,13.7
16.5,16.72,15.4
17.6,16.3,16.5
18.1,17.72,17.6
14.5,16.25,18.1
16.5,15.1,14.5
18.1,17.0,16.5
14.8,17.7,18.1
14.6,14.87,14.8
13.7,15.05,14.6
12.3,14.17,13.7
12.8,13.44,12.3
12.8,13.96,12.8
12.8,12.836,12.8
13.8,14.234,12.8
13.8,13.95,13.8
13.6,14.61,13.8
13.4,14.0,13.6
13.7,14.22,13.4
14.6,14.42,13.7
16.0,14.97,14.6
17.2,16.73,16.0
15.8,17.0,17.2
16.1,15.484,15.8
16.0,16.14,16.1
15.0,16.27,16.0
13.4,14.48,15.0
13.7,13.86,13.4
15.3,15.05,13.7
18.2,16.27,15.3
20.3,18.88,18.2
16.6,19.31,20.3
14.3,15.97,16.6
14.4,14.86,14.3
15.6,15.12,14.4
15.2,16.66,15.6
16.6,15.26,15.2
19.1,17.4,16.6
17.0,17.98,19.1
17.0,16.86,17.0
16.3,17.5,17.0
17.3,16.62,16.3
16.9,17.75,17.3
19.0,16.78,16.9
20.8,19.56,19.0
19.9,19.6,20.8
20.6,19.5,19.9
20.7,20.97,20.6
18.1,19.62,20.7
16.5,17.66,18.1
16.8,16.7,16.5
15.7,16.88,16.8
17.3,16.72,15.7
16.8,17.78,17.3
18.2,17.12,16.8
18.2,19.38,18.2
16.5,17.11,18.2
15.3,16.61,16.5
16.1,15.266,15.3
18.9,17.6,16.1
21.6,19.62,18.9
21.8,21.06,21.6
21.2,20.47,21.8
20.8,19.67,21.2
20.3,20.75,20.8
16.5,19.62,20.3
17.9,16.89,16.5
18.7,18.34,17.9
16.7,19.1,18.7
17.8,17.4,16.7
18.2,18.61,17.8
18.7,17.9,18.2
17.9,19.4,18.7
18.9,17.73,17.9
18.0,19.31,18.9
18.3,17.95,18.0
17.8,18.22,18.3
16.9,17.95,17.8
17.9,17.3,16.9
17.5,18.28,17.9
17.0,17.81,17.5
16.2,16.95,17.0
16.2,16.66,16.2
15.9,16.33,16.2
16.1,16.16,15.9
15.9,16.3,16.1
16.3,16.0,15.9
17.9,16.75,16.3
18.7,17.9,17.9
17.4,18.6,18.7
19.3,17.02,17.4
19.1,19.47,19.3
17.7,17.48,19.1
17.3,17.53,17.7
18.1,16.97,17.3
18.6,17.62,18.1
17.1,18.53,18.6
15.8,16.84,17.1
16.2,15.64,15.8
19.4,16.9,16.2
18.2,19.4,19.4
17.6,17.19,18.2
18.2,17.53,17.6
16.9,17.95,18.2
17.9,17.06,16.9
19.0,18.53,17.9
17.1,18.66,19.0
18.5,16.88,17.1
17.2,18.72,18.5
15.5,16.7,17.2
14.1,15.22,15.5
13.6,14.5,14.1
14.1,12.9,13.6
16.5,16.08,14.1
14.9,15.8,16.5
15.8,15.28,14.9
15.0,15.51,15.8
14.2,14.59,15.0
15.7,15.25,14.2
17.8,16.25,15.7
17.4,16.83,17.8
17.3,16.53,17.4
16.0,16.19,17.3
14.9,15.336,16.0
15.5,15.71,14.9
16.0,15.05,15.5
16.8,16.39,16.0
15.0,15.625,16.8
15.5,14.39,15.0
14.4,15.47,15.5
12.5,14.31,14.4
11.0,12.33,12.5
10.4,10.46,11.0
9.7,11.06,10.4
11.3,10.05,9.7
14.5,13.336,11.3
14.8,13.95,14.5
15.6,14.266,14.8
14.5,14.67,15.6
12.2,12.74,14.5
11.9,11.58,12.2
14.0,12.61,11.9
14.8,14.2,14.0
14.8,13.83,14.8
12.6,13.48,14.8
11.8,12.18,12.6
9.3,11.45,11.8
10.7,9.91,9.3
13.5,11.45,10.7
14.4,13.55,13.5
14.4,13.11,14.4
11.7,13.234,14.4
10.9,10.984,11.7
11.3,10.82,10.9
12.3,11.47,11.3
13.5,13.016,12.3
14.2,11.625,13.5
13.8,14.445,14.2
13.9,13.28,13.8
14.6,13.06,13.9
11.7,12.695,14.6
10.4,10.555,11.7
11.8,10.86,10.4
12.0,12.39,11.8
10.2,10.91,12.0
11.4,9.16,10.2
12.4,11.586,11.4
12.1,11.305,12.4
10.6,10.516,12.1
10.4,10.734,10.6
8.3,9.34,10.4
9.2,8.39,8.3
11.0,9.055,9.2
9.9,11.484,11.0
8.7,8.68,9.9
9.6,8.23,8.7
10.7,10.51,9.6
6.8,9.56,10.7
6.3,6.965,6.8
5.3,6.676,6.3
7.8,5.55,5.3
9.5,9.01,7.8
10.1,8.08,9.5
11.8,10.24,10.1
11.8,10.07,11.8
11.4,11.16,11.8
12.9,10.93,11.4
11.4,11.66,12.9
9.9,9.69,11.4
11.7,9.86,9.9
9.8,12.09,11.7
11.3,7.824,9.8
8.2,11.22,11.3
7.4,6.07,8.2
11.0,7.68,7.4
11.6,11.266,11.0
10.6,9.85,11.6
8.4,8.97,10.6
10.1,8.19,8.4
12.3,10.42,10.1
9.2,10.4,12.3
9.4,8.29,9.2
5.7,8.734,9.4
4.8,5.062,5.7
6.9,5.39,4.8
10.5,7.812,6.9
12.5,10.805,10.5
6.6,11.01,12.5
3.1,5.26,6.6
9.6,5.1,3.1
11.6,9.07,9.6
10.3,9.766,11.6
12.1,10.22,10.3
10.0,10.73,12.1
9.5,8.414,10.0
7.0,8.79,9.5
5.3,7.0,7.0
5.6,5.062,5.3
7.9,6.38,5.6
10.2,8.625,7.9
9.0,9.625,9.3
7.5,7.414,9.0
9.8,8.33,7.5
7.8,9.13,9.8
9.6,6.582,7.8
7.5,9.06,9.6
6.8,6.46,7.5
8.6,6.82,6.8
6.4,8.95,8.6
7.4,4.95,6.4
10.4,8.234,7.4
8.0,9.79,10.4
11.5,7.25,8.0
8.4,11.22,11.5
3.3000002,5.977,8.4
-0.3000002,3.191,3.3
1.5,0.3672,-0.3
4.4,3.84,1.5
7.0,5.668,4.4
9.0,8.43,7.0
7.3,7.79,9.0
9.1,8.82,7.3
8.2,8.93,9.1
10.4,7.688,8.2
9.5,10.17,10.4
10.4,9.32,9.5
10.9,9.945,10.4
11.2,10.37,10.9
10.1,10.836,11.2
9.6,9.03,10.1
9.0,8.63,9.6
10.4,8.81,9.0
9.8,9.625,10.4
9.9,9.79,9.8
9.6,11.13,9.9
8.1,8.125,9.6
10.3,8.945,8.1
10.9,10.2,10.3
10.4,10.51,10.9
8.5,9.3,10.4
6.8,6.094,8.5
8.5,8.125,6.8
11.4,9.44,8.5
10.9,11.74,11.4
9.8,9.484,10.9
8.5,8.375,9.8
9.5,9.48,8.5
10.3,9.734,9.5
10.9,10.01,10.3
11.5,10.91,10.9
9.6,10.61,11.5
10.6,9.28,9.6
11.7,10.99,10.6
10.8,11.43,11.7
10.7,10.42,10.8
9.1,10.61,10.7
9.5,9.37,9.1
11.9,10.836,9.5
11.9,12.22,11.9
11.4,10.95,11.9
11.0,10.66,11.4
8.0,11.6,11.0
6.7,7.777,8.0
9.1,7.05,6.7
8.3,10.5,9.1
8.1,7.508,8.3
9.7,9.33,8.1
9.1,9.89,9.7
8.7,8.805,9.1
8.5,8.75,8.7
8.1,8.836,8.5
8.1,7.945,8.1
8.3,8.38,8.1
7.1,8.586,8.3
6.7,8.234,7.1
6.1000004,6.277,6.7
7.7,7.695,6.1
8.8,7.375,7.7
7.1,9.09,8.8
7.4,7.227,7.1
8.5,7.945,7.4
10.0,8.2,8.5
11.1,10.2,10.0
11.9,10.91,11.1
10.0,11.32,11.9
9.8,8.31,10.0
12.2,11.516,9.8
12.3,12.44,12.2
14.5,11.27,12.3
15.9,14.32,14.5
13.6,13.3,15.9
14.5,13.39,13.6
15.2,13.8,14.5
12.4,14.39,15.2
10.8,11.4,12.4
12.4,11.07,10.8
12.5,13.38,12.4
10.9,12.445,12.5
10.0,10.7,10.9
12.4,10.82,10.0
12.0,12.96,12.4
11.1,12.68,12.0
13.0,10.805,11.1
15.2,14.016,13.0
14.1,14.0,15.2
13.7,14.14,14.1
12.5,13.7,13.7
11.0,12.72,12.5
10.6,11.45,11.0
11.6,10.94,10.6
12.9,12.555,11.6
13.2,13.0,12.9
13.7,13.81,13.2
13.9,13.53,13.7
12.8,13.44,13.9
12.7,13.31,12.8
13.4,13.08,12.7
12.8,13.35,13.4
11.6,13.055,12.8
12.0,12.1,11.6
13.4,12.59,12.0
16.4,14.375,13.4
16.3,17.16,16.4
14.3,15.625,16.3
12.6,13.89,14.3
12.5,13.016,12.6
13.2,13.055,12.5
13.2,14.15,13.2
15.1,13.766,13.2
13.4,15.766,15.1
13.2,12.4,13.4
13.1,14.17,13.2
13.5,13.58,13.1
14.4,13.625,13.5
14.7,14.59,14.4
15.5,14.61,14.7
16.4,15.305,15.5
16.6,15.836,16.4
16.9,16.11,16.6
16.1,16.52,16.9
15.5,16.73,16.1
16.1,15.414,15.5
17.1,16.55,16.1
15.8,16.97,17.1
20.7,16.02,15.8
16.7,20.6,20.7
15.2,14.92,16.7
15.4,15.81,15.2
17.1,15.8,15.4
18.2,18.22,17.1
15.6,17.48,18.2
18.3,15.68,15.6
18.0,19.47,18.3
17.4,16.95,18.0
17.3,18.12,17.4
16.5,17.06,17.3
16.0,16.52,16.5
15.8,16.52,16.0
15.6,16.2,15.8
14.8,16.53,15.6
15.6,15.17,14.8
17.7,16.19,15.6
19.2,17.97,17.7
18.0,18.9,19.2
17.8,17.9,18.0
16.5,17.4,17.8
17.9,16.73,16.5
20.3,18.89,17.9
21.1,20.47,20.3
18.7,20.38,21.1
18.5,17.77,18.7
17.5,19.03,18.5
18.5,17.42,17.5
18.9,19.11,18.5
21.0,18.38,18.9
18.1,20.72,21.0
17.9,17.62,18.1
19.3,18.56,17.9
18.2,19.23,19.3
16.6,17.2,18.2
17.9,17.11,16.6
19.2,18.75,17.9
18.5,19.47,19.2
16.9,18.03,18.5
19.0,17.44,16.9
20.2,19.75,19.0
18.7,20.34,20.2
18.4,18.1,18.7
18.1,18.0,18.4
19.2,17.9,18.1
21.0,20.22,19.2
19.2,20.69,21.0
16.8,18.53,19.2
16.5,17.12,16.8
15.9,17.34,16.5
14.7,16.47,15.9
15.1,14.41,14.7
17.2,16.11,15.1
16.6,17.95,17.2
15.9,16.92,16.6
17.2,17.11,15.9
17.4,17.8,17.2
16.5,16.25,17.4
18.6,16.84,16.5
18.6,18.78,18.6
17.2,17.9,18.6
15.6,16.84,17.2
16.5,16.1,15.6
17.0,16.81,16.5
15.8,17.31,17.0
13.9,15.43,15.8
14.4,14.34,13.9
15.7,15.25,14.4
16.1,15.75,15.7
15.9,16.61,16.1
16.2,15.57,15.9
17.1,16.78,16.2
16.7,16.6,17.1
16.0,17.06,16.7
15.1,16.34,16.0
15.2,14.55,15.1
14.1,15.3,15.2
15.1,14.7,14.1
15.3,14.93,15.1
16.6,15.41,15.3
14.9,16.53,16.6
12.9,14.08,14.9
12.4,13.56,12.9
12.2,13.48,12.4
12.5,11.75,12.2
12.3,14.3,12.5
12.3,11.695,12.3
14.1,12.42,12.3
13.3,14.83,14.1
13.4,12.25,13.3
15.5,13.81,13.4
16.2,14.69,15.5
15.7,15.94,16.2
15.1,15.42,15.7
15.7,14.49,15.1
14.5,14.89,15.7
14.2,13.766,14.5
14.3,13.984,14.2
14.8,13.41,14.3
13.2,14.516,14.8
13.7,13.65,13.2
12.9,13.93,13.7
9.1,11.44,12.9
8.7,8.45,9.1
8.9,10.26,8.7
10.5,9.875,8.9
11.4,10.586,10.5
12.9,11.11,11.4
14.9,12.875,12.9
14.3,13.64,14.9
17.6,14.58,14.3
16.1,16.25,17.6
14.8,13.734,16.1
15.4,14.42,14.8
16.5,15.34,15.4
13.9,15.25,16.5
11.1,11.94,13.9
14.0,12.16,11.1
13.5,13.08,14.0
14.6,13.016,13.5
15.3,14.13,14.6
13.1,13.75,15.3
12.6,12.125,13.1
11.5,11.89,12.6
10.9,10.875,11.5
10.0,10.66,10.9
10.2,9.79,10.0
14.0,11.41,10.2
15.2,13.984,14.0
13.1,13.91,15.2
11.0,11.49,13.1
11.8,10.3,11.0
14.2,13.266,11.8
11.1,12.68,14.2
9.6,10.58,11.1
11.8,9.16,9.6
13.3,12.984,11.8
13.5,11.84,13.3
12.8,12.7,13.5
12.6,11.84,12.8
12.8,11.86,12.6
12.9,12.56,12.8
14.5,11.43,12.9
14.9,14.92,14.5
12.7,12.625,14.9
10.3,10.734,12.7
10.9,10.33,10.3
14.3,11.63,10.9
14.3,14.06,14.3
14.4,12.945,14.3
14.1,13.2,14.4
13.9,13.414,14.1
12.7,13.086,13.9
12.4,11.67,12.7
11.2,11.35,12.4
9.3,9.83,11.2
9.9,9.34,9.3
10.8,9.98,9.9
10.0,9.68,10.8
12.1,11.086,10.0
12.7,11.37,12.1
13.0,11.69,12.7
13.3,12.31,13.0
13.0,12.05,13.3
10.8,12.15,13.0
11.2,9.7,10.8
11.9,11.32,11.2
12.6,11.2,11.9
10.1,11.98,12.6
13.3,9.13,10.1
13.9,12.98,13.3
13.5,12.45,13.9
12.3,11.984,13.5
11.1,11.22,12.3
10.7,10.24,11.1
11.6,10.13,10.7
12.0,10.29,11.6
9.5,12.984,12.0
8.5,8.36,9.5
8.6,8.47,8.5
9.1,8.56,8.6
5.1,8.81,9.1
2.5,4.426,5.1
0.39999962,3.105,2.5
5.7,2.07,0.4
11.5,8.72,5.7
13.0,10.25,11.5
13.7,11.63,13.0
12.4,12.03,13.7
9.8,11.08,12.4
8.3,8.305,9.8
5.8,7.96,8.3
5.7,6.0,5.8
4.8,5.312,5.7
10.0,6.3,4.8
11.3,9.86,10.0
8.1,9.45,11.3
7.4,6.49,8.1
10.5,7.64,7.4
9.8,10.266,10.5
10.8,8.88,9.8
10.4,9.73,10.8
5.5,9.586,10.4
4.3,3.262,5.5
8.6,6.062,4.3
9.2,7.84,8.6
11.3,8.67,9.2
10.2,10.27,11.3
6.7,8.945,10.2
9.7,5.523,6.7
7.8,9.93,9.7
10.7,6.758,7.8
11.3,11.1,10.7
8.1,9.234,11.3
9.6,7.832,8.1
12.5,9.445,9.6
9.0,11.05,12.5
9.9,7.766,9.0
11.2,10.89,9.9
11.5,9.91,11.2
10.6,10.46,11.5
12.1,9.805,10.6
11.1,12.0,12.1
9.1,9.55,11.1
11.4,9.695,9.1
12.1,11.08,11.4
10.5,10.81,12.1
9.8,9.65,10.5
11.4,9.16,9.8
11.0,11.07,11.4
10.0,9.86,11.0
10.5,10.195,10.0
11.1,10.15,10.5
10.1,10.57,11.1
10.0,9.82,10.1
11.1,9.98,10.0
11.2,11.27,11.1
10.6,11.04,11.2
8.0,10.67,10.6
9.2,8.22,8.0
11.3,10.28,9.2
11.0,10.97,11.3
7.1,9.63,11.0
7.7,6.7,7.1
7.9,9.06,7.7
11.7,8.04,7.9
9.2,11.555,11.7
5.6,8.086,9.2
7.4,4.63,5.6
10.4,8.97,7.4
7.8,9.85,10.4
6.9,8.22,7.8
6.0,7.266,6.9
7.0,6.062,6.0
8.7,7.8,7.0
6.4,8.76,8.7
6.7,5.156,6.4
5.7,7.133,6.7
8.0,5.062,5.7
11.6,9.42,8.0
10.6,10.266,11.6
9.7,10.14,10.6
9.6,8.77,9.7
8.2,9.07,9.6
7.3,8.14,8.2
9.0,6.79,7.3
11.1,9.94,9.0
10.1,10.33,11.1
8.3,9.22,10.1
6.3,7.695,8.3
6.2,5.69,6.3
8.4,6.953,6.2
9.2,9.07,8.4
10.2,9.73,9.2
10.2,10.28,10.2
10.4,10.19,10.2
8.8,10.42,10.4
8.9,8.49,8.8
8.4,10.76,8.9
7.4,6.37,8.4
9.4,8.68,7.4
11.1,9.83,9.4
9.3,9.85,11.1
11.5,9.08,9.3
11.5,11.0,11.5
10.7,11.33,11.5
11.5,10.375,10.7
11.7,11.37,11.5
11.1,10.85,11.7
8.9,10.54,11.1
10.2,9.46,8.9
11.4,10.266,10.2
11.8,10.59,11.4
10.1,11.25,11.8
10.7,9.29,10.1
10.4,10.984,10.7
10.5,9.94,10.4
10.9,10.7,10.5
9.4,11.18,10.9
5.6,8.61,9.4
5.0,5.492,5.6
8.0,6.65,5.0
6.8,10.29,8.0
8.2,6.957,6.8
8.5,8.58,8.2
9.7,9.49,8.5
11.1,10.766,9.7
11.6,11.445,11.1
11.8,11.484,11.6
12.1,11.99,11.8
12.9,11.79,12.1
13.9,13.21,12.9
15.2,13.664,13.9
17.4,14.875,15.2
18.6,16.1,17.4
19.1,16.9,18.6
19.8,17.44,19.1
18.5,17.5,19.8
13.8,16.16,18.5
12.7,13.4,13.8
12.0,12.125,12.7
12.5,12.81,12.0
8.4,12.086,12.5
8.3,8.06,8.4
8.6,9.805,8.3
10.0,9.76,8.6
13.3,11.59,10.0
11.4,13.83,13.3
10.3,10.375,11.4
10.0,10.56,10.3
10.9,11.27,10.0
11.5,11.016,10.9
15.2,12.73,11.5
16.0,15.09,15.2
13.6,14.56,16.0
13.2,13.94,13.6
14.0,13.39,13.2
15.3,14.74,14.0
15.1,15.69,15.3
13.8,14.65,15.1
13.0,13.77,13.8
13.0,13.586,13.0
13.3,13.59,13.0
13.9,14.74,13.3
13.8,13.83,13.9
13.6,14.6,13.8
13.3,13.766,13.6
13.9,14.016,13.3
14.2,14.94,13.9
12.8,14.05,14.2
12.2,13.11,12.8
13.6,13.16,12.2
13.6,14.71,13.6
13.7,13.62,13.6
12.3,13.5,13.7
12.7,12.96,12.3
14.6,13.84,12.7
14.7,15.86,14.6
14.2,14.95,14.7
15.6,14.56,14.2
17.0,15.96,15.6
17.9,17.2,17.0
17.6,17.05,17.9
17.4,17.52,17.6
16.6,16.94,17.4
16.3,16.52,16.6
16.4,16.06,16.3
20.4,16.9,16.4
21.3,20.33,20.4
22.2,19.62,21.3
24.600002,21.6,22.2
20.9,22.84,24.6
19.2,18.11,20.9
17.0,19.28,19.2
15.6,16.92,17.0
15.2,16.16,15.6
15.6,16.33,15.2
16.4,16.66,15.6
17.7,16.78,16.4
21.1,18.81,17.7
22.8,21.06,21.1
18.9,21.1,22.8
17.4,18.33,18.9
16.7,17.05,17.4
17.7,17.83,16.7
17.7,18.5,17.7
17.6,18.22,17.7
17.6,17.62,17.6
17.7,17.84,17.6
18.2,19.03,17.7
21.3,18.73,18.2
23.1,21.77,21.3
19.3,21.42,23.1
16.5,18.94,19.3
16.4,16.11,16.5
20.8,17.75,16.4
22.9,21.36,20.8
18.4,21.06,22.9
17.9,17.6,18.4
19.6,18.47,17.9
20.4,20.02,19.6
19.4,20.31,20.4
21.8,18.78,19.4
22.1,21.98,21.8
18.7,20.55,22.1
19.3,18.6,18.7
20.1,19.89,19.3
18.0,18.69,20.1
17.9,18.5,18.0
18.5,18.08,17.9
17.4,19.0,18.5
17.2,16.94,17.4
20.8,18.2,17.2
20.3,21.0,20.8
19.7,19.34,20.3
18.8,19.36,19.7
17.5,18.61,18.8
18.3,17.44,17.5
20.2,18.81,18.3
21.5,20.34,20.2
21.2,20.72,21.5
20.6,20.44,21.2
20.7,20.27,20.6
21.2,20.66,20.7
20.7,20.84,21.2
18.8,20.75,20.7
19.0,18.1,18.8
19.3,19.94,19.0
19.1,19.16,19.3
17.4,18.78,19.1
15.8,16.48,17.4
16.5,16.16,15.8
17.0,17.72,16.5
16.6,18.11,17.0
17.1,17.53,16.6
16.8,17.62,17.1
14.6,15.32,16.8
15.5,15.36,14.6
14.8,15.414,15.5
15.3,15.586,14.8
16.3,17.08,15.3
16.3,16.2,16.3
14.7,15.68,16.3
15.3,14.55,14.7
13.9,15.53,15.3
13.9,13.06,13.9
14.0,14.125,13.9
14.9,14.88,14.0
15.5,14.39,14.9
14.6,14.95,15.5
14.7,14.0,14.6
14.9,15.04,14.7
16.0,14.9,14.9
14.7,16.06,16.0
15.2,13.695,14.7
14.7,15.37,15.2
14.3,14.4,14.7
14.0,13.914,14.3
14.0,14.875,14.0
16.1,14.234,14.0
14.4,15.875,16.1
10.6,13.164,14.4
11.1,10.84,10.6
16.1,12.125,11.1
15.9,16.39,16.1
15.1,13.78,15.9
16.3,14.5,15.1
15.2,16.22,16.3
13.7,13.83,15.2
15.8,14.05,13.7
17.3,15.75,15.8
17.6,15.89,17.3
16.6,16.03,17.6
16.0,15.69,16.6
17.0,15.35,16.0
15.6,16.31,17.0
16.4,14.5,15.6
15.1,15.734,16.4
16.1,15.53,15.1
16.3,15.09,16.1
16.9,16.19,16.3
14.2,15.33,16.9
12.9,13.016,14.2
12.8,12.766,12.9
12.4,11.84,12.8
11.1,12.45,12.4
13.1,10.7,11.1
16.7,14.74,13.1
14.2,15.266,16.7
17.0,13.43,14.2
14.1,16.8,17.0
14.3,12.484,14.1
14.4,14.11,14.3
14.6,13.555,14.4
13.0,13.484,14.6
11.5,11.95,13.0
12.2,11.055,11.5
13.4,12.83,12.2
11.1,12.3,13.4
6.2,10.3,11.1
5.1,6.074,6.2
7.1,6.8,5.1
9.3,9.13,7.1
10.1,10.17,9.3
9.8,9.586,10.1
12.2,9.74,9.8
11.4,11.484,12.2
9.7,9.85,11.4
12.2,9.734,9.7
12.9,13.74,12.2
11.5,10.31,12.9
6.4,10.61,11.5
3.1999998,5.5,6.4
3.9,3.652,3.2
9.8,5.64,3.9
13.1,10.75,9.8
11.2,11.66,13.1
11.5,9.73,11.2
12.5,11.12,11.5
10.3,11.125,12.5
9.5,9.164,10.3
10.5,9.35,9.5
9.7,9.09,10.5
10.1,8.82,9.7
9.8,8.77,10.1
11.3,9.56,9.8
13.9,11.336,11.3
12.7,12.23,13.9
10.3,11.26,12.7
3.5,8.23,10.3
0.6000004,3.617,3.5
1.6999998,0.6094,0.6
3.5,3.328,1.7
5.2,4.418,3.5
8.8,7.57,5.2
5.9000006,7.98,8.8
7.7,5.54,5.9
6.7,9.45,7.7
4.5,5.863,6.7
1.6999998,5.13,4.5
5.3,2.016,1.7
7.3,7.36,5.3
7.2,6.42,7.3
11.5,7.992,7.2
12.3,10.02,11.5
13.0,10.17,12.3
12.6,11.234,13.0
11.8,10.41,12.6
9.3,9.79,11.8
6.1000004,7.98,9.3
3.8000002,4.86,6.1
1.3000002,3.059,3.8
1.9999995,2.41,1.3
2.8000002,2.25,2.0
10.2,3.723,2.8
10.5,9.34,10.2
10.5,9.664,10.5
10.6,9.336,10.5
9.9,9.39,10.6
9.7,8.6,9.9
10.4,9.54,9.7
11.4,9.47,10.4
10.8,10.86,11.4
12.3,9.95,10.8
10.8,12.19,12.3
9.7,8.68,10.8
10.8,8.55,9.7
11.5,10.13,10.8
10.3,10.15,11.5
11.2,9.91,10.3
11.0,10.09,11.2
8.4,9.516,11.0
8.7,8.125,8.4
8.9,8.945,8.7
10.0,8.2,8.9
8.9,9.59,10.0
7.9,8.56,8.9
7.8,8.31,7.9
7.2,7.242,7.8
7.0,7.195,7.2
5.6,6.707,7.0
2.6,5.492,5.6
2.1999993,2.805,2.6
6.4,3.066,2.2
5.2,7.14,6.4
6.6,4.996,5.2
4.8,7.934,6.6
1.8999996,4.285,4.8
4.2,2.355,1.9
3.8000002,5.844,4.2
2.6,3.39,3.8
5.2,1.824,2.6
7.2,7.867,5.2
6.9,6.945,7.2
7.5,6.938,6.9
8.0,7.83,7.5
7.1,7.016,8.0
8.4,6.75,7.1
10.2,8.45,8.4
7.3,9.26,10.2
5.8,5.63,7.3
5.3,5.36,5.8
8.3,4.94,5.3
9.1,9.27,8.3
8.3,8.27,9.1
4.3,8.3,8.3
0.8999996,3.04,4.3
1.3999996,1.078,0.9
5.8,1.988,1.4
7.8,7.812,5.8
9.4,8.48,7.8
7.9,8.88,9.4
5.4,6.566,7.9
5.2,4.734,5.4
6.6,6.42,5.2
6.1000004,6.117,6.6
7.0,6.54,6.1
7.6,7.17,7.0
7.3,7.297,7.6
7.2,7.08,7.3
7.3,7.08,7.2
6.3,7.363,7.3
4.5,5.535,6.3
3.3000002,4.082,4.5
6.4,4.574,3.3
9.2,7.76,6.4
6.2,7.867,9.2
6.5,6.85,6.2
5.9000006,6.105,6.5
7.0,6.477,5.9
6.8,6.11,7.0
7.4,7.465,6.8
8.3,7.43,7.4
7.9,7.99,8.3
8.6,6.484,7.9
9.9,9.82,8.6
10.2,9.66,9.9
11.6,9.61,10.2
13.5,11.57,11.6
14.2,12.22,13.5
12.8,12.695,14.2
12.0,12.055,12.8
6.5,10.9,12.0
4.7,4.332,6.5
6.5,5.89,4.7
5.5,7.25,6.5
5.3,6.605,5.5
6.3,5.75,5.3
5.1,5.656,6.3
5.5,5.305,5.1
5.1,5.844,5.5
6.7,5.816,5.1
7.2,7.33,6.7
9.2,7.887,7.2
9.4,9.4,9.2
10.2,9.29,9.4
10.7,10.016,10.2
9.7,10.555,10.7
11.3,9.945,9.7
11.4,11.31,11.3
10.4,11.01,11.4
12.4,10.914,10.4
12.0,12.59,12.4
10.5,10.65,12.0
11.4,10.79,10.5
12.6,12.37,11.4
12.5,11.69,12.6
11.8,12.56,12.5
10.1,11.76,11.8
10.2,9.5,10.1
10.1,10.79,10.2
10.4,9.52,10.1
10.6,10.62,10.4
12.3,9.97,10.6
11.7,12.64,12.3
9.7,10.234,11.7
9.7,9.26,9.7
9.3,9.805,9.7
10.6,9.41,9.3
9.4,10.55,10.6
9.6,9.61,9.4
9.9,10.93,9.6
10.2,10.81,9.9
9.9,10.42,10.2
11.3,10.57,9.9
9.2,11.02,11.3
8.7,8.62,9.2
8.2,9.445,8.7
8.2,8.65,8.2
9.4,9.664,8.2
11.1,10.31,9.4
13.1,11.84,11.1
8.9,12.47,13.1
8.2,9.28,8.9
8.0,9.46,8.2
9.4,9.25,8.0
10.0,10.81,9.4
11.2,11.35,10.0
12.3,11.88,11.2
13.6,13.05,12.3
13.0,13.67,13.6
12.7,12.83,13.0
12.9,12.85,12.7
12.9,14.54,12.9
12.9,12.61,12.9
14.6,13.195,12.9
15.6,14.34,14.6
13.3,15.34,15.6
12.2,12.97,13.3
11.7,12.01,12.2
12.4,11.93,11.7
15.1,13.77,12.4
18.1,14.58,15.1
20.1,18.47,18.1
18.4,19.25,20.1
14.5,15.125,18.4
14.5,14.05,14.5
16.7,15.68,14.5
16.8,17.0,16.7
15.9,16.33,16.8
16.3,14.805,15.9
17.4,17.16,16.3
19.3,17.38,17.4
21.4,19.48,19.3
21.1,20.12,21.4
21.9,20.25,21.1
16.7,21.19,21.9
17.1,16.75,16.7
15.0,17.34,17.1
14.5,15.3,15.0
14.7,15.22,14.5
14.1,15.266,14.7
15.8,15.266,14.1
16.1,16.98,15.8
18.0,16.22,16.1
16.9,17.69,18.0
16.4,17.14,16.9
15.3,16.66,16.4
14.8,15.59,15.3
15.7,15.42,14.8
15.6,16.53,15.7
15.2,16.02,15.6
14.2,15.3,15.2
13.5,14.53,14.2
14.0,14.484,13.5
15.4,15.55,14.0
15.2,16.08,15.4
16.9,16.53,15.2
16.1,16.53,16.9
16.4,16.31,16.1
16.8,17.69,16.4
18.3,16.4,16.8
20.0,18.3,18.3
19.7,20.1,20.0
19.9,18.75,19.7
21.5,20.06,19.9
20.7,21.02,21.5
20.6,19.4,20.7
20.9,19.97,20.6
20.8,21.45,20.9
18.3,20.69,20.8
18.0,17.69,18.3
17.6,17.92,18.0
18.4,18.31,17.6
18.4,19.31,18.4
18.2,18.33,18.4
18.5,18.28,18.2
17.7,18.27,18.5
17.5,17.47,17.7
17.4,18.23,17.5
15.7,17.31,17.4
16.5,15.73,15.7
19.0,17.52,16.5
17.4,19.3,19.0
16.1,16.8,17.4
15.2,15.95,16.1
15.9,16.06,15.2
16.5,16.95,15.9
16.5,17.6,16.5
16.4,16.19,16.5
16.7,16.38,16.4
17.7,17.16,16.7
16.5,17.44,17.7
17.1,15.81,16.5
18.3,17.5,17.1
19.6,18.16,18.3
19.2,19.16,19.6
17.7,20.05,19.2
18.1,17.0,17.7
15.6,18.38,18.1
15.6,15.36,15.6
16.7,16.38,15.6
15.9,17.05,16.7
15.6,15.86,15.9
14.7,15.3,15.6
15.1,15.625,14.7
15.8,16.2,15.1
14.9,15.516,15.8
14.9,14.414,14.9
14.7,15.79,14.9
14.7,13.75,14.7
15.9,15.78,14.7
15.3,16.16,15.9
17.3,15.66,15.3
18.1,17.39,17.3
17.7,17.19,18.1
16.7,17.73,17.7
15.0,15.44,16.7
15.6,15.22,15.0
14.0,15.266,15.6
13.1,13.52,14.0
13.5,13.734,13.1
13.5,14.44,13.5
12.2,11.78,13.5
12.9,12.92,12.2
15.0,13.85,12.9
14.4,15.625,15.0
13.7,13.23,14.4
13.1,14.984,13.7
12.3,11.72,13.1
14.1,13.5,12.3
12.3,13.625,14.1
11.9,11.766,12.3
13.9,13.39,11.9
14.4,13.58,13.9
15.3,14.164,14.4
15.7,15.2,15.3
14.3,14.14,15.7
16.9,15.18,14.3
13.8,16.34,16.9
12.9,13.26,13.8
13.2,12.34,12.9
12.8,12.08,13.2
13.2,13.195,12.8
12.4,12.945,13.2
12.8,11.81,12.4
14.0,13.125,12.8
13.9,13.02,14.0
12.8,13.234,13.9
13.8,12.54,12.8
12.7,12.38,13.8
15.3,13.14,12.7
16.8,15.17,15.3
14.9,15.45,16.8
12.2,13.09,14.9
11.1,11.36,12.2
11.2,9.97,11.1
14.8,12.234,11.2
14.8,15.25,14.8
16.0,13.12,14.8
16.0,15.17,16.0
15.8,14.78,16.0
15.5,14.66,15.8
16.1,15.3,15.5
14.0,14.75,16.1
13.0,12.78,14.0
15.3,14.14,13.0
14.4,14.91,15.3
11.7,13.09,14.4
11.3,11.336,11.7
14.0,11.734,11.3
14.2,13.65,14.0
14.9,13.19,14.2
15.2,14.55,14.9
13.6,14.17,15.2
12.6,13.016,13.6
14.2,11.84,12.6
11.6,14.125,14.2
10.8,10.62,11.6
10.1,10.33,10.8
8.5,10.84,10.1
8.0,9.0,8.5
9.2,8.61,8.0
8.2,9.53,9.2
8.6,8.18,8.2
6.5,8.74,8.6
4.9,5.445,6.5
6.9,6.703,4.9
6.6,7.992,6.9
9.6,6.062,6.6
7.7,10.71,9.6
3.9,5.24,7.7
4.7,3.988,3.9
6.1000004,7.438,4.7
7.7,6.766,6.1
10.8,10.03,7.7
8.4,9.35,10.8
9.3,8.02,8.4
8.0,8.53,9.3
12.3,7.574,8.0
12.1,11.766,12.3
12.1,9.6,12.1
10.5,10.75,12.1
10.0,8.375,10.5
6.6,8.59,10.0
5.5,5.176,6.6
7.3,5.785,5.5
8.8,7.67,7.3
6.4,7.887,8.8
5.4,5.438,6.4
5.2,6.133,5.4
6.5,4.508,5.2
5.3,7.67,6.5
6.8,5.17,5.3
5.2,7.043,6.8
4.3,4.695,5.2
4.7,5.54,4.3
12.4,4.84,4.7
11.2,10.02,12.4
9.6,9.15,11.2
8.4,8.35,9.6
7.9,8.195,8.4
6.9,6.83,7.9
6.4,6.34,6.9
2.5,5.645,6.4
3.4,1.859,2.5
1.6999998,5.035,3.4
-0.19999981,1.625,1.7
1.9999995,1.664,-0.2
-0.39999962,3.082,2.0
1.8999996,0.6484,-0.4
-1.3000002,3.48,1.9
-3.8000002,-1.734,-1.3
-2.8000002,-3.719,-3.8
2.3000002,0.789,-2.8
2.5,2.922,2.3
1.6999998,1.672,2.5
0.10000038,1.156,1.7
0.39999962,-0.1797,0.1
-2.3999996,0.6406,0.4
1.1000004,-2.898,-2.4
4.9,1.758,1.1
8.5,5.94,4.9
7.4,7.344,8.5
7.0,5.41,7.4
5.1,6.28,7.0
7.0,6.0,5.1
9.2,7.46,7.0
9.5,8.33,9.2
8.2,7.44,9.5
8.5,7.285,8.2
6.6,7.547,8.5
5.4,5.906,6.6
7.0,4.56,5.4
5.4,7.1,7.0
5.5,4.34,5.4
8.0,6.203,5.5
8.3,8.92,8.0
5.0,6.97,8.3
6.0,4.77,5.0
3.5,6.285,6.0
4.8,2.805,3.5
3.8000002,5.812,4.8
4.5,4.58,3.8
6.3,4.855,4.5
5.0,5.773,6.3
9.4,5.887,5.0
9.3,9.39,9.4
10.1,7.895,9.3
11.0,9.63,10.1
8.3,9.2,11.0
9.2,7.043,8.3
9.7,10.44,9.2
9.3,8.984,9.7
11.2,9.21,9.3
8.1,10.14,11.2
10.2,6.28,8.1
7.4,9.84,10.2
9.7,7.035,7.4
10.2,9.336,9.7
9.7,10.28,10.2
10.5,9.29,9.7
9.9,10.44,10.5
10.7,9.48,9.9
10.2,10.14,10.7
11.3,9.445,10.2
11.4,10.87,11.3
11.3,10.91,11.4
9.4,10.375,11.3
9.0,8.625,9.4
10.8,9.44,9.0
11.1,9.9,10.8
11.0,11.016,11.1
11.1,10.62,11.0
9.9,11.305,11.1
10.1,9.125,9.9
10.3,10.38,10.1
10.8,9.96,10.3
10.0,10.695,10.8
10.1,9.11,10.0
11.1,9.195,10.1
11.6,9.9,11.1
9.5,10.63,11.6
8.3,8.39,9.5
11.0,9.31,8.3
11.4,11.29,11.0
11.3,10.53,11.4
8.8,10.055,11.3
10.9,8.484,8.8
9.4,10.55,10.9
7.9,8.266,9.4
9.1,8.48,7.9
8.7,9.13,9.1
10.7,9.66,8.7
10.3,11.16,10.7
10.1,9.53,10.3
11.4,10.336,10.1
11.6,11.46,11.4
8.8,10.66,11.6
7.9,7.836,8.8
8.1,7.883,7.9
9.0,8.26,8.1
10.1,9.24,9.0
10.8,9.38,10.1
10.8,11.38,10.8
9.4,10.055,10.8
9.1,8.484,9.4
11.7,9.8,9.1
11.9,12.71,11.7
12.6,11.37,11.9
13.5,12.46,12.6
14.3,11.91,13.5
11.6,12.805,14.3
9.4,10.27,11.6
9.5,8.72,9.4
10.3,10.2,9.5
11.1,9.98,10.3
10.4,10.086,11.1
10.1,10.48,10.4
10.2,9.7,10.1
8.7,10.14,10.2
7.8,8.66,8.7
6.8,7.848,7.8
7.6,7.285,6.8
9.3,8.78,7.6
9.6,9.52,9.3
12.7,11.23,9.6
12.5,13.42,12.7
12.9,11.81,12.5
13.2,13.18,12.9
12.7,13.23,13.2
12.9,11.914,12.7
15.5,12.95,12.9
18.3,16.1,15.5
15.1,17.31,18.3
14.4,14.47,15.1
13.0,14.1,14.4
8.0,12.805,13.0
7.1,7.684,8.0
10.5,9.555,7.1
10.5,11.555,10.5
12.2,11.24,10.5
11.2,13.23,12.2
11.9,10.766,11.2
12.3,12.0,11.9
11.6,11.984,12.3
14.4,12.34,11.6
15.5,14.64,14.4
13.6,15.14,15.5
14.2,13.4,13.6
14.1,14.34,14.2
12.5,13.75,14.1
12.8,12.484,12.5
14.0,13.33,12.8
15.8,14.125,14.0
14.0,15.414,15.8
15.4,13.3,14.0
17.0,15.57,15.4
17.3,17.08,17.0
16.3,16.1,17.3
18.1,15.984,16.3
20.4,18.28,18.1
19.5,20.53,20.4
15.1,17.45,19.5
12.6,14.42,15.1
12.9,12.41,12.6
16.1,14.07,12.9
14.0,16.66,16.1
16.2,14.1,14.0
17.3,16.9,16.2
15.9,17.22,17.3
16.4,15.875,15.9
18.3,16.84,16.4
16.3,18.56,18.3
16.1,16.1,16.3
15.0,16.28,16.1
15.2,15.16,15.0
14.9,15.805,15.2
14.3,15.625,14.9
16.0,15.31,14.3
15.0,16.62,16.0
14.1,15.25,15.0
15.0,14.31,14.1
14.1,16.47,15.0
14.8,14.125,14.1
15.3,15.79,14.8
15.1,16.19,15.3
14.7,15.2,15.1
12.4,15.39,14.7
12.0,13.17,12.4
12.9,13.25,12.0
13.9,13.7,12.9
14.4,15.516,13.9
13.6,14.25,14.4
11.7,13.8,13.6
13.0,12.95,11.7
14.6,13.47,13.0
15.7,16.22,14.6
16.5,15.516,15.7
18.2,17.27,16.5
19.6,17.75,18.2
20.2,19.25,19.6
19.3,18.78,20.2
17.5,19.06,19.3
17.7,17.53,17.5
17.2,18.1,17.7
16.3,16.5,17.2
16.9,16.92,16.3
17.8,17.69,16.9
16.6,17.78,17.8
16.1,16.5,16.6
17.4,16.47,16.1
18.1,18.0,17.4
18.6,18.38,18.1
19.3,18.95,18.6
18.5,18.47,19.3
16.5,18.78,18.5
16.8,16.78,16.5
18.2,17.22,16.8
18.1,18.58,18.2
18.0,17.83,18.1
19.3,17.84,18.0
17.6,19.25,19.3
16.3,16.5,17.6
18.3,17.19,16.3
19.7,19.02,18.3
19.1,19.31,19.7
18.1,18.83,19.1
18.1,17.84,18.1
18.6,18.62,18.1
17.7,19.0,18.6
20.7,16.7,17.7
23.3,20.9,20.7
20.7,21.88,23.3
20.4,19.4,20.7
20.7,19.97,20.4
18.9,19.64,20.7
18.9,18.78,18.9
20.5,18.94,18.9
20.0,20.47,20.5
20.5,19.45,20.0
20.1,20.03,20.5
21.5,19.81,20.1
21.3,21.1,21.5
19.4,20.62,21.3
19.7,19.31,19.4
20.6,20.5,19.7
20.1,20.14,20.6
17.7,19.38,20.1
16.2,16.75,17.7
16.8,17.64,16.2
15.5,16.47,16.8
16.7,16.52,15.5
18.4,17.6,16.7
17.0,18.97,18.4
15.6,16.12,17.0
15.8,16.19,15.6
17.8,16.98,15.8
16.2,18.16,17.8
14.8,15.36,16.2
14.6,15.43,14.8
15.2,15.6,14.6
15.8,15.75,15.2
15.9,16.4,15.8
15.9,15.72,15.9
15.3,16.42,15.9
15.3,15.84,15.3
12.5,14.516,15.3
12.5,12.25,12.5
13.3,12.89,12.5
14.7,13.625,13.3
17.6,15.08,14.7
19.7,17.94,17.6
18.2,17.34,19.7
18.5,17.52,18.2
17.3,17.27,18.5
17.8,16.83,17.3
17.6,16.47,17.8
17.5,16.95,17.6
17.3,16.36,17.5
17.3,16.94,17.3
15.8,16.22,17.3
16.3,15.766,15.8
16.8,15.68,16.3
17.6,16.17,16.8
17.8,17.22,17.6
16.6,17.14,17.8
16.3,15.53,16.6
15.7,16.0,16.3
15.3,14.695,15.7
15.0,15.47,15.3
15.4,14.91,15.0
17.8,15.695,15.4
18.0,17.9,17.8
15.7,16.53,18.0
15.3,15.2,15.7
12.8,15.78,15.3
12.8,12.14,12.8
11.4,13.14,12.8
15.0,12.5,11.4
16.5,15.58,15.0
16.9,15.984,16.5
18.5,15.5,16.9
17.9,17.9,18.5
17.3,16.28,17.9
15.9,16.08,17.3
15.4,15.09,15.9
15.3,14.875,15.4
10.4,13.67,15.3
9.0,9.66,10.4
10.4,10.31,9.0
11.0,10.79,10.4
7.5,11.11,11.0
4.8,7.21,7.5
5.7,6.406,4.8
8.1,6.83,5.7
8.5,8.82,8.1
6.7,8.33,8.5
10.5,8.25,6.7
14.4,11.74,10.5
13.5,13.86,14.4
12.1,11.836,13.5
11.4,10.72,12.1
11.2,11.78,11.4
11.6,10.26,11.2
10.3,11.75,11.6
8.9,8.82,10.3
8.8,9.07,8.9
8.6,8.62,8.8
12.2,8.12,8.6
15.3,13.17,12.2
14.9,13.63,15.3
15.2,13.125,14.9
14.4,13.97,15.2
13.0,12.77,14.4
11.2,10.73,13.0
9.1,10.23,11.2
7.1,7.79,9.1
9.6,6.15,7.1
11.2,11.18,9.6
11.3,10.08,11.2
10.8,10.44,11.3
11.8,10.04,10.8
12.4,11.664,11.8
10.7,10.97,12.4
11.3,10.055,10.7
10.4,10.164,11.3
7.8,9.98,10.4
4.8,7.04,7.8
4.2,5.418,4.8
4.1,5.098,4.2
6.8,4.72,4.1
12.2,8.8,6.8
11.6,11.016,12.2
12.5,10.45,11.6
14.0,12.09,12.5
12.4,12.64,14.0
8.3,10.914,12.4
7.3,6.477,8.3
4.9,6.883,7.3
4.5,5.375,4.9
1.3999996,4.51,4.5
4.2,1.758,1.4
11.6,7.773,4.2
9.6,10.555,11.6
10.8,8.79,9.6
8.8,9.2,10.8
9.8,7.785,8.8
12.4,9.03,9.8
13.0,11.68,12.4
12.0,10.484,13.0
9.9,10.945,12.0
8.4,8.266,9.9
7.3,6.977,8.4
11.0,7.98,7.3
11.1,10.4,11.0
7.7,10.34,11.1
9.4,7.285,7.7
10.3,10.46,9.4
11.3,10.305,10.3
9.8,10.77,11.3
10.1,8.59,9.8
12.0,9.37,10.1
10.9,12.03,12.0
12.5,9.836,10.9
12.4,11.625,12.5
12.1,10.91,12.4
12.3,11.2,12.1
12.3,10.55,12.3
11.1,11.75,12.3
9.5,9.39,11.1
11.4,8.42,9.5
9.0,10.87,11.4
7.8,6.945,9.0
9.4,9.21,7.8
9.2,9.5,9.4
4.1,7.535,9.2
5.7,4.48,4.1
4.3,7.688,5.7
3.1,3.867,4.3
5.1,4.87,3.1
3.8000002,5.867,5.1
0.8999996,3.309,3.8
0.19999981,0.922,0.9
0.3000002,1.734,0.2
0.8000002,1.633,0.3
2.0999994,1.094,0.8
2.8000002,3.887,2.1
3.6,3.727,2.8
3.5,3.715,3.6
3.0,3.543,3.5
3.6999998,3.871,3.0
6.0,5.285,3.7
7.1,6.61,6.0
8.6,7.07,7.1
6.0,7.54,8.6
5.3,6.152,6.0
6.4,4.645,5.3
7.9,6.953,6.4
8.3,8.625,7.9
8.1,7.53,8.3
8.7,8.05,8.1
10.2,8.2,8.7
10.5,9.81,10.2
8.0,8.945,10.5
8.0,7.203,8.0
11.3,8.266,8.0
11.5,10.055,11.3
9.9,10.72,11.5
8.5,8.7,9.9
9.4,7.676,8.5
8.7,8.41,9.4
7.8,7.785,8.7
8.5,7.867,7.8
9.7,9.47,8.5
7.9,8.8,9.7
7.7,7.492,7.9
10.3,8.016,7.7
13.0,9.91,10.3
10.5,12.41,13.0
9.9,9.13,10.5
11.4,9.79,9.9
11.5,11.21,11.4
9.7,10.88,11.5
9.3,8.57,9.7
10.1,9.695,9.3
8.6,9.92,10.1
8.8,8.29,8.6
9.9,9.305,8.8
9.1,9.91,9.9
8.0,8.484,9.1
7.2,8.24,8.0
7.9,6.766,7.2
8.4,9.06,7.9
8.0,8.44,8.4
8.7,7.855,8.0
8.8,8.32,8.7
9.0,9.336,8.8
8.0,9.4,9.0
7.7,7.848,8.0
9.9,8.75,7.7
10.8,9.87,9.9
11.6,10.875,10.8
13.1,10.54,11.6
12.1,12.1,13.1
11.6,13.016,12.1
10.1,8.945,11.6
11.6,10.61,10.1
11.5,12.0,11.6
11.2,11.266,11.5
10.8,11.06,11.2
10.2,10.39,10.8
10.0,9.664,10.2
8.8,9.05,10.0
7.4,8.73,8.8
6.2,6.93,7.4
5.8,7.375,6.2
6.4,5.93,5.8
4.3,6.92,6.4
4.4,4.36,4.3
5.9000006,5.723,4.4
6.8,7.367,5.9
8.9,7.61,6.8
7.9,9.44,8.9
9.5,8.016,7.9
11.1,9.38,9.5
10.0,11.17,11.1
11.4,9.93,10.0
11.8,12.195,11.4
11.9,10.75,11.8
12.4,11.78,11.9
11.4,13.09,12.4
10.8,10.72,11.4
9.8,10.0,10.8
9.9,9.26,9.8
12.0,10.31,9.9
11.2,11.91,12.0
10.9,11.61,11.2
10.2,10.836,10.9
9.6,10.11,10.2
11.3,9.79,9.6
12.0,11.99,11.3
12.5,11.92,12.0
12.3,12.375,12.5
13.6,11.56,12.3
14.2,13.86,13.6
16.2,14.03,14.2
17.7,15.25,16.2
17.3,15.5,17.7
16.0,15.86,17.3
16.2,14.875,16.0
18.3,16.06,16.2
18.3,17.42,18.3
16.3,16.62,18.3
18.0,16.12,16.3
18.2,17.69,18.0
17.5,16.89,18.2
16.8,17.6,17.5
15.1,15.58,16.8
14.1,14.45,15.1
14.3,14.83,14.1
15.1,15.3,14.3
13.8,15.22,15.1
12.0,13.02,13.8
11.0,12.77,12.0
12.1,12.08,11.0
12.5,14.19,12.1
13.7,13.266,12.5
14.1,15.02,13.7
15.1,14.25,14.1
15.2,15.44,15.1
15.7,14.74,15.2
17.3,16.77,15.7
16.1,17.22,17.3
15.2,15.33,16.1
15.2,15.61,15.2
15.7,16.27,15.2
14.2,16.06,15.7
12.0,13.984,14.2
13.0,12.81,12.0
14.4,14.7,13.0
14.0,15.46,14.4
14.1,14.484,14.0
13.6,14.18,14.1
13.4,14.59,13.6
15.7,14.64,13.4
19.4,15.94,15.7
21.8,20.0,19.4
16.7,19.62,21.8
15.9,14.66,16.7
16.3,16.14,15.9
15.6,17.38,16.3
15.4,15.91,15.6
15.4,15.81,15.4
15.1,16.02,15.4
15.6,15.68,15.1
15.8,16.22,15.6
16.0,16.44,15.8
15.8,16.11,16.0
15.3,16.69,15.8
16.2,15.47,15.3
15.2,16.81,16.2
15.5,15.45,15.2
16.0,16.31,15.5
16.0,16.53,16.0
15.9,15.51,16.0
15.8,16.92,15.9
16.0,16.56,15.8
16.3,16.48,16.0
16.6,16.83,16.3
15.1,16.38,16.6
15.4,15.28,15.1
15.2,16.55,15.4
16.3,15.94,15.2
16.6,16.78,16.3
16.8,16.52,16.6
16.7,17.22,16.8
17.8,17.73,16.7
16.1,16.48,17.8
17.2,16.36,16.1
16.7,18.33,17.2
15.8,15.84,16.7
15.9,15.766,15.8
15.9,16.36,15.9
16.9,16.06,15.9
17.0,17.25,16.9
16.7,17.03,17.0
15.8,16.73,16.7
15.8,16.02,15.8
14.6,16.28,15.8
16.5,15.625,14.6
16.1,17.06,16.5
17.4,16.36,16.1
17.0,16.72,17.4
17.1,16.83,17.0
18.9,17.53,17.1
20.5,18.75,18.9
22.4,19.72,20.5
19.9,21.5,22.4
19.7,18.28,19.9
17.7,19.61,19.7
16.2,16.62,17.7
16.9,16.67,16.2
17.4,17.66,16.9
15.9,17.81,17.4
17.5,16.61,15.9
17.5,18.17,17.5
16.6,16.98,17.5
17.2,16.81,16.6
18.0,18.12,17.2
17.5,18.25,18.0
17.4,16.84,17.5
16.9,17.52,17.4
16.6,15.875,16.9
17.0,17.19,16.6
15.9,16.72,17.0
14.2,15.15,15.9
15.0,14.95,14.2
16.5,16.06,15.0
19.1,17.14,16.5
18.8,18.9,19.1
15.3,16.9,18.8
16.5,15.28,15.3
16.9,17.2,16.5
17.1,16.56,16.9
17.4,17.31,17.1
16.7,17.22,17.4
18.1,16.2,16.7
17.7,18.56,18.1
16.3,16.11,17.7
14.0,15.54,16.3
13.5,13.84,14.0
13.5,13.91,13.5
13.6,13.445,13.5
16.3,13.63,13.6
15.1,17.28,16.3
14.7,13.3,15.1
15.4,14.31,14.7
17.0,15.2,15.4
17.5,16.62,17.0
16.5,17.06,17.5
15.4,15.3,16.5
15.7,14.78,15.4
16.5,16.73,15.7
16.0,15.555,16.5
16.2,15.664,16.0
16.2,15.39,16.2
15.6,15.94,16.2
13.7,14.03,15.6
14.4,14.92,13.7
15.6,14.15,14.4
14.8,15.125,15.6
12.7,13.516,14.8
10.9,12.39,12.7
11.9,11.59,10.9
11.4,12.08,11.9
12.3,11.56,11.4
12.3,12.55,12.3
13.0,11.86,12.3
13.7,14.15,13.0
14.4,12.45,13.7
13.6,14.85,14.4
15.0,12.24,13.6
15.8,15.59,15.0
15.0,14.34,15.8
15.3,14.29,15.0
12.8,14.47,15.3
10.9,11.7,12.8
10.0,10.586,10.9
12.1,10.21,10.0
15.7,13.266,12.1
16.5,15.25,15.7
14.7,15.06,16.5
14.2,13.66,14.7
12.6,14.5,14.2
12.2,11.68,12.6
15.1,12.0,12.2
15.2,15.734,15.1
11.9,13.37,15.2
12.0,10.836,11.9
13.6,11.86,12.0
10.8,13.87,13.6
11.9,10.16,10.8
10.1,13.04,11.9
8.1,9.37,10.1
8.7,7.336,8.1
11.3,10.91,8.7
12.3,10.03,11.3
15.7,13.0,12.3
15.0,15.16,15.7
11.0,13.03,15.0
9.3,8.93,11.0
9.7,11.125,9.3
9.6,9.05,9.7
9.6,9.875,9.6
8.7,9.43,9.6
6.0,7.047,8.7
6.3,6.266,6.0
4.8,6.1,6.3
6.7,4.434,4.8
8.0,8.56,6.7
3.9,7.03,8.0
3.5,3.812,3.9
3.6,4.656,3.5
8.6,3.234,3.6
9.8,9.74,8.6
10.8,8.49,9.8
12.2,10.27,10.8
9.9,11.07,12.2
8.0,9.266,9.9
8.2,7.062,8.0
6.0,7.67,8.2
5.8,5.785,6.0
1.5,5.668,5.8
5.2,0.6484,1.5
4.9,6.54,5.2
6.4,5.56,4.9
8.9,5.34,6.4
11.5,9.51,8.9
11.4,10.484,11.5
11.7,9.91,11.4
11.6,10.41,11.7
13.9,10.93,11.6
12.2,10.99,13.9
12.7,11.08,12.2
12.6,10.84,12.7
10.0,10.64,12.6
11.7,8.41,10.0
11.2,11.13,11.7
10.0,9.1,11.2
7.1,9.0,10.0
5.5,6.688,7.1
9.7,7.28,5.5
8.6,9.695,9.7
8.0,7.273,8.6
11.7,9.24,8.0
11.9,10.27,11.7
10.5,10.516,11.9
7.9,8.89,10.5
11.9,7.445,7.9
9.9,12.25,11.9
9.0,8.39,9.9
9.1,8.29,9.0
9.2,9.94,9.1
11.9,7.27,9.2
13.7,11.25,11.9
13.4,12.945,13.7
13.0,11.61,13.4
10.1,11.336,13.0
8.2,9.22,10.1
5.3,7.42,8.2
3.3000002,4.76,5.3
3.6999998,3.66,3.3
7.3,4.23,3.7
9.0,8.445,7.3
9.5,9.164,9.0
11.3,8.7,9.5
8.9,10.77,11.3
6.3,7.883,8.9
8.2,5.867,6.3
12.8,10.0,8.2
10.9,11.95,12.8
8.2,8.76,10.9
9.1,8.7,8.2
10.4,8.1,9.1
11.1,10.8,10.4
10.9,11.234,11.1
9.3,10.23,10.9
9.6,8.6,9.3
11.2,9.336,9.6
10.7,10.25,11.2
6.4,9.16,10.7
3.4,5.184,6.4
5.4,3.566,3.4
8.4,7.773,5.4
7.2,7.016,8.4
10.4,8.47,7.2
9.8,9.8,10.4
9.5,9.02,9.8
7.8,8.99,9.5
8.8,7.562,7.8
4.4,9.375,8.8
3.5,3.379,4.4
3.8000002,4.64,3.5
4.1,3.379,3.8
5.1,5.29,4.1
5.9000006,5.28,5.1
9.9,7.637,5.9
9.5,8.984,9.9
9.5,8.445,9.5
10.2,9.86,9.5
11.4,8.91,10.2
11.4,10.94,11.4
10.7,10.39,11.4
8.6,9.76,10.7
9.5,7.973,8.6
10.3,9.23,9.5
8.3,9.47,10.3
9.8,7.902,8.3
9.0,9.53,9.8
9.8,7.797,9.0
11.8,10.266,9.8
11.8,11.34,11.8
9.0,10.445,11.8
7.1,8.28,9.0
5.5,7.105,7.1
5.1,5.61,5.5
5.8,5.7,5.1
8.5,7.4,5.8
7.6,8.09,8.5
8.2,8.19,7.6
10.6,8.89,8.2
10.6,9.625,10.6
9.6,9.74,10.6
9.2,10.01,9.6
9.2,8.64,9.2
8.6,8.62,9.2
10.0,8.86,8.6
8.3,9.88,10.0
8.1,7.758,8.3
7.5,7.477,8.1
9.1,7.92,7.5
9.8,10.76,9.1
10.1,9.28,9.8
10.1,9.93,10.1
10.2,9.484,10.1
8.6,9.97,10.2
9.1,8.21,8.6
9.3,7.984,9.1
11.9,10.81,9.3
12.5,11.766,11.9
13.8,12.04,12.5
12.0,12.984,13.8
11.0,11.07,12.0
13.5,10.76,11.0
12.8,13.3,13.5
12.3,11.945,12.8
12.1,11.73,12.3
10.8,11.15,12.1
11.4,11.59,10.8
10.9,11.33,11.4
11.1,10.75,10.9
11.0,11.43,11.1
10.9,10.61,11.0
9.2,10.516,10.9
6.4,9.555,9.2
6.4,5.67,6.4
5.9000006,7.547,6.4
7.6,6.35,5.9
8.3,8.555,7.6
9.5,8.94,8.3
12.4,10.13,9.5
11.7,12.69,12.4
11.7,10.74,11.7
10.6,11.484,11.7
10.9,9.73,10.6
11.2,11.56,10.9
12.1,11.94,11.2
13.3,12.414,12.1
14.1,13.734,13.3
13.1,13.05,14.1
14.5,12.91,13.1
14.9,13.516,14.5
16.2,14.89,14.9
15.3,13.88,16.2
15.9,14.88,15.3
13.3,14.88,15.9
14.2,12.46,13.3
13.8,14.63,14.2
13.8,13.37,13.8
14.8,13.75,13.8
14.1,14.56,14.8
13.8,14.125,14.1
13.1,13.41,13.8
12.2,12.86,13.1
12.5,12.586,12.2
13.3,13.2,12.5
12.8,14.56,13.3
11.5,11.99,12.8
13.5,12.03,11.5
13.5,14.11,13.5
13.9,13.22,13.5
14.0,14.164,13.9
13.7,14.555,14.0
13.9,13.25,13.7
14.2,15.5,13.9
14.4,14.97,14.2
15.9,13.91,14.4
16.9,17.12,15.9
18.0,16.58,16.9
18.8,18.1,18.0
15.1,17.03,18.8
17.1,15.7,15.1
18.6,17.62,17.1
15.1,18.12,18.6
15.0,15.36,15.1
13.8,15.47,15.0
12.7,14.195,13.8
13.0,13.98,12.7
12.9,13.97,13.0
13.0,13.016,12.9
14.0,14.47,13.0
14.1,14.09,14.0
13.9,14.93,14.1
13.7,14.3,13.9
14.0,14.66,13.7
14.8,14.63,14.0
16.2,15.125,14.8
17.4,16.94,16.2
16.1,17.31,17.4
16.4,15.83,16.1
16.5,16.47,16.4
15.5,16.84,16.5
13.6,14.95,15.5
14.1,14.055,13.6
15.7,15.555,14.1
18.4,16.53,15.7
20.5,19.03,18.4
16.9,19.56,20.5
14.6,16.22,16.9
14.7,15.06,14.6
15.9,15.53,14.7
15.8,16.95,15.9
17.3,15.984,15.8
19.7,18.0,17.3
17.4,18.44,19.7
17.3,17.14,17.4
16.5,17.78,17.3
17.6,16.72,16.5
17.2,18.06,17.6
19.3,17.14,17.2
21.0,19.9,19.3
20.2,19.83,21.0
21.1,19.67,20.2
21.2,21.42,21.1
18.6,20.1,21.2
16.9,18.12,18.6
17.2,17.06,16.9
16.5,17.4,17.2
17.9,17.47,16.5
17.2,18.31,17.9
18.6,17.48,17.2
18.5,19.75,18.6
16.7,17.34,18.5
15.5,16.9,16.7
16.3,15.46,15.5
19.4,17.83,16.3
21.9,20.17,19.4
22.2,21.12,21.9
21.8,20.94,22.2
21.3,20.22,21.8
20.8,21.12,21.3
17.1,20.28,20.8
18.5,17.36,17.1
19.1,18.95,18.5
17.1,19.47,19.1
18.0,17.9,17.1
18.4,18.78,18.0
18.9,18.28,18.4
18.2,19.6,18.9
19.2,18.16,18.2
18.3,19.56,19.2
18.6,18.28,18.3
17.9,18.5,18.6
17.1,17.88,17.9
18.2,17.58,17.1
17.8,18.62,18.2
17.3,18.1,17.8
16.3,17.17,17.3
16.3,16.72,16.3
16.2,16.53,16.3
16.4,16.48,16.2
16.0,16.47,16.4
16.4,16.12,16.0
18.0,16.92,16.4
18.9,18.03,18.0
17.7,18.86,18.9
19.8,17.34,17.7
19.5,20.0,19.8
18.0,17.75,19.5
17.5,17.66,18.0
18.4,17.31,17.5
18.8,17.95,18.4
17.4,18.73,18.8
16.5,17.08,17.4
17.0,16.44,16.5
19.9,17.67,17.0
18.6,19.67,19.9
17.8,17.55,18.6
18.4,17.73,17.8
17.4,18.27,18.4
18.2,17.5,17.4
19.4,18.81,18.2
17.4,19.05,19.4
18.8,17.06,17.4
17.6,19.06,18.8
15.7,17.12,17.6
14.1,15.45,15.7
13.6,14.555,14.1
14.2,12.945,13.6
16.7,16.17,14.2
15.2,16.14,16.7
16.1,15.766,15.2
15.3,15.84,16.1
14.6,14.75,15.3
16.0,15.7,14.6
18.2,16.56,16.0
17.7,17.28,18.2
17.5,16.66,17.7
16.3,16.48,17.5
15.2,15.55,16.3
15.9,16.11,15.2
16.3,15.47,15.9
17.1,16.66,16.3
15.3,15.91,17.1
15.8,14.59,15.3
14.8,15.81,15.8
12.7,14.55,14.8
11.1,12.55,12.7
10.5,10.445,11.1
9.8,11.26,10.5
11.5,10.16,9.8
14.8,13.61,11.5
15.1,14.234,14.8
15.8,14.59,15.1
14.9,14.73,15.8
12.5,13.234,14.9
12.2,11.84,12.5
14.4,13.04,12.2
15.1,14.54,14.4
15.2,14.17,15.1
12.9,13.83,15.2
12.3,12.39,12.9
9.6,11.99,12.3
10.9,10.08,9.6
13.7,11.59,10.9
14.7,13.71,13.7
14.8,13.375,14.7
12.1,13.62,14.8
11.2,11.445,12.1
11.3,11.055,11.2
12.5,11.48,11.3
13.7,13.37,12.5
14.6,11.805,13.7
14.1,14.766,14.6
14.0,13.55,14.1
14.9,13.06,14.0
12.0,13.016,14.9
10.6,10.92,12.0
12.2,10.97,10.6
12.3,12.734,12.2
10.2,11.13,12.3
11.6,9.125,10.2
12.7,11.75,11.6
12.4,11.64,12.7
10.9,10.88,12.4
10.7,11.02,10.9
8.6,9.63,10.7
9.9,8.69,8.6
11.4,9.766,9.9
10.2,11.74,11.4
8.8,8.89,10.2
9.7,8.34,8.8
10.9,10.7,9.7
6.8,9.69,10.9
6.4,7.1,6.8
5.4,6.773,6.4
7.9,5.637,5.4
9.7,9.086,7.9
10.3,8.22,9.7
12.1,10.46,10.3
12.2,10.26,12.1
11.6,11.38,12.2
13.1,11.1,11.6
11.6,11.83,13.1
10.2,9.914,11.6
11.9,10.24,10.2
10.0,12.3,11.9
11.5,8.09,10.0
8.3,11.45,11.5
7.6,6.273,8.3
11.3,7.94,7.6
11.8,11.57,11.3
10.9,9.98,11.8
8.7,9.516,10.9
10.3,8.41,8.7
12.7,10.48,10.3
9.5,10.83,12.7
9.7,8.66,9.5
6.0,9.06,9.7
4.9,5.31,6.0
7.1,5.45,4.9
10.9,8.03,7.1
12.8,11.2,10.9
6.9,11.17,12.8
3.5,5.7,6.9
10.2,5.54,3.5
11.9,9.445,10.2
10.5,9.836,11.9
12.3,10.48,10.5
10.4,10.94,12.3
9.9,8.76,10.4
7.3,9.08,9.9
5.5,7.195,7.3
5.6,5.355,5.5
8.1,6.363,5.6
10.5,8.875,8.1
8.9,9.51,9.2
7.5,7.297,8.9
9.7,8.4,7.5
7.7,9.07,9.7
9.5,6.492,7.7
7.5,9.04,9.5
6.8,6.508,7.5
8.5,6.85,6.8
6.3,8.83,8.5
7.3,4.816,6.3
10.3,8.07,7.3
7.9,9.625,10.3
11.3,7.133,7.9
8.3,11.016,11.3
3.1,6.164,8.3
-0.39999962,2.86,3.1
1.5,0.3203,-0.4
4.3,3.902,1.5
6.9,5.492,4.3
8.9,8.336,6.9
7.3,7.64,8.9
9.0,8.875,7.3
8.1,8.7,9.0
10.3,7.516,8.1
9.4,10.08,10.3
10.3,9.24,9.4
10.9,9.79,10.3
11.1,10.49,10.9
10.1,10.56,11.1
9.5,9.25,10.1
8.9,8.41,9.5
10.3,8.67,8.9
9.7,9.55,10.3
9.8,9.71,9.7
9.6,11.03,9.8
8.0,8.305,9.6
10.2,8.75,8.0
10.8,10.07,10.2
10.3,10.55,10.8
8.5,9.31,10.3
6.7,6.258,8.5
8.5,7.91,6.7
11.3,9.484,8.5
10.8,11.72,11.3
9.7,9.27,10.8
8.5,8.17,9.7
9.4,9.55,8.5
10.2,9.57,9.4
10.8,9.914,10.2
11.4,10.76,10.8
9.5,10.54,11.4
10.5,9.19,9.5
11.6,10.96,10.5
10.7,11.39,11.6
10.5,10.31,10.7
9.0,10.29,10.5
9.4,9.375,9.0
11.8,10.7,9.4
11.8,12.13,11.8
11.3,10.86,11.8
10.9,10.49,11.3
8.0,11.47,10.9
6.7,7.906,8.0
9.1,7.08,6.7
8.3,10.53,9.1
8.1,7.617,8.3
9.7,9.37,8.1
9.0,9.93,9.7
8.7,8.67,9.0
8.4,8.83,8.7
8.0,8.66,8.4
8.0,7.867,8.0
8.2,8.24,8.0
7.0,8.445,8.2
6.6,7.977,7.0
6.1000004,6.258,6.6
7.7,7.695,6.1
8.7,7.414,7.7
7.0,8.92,8.7
7.4,7.09,7.0
8.4,8.03,7.4
9.9,8.08,8.4
11.1,10.055,9.9
11.8,10.984,11.1
9.9,11.14,11.8
9.7,8.26,9.9
12.1,11.34,9.7
12.3,12.36,12.1
14.5,11.29,12.3
15.9,14.34,14.5
13.5,13.266,15.9
14.4,13.234,13.5
15.1,13.67,14.4
12.3,14.31,15.1
10.7,11.26,12.3
12.3,11.01,10.7
12.4,13.25,12.3
10.9,12.45,12.4
9.9,10.695,10.9
12.3,10.61,9.9
11.9,12.766,12.3
11.1,12.58,11.9
12.9,10.984,11.1
15.1,13.95,12.9
14.0,13.84,15.1
13.6,14.07,14.0
12.4,13.56,13.6
10.9,12.6,12.4
10.5,11.38,10.9
11.5,10.85,10.5
12.8,12.414,11.5
13.1,12.87,12.8
13.6,13.734,13.1
13.8,13.445,13.6
12.7,13.34,13.8
12.7,13.23,12.7
13.3,13.15,12.7
12.7,13.234,13.3
11.6,12.91,12.7
11.9,12.24,11.6
13.3,12.53,11.9
16.3,14.28,13.3
16.3,17.08,16.3
14.3,15.766,16.3
12.6,13.91,14.3
12.4,13.1,12.6
13.1,12.91,12.4
13.1,14.016,13.1
15.0,13.56,13.1
13.3,15.734,15.0
13.1,12.33,13.3
13.0,13.984,13.1
13.5,13.44,13.0
14.3,13.695,13.5
14.6,14.5,14.3
15.5,14.47,14.6
16.4,15.34,15.5
16.4,15.84,16.4
16.8,15.945,16.4
15.9,16.44,16.8
15.4,16.44,15.9
16.1,15.39,15.4
17.0,16.6,16.1
15.7,16.84,17.0
20.7,15.91,15.7
16.7,20.53,20.7
15.2,14.89,16.7
15.3,15.81,15.2
17.0,15.734,15.3
18.1,18.12,17.0
15.5,17.36,18.1
18.2,15.59,15.5
17.8,19.38,18.2
17.3,16.66,17.8
17.2,18.1,17.3
16.4,16.94,17.2
15.9,16.38,16.4
15.8,16.38,15.9
15.5,16.25,15.8
14.7,16.42,15.5
15.5,15.08,14.7
17.5,16.12,15.5
19.1,17.81,17.5
17.9,18.81,19.1
17.7,17.84,17.9
16.4,17.34,17.7
17.8,16.61,16.4
20.1,18.78,17.8
21.0,20.27,20.1
18.6,20.38,21.0
18.4,17.6,18.6
17.4,18.92,18.4
18.4,17.27,17.4
18.8,18.97,18.4
20.9,18.33,18.8
18.0,20.6,20.9
17.8,17.53,18.0
19.2,18.47,17.8
18.1,19.2,19.2
16.5,17.08,18.1
17.8,17.0,16.5
19.1,18.7,17.8
18.4,19.38,19.1
16.8,17.98,18.4
18.9,17.38,16.8
20.2,19.62,18.9
18.6,20.44,20.2
18.3,17.94,18.6
18.0,17.81,18.3
19.2,17.81,18.0
21.0,20.23,19.2
19.1,20.66,21.0
16.7,18.3,19.1
16.4,17.08,16.7
15.9,17.23,16.4
14.7,16.53,15.9
15.1,14.47,14.7
17.2,16.1,15.1
16.5,18.0,17.2
15.9,16.75,16.5
17.1,17.16,15.9
17.3,17.67,17.1
16.4,16.1,17.3
18.5,16.7,16.4
18.5,18.73,18.5
17.2,17.78,18.5
15.6,16.83,17.2
16.4,16.14,15.6
16.9,16.7,16.4
15.7,17.28,16.9
13.9,15.17,15.7
14.4,14.41,13.9
15.7,15.266,14.4
16.1,15.8,15.7
15.9,16.6,16.1
16.1,15.56,15.9
17.0,16.66,16.1
16.6,16.52,17.0
15.9,16.98,16.6
15.0,16.27,15.9
15.1,14.516,15.0
14.0,15.125,15.1
15.0,14.58,14.0
15.2,14.86,15.0
16.5,15.31,15.2
14.9,16.38,16.5
12.8,14.195,14.9
12.3,13.43,12.8
12.1,13.31,12.3
12.5,11.68,12.1
12.3,14.3,12.5
12.3,11.734,12.3
14.0,12.41,12.3
13.3,14.734,14.0
13.4,12.414,13.3
15.5,13.78,13.4
16.1,14.67,15.5
15.6,15.85,16.1
15.0,15.266,15.6
15.6,14.43,15.0
14.4,14.69,15.6
14.1,13.664,14.4
14.1,13.86,14.1
14.6,13.23,14.1
13.0,14.34,14.6
13.6,13.41,13.0
12.8,13.91,13.6
9.1,11.305,12.8
8.7,8.46,9.1
8.9,10.24,8.7
10.4,9.91,8.9
11.3,10.45,10.4
12.7,11.03,11.3
14.8,12.67,12.7
14.3,13.555,14.8
17.5,14.63,14.3
16.1,16.06,17.5
14.8,13.86,16.1
15.3,14.47,14.8
16.4,15.18,15.3
13.7,15.13,16.4
11.0,11.83,13.7
13.9,12.08,11.0
13.4,12.98,13.9
14.6,12.92,13.4
15.2,14.234,14.6
13.0,13.61,15.2
12.5,12.02,13.0
11.4,11.79,12.5
10.9,10.78,11.4
10.0,10.73,10.9
10.2,9.79,10.0
13.9,11.39,10.2
15.1,13.84,13.9
13.1,13.75,15.1
11.0,11.59,13.1
11.8,10.27,11.0
14.1,13.25,11.8
11.0,12.56,14.1
9.5,10.5,11.0
11.7,9.055,9.5
13.3,12.84,11.7
13.4,11.94,13.3
12.8,12.61,13.4
12.5,11.97,12.8
12.7,11.72,12.5
12.8,12.44,12.7
14.3,11.4,12.8
14.7,14.74,14.3
12.6,12.414,14.7
10.2,10.69,12.6
10.8,10.164,10.2
14.2,11.49,10.8
14.2,14.0,14.2
14.3,12.76,14.2
14.0,13.055,14.3
13.8,13.234,14.0
12.6,13.016,13.8
12.4,11.53,12.6
11.2,11.47,12.4
9.3,9.86,11.2
9.8,9.336,9.3
10.7,9.88,9.8
9.9,9.516,10.7
12.0,10.98,9.9
12.5,11.32,12.0
12.8,11.51,12.5
13.3,12.08,12.8
12.9,12.06,13.3
10.8,12.0,12.9
11.1,9.82,10.8
11.9,11.164,11.1
12.6,11.32,11.9
10.0,11.99,12.6
13.2,8.86,10.0
13.8,12.836,13.2
13.4,12.305,13.8
12.3,11.914,13.4
11.1,11.26,12.3
10.7,10.336,11.1
11.5,10.21,10.7
11.9,10.12,11.5
9.5,12.91,11.9
8.5,8.46,9.5
8.6,8.45,8.5
9.1,8.586,8.6
5.1,8.84,9.1
2.5,4.5,5.1
0.39999962,3.086,2.5
5.6,2.078,0.4
11.5,8.65,5.6
13.0,10.3,11.5
13.6,11.66,13.0
12.3,11.875,13.6
9.7,11.02,12.3
8.2,8.21,9.7
5.7,7.875,8.2
5.6,5.836,5.7
4.7,5.23,5.6
9.8,6.15,4.7
11.2,9.66,9.8
8.1,9.46,11.2
7.4,6.46,8.1
10.5,7.63,7.4
9.8,10.27,10.5
10.7,8.86,9.8
10.3,9.67,10.7
5.5,9.5,10.3
4.2,3.34,5.5
8.6,5.938,4.2
9.1,7.92,8.6
11.2,8.555,9.1
10.2,10.19,11.2
6.6,9.0,10.2
9.6,5.316,6.6
7.7,9.805,9.6
10.6,6.562,7.7
11.2,10.94,10.6
8.0,9.13,11.2
9.6,7.71,8.0
12.5,9.43,9.6
9.0,11.09,12.5
9.8,7.758,9.0
11.1,10.76,9.8
11.4,9.836,11.1
10.5,10.39,11.4
12.0,9.73,10.5
11.0,11.875,12.0
9.0,9.414,11.0
11.3,9.57,9.0
12.0,10.96,11.3
10.4,10.68,12.0
9.7,9.586,10.4
11.3,9.04,9.7
11.0,11.016,11.3
10.0,9.99,11.0
10.4,10.21,10.0
11.0,9.98,10.4
10.0,10.445,11.0
9.9,9.75,10.0
11.0,9.89,9.9
11.1,11.19,11.0
10.6,10.95,11.1
7.9,10.79,10.6
9.1,7.887,7.9
11.2,10.12,9.1
11.0,10.82,11.2
7.1,9.78,11.0
7.6,6.68,7.1
7.8,8.875,7.6
11.6,7.906,7.8
9.1,11.46,11.6
5.6,8.0,9.1
7.4,4.773,5.6
10.4,9.02,7.4
7.8,9.89,10.4
6.9,8.234,7.8
5.9000006,7.234,6.9
6.9,6.086,5.9
8.6,7.656,6.9
6.3,8.664,8.6
6.6,4.99,6.3
5.7,6.99,6.6
7.9,5.184,5.7
11.6,9.33,7.9
10.6,10.31,11.6
9.6,10.17,10.6
9.5,8.71,9.6
8.1,9.016,9.5
7.2,8.1,8.1
8.9,6.68,7.2
11.0,9.766,8.9
10.1,10.25,11.0
8.2,9.37,10.1
6.3,7.508,8.2
6.2,5.797,6.3
8.3,6.934,6.2
9.2,8.94,8.3
10.2,9.76,9.2
10.1,10.336,10.2
10.3,10.07,10.1
8.7,10.266,10.3
8.8,8.36,8.7
8.3,10.54,8.8
7.3,6.348,8.3
9.4,8.53,7.3
11.0,9.875,9.4
9.3,9.74,11.0
11.3,9.2,9.3
11.3,10.83,11.3
10.5,11.266,11.3
11.4,9.945,10.5
11.6,11.31,11.4
11.0,10.695,11.6
8.8,10.47,11.0
10.1,9.36,8.8
11.3,10.23,10.1
11.7,10.555,11.3
10.0,11.1,11.7
10.6,9.22,10.0
10.3,10.945,10.6
10.3,9.77,10.3
10.7,10.42,10.3
9.3,10.95,10.7
5.5,8.58,9.3
4.9,5.375,5.5
7.9,6.508,4.9
6.7,10.125,7.9
8.3,6.97,6.7
8.5,8.77,8.3
9.6,9.37,8.5
11.0,10.664,9.6
11.6,11.36,11.0
11.8,11.555,11.6
12.1,12.03,11.8
12.7,11.83,12.1
13.8,12.945,12.7
15.1,13.664,13.8
17.4,14.72,15.1
18.6,16.16,17.4
19.1,16.83,18.6
19.8,17.38,19.1
18.5,17.44,19.8
13.6,16.17,18.5
12.6,13.13,13.6
11.9,12.15,12.6
12.4,12.71,11.9
8.3,11.94,12.4
8.3,7.992,8.3
8.6,9.9,8.3
9.9,9.67,8.6
13.2,11.4,9.9
11.3,13.78,13.2
10.2,10.26,11.3
10.0,10.48,10.2
10.8,11.28,10.0
11.5,10.836,10.8
15.1,12.83,11.5
16.0,14.95,15.1
13.5,14.59,16.0
13.1,13.78,13.5
14.0,13.31,13.1
15.3,14.8,14.0
15.0,15.734,15.3
13.8,14.45,15.0
12.9,13.8,13.8
13.0,13.43,12.9
13.2,13.69,13.0
13.9,14.68,13.2
13.7,13.95,13.9
13.5,14.44,13.7
13.2,13.56,13.5
13.8,13.945,13.2
14.1,14.8,13.8
12.8,14.016,14.1
12.2,13.22,12.8
13.5,13.17,12.2
13.5,14.58,13.5
13.6,13.4,13.5
12.2,13.375,13.6
12.7,12.77,12.2
14.5,13.914,12.7
14.6,15.67,14.5
14.1,14.95,14.6
15.4,14.516,14.1
16.8,15.72,15.4
17.8,17.06,16.8
17.5,17.1,17.8
17.4,17.38,17.5
16.5,17.0,17.4
16.1,16.31,16.5
16.3,15.84,16.1
20.3,16.78,16.3
21.1,20.22,20.3
22.1,19.44,21.1
24.5,21.5,22.1
20.8,22.69,24.5
19.1,18.0,20.8
17.0,19.19,19.1
15.5,17.03,17.0
15.1,16.03,15.5
15.5,16.22,15.1
16.3,16.6,15.5
17.5,16.72,16.3
21.1,18.6,17.5
22.7,21.1,21.1
18.8,20.9,22.7
17.4,18.25,18.8
16.6,17.14,17.4
17.6,17.66,16.6
17.7,18.4,17.6
17.5,18.31,17.7
17.6,17.5,17.5
17.6,17.9,17.6
18.0,18.88,17.6
21.1,18.56,18.0
23.0,21.6,21.1
19.1,21.34,23.0
16.4,18.75,19.1
16.3,16.05,16.4
20.7,17.6,16.3
22.9,21.3,20.7
