TEMPERATURE_REELLE,TEMPERATURE_CONVLSTM,TEMPERATURE_PERSISTANCE
8.2,8.78,8.3
6.8,7.258,8.2
8.8,8.19,6.8
6.8,8.27,8.8
8.8,6.133,6.8
6.1000004,8.18,8.8
5.8,5.75,6.1
7.2,5.84,5.8
5.3,8.086,7.2
6.4,5.043,5.3
9.7,8.03,6.4
7.3,9.34,9.7
10.9,7.33,7.3
7.4,9.79,10.9
2.5,6.203,7.4
-0.8000002,3.305,2.5
0.8999996,-0.3203,-0.8
5.6,4.21,0.9
7.1,7.4,5.6
8.6,8.84,7.1
6.9,8.03,8.6
8.0,9.03,6.9
6.9,7.562,8.0
9.6,6.758,6.9
8.3,9.14,9.6
9.6,7.895,8.3
11.3,9.48,9.6
11.5,10.95,11.3
9.8,10.766,11.5
8.9,8.65,9.8
8.2,7.22,8.9
9.5,8.09,8.2
8.7,8.66,9.5
8.9,9.21,8.7
8.9,10.52,8.9
7.4,8.38,8.9
9.7,8.76,7.4
10.6,10.125,9.7
10.0,9.99,10.6
7.5,9.3,10.0
5.9,6.406,7.5
7.7,7.48,5.9
10.8,8.59,7.7
10.3,10.9,10.8
9.1,9.54,10.3
7.7,7.78,9.1
8.4,8.945,7.7
9.9,8.82,8.4
10.2,9.54,9.9
10.8,10.26,10.2
8.5,10.29,10.8
9.7,7.46,8.5
11.7,10.375,9.7
11.0,11.31,11.7
10.2,10.26,11.0
7.9,9.92,10.2
8.6,8.164,7.9
11.5,10.055,8.6
11.4,11.734,11.5
11.1,10.68,11.4
9.9,10.38,11.1
6.8,10.85,9.9
5.8,7.195,6.8
8.5,6.594,5.8
7.9,9.664,8.5
7.2,8.05,7.9
8.8,8.61,7.2
8.4,9.125,8.8
7.7,8.31,8.4
7.2,7.69,7.7
7.3,7.49,7.2
7.2,7.64,7.3
7.4,6.836,7.2
6.4,7.93,7.4
6.4,7.56,6.4
5.7,6.11,6.4
7.2,7.17,5.7
8.1,7.77,7.2
6.3,8.484,8.1
6.8,6.293,6.3
7.9,7.867,6.8
9.3,7.6,7.9
11.4,9.79,9.3
11.4,10.984,11.4
9.2,10.414,11.4
9.2,7.887,9.2
12.3,11.34,9.2
13.0,12.63,12.3
14.7,11.945,13.0
16.4,14.84,14.7
10.7,12.836,16.4
14.1,11.03,10.7
16.3,14.35,14.1
12.3,14.86,16.3
10.3,11.44,12.3
12.3,11.18,10.3
11.7,13.59,12.3
10.2,12.13,11.7
9.7,10.58,10.2
11.2,11.33,9.7
11.6,11.98,11.2
10.6,12.76,11.6
12.5,10.69,10.6
14.5,13.7,12.5
13.0,13.31,14.5
13.7,13.08,13.0
12.3,13.945,13.7
9.9,12.484,12.3
9.4,10.53,9.9
11.0,10.03,9.4
12.2,12.484,11.0
12.2,12.76,12.2
13.2,13.05,12.2
13.3,13.11,13.2
11.9,13.164,13.3
12.0,12.03,11.9
12.3,12.945,12.0
12.2,12.36,12.3
10.6,11.89,12.2
10.7,11.18,10.6
11.6,11.56,10.7
13.8,12.68,11.6
16.0,15.0,13.8
14.4,15.56,16.0
12.5,13.94,14.4
11.7,12.83,12.5
12.8,12.2,11.7
13.6,13.84,12.8
14.1,13.234,13.6
12.5,14.555,14.1
12.2,12.234,12.5
12.1,13.625,12.2
12.6,13.09,12.1
12.9,13.086,12.6
13.3,13.37,12.9
14.4,13.875,13.3
14.9,14.67,14.4
15.3,14.44,14.9
15.3,15.05,15.3
15.7,14.914,15.3
15.1,15.98,15.7
15.7,15.31,15.1
16.9,16.4,15.7
16.0,17.25,16.9
20.4,16.16,16.0
17.3,20.52,20.4
14.5,15.96,17.3
15.0,15.234,14.5
16.3,15.58,15.0
19.1,17.19,16.3
14.9,18.75,19.1
16.9,14.81,14.9
18.7,18.78,16.9
16.4,16.7,18.7
17.3,17.4,16.4
16.0,17.34,17.3
15.4,16.22,16.0
15.4,16.31,15.4
14.7,15.69,15.4
14.2,15.625,14.7
15.3,14.375,14.2
16.8,16.08,15.3
18.2,16.84,16.8
17.7,18.34,18.2
16.6,17.2,17.7
15.3,16.17,16.6
17.4,15.95,15.3
18.4,18.17,17.4
19.7,18.22,18.4
19.0,19.78,19.7
17.7,17.64,19.0
16.1,18.14,17.7
16.8,16.5,16.1
17.6,17.28,16.8
19.5,18.12,17.6
17.6,19.28,19.5
17.6,16.88,17.6
18.9,18.44,17.6
18.1,18.84,18.9
15.7,16.75,18.1
16.5,16.03,15.7
18.6,17.58,16.5
17.8,18.7,18.6
16.7,17.19,17.8
18.8,17.36,16.7
19.0,19.47,18.8
18.3,18.86,19.0
17.7,18.1,18.3
17.0,16.84,17.7
18.9,17.06,17.0
19.9,18.89,18.9
17.0,19.5,19.9
15.6,16.84,17.0
15.7,16.33,15.6
15.5,16.55,15.7
14.0,15.625,15.5
13.5,14.14,14.0
16.3,14.92,13.5
15.9,17.03,16.3
14.8,15.71,15.9
16.3,16.66,14.8
17.1,17.34,16.3
15.8,15.78,17.1
17.5,15.86,15.8
17.9,17.56,17.5
16.8,17.69,17.9
14.9,15.97,16.8
16.5,15.56,14.9
16.7,16.84,16.5
15.5,17.16,16.7
12.9,14.81,15.5
13.3,13.516,12.9
15.5,14.516,13.3
15.6,15.4,15.5
15.1,15.89,15.6
15.1,15.625,15.1
16.1,16.1,15.1
16.3,16.55,16.1
15.0,16.58,16.3
14.5,15.25,15.0
14.3,13.96,14.5
12.4,13.36,14.3
13.9,13.484,12.4
14.2,14.02,13.9
15.7,14.97,14.2
14.1,16.12,15.7
12.4,14.09,14.1
11.4,13.46,12.4
11.7,13.08,11.4
11.7,11.414,11.7
11.3,13.78,11.7
11.4,11.33,11.3
13.4,11.875,11.4
12.7,14.31,13.4
12.4,12.22,12.7
14.7,13.87,12.4
15.3,14.47,14.7
15.5,15.44,15.3
14.8,15.22,15.5
14.6,14.2,14.8
13.6,14.29,14.6
13.6,13.12,13.6
13.3,13.08,13.6
14.0,12.945,13.3
13.1,13.35,14.0
13.2,13.414,13.1
12.1,13.7,13.2
8.0,11.31,12.1
7.9,8.58,8.0
8.8,9.71,7.9
10.0,9.625,8.8
10.4,10.13,10.0
13.2,10.82,10.4
13.8,13.125,13.2
14.8,13.53,13.8
16.0,14.25,14.8
15.0,15.27,16.0
15.4,13.06,15.0
16.2,14.77,15.4
15.9,15.81,16.2
12.4,14.39,15.9
9.3,10.96,12.4
12.9,10.97,9.3
12.6,12.164,12.9
13.7,12.86,12.6
14.0,13.99,13.7
12.3,13.39,14.0
11.3,11.64,12.3
10.4,11.5,11.3
9.7,9.96,10.4
9.4,10.23,9.7
9.3,9.07,9.4
13.2,10.414,9.3
14.8,13.18,13.2
12.5,13.55,14.8
10.1,11.03,12.5
11.1,10.25,10.1
13.9,12.42,11.1
10.5,12.36,13.9
9.1,9.78,10.5
10.2,8.234,9.1
12.3,11.62,10.2
13.1,11.43,12.3
11.7,12.37,13.1
11.9,10.85,11.7
12.2,11.58,11.9
12.4,11.22,12.2
13.7,11.48,12.4
14.4,13.766,13.7
11.8,12.2,14.4
9.8,9.92,11.8
10.3,9.24,9.8
13.8,10.38,10.3
14.0,12.85,13.8
14.1,12.05,14.0
13.7,12.445,14.1
13.3,12.266,13.7
11.8,12.01,13.3
11.8,10.695,11.8
11.2,10.84,11.8
9.9,9.73,11.2
9.6,8.81,9.9
10.2,9.61,9.6
9.2,9.586,10.2
11.2,9.805,9.2
11.5,10.96,11.2
11.4,10.02,11.5
12.1,11.28,11.4
11.9,11.46,12.1
8.8,11.23,11.9
9.4,8.28,8.8
10.7,9.81,9.4
11.9,10.016,10.7
8.4,11.195,11.9
12.2,7.08,8.4
13.4,11.1,12.2
11.7,10.75,13.4
10.9,10.0,11.7
10.1,9.88,10.9
9.7,8.92,10.1
10.9,8.836,9.7
11.0,9.555,10.9
8.3,11.03,11.0
7.0,7.49,8.3
7.1,7.086,7.0
8.0,7.188,7.1
4.7,7.57,8.0
2.6999998,5.15,4.7
1.3999996,3.863,2.7
4.1,2.355,1.4
10.4,7.97,4.1
12.5,9.87,10.4
13.2,11.27,12.5
11.0,11.53,13.2
7.8,8.49,11.0
6.9,6.316,7.8
5.0,5.74,6.9
5.0,5.316,5.0
3.3000002,4.44,5.0
7.7,4.47,3.3
8.8,7.844,7.7
7.3,8.664,8.8
6.9,6.688,7.3
9.7,7.516,6.9
8.9,8.77,9.7
10.1,8.34,8.9
9.6,9.13,10.1
4.5,8.85,9.6
4.4,4.01,4.5
7.9,6.812,4.4
8.3,7.953,7.9
10.4,8.22,8.3
9.4,9.51,10.4
4.7,7.918,9.4
8.1,4.473,4.7
6.0,8.9,8.1
9.5,5.824,6.0
10.5,9.44,9.5
6.9,8.5,10.5
7.7,6.836,6.9
12.4,8.08,7.7
7.6,9.84,12.4
8.9,6.05,7.6
10.7,9.68,8.9
10.9,9.36,10.7
9.2,9.695,10.9
11.5,8.56,9.2
10.6,11.09,11.5
8.3,9.086,10.6
10.7,8.91,8.3
11.9,10.39,10.7
10.3,10.57,11.9
9.4,9.59,10.3
10.8,8.75,9.4
10.1,10.336,10.8
9.2,9.15,10.1
9.7,9.766,9.2
10.5,9.66,9.7
9.1,10.14,10.5
9.0,9.125,9.1
10.2,9.234,9.0
10.9,11.055,10.2
9.7,10.63,10.9
7.5,10.04,9.7
8.3,7.617,7.5
11.0,9.48,8.3
10.5,10.77,11.0
6.1000004,9.3,10.5
6.6,6.227,6.1
6.7,8.68,6.6
11.0,7.21,6.7
8.3,10.21,11.0
4.9,8.3,8.3
6.8,5.31,4.9
9.8,8.97,6.8
7.3,9.055,9.8
6.0,7.633,7.3
4.6,6.53,6.0
5.9,5.09,4.6
7.5,6.89,5.9
5.2,7.77,7.5
4.8,4.406,5.2
4.2,4.926,4.8
7.2,4.523,4.2
10.7,8.57,7.2
10.1,9.79,10.7
8.8,9.38,10.1
8.3,7.984,8.8
7.3,7.34,8.3
6.1000004,7.562,7.3
7.9,5.504,6.1
10.4,8.89,7.9
9.1,9.68,10.4
7.5,8.08,9.1
6.0,7.14,7.5
6.1000004,5.56,6.0
8.4,7.668,6.1
10.7,8.86,8.4
9.3,10.69,10.7
9.9,9.31,9.3
9.9,10.28,9.9
7.7,9.93,9.9
7.9,7.32,7.7
6.6,10.055,7.9
6.9,5.934,6.6
8.9,8.51,6.9
10.5,9.38,8.9
8.7,8.97,10.5
10.5,9.31,8.7
10.5,10.24,10.5
10.1,10.125,10.5
10.8,10.17,10.1
10.6,11.31,10.8
9.3,10.21,10.6
7.0,8.17,9.3
8.3,6.883,7.0
10.4,8.836,8.3
9.7,9.67,10.4
8.9,9.63,9.7
9.1,8.945,8.9
9.1,9.21,9.1
9.6,9.84,9.1
10.2,9.87,9.6
8.5,10.98,10.2
5.0,7.914,8.5
4.6,5.25,5.0
7.3,6.69,4.6
5.6,9.61,7.3
7.3,6.43,5.6
7.6,8.09,7.3
8.7,8.875,7.6
9.8,9.58,8.7
9.7,10.586,9.8
11.1,9.836,9.7
12.0,11.71,11.1
12.6,11.33,12.0
14.6,12.09,12.6
15.3,14.17,14.6
17.6,14.625,15.3
18.1,16.19,17.6
18.6,15.78,18.1
19.1,17.03,18.6
17.4,17.0,19.1
12.1,14.69,17.4
11.1,11.52,12.1
10.9,11.234,11.1
10.5,12.055,10.9
7.5,10.69,10.5
7.3,8.84,7.5
7.8,9.33,7.3
9.9,10.01,7.8
12.5,11.75,9.9
10.5,12.94,12.5
9.3,10.25,10.5
9.1,9.88,9.3
9.8,10.91,9.1
11.2,10.34,9.8
14.8,12.64,11.2
16.2,14.55,14.8
13.0,14.33,16.2
13.0,13.13,13.0
13.7,13.11,13.0
15.1,14.34,13.7
14.7,15.664,15.1
13.4,14.14,14.7
12.1,13.34,13.4
12.2,12.39,12.1
12.5,13.125,12.2
13.2,13.5,12.5
13.4,13.49,13.2
12.6,13.9,13.4
12.6,12.75,12.6
13.0,13.71,12.6
13.2,13.984,13.0
11.7,13.234,13.2
11.4,12.82,11.7
12.3,12.766,11.4
12.6,13.47,12.3
12.3,12.88,12.6
10.7,12.05,12.3
11.7,11.914,10.7
13.8,13.125,11.7
14.2,14.766,13.8
14.0,14.34,14.2
15.4,14.69,14.0
16.4,14.91,15.4
16.8,16.62,16.4
15.7,16.19,16.8
15.5,15.734,15.7
14.9,15.42,15.5
14.8,15.45,14.9
14.8,15.04,14.8
17.3,15.8,14.8
18.0,18.36,17.3
20.0,17.36,18.0
22.9,19.9,20.0
22.1,21.25,22.9
18.5,18.16,22.1
16.0,17.84,18.5
14.5,16.56,16.0
14.5,14.8,14.5
15.5,15.38,14.5
15.9,16.05,15.5
16.4,15.664,15.9
19.6,17.25,16.4
22.3,19.9,19.6
18.8,21.02,22.3
17.6,17.45,18.8
17.0,17.1,17.6
17.7,17.61,17.0
17.2,18.25,17.7
17.3,17.48,17.2
17.2,17.52,17.3
17.3,17.05,17.2
18.4,17.81,17.3
20.5,18.73,18.4
21.2,20.5,20.5
18.0,19.81,21.2
15.7,17.23,18.0
15.1,15.61,15.7
19.5,16.31,15.1
22.9,20.6,19.5
18.4,21.72,22.9
18.1,17.84,18.4
19.1,18.56,18.1
19.8,19.53,19.1
18.1,19.31,19.8
20.4,17.19,18.1
21.7,20.66,20.4
19.0,19.81,21.7
20.4,18.6,19.0
20.9,19.88,20.4
17.1,19.11,20.9
16.3,17.45,17.1
16.6,16.78,16.3
16.0,17.17,16.6
15.5,16.27,16.0
20.4,16.62,15.5
20.3,20.45,20.4
19.3,18.55,20.3
17.4,18.5,19.3
16.2,17.1,17.4
16.9,16.27,16.2
18.9,17.19,16.9
19.7,18.81,18.9
20.4,19.62,19.7
18.7,19.25,20.4
19.3,18.67,18.7
19.3,19.12,19.3
18.6,18.81,19.3
17.8,18.88,18.6
18.3,17.34,17.8
18.4,19.03,18.3
18.1,18.5,18.4
16.4,18.08,18.1
14.4,15.73,16.4
15.2,14.86,14.4
14.9,16.17,15.2
15.0,15.48,14.9
16.4,16.06,15.0
15.4,16.84,16.4
13.6,14.42,15.4
14.5,14.625,13.6
13.4,14.23,14.5
15.0,14.07,13.4
15.8,16.84,15.0
15.8,15.625,15.8
14.5,15.375,15.8
15.1,14.555,14.5
13.4,14.734,15.1
13.2,13.25,13.4
13.3,13.375,13.2
14.1,14.734,13.3
14.5,14.39,14.1
13.7,14.234,14.5
13.1,13.266,13.7
14.2,14.67,13.1
14.7,14.42,14.2
13.7,15.11,14.7
14.2,12.875,13.7
14.2,14.92,14.2
13.7,13.79,14.2
12.8,12.734,13.7
12.8,14.375,12.8
15.8,13.68,12.8
14.0,15.516,15.8
10.1,13.48,14.0
10.1,10.56,10.1
15.9,12.23,10.1
15.7,16.05,15.9
14.7,14.34,15.7
16.0,14.234,14.7
14.6,16.52,16.0
12.5,13.15,14.6
15.1,13.24,12.5
17.0,15.125,15.1
18.2,15.164,17.0
16.2,16.14,18.2
14.9,15.04,16.2
16.2,14.41,14.9
15.0,15.16,16.2
15.8,14.01,15.0
15.2,15.06,15.8
15.0,15.19,15.2
15.4,13.81,15.0
16.6,15.53,15.4
13.1,15.08,16.6
12.1,12.234,13.1
12.0,12.47,12.1
11.7,11.6,12.0
10.7,11.734,11.7
12.7,10.766,10.7
15.8,14.23,12.7
12.8,14.99,15.8
16.4,11.92,12.8
12.9,15.5,16.4
13.8,11.58,12.9
13.8,13.96,13.8
12.8,12.67,13.8
11.7,11.85,12.8
10.3,11.016,11.7
10.3,10.23,10.3
11.2,10.47,10.3
9.3,11.7,11.2
4.2,8.4,9.3
4.4,5.047,4.2
7.5,6.516,4.4
11.1,10.32,7.5
10.4,10.555,11.1
9.3,9.22,10.4
12.4,9.09,9.3
10.6,11.43,12.4
9.7,8.69,10.6
10.7,9.26,9.7
11.5,11.64,10.7
10.4,9.83,11.5
5.3,8.875,10.4
2.9,5.023,5.3
3.1,2.98,2.9
8.4,5.16,3.1
11.7,9.7,8.4
10.3,10.74,11.7
10.5,8.48,10.3
11.4,10.55,10.5
9.2,9.83,11.4
7.7,7.21,9.2
9.1,8.33,7.7
8.5,7.797,9.1
8.4,8.46,8.5
8.9,7.81,8.4
10.2,8.93,8.9
12.9,10.11,10.2
12.1,11.4,12.9
9.5,10.25,12.1
3.1999998,8.01,9.5
-0.6000004,3.871,3.2
0.3000002,0.4062,-0.6
2.5,2.488,0.3
5.4,3.7,2.5
7.3,7.86,5.4
4.4,6.863,7.3
7.4,5.28,4.4
6.0,8.734,7.4
4.0,4.934,6.0
1.1999998,4.28,4.0
4.7,1.6875,1.2
6.2,5.098,4.7
6.7,5.69,6.2
10.5,8.05,6.7
11.5,8.7,10.5
12.8,9.195,11.5
12.1,10.74,12.8
11.0,9.28,12.1
8.2,9.12,11.0
5.0,6.55,8.2
3.4,4.027,5.0
0.6999998,2.328,3.4
0.8000002,1.18,0.7
2.2999997,1.141,0.8
9.1,3.86,2.3
9.8,9.484,9.1
9.7,9.055,9.8
9.2,8.93,9.7
8.3,8.18,9.2
9.1,7.062,8.3
9.3,8.875,9.1
10.4,8.53,9.3
10.1,10.36,10.4
11.5,8.94,10.1
10.1,10.87,11.5
8.3,7.78,10.1
10.1,7.28,8.3
10.6,9.016,10.1
9.7,8.8,10.6
11.1,9.75,9.7
10.8,9.84,11.1
9.6,9.21,10.8
8.2,8.84,9.6
8.2,8.91,8.2
9.5,8.21,8.2
7.8,9.31,9.5
6.9,7.812,7.8
6.8,7.047,6.9
6.7,6.477,6.8
6.7,6.75,6.7
4.7,6.42,6.7
1.6999998,5.05,4.7
1.1000004,2.172,1.7
4.5,1.609,1.1
4.0,5.76,4.5
5.9,4.703,4.0
3.1,7.29,5.9
0.8999996,3.023,3.1
3.8000002,2.281,0.9
3.1,5.6,3.8
2.1999998,3.535,3.1
2.5,2.031,2.2
5.5,5.188,2.5
5.2,6.695,5.5
6.3,5.453,5.2
6.6,6.78,6.3
5.7,6.258,6.6
7.8,5.637,5.7
9.6,8.11,7.8
6.3,8.836,9.6
5.0,5.293,6.3
4.4,5.023,5.0
8.0,3.79,4.4
8.5,8.3,8.0
7.7,7.79,8.5
3.5,8.05,7.7
0.3000002,3.21,3.5
0.8999996,0.8047,0.3
4.9,1.117,0.9
6.8,6.695,4.9
8.3,8.03,6.8
7.0,7.836,8.3
4.2,5.445,7.0
4.5,4.17,4.2
5.3,5.32,4.5
5.1,4.52,5.3
5.7,6.35,5.1
7.1,6.633,5.7
6.9,6.97,7.1
6.2,6.844,6.9
6.7,6.29,6.2
5.6,6.047,6.7
3.3000002,5.074,5.6
2.1999998,2.633,3.3
6.1000004,3.832,2.2
8.3,7.7,6.1
6.0,6.9,8.3
6.2,7.22,6.0
5.1,5.84,6.2
5.4,5.453,5.1
6.2,4.8,5.4
6.8,7.36,6.2
6.6,6.695,6.8
7.5,7.21,6.6
8.4,6.844,7.5
8.9,9.44,8.4
9.5,9.3,8.9
10.9,9.41,9.5
14.1,10.63,10.9
16.0,13.336,14.1
13.0,12.86,16.0
10.5,12.03,13.0
4.9,9.53,10.5
3.3000002,3.805,4.9
5.2,5.0,3.3
4.9,6.445,5.2
4.5,5.656,4.9
5.2,5.188,4.5
4.2,5.08,5.2
4.5,5.062,4.2
4.4,5.19,4.5
5.7,5.176,4.4
6.6,6.953,5.7
8.4,7.93,6.6
8.5,7.668,8.4
9.8,9.055,8.5
10.2,10.5,9.8
9.7,9.41,10.2
11.0,9.26,9.7
10.1,10.97,11.0
9.8,9.17,10.1
12.3,11.26,9.8
12.0,12.25,12.3
10.1,10.12,12.0
11.5,11.016,10.1
12.9,12.37,11.5
12.4,11.86,12.9
11.9,12.64,12.4
9.3,11.32,11.9
9.3,8.99,9.3
9.1,10.24,9.3
9.2,9.01,9.1
9.8,9.93,9.2
11.0,9.77,9.8
9.9,11.55,11.0
8.3,9.516,9.9
8.7,8.88,8.3
9.4,9.26,8.7
9.5,9.04,9.4
7.7,9.766,9.5
8.3,8.2,7.7
8.4,9.375,8.3
8.8,9.42,8.4
9.3,9.87,8.8
9.8,10.15,9.3
8.4,9.96,9.8
7.4,8.78,8.4
6.7,8.57,7.4
7.0,7.82,6.7
8.6,8.77,7.0
9.7,9.39,8.6
11.6,11.04,9.7
7.8,11.69,11.6
7.4,8.555,7.8
7.2,9.18,7.4
7.8,8.63,7.2
9.4,9.64,7.8
10.8,10.88,9.4
12.0,11.68,10.8
13.4,12.78,12.0
12.7,13.38,13.4
11.8,12.56,12.7
12.4,11.86,11.8
12.3,14.17,12.4
12.9,11.97,12.3
15.4,13.0,12.9
17.0,14.49,15.4
13.2,15.35,17.0
11.8,13.16,13.2
10.6,12.05,11.8
12.3,11.82,10.6
14.8,13.87,12.3
18.9,15.08,14.8
18.8,19.03,18.9
17.3,18.06,18.8
13.4,14.875,17.3
14.7,13.484,13.4
16.2,16.05,14.7
17.1,16.97,16.2
14.6,16.4,17.1
15.0,14.25,14.6
15.1,16.31,15.0
16.5,15.164,15.1
19.2,17.5,16.5
20.9,19.16,19.2
20.0,19.84,20.9
16.6,19.44,20.0
15.9,16.31,16.6
13.0,16.45,15.9
13.1,14.09,13.0
13.5,14.34,13.1
13.2,14.0,13.5
14.4,14.734,13.2
15.4,15.91,14.4
17.0,15.91,15.4
16.4,17.1,17.0
15.2,16.16,16.4
14.7,15.45,15.2
13.7,14.94,14.7
14.9,14.25,13.7
15.6,15.67,14.9
14.8,15.5,15.6
13.5,14.74,14.8
12.5,13.836,13.5
13.0,13.2,12.5
14.2,15.0,13.0
14.7,15.18,14.2
15.6,16.53,14.7
15.7,15.33,15.6
16.3,15.97,15.7
16.5,16.97,16.3
18.0,16.55,16.5
17.4,17.98,18.0
17.1,17.58,17.4
17.4,16.38,17.1
19.2,17.47,17.4
20.6,19.19,19.2
18.7,19.69,20.6
18.2,17.5,18.7
19.7,19.75,18.2
17.4,18.48,19.7
16.8,16.9,17.4
16.1,16.94,16.8
17.3,16.64,16.1
17.5,18.48,17.3
17.9,17.38,17.5
18.2,18.69,17.9
17.0,17.69,18.2
17.1,17.12,17.0
16.6,17.48,17.1
15.2,16.44,16.6
14.9,14.516,15.2
19.0,16.27,14.9
17.9,19.31,19.0
15.5,17.67,17.9
14.2,15.65,15.5
15.8,15.28,14.2
16.8,16.84,15.8
16.3,17.58,16.8
15.4,16.27,16.3
16.3,16.1,15.4
16.8,16.84,16.3
15.1,15.97,16.8
16.2,14.97,15.1
17.1,16.53,16.2
20.6,17.19,17.1
20.6,19.78,20.6
18.2,20.69,20.6
17.1,17.39,18.2
15.3,17.75,17.1
15.8,15.41,15.3
15.9,16.84,15.8
15.3,16.34,15.9
14.6,15.375,15.3
14.1,14.53,14.6
14.5,14.914,14.1
14.6,15.19,14.5
14.4,14.836,14.6
14.3,14.09,14.4
13.5,14.91,14.3
13.1,13.0,13.5
14.2,14.59,13.1
14.5,14.61,14.2
16.4,14.92,14.5
16.9,17.12,16.4
16.4,15.07,16.9
14.9,16.5,16.4
14.0,14.57,14.9
14.6,14.56,14.0
13.3,15.09,14.6
12.1,12.93,13.3
12.4,13.0,12.1
11.7,13.516,12.4
11.5,11.336,11.7
13.5,12.11,11.5
15.8,14.6,13.5
14.6,15.95,15.8
13.7,14.11,14.6
12.0,14.43,13.7
11.5,11.71,12.0
12.4,12.02,11.5
10.8,13.086,12.4
10.9,10.766,10.8
12.9,12.82,10.9
13.8,13.8,12.9
14.7,13.53,13.8
14.8,15.086,14.7
14.2,13.164,14.8
16.4,14.83,14.2
13.4,16.14,16.4
12.1,12.914,13.4
12.3,12.086,12.1
12.2,11.09,12.3
12.0,13.05,12.2
11.3,12.0,12.0
12.1,11.21,11.3
13.3,12.72,12.1
13.4,12.61,13.3
12.2,12.84,13.4
12.9,12.23,12.2
12.6,12.23,12.9
13.9,12.5,12.6
16.3,14.11,13.9
14.3,15.5,16.3
10.7,12.59,14.3
8.9,10.34,10.7
9.6,8.766,8.9
14.2,11.28,9.6
14.0,14.35,14.2
15.3,12.83,14.0
15.0,14.766,15.3
16.0,13.94,15.0
15.7,14.7,16.0
16.3,14.586,15.7
13.1,15.06,16.3
12.2,11.98,13.1
14.9,13.65,12.2
13.9,14.29,14.9
10.4,12.3,13.9
10.1,10.195,10.4
13.1,10.586,10.1
13.5,13.13,13.1
14.2,12.54,13.5
14.6,13.86,14.2
13.2,13.484,14.6
11.5,12.83,13.2
13.5,10.664,11.5
10.9,12.805,13.5
9.3,9.81,10.9
9.4,9.14,9.3
7.6,10.18,9.4
7.1,7.82,7.6
9.1,7.938,7.1
7.1,9.47,9.1
7.3,7.543,7.1
6.3,8.56,7.3
3.9,6.11,6.3
6.4,5.953,3.9
5.1,8.22,6.4
7.8,4.55,5.1
6.2,8.234,7.8
3.3000002,5.523,6.2
3.6,2.578,3.3
5.1,6.773,3.6
7.1,5.914,5.1
9.9,9.17,7.1
7.6,8.63,9.9
7.5,7.035,7.6
7.0,7.312,7.5
11.6,6.1,7.0
11.2,10.23,11.6
11.2,8.9,11.2
9.4,10.234,11.2
9.3,7.14,9.4
5.4,7.805,9.3
4.4,4.48,5.4
6.8,4.934,4.4
8.4,7.35,6.8
6.4,7.664,8.4
6.5,5.566,6.4
5.3,6.957,6.5
4.0,4.145,5.3
3.6999998,5.375,4.0
6.1000004,4.953,3.7
4.2,5.93,6.1
3.8000002,4.336,4.2
3.5,5.938,3.8
12.1,6.363,3.5
10.7,9.12,12.1
9.3,8.75,10.7
8.5,8.02,9.3
7.1,6.875,8.5
6.1000004,5.832,7.1
5.3,5.44,6.1
2.0000005,4.543,5.3
3.6,1.555,2.0
1.3000002,5.367,3.6
-1.1000004,1.859,1.3
1.8999996,1.82,-1.1
-0.10000038,2.477,1.9
1.1999998,0.414,-0.1
-2.3000002,3.238,1.2
-4.2,-1.266,-2.3
-2.8999996,-3.781,-4.2
1.3000002,0.672,-2.9
1.6000004,1.594,1.3
1.0,1.648,1.6
-0.6000004,1.195,1.0
-0.6999998,-0.461,-0.6
-3.1999998,0.0,-0.7
0.10000038,-2.54,-3.2
3.0,-0.3906,0.1
8.5,6.758,3.0
8.1,7.945,8.5
8.4,5.992,8.1
5.2,6.73,8.4
6.2,6.08,5.2
8.3,7.008,6.2
9.5,8.07,8.3
8.4,8.07,9.5
8.3,7.93,8.4
5.4,7.36,8.3
4.8,5.54,5.4
6.3,4.184,4.8
5.3,6.58,6.3
5.7,5.445,5.3
7.7,6.44,5.7
5.8,8.18,7.7
4.7,4.617,5.8
5.6,6.04,4.7
2.7999997,5.27,5.6
3.3000002,2.504,2.8
2.9,5.027,3.3
5.3,5.027,2.9
5.9,5.906,5.3
4.6,5.707,5.9
8.8,6.07,4.6
8.9,8.75,8.8
10.1,7.62,8.9
10.6,9.57,10.1
9.0,8.78,10.6
9.1,7.5,9.0
9.4,9.47,9.1
9.0,8.69,9.4
10.9,9.195,9.0
6.6,9.805,10.9
9.9,5.26,6.6
6.5,9.0,9.9
8.8,6.29,6.5
9.5,8.625,8.8
8.3,9.82,9.5
9.5,8.07,8.3
9.2,10.305,9.5
10.3,9.195,9.2
10.0,9.87,10.3
10.8,9.03,10.0
10.7,10.3,10.8
11.1,10.586,10.7
8.6,10.41,11.1
8.7,7.656,8.6
10.1,9.18,8.7
10.4,8.95,10.1
10.7,10.56,10.4
10.7,10.5,10.7
9.5,11.28,10.7
9.7,9.016,9.5
10.1,10.45,9.7
10.8,9.836,10.1
9.6,10.3,10.8
10.7,9.18,9.6
12.4,9.35,10.7
12.8,11.625,12.4
9.7,11.77,12.8
8.4,9.31,9.7
10.7,9.64,8.4
11.2,11.32,10.7
9.2,10.31,11.2
8.3,8.65,9.2
10.1,8.945,8.3
8.5,9.67,10.1
6.8,7.535,8.5
7.4,7.29,6.8
8.7,8.28,7.4
10.1,9.54,8.7
9.4,11.055,10.1
9.5,9.25,9.4
11.2,10.57,9.5
11.7,11.56,11.2
7.9,10.195,11.7
6.3,7.227,7.9
7.7,6.67,6.3
8.9,8.06,7.7
8.3,8.49,8.9
9.2,8.07,8.3
9.7,9.7,9.2
8.4,10.234,9.7
9.6,8.484,8.4
10.8,10.66,9.6
9.9,10.38,10.8
12.4,9.49,9.9
14.5,12.33,12.4
11.7,12.516,14.5
9.6,10.9,11.7
7.6,9.03,9.6
7.5,7.28,7.6
8.9,8.41,7.5
9.5,9.09,8.9
8.7,8.805,9.5
8.6,9.95,8.7
8.5,8.59,8.6
7.8,8.8,8.5
7.0,8.625,7.8
5.3,6.54,7.0
6.7,6.04,5.3
8.7,8.266,6.7
10.1,9.516,8.7
12.1,10.984,10.1
12.1,12.67,12.1
12.5,11.695,12.1
12.9,12.734,12.5
11.9,12.72,12.9
12.5,10.72,11.9
15.8,12.5,12.5
18.7,15.66,15.8
15.1,17.11,18.7
14.6,14.17,15.1
12.8,13.625,14.6
7.4,11.805,12.8
6.0,7.344,7.4
9.6,8.75,6.0
10.2,10.516,9.6
11.4,11.32,10.2
10.5,12.36,11.4
10.9,10.81,10.5
11.6,11.45,10.9
10.8,11.85,11.6
14.3,11.12,10.8
15.3,14.66,14.3
13.4,14.3,15.3
14.6,12.734,13.4
14.2,14.77,14.6
12.0,13.61,14.2
12.9,12.44,12.0
13.4,13.33,12.9
14.9,13.59,13.4
12.6,14.4,14.9
13.6,12.34,12.6
14.7,14.03,13.6
15.2,14.56,14.7
14.2,15.25,15.2
15.5,14.25,14.2
18.6,16.06,15.5
16.5,18.72,18.6
14.0,15.46,16.5
12.0,13.89,14.0
12.8,12.79,12.0
15.6,14.19,12.8
13.5,16.05,15.6
16.3,14.38,13.5
17.2,17.0,16.3
15.8,16.89,17.2
16.1,15.62,15.8
17.7,16.17,16.1
16.2,17.52,17.7
16.0,15.984,16.2
14.5,15.555,16.0
14.5,14.58,14.5
13.8,15.17,14.5
13.8,14.68,13.8
15.1,15.234,13.8
14.6,15.67,15.1
13.2,14.766,14.6
14.1,13.44,13.2
13.1,15.55,14.1
14.0,13.45,13.1
14.6,15.15,14.0
14.3,15.31,14.6
14.1,14.59,14.3
11.8,14.45,14.1
11.4,12.59,11.8
12.7,12.375,11.4
13.4,13.21,12.7
13.4,14.7,13.4
12.6,13.21,13.4
11.0,13.086,12.6
12.1,12.64,11.0
13.4,13.04,12.1
15.0,15.14,13.4
15.7,14.875,15.0
16.4,16.58,15.7
18.2,16.55,16.4
18.2,18.67,18.2
18.4,17.23,18.2
16.8,18.55,18.4
17.4,16.88,16.8
17.0,17.83,17.4
15.7,15.82,17.0
17.2,16.69,15.7
16.8,17.84,17.2
16.0,16.9,16.8
15.0,15.9,16.0
16.4,15.36,15.0
17.0,16.86,16.4
17.0,16.95,17.0
17.6,17.2,17.0
17.1,17.5,17.6
16.1,17.25,17.1
16.4,16.6,16.1
18.2,16.94,16.4
17.6,18.56,18.2
17.5,17.08,17.6
18.8,16.72,17.5
17.0,18.62,18.8
16.0,16.03,17.0
18.0,16.66,16.0
18.9,18.67,18.0
19.7,18.44,18.9
17.8,19.03,19.7
18.5,17.16,17.8
18.3,18.1,18.5
18.6,18.25,18.3
19.3,17.66,18.6
20.8,19.45,19.3
20.5,20.66,20.8
20.7,19.45,20.5
20.4,19.75,20.7
18.7,18.42,20.4
18.0,18.16,18.7
19.6,18.06,18.0
19.3,19.66,19.6
20.2,18.47,19.3
20.5,19.4,20.2
21.1,19.38,20.5
21.3,19.78,21.1
19.7,20.28,21.3
20.1,19.17,19.7
20.5,20.25,20.1
19.9,19.66,20.5
16.9,18.34,19.9
16.0,16.56,16.9
16.8,17.31,16.0
14.2,15.55,16.8
15.7,15.766,14.2
18.4,17.02,15.7
16.8,18.72,18.4
14.8,15.78,16.8
15.4,15.7,14.8
17.8,16.78,15.4
15.9,17.39,17.8
14.0,15.03,15.9
13.7,14.4,14.0
14.6,14.75,13.7
15.0,14.86,14.6
15.2,15.39,15.0
15.4,14.9,15.2
15.2,16.4,15.4
14.5,15.41,15.2
11.4,13.836,14.5
12.1,11.93,11.4
12.4,12.94,12.1
14.9,12.71,12.4
17.3,15.08,14.9
20.5,18.1,17.3
18.8,18.45,20.5
19.8,18.16,18.8
16.9,18.38,19.8
17.1,16.78,16.9
16.1,16.1,17.1
16.2,16.1,16.1
15.7,15.734,16.2
15.6,15.83,15.7
15.7,15.45,15.6
15.9,15.3,15.7
15.8,15.164,15.9
15.7,15.62,15.8
16.6,16.12,15.7
15.5,16.0,16.6
15.2,14.875,15.5
14.4,14.67,15.2
15.2,13.984,14.4
14.5,15.56,15.2
14.4,14.48,14.5
17.4,14.82,14.4
17.7,17.3,17.4
14.4,16.56,17.7
14.6,13.9,14.4
12.1,15.84,14.6
11.3,12.15,12.1
10.4,11.57,11.3
14.1,12.24,10.4
15.9,14.38,14.1
16.9,15.734,15.9
18.3,14.91,16.9
17.5,17.23,18.3
17.0,15.58,17.5
15.1,15.11,17.0
14.8,13.86,15.1
13.7,14.05,14.8
9.3,11.625,13.7
7.8,8.44,9.3
9.5,8.41,7.8
10.2,9.77,9.5
6.6,9.8,10.2
3.8000002,6.71,6.6
5.0,6.0,3.8
7.2,6.78,5.0
7.8,8.016,7.2
6.3,8.15,7.8
9.1,6.9,6.3
13.8,11.35,9.1
12.6,13.58,13.8
11.1,11.055,12.6
10.3,9.734,11.1
9.8,10.82,10.3
9.7,8.97,9.8
8.3,9.266,9.7
8.0,7.438,8.3
8.4,8.33,8.0
7.9,7.875,8.4
11.8,7.65,7.9
14.9,12.39,11.8
14.5,12.47,14.9
14.8,12.28,14.5
13.7,13.31,14.8
12.3,11.445,13.7
9.9,9.83,12.3
8.0,8.06,9.9
6.2,6.89,8.0
8.9,5.47,6.2
9.7,10.36,8.9
10.4,9.38,9.7
10.0,10.34,10.4
10.7,9.25,10.0
11.4,10.78,10.7
9.6,10.09,11.4
9.5,9.44,9.6
9.5,9.22,9.5
6.4,9.16,9.5
3.9,6.016,6.4
3.8000002,5.383,3.9
3.6,4.855,3.8
6.6,4.36,3.6
10.9,8.875,6.6
10.7,10.375,10.9
11.3,9.63,10.7
13.7,11.23,11.3
11.9,11.914,13.7
7.9,9.43,11.9
6.3,6.906,7.9
4.4,6.34,6.3
4.2,5.348,4.4
1.1000004,4.03,4.2
3.0,1.32,1.1
10.8,7.91,3.0
8.9,9.805,10.8
9.7,8.09,8.9
8.2,8.72,9.7
8.9,6.992,8.2
11.8,7.766,8.9
12.5,10.414,11.8
11.3,9.98,12.5
8.8,10.12,11.3
7.2,6.953,8.8
6.7,5.625,7.2
9.6,6.85,6.7
10.3,9.14,9.6
6.9,9.695,10.3
7.9,6.21,6.9
9.2,10.1,7.9
10.4,8.64,9.2
8.4,9.766,10.4
8.5,7.332,8.4
10.8,8.266,8.5
9.7,10.86,10.8
12.0,8.84,9.7
12.0,10.664,12.0
12.2,9.49,12.0
12.1,10.164,12.2
11.9,10.23,12.1
10.3,10.95,11.9
8.5,8.34,10.3
10.5,7.266,8.5
8.2,9.58,10.5
7.3,6.46,8.2
8.7,8.71,7.3
8.2,9.016,8.7
3.6999998,7.324,8.2
4.3,4.555,3.7
3.9,6.89,4.3
2.6999998,3.93,3.9
4.5,5.098,2.7
3.9,5.355,4.5
0.6000004,3.926,3.9
-0.19999981,0.5938,0.6
-1.0,0.8594,-0.2
0.6999998,0.0781,-1.0
1.0,1.641,0.7
1.6999998,3.164,1.0
2.7999997,3.098,1.7
2.6999998,3.055,2.8
3.1,3.61,2.7
3.6,3.078,3.1
6.6,6.062,3.6
6.4,6.95,6.6
8.1,6.094,6.4
6.7,7.625,8.1
7.3,6.305,6.7
7.0,5.76,7.3
8.4,7.125,7.0
10.0,8.28,8.4
9.8,8.805,10.0
9.6,8.51,9.8
11.9,9.42,9.6
9.5,10.914,11.9
8.2,8.12,9.5
7.8,7.61,8.2
11.5,8.805,7.8
12.1,10.07,11.5
9.4,10.914,12.1
7.2,8.53,9.4
8.8,7.156,7.2
8.3,8.22,8.8
7.6,7.637,8.3
8.2,7.65,7.6
9.0,9.49,8.2
6.9,8.8,9.0
6.9,6.65,6.9
9.6,8.41,6.9
12.8,9.89,9.6
10.1,12.016,12.8
9.0,9.03,10.1
10.7,9.62,9.0
11.0,10.48,10.7
9.1,10.5,11.0
8.1,8.266,9.1
8.4,7.883,8.1
8.0,9.38,8.4
8.0,8.19,8.0
9.4,8.695,8.0
8.2,9.734,9.4
7.9,7.68,8.2
7.8,9.086,7.9
8.2,7.242,7.8
8.2,8.55,8.2
6.8,8.3,8.2
7.4,6.36,6.8
8.3,7.22,7.4
8.1,8.54,8.3
7.2,7.89,8.1
7.3,6.906,7.2
9.1,8.91,7.3
10.1,9.31,9.1
11.5,10.22,10.1
13.4,10.75,11.5
12.9,12.234,13.4
10.8,13.01,12.9
11.2,9.19,10.8
11.6,11.33,11.2
11.0,10.59,11.6
10.2,11.04,11.0
10.2,10.04,10.2
9.7,9.625,10.2
9.0,10.27,9.7
8.1,8.5,9.0
7.1,8.734,8.1
5.7,6.805,7.1
4.9,7.047,5.7
5.4,6.395,4.9
3.4,6.445,5.4
3.9,3.703,3.4
5.1,5.77,3.9
5.6,6.727,5.1
7.5,6.586,5.6
7.1,8.25,7.5
8.5,7.414,7.1
10.0,9.05,8.5
9.4,10.18,10.0
11.0,9.75,9.4
11.9,11.62,11.0
11.3,10.305,11.9
12.2,11.25,11.3
11.4,12.98,12.2
10.1,10.77,11.4
9.5,8.75,10.1
9.9,9.805,9.5
10.3,10.15,9.9
10.4,11.37,10.3
9.8,11.23,10.4
9.4,10.19,9.8
7.9,9.57,9.4
9.9,9.01,7.9
11.4,11.11,9.9
11.7,11.625,11.4
12.7,11.95,11.7
14.2,11.13,12.7
13.8,14.55,14.2
17.5,12.78,13.8
18.1,16.39,17.5
17.2,15.41,18.1
14.4,15.22,17.2
14.2,13.984,14.4
15.5,14.34,14.2
15.4,15.61,15.5
13.8,14.45,15.4
15.5,14.22,13.8
15.7,16.0,15.5
15.1,14.74,15.7
15.1,15.44,15.1
13.4,14.195,15.1
12.6,12.94,13.4
13.5,13.41,12.6
13.6,14.59,13.5
12.9,14.03,13.6
11.2,12.61,12.9
10.3,11.945,11.2
11.7,11.67,10.3
12.3,13.44,11.7
13.2,12.836,12.3
13.4,14.31,13.2
14.5,13.08,13.4
14.4,14.62,14.5
14.6,13.66,14.4
17.0,15.1,14.6
15.8,16.34,17.0
14.6,14.26,15.8
15.0,15.29,14.6
15.4,16.12,15.0
13.7,15.484,15.4
11.0,13.35,13.7
12.5,12.2,11.0
13.9,14.0,12.5
13.3,15.21,13.9
13.5,13.85,13.3
12.8,13.74,13.5
13.6,13.49,12.8
16.5,14.86,13.6
21.4,16.44,16.5
24.2,21.19,21.4
16.7,18.53,24.2
14.9,15.695,16.7
16.5,15.64,14.9
15.1,17.98,16.5
14.4,15.44,15.1
14.9,14.88,14.4
14.6,15.93,14.9
14.7,15.125,14.6
15.2,15.16,14.7
15.7,16.06,15.2
15.1,15.625,15.7
14.4,15.516,15.1
15.2,14.68,14.4
14.7,15.695,15.2
15.3,14.92,14.7
15.5,15.16,15.3
14.9,15.76,15.5
15.2,14.91,14.9
15.5,15.875,15.2
15.6,16.08,15.5
15.9,15.99,15.6
16.3,16.55,15.9
14.4,15.91,16.3
14.6,14.57,14.4
14.8,15.78,14.6
16.0,15.61,14.8
16.1,16.69,16.0
16.1,16.11,16.1
17.4,16.58,16.1
18.2,18.19,17.4
15.5,16.28,18.2
16.8,16.06,15.5
16.0,18.28,16.8
14.7,14.555,16.0
14.8,15.31,14.7
15.8,15.21,14.8
16.4,16.0,15.8
16.3,16.31,16.4
16.4,16.31,16.3
15.3,16.34,16.4
15.1,15.53,15.3
14.4,14.71,15.1
16.0,15.22,14.4
16.2,16.47,16.0
16.5,16.88,16.2
16.1,15.75,16.5
15.5,15.61,16.1
17.8,15.95,15.5
18.4,18.25,17.8
21.2,17.62,18.4
21.1,20.84,21.2
19.1,18.44,21.1
16.7,18.67,19.1
15.4,16.53,16.7
16.4,15.7,15.4
16.1,17.19,16.4
14.7,16.94,16.1
16.6,15.58,14.7
16.7,17.42,16.6
15.2,15.83,16.7
16.3,15.78,15.2
17.9,17.69,16.3
17.0,17.66,17.9
17.1,15.99,17.0
15.8,17.3,17.1
15.9,14.445,15.8
16.1,16.8,15.9
14.8,16.4,16.1
13.1,13.94,14.8
14.6,13.945,13.1
17.5,15.81,14.6
19.6,17.84,17.5
18.9,19.25,19.6
14.9,16.77,18.9
15.9,15.39,14.9
16.3,16.69,15.9
17.0,16.03,16.3
17.3,16.9,17.0
16.6,17.16,17.3
18.1,15.92,16.6
17.7,18.31,18.1
15.6,16.38,17.7
13.1,14.81,15.6
11.9,13.56,13.1
12.5,12.7,11.9
12.5,12.84,12.5
15.7,12.305,12.5
14.4,16.19,15.7
14.2,13.59,14.4
14.7,14.06,14.2
16.1,14.516,14.7
16.3,15.61,16.1
15.8,15.87,16.3
14.7,14.91,15.8
15.6,14.25,14.7
16.9,16.56,15.6
15.4,15.75,16.9
15.8,15.75,15.4
15.7,15.61,15.8
14.7,15.875,15.7
12.9,13.47,14.7
14.2,14.74,12.9
14.7,14.53,14.2
13.3,14.53,14.7
11.4,12.48,13.3
10.3,12.18,11.4
10.8,10.766,10.3
10.7,10.7,10.8
11.4,11.016,10.7
11.6,11.93,11.4
12.7,11.69,11.6
12.4,13.53,12.7
13.1,11.84,12.4
12.2,13.984,13.1
14.6,11.71,12.2
15.6,14.67,14.6
14.1,14.0,15.6
14.6,13.086,14.1
12.0,14.17,14.6
10.0,11.3,12.0
9.4,10.28,10.0
11.3,9.445,9.4
15.3,12.92,11.3
16.1,14.805,15.3
13.9,14.81,16.1
13.8,13.0,13.9
11.2,14.6,13.8
10.5,10.2,11.2
14.3,11.2,10.5
14.6,14.2,14.3
11.0,13.12,14.6
11.2,10.164,11.0
12.7,10.64,11.2
9.6,12.67,12.7
10.3,9.125,9.6
8.7,12.42,10.3
7.0,8.9,8.7
7.8,7.223,7.0
10.6,10.516,7.8
10.6,9.66,10.6
15.1,11.39,10.6
14.5,13.84,15.1
9.8,12.07,14.5
8.2,8.86,9.8
9.0,10.68,8.2
8.4,8.19,9.0
8.1,8.48,8.4
8.0,7.938,8.1
5.7,7.414,8.0
5.6,6.08,5.7
3.5,5.14,5.6
4.4,3.426,3.5
6.2,6.477,4.4
2.9,6.2,6.2
2.6000004,3.234,2.9
4.3,3.96,2.6
7.6,3.953,4.3
8.7,8.664,7.6
9.7,8.03,8.7
11.4,9.49,9.7
9.0,9.99,11.4
7.4,8.2,9.0
7.7,7.72,7.4
5.5,7.266,7.7
5.2,5.9,5.5
1.1000004,5.32,5.2
4.2,1.148,1.1
4.5,5.277,4.2
5.7,5.824,4.5
8.4,5.066,5.7
10.6,8.33,8.4
10.4,8.78,10.6
10.9,9.38,10.4
10.7,9.69,10.9
13.7,9.71,10.7
11.5,10.79,13.7
12.5,10.164,11.5
12.1,10.46,12.5
8.5,9.45,12.1
9.7,6.67,8.5
10.1,9.01,9.7
8.5,8.22,10.1
6.2,7.867,8.5
4.3,5.914,6.2
8.7,7.227,4.3
7.6,8.35,8.7
7.2,7.234,7.6
10.8,9.695,7.2
11.3,9.484,10.8
9.3,10.164,11.3
5.9,7.508,9.3
9.9,6.098,5.9
8.8,10.41,9.9
7.8,7.695,8.8
8.0,7.35,7.8
7.4,8.43,8.0
10.8,6.656,7.4
12.9,9.7,10.8
13.2,11.43,12.9
12.5,10.49,13.2
9.0,10.16,12.5
7.0,7.984,9.0
4.7,6.53,7.0
1.8000002,3.941,4.7
2.7999997,1.906,1.8
6.0,3.746,2.8
8.1,7.95,6.0
8.5,8.875,8.1
10.3,8.28,8.5
7.7,9.64,10.3
4.9,6.35,7.7
7.9,5.0,4.9
12.5,8.586,7.9
10.5,10.81,12.5
7.7,8.2,10.5
8.3,8.03,7.7
9.1,7.33,8.3
10.0,9.18,9.1
10.3,10.28,10.0
8.2,10.02,10.3
8.9,8.484,8.2
10.7,8.87,8.9
9.6,9.62,10.7
6.4,8.08,9.6
3.0,5.77,6.4
4.6,3.035,3.0
7.4,7.99,4.6
6.9,7.055,7.4
9.8,8.945,6.9
8.9,9.56,9.8
8.7,8.42,8.9
6.7,8.47,8.7
7.6,6.695,6.7
3.3000002,7.875,7.6
3.4,4.055,3.3
3.3000002,4.25,3.4
3.4,2.95,3.3
4.0,4.945,3.4
5.1,4.715,4.0
8.9,7.844,5.1
8.4,8.31,8.9
8.5,7.547,8.4
9.8,9.125,8.5
11.1,8.89,9.8
10.7,10.48,11.1
9.9,9.72,10.7
7.5,9.21,9.9
8.4,6.88,7.5
9.6,7.93,8.4
7.8,8.41,9.6
9.3,7.508,7.8
8.1,9.195,9.3
9.0,7.42,8.1
11.7,10.08,9.0
11.8,11.42,11.7
8.0,10.25,11.8
6.2,8.05,8.0
5.1,6.547,6.2
4.6,4.793,5.1
5.3,5.3,4.6
7.6,6.484,5.3
6.8,6.984,7.6
6.8,7.336,6.8
10.2,8.22,6.8
10.9,9.695,10.2
9.1,9.67,10.9
7.4,8.65,9.1
7.7,7.1,7.4
7.3,7.234,7.7
8.3,7.508,7.3
7.0,8.59,8.3
7.6,7.62,7.0
7.0,7.1,7.6
8.4,8.195,7.0
8.7,9.87,8.4
9.4,8.89,8.7
9.2,9.555,9.4
8.4,8.516,9.2
7.5,8.195,8.4
8.0,8.19,7.5
8.1,7.324,8.0
11.7,10.37,8.1
12.3,11.47,11.7
14.2,11.12,12.3
12.7,13.2,14.2
11.2,11.414,12.7
13.4,11.484,11.2
13.7,13.266,13.4
12.7,12.19,13.7
12.4,12.13,12.7
10.3,10.94,12.4
11.2,10.47,10.3
10.5,10.805,11.2
10.2,10.74,10.5
10.0,10.45,10.2
9.8,10.36,10.0
8.2,10.125,9.8
5.2,9.08,8.2
5.8,5.863,5.2
4.9,7.742,5.8
6.9,6.125,4.9
6.9,8.016,6.9
8.1,8.09,6.9
12.0,8.85,8.1
11.3,11.58,12.0
10.7,10.55,11.3
10.0,10.59,10.7
10.5,9.086,10.0
10.7,11.15,10.5
11.2,10.805,10.7
11.8,11.695,11.2
12.1,12.08,11.8
11.4,11.61,12.1
13.6,11.22,11.4
13.5,11.914,13.6
13.8,13.19,13.5
14.2,12.8,13.8
14.1,13.62,14.2
13.6,13.37,14.1
14.9,12.98,13.6
13.6,14.86,14.9
13.6,13.58,13.6
15.3,13.87,13.6
13.8,14.17,15.3
13.8,14.07,13.8
13.1,13.3,13.8
11.9,12.94,13.1
12.2,12.836,11.9
12.3,13.13,12.2
11.7,12.86,12.3
11.2,12.02,11.7
13.2,12.45,11.2
12.7,13.33,13.2
12.8,13.625,12.7
13.5,13.2,12.8
12.9,13.95,13.5
13.1,12.805,12.9
14.1,14.5,13.1
13.1,14.31,14.1
14.7,12.66,13.1
16.4,15.91,14.7
17.5,15.67,16.4
17.8,17.23,17.5
14.7,16.05,17.8
15.9,14.54,14.7
16.8,16.58,15.9
14.6,16.78,16.8
14.3,15.09,14.6
13.6,14.97,14.3
11.6,13.31,13.6
13.0,13.234,11.6
11.6,13.9,13.0
11.8,12.55,11.6
13.2,13.63,11.8
13.3,13.64,13.2
13.2,14.25,13.3
12.6,13.2,13.2
13.1,13.125,12.6
13.8,14.11,13.1
15.4,14.3,13.8
16.2,15.8,15.4
15.1,16.16,16.2
15.6,15.29,15.1
16.0,15.67,15.6
14.8,16.81,16.0
12.9,14.27,14.8
13.4,13.836,12.9
14.6,14.516,13.4
17.2,15.44,14.6
19.8,18.19,17.2
17.2,19.17,19.8
14.2,16.66,17.2
15.0,15.21,14.2
16.0,16.16,15.0
15.2,16.52,16.0
17.6,15.75,15.2
20.6,18.05,17.6
17.3,17.98,20.6
17.5,17.33,17.3
16.2,17.81,17.5
16.6,16.33,16.2
17.1,17.52,16.6
18.8,17.06,17.1
19.6,19.69,18.8
17.8,18.53,19.6
18.2,17.9,17.8
18.6,19.22,18.2
17.8,17.92,18.6
17.0,17.03,17.8
16.8,16.6,17.0
16.3,16.78,16.8
17.0,17.17,16.3
16.8,16.62,17.0
18.4,16.84,16.8
18.5,19.36,18.4
16.0,17.05,18.5
14.4,16.17,16.0
15.3,14.67,14.4
18.0,16.66,15.3
20.3,18.31,18.0
20.0,20.14,20.3
19.4,19.03,20.0
19.2,18.23,19.4
19.7,18.84,19.2
17.1,18.69,19.7
17.4,16.81,17.1
18.3,17.66,17.4
18.0,18.62,18.3
18.4,17.25,18.0
18.2,19.11,18.4
18.7,18.2,18.2
17.8,19.55,18.7
19.4,17.31,17.8
17.5,19.3,19.4
17.9,17.56,17.5
17.1,17.55,17.9
15.8,17.39,17.1
17.0,16.02,15.8
17.3,17.22,17.0
16.1,17.67,17.3
15.2,15.914,16.1
15.5,16.3,15.2
15.2,15.76,15.5
15.5,15.555,15.2
15.4,15.74,15.5
15.2,15.46,15.4
17.9,15.64,15.2
19.1,17.88,17.9
17.5,18.16,19.1
19.9,17.17,17.5
19.7,19.97,19.9
17.3,17.47,19.7
16.7,17.2,17.3
17.2,16.56,16.7
18.0,16.84,17.2
16.3,18.0,18.0
15.0,16.08,16.3
15.5,15.28,15.0
18.3,15.98,15.5
16.8,18.12,18.3
16.7,16.2,16.8
18.0,16.94,16.7
16.3,16.97,18.0
17.5,16.73,16.3
19.3,18.06,17.5
15.4,18.28,19.3
19.6,15.67,15.4
18.9,19.5,19.6
15.1,17.5,18.9
13.0,15.23,15.1
12.2,13.8,13.0
12.8,12.09,12.2
15.9,15.33,12.8
14.5,15.17,15.9
15.4,15.484,14.5
14.9,15.375,15.4
14.0,14.93,14.9
15.3,14.87,14.0
17.4,16.23,15.3
16.9,16.75,17.4
17.2,16.31,16.9
15.7,15.84,17.2
14.5,14.44,15.7
14.5,15.555,14.5
15.0,14.375,14.5
16.3,16.05,15.0
14.4,14.71,16.3
14.9,14.07,14.4
13.4,15.15,14.9
11.1,13.586,13.4
9.9,11.58,11.1
8.9,9.664,9.9
9.3,10.43,8.9
10.2,8.92,9.3
13.8,12.9,10.2
14.5,13.71,13.8
15.4,14.16,14.5
12.8,14.25,15.4
10.4,11.39,12.8
10.9,10.81,10.4
13.7,11.84,10.9
14.3,14.08,13.7
13.4,13.26,14.3
12.1,12.69,13.4
11.2,11.86,12.1
8.5,10.62,11.2
10.2,9.63,8.5
13.2,11.4,10.2
13.6,13.25,13.2
13.7,12.88,13.6
10.7,12.87,13.7
10.7,9.914,10.7
10.6,11.45,10.7
12.1,9.945,10.6
13.3,12.66,12.1
14.7,12.0,13.3
13.5,14.47,14.7
12.9,12.86,13.5
14.4,12.8,12.9
10.9,12.44,14.4
9.2,9.805,10.9
10.5,10.13,9.2
11.0,11.56,10.5
8.8,10.38,11.0
10.9,8.695,8.8
11.7,11.484,10.9
11.3,11.09,11.7
10.2,10.12,11.3
9.9,11.03,10.2
8.2,9.36,9.9
9.3,8.21,8.2
10.8,8.91,9.3
9.1,10.45,10.8
8.2,8.42,9.1
8.5,8.07,8.2
9.5,9.27,8.5
6.4,8.93,9.5
6.1000004,6.875,6.4
4.1,6.1,6.1
6.7,4.57,4.1
9.1,8.22,6.7
9.8,8.49,9.1
11.3,10.33,9.8
10.5,9.586,11.3
10.9,10.266,10.5
12.2,10.68,10.9
11.1,11.28,12.2
9.7,9.56,11.1
11.2,9.21,9.7
9.4,10.98,11.2
10.3,7.836,9.4
7.3,9.99,10.3
6.8,6.773,7.3
10.2,7.242,6.8
10.6,9.47,10.2
9.5,8.96,10.6
7.1,9.03,9.5
9.1,6.906,7.1
12.1,9.88,9.1
8.2,10.13,12.1
7.8,7.133,8.2
5.0,8.15,7.8
4.7,4.902,5.0
6.6,5.742,4.7
10.0,7.164,6.6
12.4,10.29,10.0
6.1000004,10.64,12.4
1.6000004,5.184,6.1
7.8,5.707,1.6
10.7,7.633,7.8
9.1,9.44,10.7
11.7,9.41,9.1
9.4,10.516,11.7
7.9,7.023,9.4
5.9,7.02,7.9
4.5,6.133,5.9
5.0,4.5,4.5
7.2,6.305,5.0
9.8,7.816,7.2
7.5,8.91,7.8
6.1000004,6.438,7.5
8.5,7.633,6.1
5.9,8.016,8.5
8.3,5.438,5.9
5.8,6.766,8.3
5.4,5.28,5.8
6.5,5.973,5.4
5.1,7.562,6.5
6.1000004,4.387,5.1
9.1,7.36,6.1
6.6,8.58,9.1
9.8,7.492,6.6
5.8,9.266,9.8
2.0999994,5.17,5.8
-1.3000002,2.691,2.1
-0.5,-0.8984,-1.3
3.4,2.117,-0.5
6.6,6.223,3.4
8.1,8.5,6.6
6.5,7.78,8.1
6.6,7.492,6.5
4.6,5.76,6.6
9.6,4.383,4.6
8.4,8.336,9.6
9.0,7.176,8.4
11.1,8.945,9.0
11.3,10.22,11.1
9.9,9.68,11.3
8.8,8.17,9.9
7.8,7.383,8.8
8.9,7.72,7.8
8.2,8.02,8.9
8.3,9.18,8.2
9.0,8.86,8.3
7.4,8.36,9.0
9.9,8.14,7.4
10.7,10.17,9.9
9.7,9.13,10.7
6.9,9.01,9.7
5.7,5.68,6.9
8.0,7.21,5.7
10.2,8.84,8.0
10.2,10.46,10.2
9.2,9.42,10.2
8.0,7.78,9.2
8.4,8.83,8.0
9.4,8.19,8.4
9.8,9.43,9.4
9.5,9.875,9.8
7.8,9.07,9.5
8.6,7.08,7.8
11.9,10.27,8.6
11.1,11.75,11.9
10.2,10.14,11.1
7.1,9.36,10.2
7.9,6.465,7.1
11.2,9.81,7.9
11.5,11.06,11.2
11.1,10.05,11.5
9.5,10.445,11.1
7.4,10.34,9.5
5.6,7.1,7.4
8.2,6.28,5.6
7.7,9.14,8.2
7.3,7.992,7.7
8.1,8.2,7.3
8.1,8.11,8.1
7.7,8.125,8.1
7.1,8.11,7.7
7.0,6.52,7.1
6.8,7.6,7.0
7.6,7.2,6.8
6.2,7.78,7.6
6.2,7.17,6.2
6.2,6.676,6.2
7.3,7.207,6.2
7.6,8.07,7.3
6.1000004,8.27,7.6
7.4,6.42,6.1
7.4,8.15,7.4
9.9,7.906,7.4
11.5,9.8,9.9
11.3,11.664,11.5
9.1,10.62,11.3
9.0,7.69,9.1
12.8,11.04,9.0
14.3,12.61,12.8
14.3,13.9,14.3
17.1,13.43,14.3
10.5,15.06,17.1
12.2,9.46,10.5
13.7,12.086,12.2
12.8,13.03,13.7
10.0,12.37,12.8
12.1,9.336,10.0
11.8,13.33,12.1
9.7,11.77,11.8
9.5,9.555,9.7
10.7,11.11,9.5
11.8,11.35,10.7
11.5,12.79,11.8
12.1,11.27,11.5
14.0,13.45,12.1
13.3,14.25,14.0
13.6,12.51,13.3
11.7,14.06,13.6
9.6,11.55,11.7
9.1,10.45,9.6
10.7,9.445,9.1
12.5,12.83,10.7
11.7,12.94,12.5
13.2,11.875,11.7
12.7,13.8,13.2
11.5,12.96,12.7
11.9,11.4,11.5
12.1,13.195,11.9
11.7,12.08,12.1
10.8,11.164,11.7
10.7,11.18,10.8
11.4,11.375,10.7
13.2,12.67,11.4
14.5,14.71,13.2
14.8,16.05,14.5
12.5,13.58,14.8
11.7,12.61,12.5
12.7,12.11,11.7
14.5,13.83,12.7
13.4,14.64,14.5
12.4,13.445,13.4
12.4,11.73,12.4
12.1,13.516,12.4
12.4,12.65,12.1
12.6,12.96,12.4
13.3,13.58,12.6
14.0,13.875,13.3
14.2,14.95,14.0
14.9,14.555,14.2
15.2,15.14,14.9
14.4,14.92,15.2
14.6,15.14,14.4
15.3,14.75,14.6
16.9,16.22,15.3
15.8,17.22,16.9
18.6,15.984,15.8
17.3,19.34,18.6
15.3,16.62,17.3
15.6,15.33,15.3
15.7,15.71,15.6
19.1,16.86,15.7
15.1,18.6,19.1
16.0,14.34,15.1
18.5,18.12,16.0
16.4,17.47,18.5
16.5,15.76,16.4
16.0,17.53,16.5
15.3,15.77,16.0
15.1,15.84,15.3
14.1,15.42,15.1
14.1,15.28,14.1
15.0,13.96,14.1
16.2,16.47,15.0
18.1,16.3,16.2
16.7,18.56,18.1
16.0,16.28,16.7
15.1,15.92,16.0
16.8,15.51,15.1
17.8,18.28,16.8
18.6,18.06,17.8
17.9,19.12,18.6
16.6,18.11,17.9
16.3,16.84,16.6
16.7,16.97,16.3
17.5,16.84,16.7
19.3,18.0,17.5
17.5,19.17,19.3
18.5,16.84,17.5
20.3,19.39,18.5
18.6,19.98,20.3
15.8,16.66,18.6
15.5,15.28,15.8
18.6,17.12,15.5
18.2,17.88,18.6
17.3,17.62,18.2
19.0,17.58,17.3
20.6,19.8,19.0
18.1,19.78,20.6
17.9,17.28,18.1
17.2,17.23,17.9
18.7,17.4,17.2
20.2,19.03,18.7
17.9,18.88,20.2
15.5,17.12,17.9
15.7,16.03,15.5
15.4,16.23,15.7
14.4,14.766,15.4
13.2,14.65,14.4
14.6,13.875,13.2
15.5,16.48,14.6
14.5,15.26,15.5
16.0,16.11,14.5
16.7,17.6,16.0
15.6,15.39,16.7
16.6,16.31,15.6
18.4,16.7,16.6
17.2,18.31,18.4
14.9,15.82,17.2
16.3,15.23,14.9
16.8,16.53,16.3
15.1,16.84,16.8
13.1,14.11,15.1
13.3,13.12,13.1
15.4,14.086,13.3
15.2,15.81,15.4
15.3,15.414,15.2
15.3,15.516,15.3
16.6,16.5,15.3
16.5,16.92,16.6
14.9,15.97,16.5
14.3,14.96,14.9
14.8,14.47,14.3
12.3,13.37,14.8
14.0,12.79,12.3
13.9,13.97,14.0
15.4,14.56,13.9
14.1,16.5,15.4
13.2,13.586,14.1
11.6,14.625,13.2
11.7,12.9,11.6
12.1,10.95,11.7
11.4,14.195,12.1
11.4,10.8,11.4
12.6,12.086,11.4
12.8,13.984,12.6
12.9,12.19,12.8
14.6,14.2,12.9
15.0,14.84,14.6
15.5,15.42,15.0
15.0,15.16,15.5
15.1,14.16,15.0
14.3,14.54,15.1
13.8,13.734,14.3
13.9,13.33,13.8
13.5,13.91,13.9
13.1,11.88,13.5
13.7,14.5,13.1
12.5,13.52,13.7
8.8,11.71,12.5
7.7,8.77,8.8
7.7,9.43,7.7
8.7,9.61,7.7
8.7,8.695,8.7
10.3,8.76,8.7
11.4,11.57,10.3
13.8,11.516,11.4
14.6,13.984,13.8
14.5,14.09,14.6
13.6,12.0,14.5
14.9,14.125,13.6
14.5,15.3,14.9
10.7,13.266,14.5
8.9,9.9,10.7
13.1,10.85,8.9
11.9,12.94,13.1
13.9,11.87,11.9
14.3,13.76,13.9
11.8,13.49,14.3
11.0,10.92,11.8
10.2,11.42,11.0
9.5,9.43,10.2
8.7,9.4,9.5
9.6,8.164,8.7
12.9,10.35,9.6
14.8,12.75,12.9
12.3,13.51,14.8
10.6,10.56,12.3
10.1,10.164,10.6
13.9,11.66,10.1
11.1,12.75,13.9
9.4,9.375,11.1
9.5,8.17,9.4
12.0,10.95,9.5
13.3,11.25,12.0
11.7,12.734,13.3
11.8,10.375,11.7
12.1,12.07,11.8
12.2,11.02,12.1
12.9,10.87,12.2
14.3,13.03,12.9
11.8,12.38,14.3
9.3,9.68,11.8
9.5,8.23,9.3
13.6,10.04,9.5
14.4,12.7,13.6
13.9,12.484,14.4
13.9,12.22,13.9
12.9,11.62,13.9
11.2,11.05,12.9
11.5,10.14,11.2
11.0,10.8,11.5
9.3,9.125,11.0
10.0,9.3,9.3
10.3,10.42,10.0
7.8,10.055,10.3
8.5,7.188,7.8
9.9,9.664,8.5
10.4,9.09,9.9
11.9,10.3,10.4
12.0,11.48,11.9
9.4,11.18,12.0
9.2,8.25,9.4
9.9,9.49,9.2
11.5,10.03,9.9
8.0,11.734,11.5
12.1,6.73,8.0
13.4,10.625,12.1
11.3,10.02,13.4
10.4,8.85,11.3
10.0,10.445,10.4
9.1,7.9,10.0
10.9,8.37,9.1
10.7,9.66,10.9
8.5,10.45,10.7
6.6,6.926,8.5
6.9,6.008,6.6
7.4,7.227,6.9
5.0,6.477,7.4
3.1999998,4.508,5.0
1.8999996,3.781,3.2
2.6999998,1.57,1.9
10.0,5.76,2.7
12.4,9.836,10.0
13.2,11.305,12.4
10.4,11.47,13.2
6.6,8.12,10.4
6.6,5.484,6.6
5.5,5.26,6.6
4.1,4.934,5.5
1.6000004,3.172,4.1
4.5,3.043,1.6
6.1000004,5.047,4.5
7.5,6.85,6.1
6.3,5.89,7.5
9.5,7.344,6.3
9.2,8.51,9.5
10.1,8.695,9.2
9.3,8.93,10.1
4.2,7.973,9.3
4.3,3.387,4.2
7.6,6.63,4.3
7.8,7.22,7.6
9.6,7.574,7.8
9.4,9.12,9.6
4.8,7.95,9.4
7.7,4.117,4.8
5.7,9.17,7.7
8.7,5.82,5.7
10.2,9.18,8.7
7.3,8.47,10.2
7.1,6.793,7.3
12.6,6.656,7.1
7.9,9.98,12.6
8.3,5.887,7.9
10.0,8.92,8.3
10.6,8.37,10.0
8.2,9.26,10.6
11.0,7.1,8.2
10.9,10.51,11.0
8.0,9.36,10.9
10.4,7.582,8.0
11.3,9.88,10.4
10.3,10.086,11.3
9.2,8.71,10.3
10.4,8.86,9.2
9.8,9.51,10.4
9.3,8.516,9.8
9.2,8.87,9.3
10.5,9.28,9.2
9.0,9.68,10.5
9.0,9.66,9.0
9.9,9.0,9.0
10.3,10.82,9.9
9.3,10.16,10.3
6.9,9.266,9.3
8.3,6.41,6.9
10.9,8.51,8.3
10.6,10.69,10.9
6.5,9.21,10.6
6.0,6.32,6.5
6.4,7.266,6.0
10.3,6.07,6.4
8.3,9.72,10.3
5.7,8.33,8.3
6.4,5.47,5.7
9.5,8.26,6.4
7.3,8.63,9.5
5.8,7.086,7.3
4.4,6.016,5.8
5.6,4.29,4.4
7.1,6.883,5.6
5.0,6.574,7.1
3.9,3.895,5.0
3.1999998,3.938,3.9
6.6,4.195,3.2
9.6,7.69,6.6
9.8,9.51,9.6
8.7,9.55,9.8
7.3,7.66,8.7
7.1,6.36,7.3
5.7,7.86,7.1
7.2,5.52,5.7
10.4,8.484,7.2
8.4,9.516,10.4
7.6,8.04,8.4
6.2,6.773,7.6
5.9,5.7,6.2
6.3,5.816,5.9
9.9,6.484,6.3
9.3,10.76,9.9
9.7,10.01,9.3
9.6,9.92,9.7
7.4,9.34,9.6
7.4,6.78,7.4
5.7,9.66,7.4
6.2,4.87,5.7
8.8,8.31,6.2
10.2,9.69,8.8
9.5,9.12,10.2
8.6,9.09,9.5
9.4,9.5,8.6
9.4,9.2,9.4
10.6,9.63,9.4
9.9,11.13,10.6
9.2,9.27,9.9
6.6,7.633,9.2
7.3,6.562,6.6
8.8,7.47,7.3
9.2,8.695,8.8
8.7,8.984,9.2
8.5,8.96,8.7
8.6,8.98,8.5
9.0,9.31,8.6
10.0,10.49,9.0
8.2,10.516,10.0
5.0,7.406,8.2
4.7,5.402,5.0
6.9,6.227,4.7
6.7,7.375,6.9
7.4,7.57,6.7
7.5,7.805,7.4
8.7,8.805,7.5
9.6,10.01,8.7
9.0,10.13,9.6
9.5,9.53,9.0
11.2,9.93,9.5
11.9,12.234,11.2
12.9,10.87,11.9
13.7,11.914,12.9
15.4,12.5,13.7
16.1,14.266,15.4
17.1,14.23,16.1
17.7,15.445,17.1
17.0,15.8,17.7
12.5,14.74,17.0
10.8,11.445,12.5
10.5,10.68,10.8
10.3,11.53,10.5
6.8,10.29,10.3
6.9,8.26,6.8
7.6,8.98,6.9
9.6,9.164,7.6
11.2,11.37,9.6
10.3,12.34,11.2
9.1,10.375,10.3
8.9,9.34,9.1
9.7,10.29,8.9
10.8,10.31,9.7
13.3,12.695,10.8
15.5,12.86,13.3
12.6,14.84,15.5
13.0,11.95,12.6
13.6,13.734,13.0
15.9,14.53,13.6
15.1,16.36,15.9
13.1,13.89,15.1
12.3,13.195,13.1
12.5,12.74,12.3
11.7,12.61,12.5
12.8,12.375,11.7
13.4,13.78,12.8
12.4,13.74,13.4
12.1,12.46,12.4
12.6,12.55,12.1
12.9,14.06,12.6
12.0,14.0,12.9
11.5,12.414,12.0
12.1,12.66,11.5
12.6,13.33,12.1
12.2,13.45,12.6
10.6,12.14,12.2
11.7,10.64,10.6
14.2,13.84,11.7
14.0,15.58,14.2
13.8,14.17,14.0
14.6,14.84,13.8
15.5,14.625,14.6
16.1,15.32,15.5
15.2,16.22,16.1
14.9,15.16,15.2
14.4,14.95,14.9
14.3,15.08,14.4
14.7,15.13,14.3
16.3,15.484,14.7
16.7,17.31,16.3
19.0,15.86,16.7
20.6,19.11,19.0
21.4,19.34,20.6
17.4,19.14,21.4
15.4,16.3,17.4
14.8,15.53,15.4
14.5,14.74,14.8
15.4,15.06,14.5
15.2,16.73,15.4
15.3,14.234,15.2
18.0,16.6,15.3
20.3,18.45,18.0
19.1,20.11,20.3
18.7,17.03,19.1
17.4,17.88,18.7
18.5,17.25,17.4
17.7,18.55,18.5
17.1,17.12,17.7
17.7,17.67,17.1
17.0,17.38,17.7
18.8,17.16,17.0
19.3,19.75,18.8
21.8,18.06,19.3
17.5,20.6,21.8
15.7,16.84,17.5
14.8,15.35,15.7
17.5,16.61,14.8
21.1,18.92,17.5
19.6,21.27,21.1
18.2,18.28,19.6
18.2,18.56,18.2
20.4,18.31,18.2
19.3,20.16,20.4
19.8,17.48,19.3
20.4,19.22,19.8
19.4,19.3,20.4
20.2,18.78,19.4
20.3,19.38,20.2
17.4,19.03,20.3
16.1,16.36,17.4
16.7,16.69,16.1
15.9,17.08,16.7
16.3,15.875,15.9
20.6,17.89,16.3
20.0,20.2,20.6
19.1,17.75,20.0
17.5,18.98,19.1
16.8,16.81,17.5
16.8,16.12,16.8
17.6,16.78,16.8
18.8,17.75,17.6
20.0,19.22,18.8
18.8,18.34,20.0
19.1,18.25,18.8
18.7,18.72,19.1
18.3,17.5,18.7
17.6,18.73,18.3
18.0,17.47,17.6
18.1,19.06,18.0
17.9,17.55,18.1
16.6,18.34,17.9
15.2,15.91,16.6
15.2,14.86,15.2
15.5,16.83,15.2
15.0,14.89,15.5
16.8,16.44,15.0
16.2,17.23,16.8
13.7,15.33,16.2
14.6,14.94,13.7
12.9,13.63,14.6
13.9,13.96,12.9
16.1,16.28,13.9
15.8,15.88,16.1
15.3,15.11,15.8
16.3,15.4,15.3
13.8,15.2,16.3
13.2,13.62,13.8
13.0,12.63,13.2
14.5,14.52,13.0
14.2,14.69,14.5
13.2,13.8,14.2
13.6,14.11,13.2
14.8,14.76,13.6
15.2,14.81,14.8
14.9,15.86,15.2
14.5,13.81,14.9
13.2,13.72,14.5
13.5,13.234,13.2
13.2,13.83,13.5
12.9,13.82,13.2
15.6,13.86,12.9
14.0,15.78,15.6
10.2,13.766,14.0
10.4,10.22,10.2
15.4,12.75,10.4
15.3,16.14,15.4
14.7,13.555,15.3
15.7,14.59,14.7
14.7,16.42,15.7
12.6,12.91,14.7
15.3,12.91,12.6
17.2,15.72,15.3
18.3,15.32,17.2
17.0,16.78,18.3
15.0,15.33,17.0
16.9,14.36,15.0
15.0,15.7,16.9
14.5,14.13,15.0
14.9,14.66,14.5
14.8,15.05,14.9
13.9,12.77,14.8
16.2,14.41,13.9
13.3,15.58,16.2
11.8,11.78,13.3
11.9,12.05,11.8
11.3,11.94,11.9
10.1,10.71,11.3
12.4,10.81,10.1
15.5,14.016,12.4
12.4,13.484,15.5
16.0,12.07,12.4
13.0,15.73,16.0
13.2,11.695,13.0
13.5,13.71,13.2
11.9,11.94,13.5
10.7,11.71,11.9
8.8,10.16,10.7
9.1,9.46,8.8
8.1,7.508,9.1
8.9,10.69,8.1
3.1999998,8.2,8.9
3.5,4.0,3.2
7.1,6.46,3.5
11.2,9.586,7.1
10.5,10.445,11.2
9.0,8.016,10.5
12.4,9.15,9.0
10.2,11.9,12.4
9.3,7.477,10.2
9.7,9.016,9.3
10.7,9.82,9.7
9.9,9.65,10.7
6.7,8.46,9.9
3.1999998,5.516,6.7
2.9,3.523,3.2
6.2,3.781,2.9
10.8,8.71,6.2
10.6,9.17,10.8
10.0,8.97,10.6
11.6,10.625,10.0
9.8,9.33,11.6
7.4,8.33,9.8
8.1,6.965,7.4
8.3,6.574,8.1
7.6,7.89,8.3
7.4,6.43,7.6
10.4,8.45,7.4
12.1,9.74,10.4
12.3,10.74,12.1
9.6,10.01,12.3
3.3000002,7.848,9.6
-1.0,3.64,3.3
-0.19999981,-0.2578,-1.0
0.10000038,0.586,-0.2
4.8,0.4375,0.1
7.7,7.97,4.8
4.4,6.25,7.7
7.2,4.008,4.4
5.9,8.14,7.2
4.2,4.312,5.9
1.6999998,3.535,4.2
4.5,1.508,1.7
5.7,3.914,4.5
6.0,5.184,5.7
8.9,6.977,6.0
11.0,8.266,8.9
12.5,8.58,11.0
12.6,10.805,12.5
10.8,9.51,12.6
7.9,9.25,10.8
4.3,5.89,7.9
3.3000002,3.469,4.3
0.5,2.234,3.3
0.6000004,0.5,0.5
-0.19999981,-0.03125,0.6
7.5,0.03125,-0.2
8.7,8.62,7.5
8.7,7.54,8.7
8.0,7.83,8.7
6.5,5.96,8.0
7.7,6.645,6.5
8.3,7.4,7.7
9.3,7.68,8.3
9.6,9.66,9.3
11.3,8.27,9.6
10.5,10.5,11.3
7.7,7.85,10.5
9.4,6.79,7.7
10.4,9.25,9.4
9.8,8.54,10.4
9.9,9.4,9.8
9.5,9.45,9.9
8.1,7.664,9.5
5.7,8.09,8.1
7.7,7.71,5.7
8.8,7.867,7.7
7.1,8.086,8.8
5.6,6.46,7.1
6.7,6.1,5.6
6.9,6.5,6.7
7.2,7.883,6.9
4.4,6.773,7.2
1.3000002,4.703,4.4
0.6999998,1.461,1.3
4.6,1.898,0.7
3.5,4.35,4.6
5.3,3.934,3.5
2.4,6.383,5.3
1.1999998,2.68,2.4
2.9,2.254,1.2
3.6999998,6.14,2.9
2.5,4.125,3.7
0.8999996,2.164,2.5
4.4,1.539,0.9
4.5,5.016,4.4
6.2,4.395,4.5
6.6,5.973,6.2
5.2,6.75,6.6
7.5,4.043,5.2
9.2,7.33,7.5
6.5,8.09,9.2
4.8,5.125,6.5
4.6,4.297,4.8
8.3,3.516,4.6
8.4,8.03,8.3
7.4,7.605,8.4
3.1,8.195,7.4
0.5,2.504,3.1
1.1000004,0.8203,0.5
4.3,1.375,1.1
6.8,5.688,4.3
8.2,7.547,6.8
6.9,7.656,8.2
4.1,5.54,6.9
4.1,3.832,4.1
4.7,4.68,4.1
5.3,4.824,4.7
5.5,5.617,5.3
6.5,6.68,5.5
6.6,5.766,6.5
6.0,6.344,6.6
5.7,6.11,6.0
5.1,5.59,5.7
3.6,4.17,5.1
2.6000004,3.578,3.6
4.7,2.84,2.6
6.6,6.04,4.7
4.5,6.008,6.6
5.5,6.055,4.5
3.9,4.746,5.5
4.5,3.723,3.9
5.7,5.59,4.5
6.1000004,7.477,5.7
6.7,5.664,6.1
7.1,6.953,6.7
6.7,5.31,7.1
8.9,8.03,6.7
8.8,8.77,8.9
10.9,8.76,8.8
12.4,10.875,10.9
14.4,12.52,12.4
13.1,12.48,14.4
8.8,12.06,13.1
3.8000002,8.12,8.8
2.6999998,3.36,3.8
5.0,4.727,2.7
4.2,4.914,5.0
4.2,3.781,4.2
4.3,4.79,4.2
4.0,4.824,4.3
3.6,3.793,4.0
3.6999998,3.914,3.6
4.6,4.543,3.7
6.5,6.24,4.6
8.0,7.156,6.5
8.6,6.848,8.0
10.4,9.664,8.6
10.1,11.75,10.4
8.5,8.83,10.1
11.1,8.76,8.5
9.2,10.734,11.1
9.3,9.11,9.2
12.1,10.71,9.3
11.9,11.92,12.1
10.4,10.08,11.9
10.9,10.164,10.4
12.4,11.55,10.9
12.1,11.96,12.4
12.7,11.97,12.1
9.2,11.086,12.7
9.6,8.945,9.2
9.1,9.875,9.6
9.3,8.984,9.1
10.0,9.58,9.3
10.7,10.51,10.0
9.6,10.66,10.7
8.7,9.44,9.6
8.2,8.35,8.7
9.5,9.086,8.2
9.1,9.83,9.5
7.0,10.11,9.1
7.1,7.156,7.0
8.1,8.734,7.1
8.3,9.305,8.1
9.0,9.82,8.3
9.0,10.27,9.0
7.8,9.65,9.0
7.2,8.27,7.8
6.8,8.52,7.2
7.6,7.02,6.8
8.0,8.43,7.6
8.9,8.914,8.0
10.6,10.664,8.9
7.4,11.05,10.6
7.2,8.46,7.4
7.5,9.11,7.2
7.0,8.06,7.5
9.6,8.09,7.0
10.7,11.71,9.6
12.1,11.51,10.7
13.8,12.82,12.1
13.2,14.09,13.8
11.7,12.21,13.2
12.6,10.914,11.7
12.1,14.28,12.6
13.0,11.64,12.1
15.3,13.8,13.0
18.0,14.06,15.3
13.4,16.89,18.0
11.9,12.44,13.4
10.7,12.08,11.9
13.1,11.11,10.7
14.3,14.914,13.1
18.8,15.11,14.3
18.8,19.4,18.8
17.6,17.06,18.8
12.6,17.19,17.6
14.7,12.016,12.6
16.0,16.77,14.7
17.7,16.38,16.0
14.4,17.75,17.7
14.6,13.53,14.4
14.5,15.61,14.6
15.5,15.16,14.5
17.2,16.44,15.5
19.4,17.66,17.2
17.9,19.12,19.4
16.4,17.28,17.9
15.6,16.64,16.4
12.7,15.42,15.6
12.6,12.65,12.7
13.1,14.32,12.6
13.0,13.766,13.1
14.0,14.016,13.0
15.7,14.97,14.0
16.2,16.48,15.7
16.2,15.81,16.2
14.5,16.69,16.2
14.2,14.625,14.5
13.9,14.766,14.2
14.8,14.19,13.9
16.1,15.19,14.8
14.9,17.33,16.1
13.7,14.5,14.9
12.5,13.47,13.7
13.0,13.016,12.5
14.2,14.76,13.0
14.3,14.92,14.2
16.2,16.48,14.3
15.6,15.56,16.2
15.9,16.11,15.6
16.6,16.23,15.9
17.6,16.77,16.6
16.9,17.3,17.6
16.4,16.16,16.9
17.1,16.05,16.4
17.9,16.98,17.1
18.3,17.75,17.9
17.7,17.38,18.3
18.3,16.98,17.7
21.4,19.16,18.3
17.2,20.72,21.4
16.7,16.69,17.2
15.8,16.81,16.7
17.0,16.08,15.8
16.9,18.12,17.0
17.6,17.55,16.9
18.2,18.23,17.6
16.5,18.12,18.2
16.6,15.72,16.5
16.6,17.67,16.6
15.3,15.92,16.6
15.6,15.1,15.3
19.1,16.75,15.6
18.0,18.89,19.1
15.1,18.0,18.0
14.3,14.734,15.1
16.2,14.76,14.3
17.8,17.88,16.2
16.0,17.6,17.8
15.5,15.05,16.0
16.6,16.4,15.5
17.1,16.66,16.6
15.7,16.16,17.1
15.9,14.67,15.7
16.7,16.39,15.9
20.3,15.86,16.7
21.9,20.06,20.3
18.8,20.77,21.9
17.3,17.31,18.8
15.1,16.45,17.3
16.0,14.805,15.1
16.2,16.22,16.0
15.5,16.48,16.2
14.7,15.375,15.5
13.8,15.01,14.7
14.6,14.766,13.8
15.2,15.11,14.6
14.9,15.78,15.2
15.1,14.37,14.9
13.4,14.84,15.1
13.5,13.73,13.4
13.8,13.55,13.5
14.9,15.055,13.8
16.9,16.03,14.9
16.0,17.4,16.9
14.9,14.15,16.0
14.1,15.59,14.9
13.9,13.94,14.1
14.9,14.89,13.9
14.1,15.59,14.9
13.2,13.46,14.1
12.9,13.266,13.2
11.6,14.375,12.9
10.1,10.414,11.6
12.1,11.61,10.1
14.4,13.875,12.1
13.6,14.65,14.4
13.4,13.555,13.6
12.8,13.836,13.4
12.7,12.266,12.8
12.8,11.86,12.7
12.1,13.02,12.8
11.1,11.47,12.1
11.7,11.54,11.1
13.6,13.35,11.7
13.9,13.22,13.6
14.7,14.72,13.9
14.3,12.984,14.7
16.7,14.734,14.3
13.7,16.56,16.7
12.7,13.21,13.7
13.1,12.516,12.7
12.2,12.16,13.1
11.9,13.17,12.2
11.5,11.945,11.9
12.2,10.61,11.5
13.1,12.83,12.2
13.5,12.65,13.1
12.5,12.98,13.5
12.9,12.06,12.5
12.4,12.164,12.9
12.9,11.27,12.4
15.6,13.8,12.9
13.4,15.05,15.6
10.3,12.25,13.4
9.1,9.47,10.3
10.1,8.5,9.1
14.0,11.61,10.1
13.9,13.83,14.0
15.2,12.95,13.9
13.6,15.03,15.2
14.5,11.84,13.6
14.8,14.36,14.5
15.9,14.11,14.8
13.3,15.42,15.9
11.8,11.08,13.3
14.6,13.11,11.8
14.0,14.016,14.6
10.8,12.34,14.0
9.7,10.086,10.8
12.8,9.414,9.7
13.2,13.46,12.8
14.3,12.07,13.2
14.5,13.625,14.3
13.1,13.766,14.5
11.4,12.53,13.1
13.3,9.92,11.4
11.1,12.484,13.3
8.8,9.36,11.1
9.5,8.49,8.8
7.4,10.05,9.5
6.4,7.527,7.4
8.9,7.68,6.4
7.6,8.875,8.9
6.8,7.42,7.6
4.7,6.836,6.8
3.0,5.797,4.7
6.3,4.23,3.0
5.6,7.03,6.3
7.9,5.375,5.6
5.6,9.15,7.9
4.1,4.59,5.6
3.5,3.145,4.1
5.5,5.977,3.5
6.3,5.516,5.5
10.0,8.625,6.3
7.4,8.27,10.0
6.4,6.965,7.4
6.7,6.09,6.4
11.0,5.496,6.7
10.6,9.88,11.0
10.8,8.05,10.6
9.6,9.87,10.8
9.0,7.117,9.6
5.1,7.61,9.0
4.9,3.89,5.1
7.4,5.098,4.9
8.2,7.58,7.4
6.8,6.99,8.2
7.4,5.746,6.8
4.6,6.438,7.4
3.0,3.492,4.6
2.4,2.988,3.0
6.1000004,4.086,2.4
4.1,5.207,6.1
4.4,4.32,4.1
2.0999994,5.766,4.4
11.3,6.086,2.1
10.0,8.555,11.3
9.4,7.94,10.0
7.9,7.848,9.4
7.0,6.18,7.9
6.2,5.027,7.0
5.1,4.58,6.2
1.5,3.656,5.1
4.2,0.5703,1.5
0.3000002,4.973,4.2
-0.8000002,0.6016,0.3
2.4,3.84,-0.8
-0.10000038,2.016,2.4
1.6000004,0.1172,-0.1
-1.8000002,2.469,1.6
-3.3000002,-1.555,-1.8
-3.0,-3.18,-3.3
1.1999998,0.914,-3.0
1.6000004,0.703,1.2
0.8000002,1.617,1.6
-1.0,0.75,0.8
-1.1999998,-0.961,-1.0
-3.0,-0.1172,-1.2
1.5,-1.859,-3.0
3.1,0.2188,1.5
7.4,4.984,3.1
7.4,7.688,7.4
5.7,5.87,7.4
2.6999998,5.22,5.7
2.5,4.31,2.7
7.1,4.92,2.5
8.8,7.574,7.1
7.3,7.703,8.8
7.7,7.016,7.3
5.1,6.316,7.7
4.2,5.074,5.1
6.6,3.645,4.2
3.6,6.645,6.6
4.4,3.242,3.6
7.8,5.977,4.4
4.3,7.438,7.8
4.3,4.16,4.3
5.8,4.973,4.3
3.1,5.42,5.8
2.1999998,2.004,3.1
0.8000002,2.922,2.2
4.2,1.961,0.8
5.0,5.54,4.2
4.0,5.324,5.0
8.5,5.492,4.0
8.0,8.3,8.5
9.6,7.055,8.0
10.7,9.4,9.6
9.2,7.914,10.7
8.6,7.08,9.2
9.2,9.25,8.6
8.7,8.305,9.2
11.2,9.125,8.7
6.3,9.49,11.2
9.7,4.7,6.3
6.1000004,8.95,9.7
8.1,5.438,6.1
9.5,8.53,8.1
7.8,9.23,9.5
9.4,6.688,7.8
9.1,9.87,9.4
10.5,9.1,9.1
10.2,9.555,10.5
10.9,9.31,10.2
10.4,10.44,10.9
11.0,10.64,10.4
8.1,10.305,11.0
8.7,7.26,8.1
9.9,9.38,8.7
10.0,8.766,9.9
10.4,10.984,10.0
10.7,10.11,10.4
9.6,11.06,10.7
10.1,9.49,9.6
9.0,9.93,10.1
10.4,9.516,9.0
9.1,10.44,10.4
10.3,8.45,9.1
10.3,9.08,10.3
10.7,10.805,10.3
8.4,10.33,10.7
8.0,8.49,8.4
10.3,8.6,8.0
10.7,10.79,10.3
9.0,9.79,10.7
8.4,8.625,9.0
9.7,8.69,8.4
8.3,9.93,9.7
6.3,7.086,8.3
6.2,6.383,6.3
7.4,7.07,6.2
8.7,9.09,7.4
9.6,9.26,8.7
9.4,10.266,9.6
11.4,10.336,9.4
11.7,11.555,11.4
7.8,9.54,11.7
6.3,6.977,7.8
6.2,5.59,6.3
7.1,7.484,6.2
6.8,7.547,7.1
7.4,5.965,6.8
9.6,8.91,7.4
8.5,10.62,9.6
9.4,8.23,8.5
10.7,10.77,9.4
8.7,9.07,10.7
10.1,9.07,8.7
12.0,10.39,10.1
9.4,11.586,12.0
8.6,7.93,9.4
7.4,8.336,8.6
7.2,6.633,7.4
8.8,7.812,7.2
9.3,9.5,8.8
8.0,8.11,9.3
8.3,9.45,8.0
8.8,8.53,8.3
8.0,9.03,8.8
6.9,8.24,8.0
5.5,6.89,6.9
5.5,5.55,5.5
7.4,7.027,5.5
9.3,8.3,7.4
10.8,10.7,9.3
11.8,12.3,10.8
12.3,11.69,11.8
12.5,12.94,12.3
11.4,12.61,12.5
11.6,10.48,11.4
13.6,12.586,11.6
17.1,14.14,13.6
15.2,16.61,17.1
15.2,14.414,15.2
12.4,12.92,15.2
6.9,11.14,12.4
5.5,6.887,6.9
8.4,7.61,5.5
10.1,10.01,8.4
11.0,10.695,10.1
10.0,11.88,11.0
10.7,9.19,10.0
10.6,11.44,10.7
11.0,9.83,10.6
13.5,11.45,11.0
14.1,13.86,13.5
13.0,13.73,14.1
14.0,12.516,13.0
14.9,15.14,14.0
12.1,13.1,14.9
13.2,12.31,12.1
12.9,13.15,13.2
13.5,12.805,12.9
11.8,13.59,13.5
13.0,11.81,11.8
14.2,13.805,13.0
14.5,14.625,14.2
12.7,14.66,14.5
15.0,13.08,12.7
16.8,15.805,15.0
16.1,16.75,16.8
13.8,14.97,16.1
11.2,13.09,13.8
13.0,11.06,11.2
14.9,13.78,13.0
15.3,15.69,14.9
16.8,14.78,15.3
17.8,17.02,16.8
15.8,17.08,17.8
16.5,14.81,15.8
17.0,17.38,16.5
16.8,15.95,17.0
16.4,16.25,16.8
14.1,16.19,16.4
14.2,13.91,14.1
14.5,15.016,14.2
14.3,15.11,14.5
14.7,14.28,14.3
14.3,15.72,14.7
13.1,14.25,14.3
13.6,13.36,13.1
12.7,15.06,13.6
13.7,13.195,12.7
13.9,15.266,13.7
13.8,14.58,13.9
13.9,14.17,13.8
11.3,14.59,13.9
11.5,11.945,11.3
12.2,12.98,11.5
12.6,12.56,12.2
13.7,14.27,12.6
12.1,13.75,13.7
10.6,11.92,12.1
11.7,12.375,10.6
13.7,13.17,11.7
14.6,15.58,13.7
15.9,15.06,14.6
16.1,16.33,15.9
18.2,16.08,16.1
17.7,18.23,18.2
16.9,16.86,17.7
15.7,17.16,16.9
17.4,16.12,15.7
17.8,18.28,17.4
15.5,16.1,17.8
17.0,16.17,15.5
15.8,18.25,17.0
15.7,15.45,15.8
15.2,16.78,15.7
16.1,14.39,15.2
16.9,17.45,16.1
17.5,16.98,16.9
17.5,17.1,17.5
16.7,16.47,17.5
16.0,17.31,16.7
16.0,15.75,16.0
18.6,16.5,16.0
17.9,18.72,18.6
17.2,17.14,17.9
18.1,16.23,17.2
16.9,18.33,18.1
15.6,16.16,16.9
17.6,15.95,15.6
18.6,18.81,17.6
19.7,18.44,18.6
17.8,19.6,19.7
18.4,16.1,17.8
18.8,18.22,18.4
18.6,18.69,18.8
19.4,17.22,18.6
19.3,18.62,19.4
19.8,19.12,19.3
20.6,19.52,19.8
20.2,19.75,20.6
18.9,18.56,20.2
18.0,18.03,18.9
18.9,18.47,18.0
19.4,18.02,18.9
20.2,18.47,19.4
20.2,19.9,20.2
20.6,18.56,20.2
21.5,19.72,20.6
19.9,19.75,21.5
20.5,19.16,19.9
20.7,20.44,20.5
19.8,19.94,20.7
17.2,18.53,19.8
16.3,16.03,17.2
17.2,17.58,16.3
13.4,15.83,17.2
15.5,14.336,13.4
18.8,17.08,15.5
17.7,18.88,18.8
14.8,15.25,17.7
15.4,15.3,14.8
17.4,16.84,15.4
15.8,17.88,17.4
13.9,14.484,15.8
13.6,13.47,13.9
14.9,14.16,13.6
15.4,15.53,14.9
15.6,15.09,15.4
14.6,15.02,15.6
14.8,15.66,14.6
14.1,15.11,14.8
12.0,13.516,14.1
11.4,11.6,12.0
11.8,11.55,11.4
13.8,12.81,11.8
15.4,15.33,13.8
18.9,16.94,15.4
18.7,18.02,18.9
18.8,18.33,18.7
16.8,17.56,18.8
16.3,16.28,16.8
16.0,15.95,16.3
15.5,15.86,16.0
15.4,15.51,15.5
15.3,15.62,15.4
15.4,15.625,15.3
16.0,15.26,15.4
14.9,14.58,16.0
15.5,15.43,14.9
15.9,15.5,15.5
15.2,16.23,15.9
14.8,14.53,15.2
12.7,13.7,14.8
13.8,12.84,12.7
14.8,15.06,13.8
14.6,14.58,14.8
17.6,14.664,14.6
17.9,17.16,17.6
14.3,16.62,17.9
14.3,13.414,14.3
12.1,15.2,14.3
11.5,12.16,12.1
9.4,10.695,11.5
13.7,10.9,9.4
15.5,13.94,13.7
16.5,15.38,15.5
17.0,14.79,16.5
16.2,16.31,17.0
16.3,14.664,16.2
13.5,15.06,16.3
14.3,12.44,13.5
12.4,13.61,14.3
9.4,11.984,12.4
7.6,8.49,9.4
8.3,7.83,7.6
9.5,9.27,8.3
6.5,10.19,9.5
3.4,6.266,6.5
4.2,6.316,3.4
7.4,6.812,4.2
9.0,9.43,7.4
5.1,7.508,9.0
8.2,5.76,5.1
13.3,10.29,8.2
12.3,12.69,13.3
11.2,11.11,12.3
10.0,9.56,11.2
9.9,10.266,10.0
8.2,8.71,9.9
7.2,7.2,8.2
7.8,6.4,7.2
8.1,8.266,7.8
7.6,6.9,8.1
10.8,7.33,7.6
14.9,11.625,10.8
14.1,12.28,14.9
14.4,11.31,14.1
13.7,12.93,14.4
11.9,11.52,13.7
9.6,9.42,11.9
7.4,7.64,9.6
6.2,5.96,7.4
7.8,5.492,6.2
8.8,9.42,7.8
9.2,8.01,8.8
9.1,9.414,9.2
10.2,7.953,9.1
11.2,10.44,10.2
9.7,9.46,11.2
10.2,8.625,9.7
9.0,8.96,10.2
6.3,8.52,9.0
5.2,5.58,6.3
5.0,5.0,5.2
3.6999998,5.492,5.0
5.7,4.562,3.7
9.2,8.055,5.7
9.7,9.7,9.2
11.0,8.984,9.7
13.5,11.15,11.0
12.3,11.7,13.5
8.7,9.766,12.3
5.5,6.97,8.7
3.6999998,6.004,5.5
4.6,4.582,3.7
1.6999998,6.33,4.6
2.4,0.992,1.7
9.9,8.28,2.4
7.2,7.816,9.9
8.7,6.766,7.2
7.2,7.547,8.7
7.4,5.688,7.2
11.3,6.312,7.4
12.2,9.68,11.3
10.9,9.86,12.2
8.7,10.086,10.9
7.4,7.0,8.7
6.2,5.715,7.4
7.4,5.406,6.2
10.0,7.254,7.4
7.0,8.83,10.0
7.4,5.906,7.0
9.1,9.27,7.4
9.5,8.2,9.1
7.6,8.945,9.5
7.8,6.688,7.6
9.7,7.676,7.8
9.8,9.97,9.7
11.6,9.09,9.8
11.4,10.64,11.6
10.2,8.484,11.4
11.3,9.305,10.2
11.5,10.03,11.3
10.0,10.195,11.5
8.0,7.92,10.0
10.1,5.914,8.0
8.2,8.875,10.1
7.0,6.6,8.2
8.1,8.836,7.0
8.3,8.04,8.1
3.1999998,7.43,8.3
3.0,3.234,3.2
2.7999997,6.008,3.0
2.1999998,2.906,2.8
4.6,4.395,2.2
3.6,5.22,4.6
0.8000002,3.18,3.6
0.0,1.102,0.8
-2.1999998,0.4453,0.0
-1.6000004,-1.547,-2.2
0.5,-0.1875,-1.6
1.8000002,3.215,0.5
3.1,3.77,1.8
3.4,3.586,3.1
3.0,3.965,3.4
2.5,3.008,3.0
6.2,5.387,2.5
6.2,6.836,6.2
7.7,5.617,6.2
5.7,7.367,7.7
5.0,4.82,5.7
6.5,6.65,5.0
8.1,6.54,6.5
10.8,7.695,8.1
9.5,9.586,10.8
9.3,8.836,9.5
11.7,9.07,9.3
9.8,10.64,11.7
7.6,8.516,9.8
7.2,5.652,7.6
10.9,9.1,7.2
12.3,9.84,10.9
9.4,10.95,12.3
7.0,8.33,9.4
8.6,6.953,7.0
8.8,9.03,8.6
7.9,7.477,8.8
7.2,6.293,7.9
8.8,8.33,7.2
6.8,8.39,8.8
6.8,5.793,6.8
9.1,7.965,6.8
13.1,8.98,9.1
10.0,11.82,13.1
9.0,8.766,10.0
10.4,9.25,9.0
10.5,10.54,10.4
8.8,9.625,10.5
6.9,8.0,8.8
6.5,5.402,6.9
8.1,7.77,6.5
7.5,8.11,8.1
9.2,7.625,7.5
8.5,9.6,9.2
8.0,7.375,8.5
7.8,8.86,8.0
8.4,7.062,7.8
8.5,8.71,8.4
6.2,7.684,8.5
7.0,6.14,6.2
8.1,7.242,7.0
8.2,8.35,8.1
6.2,7.727,8.2
6.8,6.83,6.2
8.4,8.586,6.8
9.9,9.53,8.4
11.7,10.1,9.9
12.8,11.1,11.7
12.6,12.26,12.8
10.4,12.47,12.6
10.9,8.61,10.4
11.3,12.055,10.9
10.2,9.68,11.3
10.2,9.86,10.2
9.6,9.47,10.2
9.5,8.84,9.6
7.7,10.0,9.5
8.0,7.664,7.7
7.4,8.08,8.0
5.3,6.96,7.4
4.7,5.79,5.3
5.0,7.055,4.7
3.9,5.51,5.0
4.0,3.613,3.9
4.8,5.242,4.0
4.4,5.934,4.8
6.5,6.016,4.4
7.1,8.38,6.5
7.9,7.844,7.1
9.7,7.9,7.9
9.5,10.57,9.7
11.1,10.21,9.5
12.2,11.586,11.1
10.7,10.914,12.2
12.0,10.25,10.7
11.5,13.234,12.0
9.8,9.914,11.5
8.4,8.625,9.8
9.6,8.59,8.4
10.3,10.54,9.6
9.9,10.25,10.3
9.2,11.445,9.9
8.9,9.89,9.2
8.8,9.01,8.9
9.9,9.94,8.8
10.9,10.52,9.9
11.4,10.945,10.9
12.8,11.77,11.4
14.9,12.05,12.8
13.2,14.74,14.9
15.1,12.09,13.2
17.8,15.03,15.1
16.8,16.4,17.8
14.6,14.914,16.8
14.3,13.26,14.6
15.1,14.33,14.3
14.9,14.2,15.1
13.3,14.36,14.9
15.0,13.17,13.3
15.1,14.914,15.0
14.4,14.36,15.1
14.9,14.58,14.4
12.6,14.28,14.9
12.5,12.03,12.6
13.3,13.48,12.5
13.4,14.34,13.3
13.2,13.875,13.4
10.9,12.88,13.2
10.5,11.35,10.9
12.0,11.2,10.5
13.5,13.7,12.0
13.4,13.74,13.5
13.4,14.2,13.4
14.0,14.06,13.4
14.1,14.37,14.0
13.5,14.0,14.1
16.5,13.75,13.5
15.8,17.03,16.5
14.2,13.48,15.8
15.0,15.05,14.2
15.5,16.14,15.0
12.9,15.586,15.5
11.2,12.35,12.9
12.3,12.81,11.2
14.2,13.45,12.3
13.4,15.16,14.2
13.1,13.61,13.4
12.8,13.945,13.1
13.3,13.625,12.8
16.0,14.39,13.3
20.5,16.02,16.0
23.7,21.0,20.5
16.1,19.84,23.7
14.6,15.25,16.1
16.6,15.16,14.6
14.7,18.53,16.6
14.6,13.49,14.7
14.5,15.33,14.6
14.6,15.984,14.5
14.4,14.72,14.6
14.9,14.984,14.4
15.2,15.59,14.9
14.9,15.6,15.2
14.8,15.3,14.9
14.8,14.75,14.8
14.4,15.19,14.8
14.8,14.34,14.4
14.7,15.34,14.8
15.1,15.266,14.7
14.8,14.34,15.1
15.3,15.43,14.8
15.6,16.78,15.3
16.3,15.53,15.6
16.6,16.6,16.3
14.6,15.516,16.6
14.7,14.484,14.6
14.8,15.81,14.7
16.0,15.43,14.8
15.9,17.11,16.0
15.3,15.45,15.9
17.8,16.17,15.3
19.0,18.9,17.8
15.3,17.47,19.0
16.5,15.83,15.3
15.7,17.94,16.5
15.0,14.516,15.7
15.0,15.84,15.0
15.5,14.25,15.0
16.4,16.72,15.5
15.6,16.31,16.4
16.0,15.78,15.6
15.4,16.3,16.0
15.5,16.44,15.4
14.7,15.195,15.5
15.4,14.97,14.7
15.8,16.38,15.4
16.3,16.95,15.8
16.2,15.78,16.3
14.7,15.48,16.2
16.8,15.28,14.7
17.1,17.95,16.8
19.2,16.05,17.1
19.7,19.47,19.2
18.1,17.98,19.7
16.5,18.06,18.1
14.7,15.766,16.5
15.8,14.83,14.7
15.4,16.34,15.8
14.8,15.86,15.4
15.8,15.22,14.8
17.0,16.83,15.8
15.4,15.97,17.0
16.1,16.17,15.4
17.3,17.33,16.1
15.9,16.92,17.3
16.4,15.01,15.9
15.8,16.67,16.4
15.4,14.54,15.8
16.5,16.78,15.4
15.1,16.31,16.5
12.8,13.234,15.1
14.0,13.81,12.8
16.4,14.64,14.0
19.0,17.44,16.4
18.1,18.75,19.0
15.0,17.08,18.1
16.1,14.78,15.0
15.9,16.05,16.1
16.5,16.19,15.9
17.5,15.914,16.5
16.5,17.42,17.5
18.3,15.04,16.5
17.9,18.47,18.3
16.0,15.875,17.9
12.6,14.73,16.0
11.7,13.45,12.6
12.8,11.914,11.7
12.8,13.38,12.8
15.3,12.67,12.8
14.5,16.2,15.3
14.9,14.41,14.5
14.7,14.19,14.9
15.9,15.04,14.7
17.1,15.79,15.9
16.4,16.22,17.1
15.6,15.42,16.4
15.9,15.44,15.6
16.5,16.75,15.9
14.7,15.75,16.5
16.2,14.94,14.7
15.2,15.71,16.2
14.5,16.1,15.2
12.8,13.984,14.5
14.0,14.72,12.8
14.0,14.36,14.0
13.9,13.94,14.0
11.6,12.625,13.9
10.2,11.39,11.6
10.5,11.03,10.2
11.2,10.04,10.5
11.8,11.84,11.2
11.9,12.445,11.8
12.4,12.234,11.9
12.6,12.79,12.4
12.9,11.625,12.6
12.2,13.82,12.9
14.3,11.375,12.2
15.4,14.63,14.3
13.5,13.9,15.4
14.6,12.47,13.5
12.2,14.625,14.6
9.8,10.85,12.2
9.7,10.01,9.8
10.9,9.85,9.7
15.5,12.46,10.9
16.5,14.94,15.5
14.0,14.8,16.5
13.4,12.83,14.0
11.1,14.625,13.4
10.8,9.94,11.1
14.1,11.38,10.8
14.4,13.86,14.1
11.0,13.2,14.4
11.0,9.6,11.0
12.2,10.55,11.0
9.5,12.49,12.2
9.7,8.875,9.5
8.2,11.266,9.7
8.1,8.22,8.2
7.6,7.72,8.1
10.5,10.22,7.6
9.8,9.55,10.5
14.8,10.33,9.8
14.4,13.89,14.8
10.1,12.11,14.4
7.4,8.695,10.1
9.3,10.16,7.4
8.2,8.09,9.3
9.1,7.883,8.2
7.8,8.2,9.1
5.7,6.703,7.8
5.1,6.047,5.7
2.6999998,4.67,5.1
3.1999998,2.793,2.7
5.3,5.188,3.2
2.0000005,5.383,5.3
1.3000002,1.961,2.0
3.4,2.95,1.3
6.6,3.848,3.4
9.2,7.496,6.6
10.1,8.164,9.2
11.3,9.63,10.1
9.1,9.61,11.3
7.7,7.67,9.1
7.9,7.29,7.7
5.7,6.625,7.9
4.7,4.652,5.7
0.0,3.68,4.7
4.3,0.3281,0.0
5.1,3.91,4.3
5.2,6.484,5.1
7.4,4.29,5.2
10.0,7.9,7.4
9.8,7.953,10.0
10.3,8.734,9.8
10.1,9.18,10.3
13.9,8.586,10.1
11.0,10.85,13.9
12.6,8.02,11.0
12.1,9.98,12.6
7.6,9.336,12.1
6.5,5.64,7.6
10.1,7.36,6.5
8.1,8.195,10.1
5.9,7.633,8.1
3.6,4.957,5.9
8.0,6.3,3.6
6.7,7.875,8.0
7.0,5.5,6.7
10.9,8.99,7.0
11.2,9.164,10.9
9.4,9.77,11.2
5.7,7.516,9.4
8.5,5.113,5.7
8.9,9.08,8.5
7.3,7.836,8.9
7.5,6.562,7.3
7.4,7.945,7.5
10.5,6.83,7.4
12.7,10.22,10.5
12.0,11.4,12.7
10.9,8.6,12.0
8.5,9.56,10.9
7.2,7.93,8.5
4.7,6.203,7.2
2.0999994,3.566,4.7
3.8000002,1.539,2.1
5.7,4.8,3.8
8.2,8.07,5.7
8.6,8.375,8.2
9.7,7.926,8.6
7.5,9.07,9.7
5.0,6.61,7.5
7.8,4.84,5.0
12.5,8.08,7.8
11.0,10.7,12.5
7.9,9.21,11.0
8.0,7.824,7.9
8.1,6.566,8.0
10.5,8.58,8.1
10.1,9.63,10.5
7.7,9.47,10.1
8.6,7.168,7.7
10.5,8.016,8.6
8.8,9.086,10.5
6.2,8.336,8.8
1.5,5.406,6.2
4.5,1.805,1.5
7.1,7.508,4.5
6.8,6.492,7.1
9.5,8.43,6.8
8.8,8.91,9.5
8.6,8.195,8.8
6.5,7.797,8.6
7.0,6.258,6.5
3.0,7.1,7.0
3.3000002,3.723,3.0
3.6,3.586,3.3
2.6999998,3.129,3.6
2.6999998,4.047,2.7
4.0,2.355,2.7
8.4,7.062,4.0
8.3,8.3,8.4
8.5,7.52,8.3
9.7,8.62,8.5
10.8,8.89,9.7
10.0,10.33,10.8
9.4,8.9,10.0
7.2,8.805,9.4
7.3,6.164,7.2
9.2,6.4,7.3
6.7,8.914,9.2
8.3,6.516,6.7
8.0,8.25,8.3
8.9,6.977,8.0
11.4,9.79,8.9
12.0,11.0,11.4
7.5,9.59,12.0
6.1000004,7.195,7.5
5.4,6.168,6.1
4.6,5.113,5.4
5.0,4.832,4.6
6.7,6.35,5.0
6.7,6.617,6.7
6.2,5.367,6.7
9.3,7.195,6.2
10.1,8.85,9.3
9.1,10.66,10.1
7.3,7.875,9.1
5.8,6.746,7.3
6.1000004,5.87,5.8
8.0,6.664,6.1
7.2,7.695,8.0
6.8,7.234,7.2
6.3,5.86,6.8
8.2,8.22,6.3
8.5,8.75,8.2
9.1,8.625,8.5
8.6,8.99,9.1
8.0,7.613,8.6
6.9,8.65,8.0
7.0,6.645,6.9
8.5,7.684,7.0
12.2,10.48,8.5
12.8,11.19,12.2
13.6,10.984,12.8
12.5,12.87,13.6
11.3,10.23,12.5
13.2,11.375,11.3
14.4,12.875,13.2
13.2,12.55,14.4
12.0,12.766,13.2
10.0,11.64,12.0
11.0,9.52,10.0
10.1,10.24,11.0
9.6,10.31,10.1
9.9,9.19,9.6
9.8,11.195,9.9
8.1,10.086,9.8
4.9,8.55,8.1
5.8,5.58,4.9
5.6,8.13,5.8
6.8,6.945,5.6
6.8,8.09,6.8
7.1,7.586,6.8
11.8,7.285,7.1
11.3,11.25,11.8
10.6,9.81,11.3
9.6,11.5,10.6
10.4,8.92,9.6
10.0,10.836,10.4
10.7,9.88,10.0
11.5,11.695,10.7
11.7,11.09,11.5
10.8,11.61,11.7
13.1,10.65,10.8
12.9,11.875,13.1
13.4,12.91,12.9
13.1,11.44,13.4
12.9,12.734,13.1
14.0,12.75,12.9
14.6,13.77,14.0
13.2,14.34,14.6
13.3,12.69,13.2
15.2,13.484,13.3
14.0,14.195,15.2
13.7,13.06,14.0
12.3,13.52,13.7
11.7,12.26,12.3
11.7,12.195,11.7
12.1,12.42,11.7
11.6,12.96,12.1
11.3,12.055,11.6
13.5,12.59,11.3
12.1,13.82,13.5
12.4,13.09,12.1
12.9,13.03,12.4
12.2,13.34,12.9
12.1,12.27,12.2
13.2,13.61,12.1
11.9,13.46,13.2
13.0,11.56,11.9
15.3,14.7,13.0
17.1,15.83,15.3
17.1,17.2,17.1
14.1,16.31,17.1
14.6,14.016,14.1
16.6,14.74,14.6
14.5,16.84,16.6
13.5,14.17,14.5
13.4,13.28,13.5
11.0,13.64,13.4
12.1,11.375,11.0
12.0,12.75,12.1
11.9,11.98,12.0
13.0,13.52,11.9
13.8,14.484,13.0
13.4,13.96,13.8
12.3,13.3,13.4
13.1,12.22,12.3
13.8,14.46,13.1
15.3,14.27,13.8
15.8,15.78,15.3
14.8,15.8,15.8
15.1,15.0,14.8
15.3,15.05,15.1
14.6,16.72,15.3
13.1,14.27,14.6
12.5,12.984,13.1
13.6,13.91,12.5
16.6,15.266,13.6
18.1,17.88,16.6
16.7,18.03,18.1
14.0,15.89,16.7
14.9,14.47,14.0
16.4,16.42,14.9
15.2,15.53,16.4
17.9,16.17,15.2
19.9,18.9,17.9
17.8,17.75,19.9
17.0,17.02,17.8
15.9,16.77,17.0
16.3,16.5,15.9
16.4,17.06,16.3
18.3,16.73,16.4
19.0,19.03,18.3
17.7,18.3,19.0
18.0,17.72,17.7
18.0,17.75,18.0
17.1,17.75,18.0
16.7,16.34,17.1
16.0,16.56,16.7
15.8,16.16,16.0
17.0,17.02,15.8
16.3,15.89,17.0
18.9,17.08,16.3
18.0,19.44,18.9
15.8,16.44,18.0
14.8,15.734,15.8
15.3,14.445,14.8
17.0,16.56,15.3
19.3,17.83,17.0
18.6,19.6,19.3
18.2,18.69,18.6
18.7,17.4,18.2
18.8,19.1,18.7
16.9,18.28,18.8
17.3,15.97,16.9
18.8,17.9,17.3
18.1,17.84,18.8
18.4,16.4,18.1
18.3,18.89,18.4
18.9,17.7,18.3
17.3,19.06,18.9
18.8,16.12,17.3
17.0,18.83,18.8
17.1,16.5,17.0
16.7,17.34,17.1
15.8,16.55,16.7
17.4,15.56,15.8
17.2,17.16,17.4
16.1,16.78,17.2
15.2,15.69,16.1
15.4,15.305,15.2
15.3,15.375,15.4
15.1,15.8,15.3
15.3,15.125,15.1
15.6,15.484,15.3
16.9,15.41,15.6
18.0,16.97,16.9
18.0,17.97,18.0
19.7,17.45,18.0
19.6,19.97,19.7
17.3,17.84,19.6
16.8,16.53,17.3
16.7,16.38,16.8
17.0,15.67,16.7
16.1,17.95,17.0
14.7,15.016,16.1
14.5,15.5,14.7
16.8,15.04,14.5
16.6,17.31,16.8
16.8,16.44,16.6
18.7,17.16,16.8
15.7,17.98,18.7
17.0,15.69,15.7
19.8,17.47,17.0
16.1,18.56,19.8
19.5,15.59,16.1
18.8,19.62,19.5
14.9,17.5,18.8
13.2,14.6,14.9
13.2,14.1,13.2
12.9,12.33,13.2
15.7,15.414,12.9
14.4,15.55,15.7
15.1,14.89,14.4
15.0,15.47,15.1
14.5,14.61,15.0
14.8,14.305,14.5
17.5,15.805,14.8
17.2,16.89,17.5
17.4,15.99,17.2
15.0,15.75,17.4
14.8,13.95,15.0
14.6,15.57,14.8
14.8,14.08,14.6
15.8,15.69,14.8
14.1,14.95,15.8
14.6,14.28,14.1
12.7,14.92,14.6
11.7,12.71,12.7
10.1,11.92,11.7
8.3,9.24,10.1
7.6,8.98,8.3
9.9,7.383,7.6
13.8,12.79,9.9
14.3,13.16,13.8
15.4,14.195,14.3
12.5,14.5,15.4
10.4,10.586,12.5
11.6,10.83,10.4
13.5,12.17,11.6
13.5,14.31,13.5
11.4,12.43,13.5
11.9,12.26,11.4
10.5,12.016,11.9
6.9,9.44,10.5
9.9,8.37,6.9
12.9,11.09,9.9
13.1,12.66,12.9
13.6,11.81,13.1
10.8,12.42,13.6
10.7,9.67,10.8
11.0,11.7,10.7
10.9,8.76,11.0
12.8,12.32,10.9
13.2,10.84,12.8
13.6,14.055,13.2
12.8,12.72,13.6
14.5,12.35,12.8
10.9,12.56,14.5
9.0,9.81,10.9
8.9,9.0,9.0
11.3,10.43,8.9
9.9,10.484,11.3
10.6,9.36,9.9
11.1,10.92,10.6
11.2,10.47,11.1
10.7,10.17,11.2
9.7,10.31,10.7
8.1,8.9,9.7
8.7,7.8,8.1
10.7,8.59,8.7
9.0,10.055,10.7
7.4,7.54,9.0
7.4,8.234,7.4
8.7,6.625,7.4
6.9,8.11,8.7
6.6,7.363,6.9
4.0,5.754,6.6
6.6,4.746,4.0
8.6,7.97,6.6
9.6,8.55,8.6
11.1,9.92,9.6
9.6,9.3,11.1
10.5,9.445,9.6
11.8,10.484,10.5
11.0,10.164,11.8
9.6,9.39,11.0
10.9,8.66,9.6
9.5,10.63,10.9
9.9,7.414,9.5
7.6,10.05,9.9
6.4,6.453,7.6
9.5,6.453,6.4
10.4,9.32,9.5
9.2,8.44,10.4
6.8,8.48,9.2
8.8,6.28,6.8
11.7,9.22,8.8
8.2,10.13,11.7
7.5,6.594,8.2
4.4,8.016,7.5
4.7,4.44,4.4
6.5,5.566,4.7
9.4,6.32,6.5
12.0,9.82,9.4
5.7,10.32,12.0
0.8000002,4.527,5.7
5.1,3.219,0.8
10.4,6.375,5.1
8.9,9.72,10.4
11.5,7.973,8.9
7.7,9.836,11.5
7.8,5.723,7.7
5.5,6.293,7.8
5.0,4.67,5.5
5.2,4.227,5.0
6.7,5.664,5.2
9.8,7.062,6.7
9.1,8.016,5.8
7.0,8.19,9.1
8.7,7.055,7.0
8.1,8.61,8.7
9.3,7.633,8.1
5.6,9.08,9.3
4.8,4.66,5.6
6.6,5.953,4.8
5.9,7.902,6.6
5.9,5.0,5.9
9.4,7.883,5.9
6.7,9.195,9.4
9.7,6.21,6.7
4.4,9.03,9.7
0.8000002,3.938,4.4
-2.3000002,1.516,0.8
3.6,-1.883,-2.3
5.1,6.55,3.6
5.2,7.082,5.1
8.7,7.72,5.2
6.3,7.49,8.7
7.7,7.387,6.3
5.6,6.75,7.7
9.5,6.395,5.6
8.8,8.66,9.5
9.2,7.406,8.8
11.0,9.14,9.2
11.0,9.8,11.0
9.4,10.26,11.0
9.3,8.52,9.4
8.0,8.11,9.3
9.7,8.14,8.0
9.4,8.98,9.7
7.0,9.92,9.4
8.0,7.17,7.0
6.7,7.523,8.0
8.9,7.11,6.7
8.9,9.06,8.9
8.2,7.336,8.9
8.6,9.47,8.2
7.2,6.793,8.6
7.5,7.766,7.2
10.3,8.38,7.5
10.7,10.32,10.3
9.6,10.36,10.7
7.6,7.664,9.6
8.7,8.1,7.6
9.2,8.11,8.7
10.1,9.76,9.2
10.9,9.91,10.1
8.8,9.99,10.9
7.3,7.492,8.8
10.3,9.82,7.3
10.9,10.195,10.3
9.4,9.586,10.9
8.2,9.33,9.4
7.4,7.25,8.2
11.3,9.62,7.4
11.2,10.83,11.3
10.8,9.805,11.2
10.0,9.62,10.8
7.5,10.72,10.0
4.5,7.137,7.5
6.8,4.29,4.5
8.8,7.855,6.8
6.4,8.83,8.8
8.2,6.54,6.4
8.8,8.96,8.2
7.4,7.836,8.8
6.2,8.13,7.4
6.5,6.86,6.2
7.5,7.258,6.5
8.4,7.23,7.5
6.6,9.27,8.4
5.1,7.54,6.6
4.5,5.402,5.1
6.4,6.58,4.5
7.1,8.38,6.4
6.2,7.25,7.1
5.7,6.727,6.2
6.8,6.64,5.7
6.9,6.766,6.8
11.0,8.3,6.9
11.9,11.914,11.0
10.0,11.31,11.9
8.9,8.53,10.0
12.0,11.15,8.9
13.7,12.45,12.0
15.2,12.664,13.7
18.6,15.73,15.2
15.3,16.56,18.6
15.0,13.67,15.3
14.9,14.31,15.0
12.1,14.47,14.9
10.8,10.95,12.1
11.9,10.4,10.8
12.0,12.97,11.9
10.9,11.65,12.0
9.7,10.85,10.9
10.8,10.64,9.7
11.4,11.86,10.8
10.9,12.25,11.4
12.2,10.95,10.9
15.8,13.71,12.2
13.5,14.99,15.8
14.1,13.02,13.5
12.4,14.39,14.1
12.4,12.625,12.4
10.2,11.7,12.4
11.1,11.3,10.2
12.2,12.03,11.1
12.5,13.24,12.2
13.2,13.3,12.5
13.9,13.516,13.2
13.1,14.234,13.9
12.4,12.77,13.1
12.5,12.83,12.4
12.1,12.88,12.5
13.5,12.164,12.1
13.2,13.46,13.5
12.9,13.24,13.2
16.3,14.125,12.9
18.6,17.62,16.3
14.4,16.64,18.6
12.7,14.81,14.4
11.8,13.53,12.7
13.0,12.73,11.8
15.6,14.51,13.0
16.2,15.11,15.6
13.2,16.58,16.2
13.3,12.47,13.2
12.1,15.01,13.3
12.9,12.3,12.1
14.3,14.22,12.9
15.9,15.234,14.3
16.9,16.36,15.9
17.6,17.28,16.9
17.2,17.16,17.6
19.0,17.5,17.2
18.8,19.4,19.0
17.4,17.62,18.8
15.4,16.9,17.4
16.5,15.73,15.4
17.8,17.73,16.5
21.5,17.81,17.8
21.8,21.86,21.5
16.8,17.56,21.8
16.2,17.05,16.8
18.3,16.94,16.2
21.5,18.94,18.3
18.4,21.25,21.5
19.0,17.16,18.4
19.7,20.34,19.0
17.1,18.22,19.7
18.6,17.56,17.1
17.6,18.84,18.6
15.6,17.5,17.6
15.2,16.28,15.6
15.2,16.16,15.2
15.3,16.45,15.2
15.8,15.51,15.3
20.4,17.08,15.8
23.4,20.6,20.4
22.5,21.9,23.4
18.1,19.5,22.5
19.0,18.25,18.1
19.8,19.22,19.0
22.7,20.47,19.8
22.0,22.56,22.7
20.6,20.0,22.0
18.3,19.19,20.6
20.0,18.97,18.3
21.0,20.62,20.0
19.8,20.66,21.0
23.0,19.97,19.8
22.8,21.88,23.0
19.5,20.12,22.8
19.2,19.06,19.5
20.7,19.69,19.2
17.7,20.19,20.7
20.3,17.66,17.7
21.5,21.44,20.3
18.9,20.0,21.5
17.7,18.25,18.9
20.4,18.58,17.7
24.0,20.0,20.4
22.7,22.0,24.0
21.3,19.75,22.7
20.9,19.75,21.3
20.6,20.84,20.9
23.0,20.22,20.6
21.0,22.69,23.0
16.4,18.22,21.0
17.1,16.62,16.4
17.1,18.03,17.1
16.5,17.62,17.1
17.1,16.12,16.5
18.8,17.83,17.1
18.3,19.38,18.8
15.8,17.64,18.3
17.0,16.84,15.8
18.6,18.4,17.0
17.8,18.19,18.6
20.8,18.47,17.8
20.1,20.94,20.8
18.2,18.75,20.1
15.7,16.78,18.2
17.3,16.1,15.7
17.1,17.0,17.3
17.4,17.17,17.1
15.8,16.73,17.4
15.7,16.44,15.8
17.8,16.84,15.7
16.8,18.4,17.8
15.4,16.08,16.8
16.5,15.83,15.4
15.5,17.25,16.5
16.8,16.31,15.5
17.7,17.45,16.8
15.3,16.8,17.7
16.1,15.97,15.3
12.5,15.15,16.1
13.3,13.93,12.5
13.8,13.39,13.3
16.0,14.33,13.8
15.2,17.19,16.0
13.7,14.016,15.2
11.4,14.625,13.7
11.6,12.38,11.4
10.7,11.41,11.6
10.5,11.125,10.7
12.0,10.74,10.5
12.2,12.55,12.0
13.3,13.12,12.2
11.6,11.375,13.3
12.8,13.7,11.6
15.0,13.93,12.8
15.0,15.64,15.0
14.6,14.61,15.0
15.2,14.56,14.6
15.2,14.68,15.2
13.4,13.375,15.2
13.3,13.35,13.4
14.0,13.734,13.3
12.8,14.08,14.0
13.3,12.46,12.8
13.4,14.31,13.3
8.7,12.09,13.4
7.8,8.32,8.7
9.1,9.664,7.8
10.0,10.27,9.1
9.3,10.05,10.0
10.8,9.586,9.3
13.0,12.09,10.8
16.3,13.65,13.0
16.3,14.984,16.3
15.9,15.32,16.3
14.9,13.766,15.9
15.6,14.8,14.9
16.5,15.19,15.6
9.9,14.76,16.5
9.6,9.555,9.9
12.7,9.86,9.6
11.1,12.27,12.7
12.9,11.93,11.1
15.2,13.28,12.9
12.3,14.2,15.2
11.2,10.69,12.3
11.2,11.57,11.2
9.1,10.52,11.2
9.2,8.875,9.1
8.7,8.5,9.2
13.0,10.69,8.7
14.5,13.2,13.0
13.4,13.03,14.5
9.6,12.03,13.4
9.7,9.28,9.6
13.3,11.95,9.7
10.6,12.01,13.3
9.6,9.945,10.6
9.6,8.17,9.6
11.1,10.71,9.6
13.1,10.914,11.1
11.4,12.75,13.1
11.7,9.82,11.4
11.6,11.09,11.7
12.1,10.8,11.6
11.2,10.22,12.1
13.9,12.22,11.2
12.2,12.64,13.9
8.7,9.914,12.2
10.1,9.516,8.7
13.4,9.805,10.1
13.5,12.45,13.4
13.4,10.92,13.5
13.4,12.07,13.4
11.1,10.95,13.4
7.9,9.1,11.1
10.5,8.234,7.9
10.0,9.5,10.5
8.8,8.734,10.0
8.8,8.1,8.8
9.6,9.53,8.8
7.5,8.75,9.6
8.6,7.004,7.5
8.0,8.99,8.6
8.5,7.92,8.0
11.2,9.67,8.5
12.7,10.15,11.2
10.0,11.305,12.7
8.8,7.97,10.0
10.4,9.74,8.8
12.7,9.49,10.4
11.1,11.48,12.7
11.3,7.93,11.1
12.8,10.695,11.3
12.4,10.35,12.8
10.6,9.68,12.4
9.5,8.27,10.6
6.7,8.78,9.5
10.4,5.184,6.7
8.7,9.51,10.4
8.7,9.12,8.7
6.5,8.44,8.7
6.3,6.64,6.5
6.4,7.445,6.3
4.0,5.875,6.4
0.8000002,4.05,4.0
-1.6999998,1.078,0.8
-2.8000002,-0.3594,-1.7
8.8,6.484,-2.8
12.1,9.63,8.8
12.8,10.12,12.1
11.3,11.1,12.8
8.2,9.19,11.3
6.2,5.258,8.2
3.4,4.113,6.2
2.6999998,3.277,3.4
-0.10000038,1.117,2.7
1.5,2.578,-0.1
0.8000002,1.6875,1.5
5.3,1.703,0.8
5.0,5.56,5.3
9.1,6.5,5.0
7.3,9.36,9.1
9.6,8.07,7.3
9.6,8.97,9.6
3.6999998,8.41,9.6
3.9,3.617,3.7
6.3,6.008,3.9
5.5,6.68,6.3
5.1,6.418,5.5
8.9,7.273,5.1
5.6,8.7,8.9
8.1,5.42,5.6
6.3,9.125,8.1
8.8,5.35,6.3
11.2,8.9,8.8
7.3,9.39,11.2
6.5,5.82,7.3
11.8,7.316,6.5
6.8,9.35,11.8
7.4,5.12,6.8
10.1,8.16,7.4
10.6,8.42,10.1
8.0,9.44,10.6
9.2,6.484,8.0
10.5,9.3,9.2
7.4,8.53,10.5
8.9,6.844,7.4
11.9,9.73,8.9
10.5,10.52,11.9
8.0,8.72,10.5
9.2,7.43,8.0
10.2,9.49,9.2
9.0,8.47,10.2
9.5,9.086,9.0
10.6,9.12,9.5
9.5,10.15,10.6
9.2,9.89,9.5
10.0,8.26,9.2
11.3,10.38,10.0
10.1,10.13,11.3
7.1,10.06,10.1
7.9,6.883,7.1
10.4,9.27,7.9
11.2,10.24,10.4
7.2,10.25,11.2
5.0,6.266,7.2
6.0,6.93,5.0
11.0,7.113,6.0
9.3,10.266,11.0
4.4,8.34,9.3
6.0,4.652,4.4
10.3,8.37,6.0
8.3,9.52,10.3
6.6,7.07,8.3
4.7,7.574,6.6
4.6,3.898,4.7
7.0,6.4,4.6
5.1,6.844,7.0
5.1,4.06,5.1
5.8,5.7,5.1
5.8,6.02,5.8
9.0,6.938,5.8
11.1,9.31,9.0
10.1,10.62,11.1
7.3,8.64,10.1
7.2,7.47,7.3
6.3,8.22,7.2
7.2,5.53,6.3
10.4,8.63,7.2
10.0,10.086,10.4
7.7,9.39,10.0
5.3,6.812,7.7
5.0,5.395,5.3
6.4,6.496,5.0
8.9,7.39,6.4
8.5,9.516,8.9
9.2,9.44,8.5
9.6,9.95,9.2
8.0,9.77,9.6
6.7,7.35,8.0
6.7,8.35,6.7
4.2,5.547,6.7
7.9,5.35,4.2
11.6,9.42,7.9
11.7,10.734,11.6
12.7,9.586,11.7
9.7,13.13,12.7
11.0,9.22,9.7
11.0,10.11,11.0
12.3,11.734,11.0
11.1,12.016,12.3
8.1,8.89,11.1
8.8,9.164,8.1
11.0,9.44,8.8
12.1,11.06,11.0
9.6,11.086,12.1
10.2,9.32,9.6
9.8,9.94,10.2
9.1,9.016,9.8
10.0,10.14,9.1
9.7,10.62,10.0
5.1,8.78,9.7
5.1,4.62,5.1
7.5,7.15,5.1
5.8,8.52,7.5
7.8,6.305,5.8
8.0,9.336,7.8
8.4,8.984,8.0
10.8,9.16,8.4
9.8,11.5,10.8
10.9,10.62,9.8
12.6,11.49,10.9
12.1,12.45,12.6
13.3,11.9,12.1
16.0,13.766,13.3
18.2,15.59,16.0
20.0,16.25,18.2
20.7,17.81,20.0
20.6,18.17,20.7
20.4,18.25,20.6
15.9,17.12,20.4
12.2,13.8,15.9
13.1,10.81,12.2
11.0,12.89,13.1
7.2,11.055,11.0
7.3,8.11,7.2
8.5,9.09,7.3
9.8,10.79,8.5
12.0,12.24,9.8
11.5,12.69,12.0
9.8,10.87,11.5
10.2,10.34,9.8
10.5,10.84,10.2
11.8,10.62,10.5
14.5,13.5,11.8
16.1,15.34,14.5
13.9,15.05,16.1
13.9,13.51,13.9
13.8,14.06,13.9
15.8,14.03,13.8
15.7,15.96,15.8
14.2,14.914,15.7
12.5,13.375,14.2
13.4,12.586,12.5
12.6,14.125,13.4
13.9,13.766,12.6
12.8,14.79,13.9
14.0,13.39,12.8
12.9,14.61,14.0
14.4,13.42,12.9
15.5,15.66,14.4
13.9,16.08,15.5
12.7,13.68,13.9
12.2,13.305,12.7
12.8,13.4,12.2
12.8,13.95,12.8
12.3,13.89,12.8
12.8,12.61,12.3
13.9,13.56,12.8
14.8,14.91,13.9
13.7,14.94,14.8
16.0,14.84,13.7
16.3,16.47,16.0
19.4,17.44,16.3
19.5,19.0,19.4
17.5,18.44,19.5
15.6,17.12,17.5
15.6,16.34,15.6
18.0,16.1,15.6
22.2,19.03,18.0
22.9,21.62,22.2
24.2,20.31,22.9
25.3,23.03,24.2
23.6,22.1,25.3
21.6,20.9,23.6
17.8,19.61,21.6
16.2,17.88,17.8
16.5,16.25,16.2
16.7,17.08,16.5
17.5,17.44,16.7
19.5,18.47,17.5
22.7,20.34,19.5
24.9,21.92,22.7
21.4,21.62,24.9
18.8,18.98,21.4
20.5,19.53,18.8
19.4,20.0,20.5
18.3,18.81,19.4
18.5,18.3,18.3
17.3,18.25,18.5
18.3,18.31,17.3
18.8,18.67,18.3
22.6,19.31,18.8
26.9,22.0,22.6
22.8,23.75,26.9
17.6,19.9,22.8
18.5,17.66,17.6
21.6,19.9,18.5
25.3,22.06,21.6
19.9,23.12,25.3
18.4,18.5,19.9
20.0,19.03,18.4
22.4,19.5,20.0
23.4,22.44,22.4
24.3,20.97,23.4
23.5,22.31,24.3
23.3,22.39,23.5
22.8,21.48,23.3
22.7,20.97,22.8
18.1,20.28,22.7
18.3,16.61,18.1
18.7,19.23,18.3
17.3,18.53,18.7
19.4,18.47,17.3
22.3,20.25,19.4
22.9,21.83,22.3
19.6,20.4,22.9
19.8,19.38,19.6
18.3,18.94,19.8
19.8,18.23,18.3
21.8,19.81,19.8
22.6,21.58,21.8
22.6,21.3,22.6
23.0,21.56,22.6
21.8,21.6,23.0
22.9,21.19,21.8
22.1,21.6,22.9
19.8,21.31,22.1
19.6,18.72,19.8
20.8,20.06,19.6
19.3,20.38,20.8
19.1,20.27,19.3
14.9,16.9,19.1
16.5,15.33,14.9
17.2,18.47,16.5
16.2,17.12,17.2
17.4,17.86,16.2
16.2,16.89,17.4
14.4,15.7,16.2
15.1,14.77,14.4
14.3,15.11,15.1
14.9,15.0,14.3
16.9,17.03,14.9
15.6,17.06,16.9
16.0,15.56,15.6
16.4,15.8,16.0
15.0,16.25,16.4
14.3,14.72,15.0
14.1,14.02,14.3
14.4,15.08,14.1
14.8,15.78,14.4
14.5,14.555,14.8
15.0,13.91,14.5
15.3,15.53,15.0
15.5,15.82,15.3
14.7,16.17,15.5
13.7,13.77,14.7
13.0,13.5,13.7
14.1,13.58,13.0
13.8,14.61,14.1
12.1,12.15,13.8
12.9,13.39,12.1
14.6,14.64,12.9
10.6,13.234,14.6
9.9,10.67,10.6
13.8,12.3,9.9
15.0,14.555,13.8
13.3,13.49,15.0
16.4,14.55,13.3
15.0,16.12,16.4
13.1,13.57,15.0
14.6,13.5,13.1
17.4,15.445,14.6
16.6,14.69,17.4
16.2,15.92,16.6
15.0,16.1,16.2
16.8,14.66,15.0
15.3,15.0,16.8
14.4,14.72,15.3
15.1,14.2,14.4
14.7,14.914,15.1
13.7,12.92,14.7
15.5,13.99,13.7
14.6,15.73,15.5
11.5,13.28,14.6
11.6,12.2,11.5
10.5,12.01,11.6
10.1,10.32,10.5
13.6,12.19,10.1
16.0,13.97,13.6
13.4,14.32,16.0
16.4,11.734,13.4
15.8,15.914,16.4
13.6,13.33,15.8
13.8,13.125,13.6
12.7,12.734,13.8
8.6,11.2,12.7
5.8,7.895,8.6
7.6,5.85,5.8
7.7,8.46,7.6
8.6,10.24,7.7
2.4,7.742,8.6
2.2999997,3.516,2.4
5.1,4.453,2.3
6.6,7.184,5.1
6.4,6.94,6.6
7.8,6.977,6.4
13.1,8.164,7.8
11.6,11.56,13.1
8.0,8.75,11.6
8.7,7.98,8.0
11.5,10.38,8.7
11.1,10.45,11.5
6.5,9.08,11.1
1.3999996,5.227,6.5
0.8999996,2.105,1.4
2.9,3.102,0.9
8.8,5.87,2.9
10.0,8.56,8.8
9.5,8.4,10.0
11.1,9.52,9.5
10.2,9.695,11.1
7.8,7.594,10.2
8.1,8.07,7.8
8.1,7.08,8.1
7.3,7.656,8.1
6.7,5.63,7.3
10.4,7.92,6.7
11.7,9.54,10.4
12.2,10.01,11.7
8.6,8.98,12.2
-0.5,6.43,8.6
-3.8000002,0.633,-0.5
-3.6000004,-2.79,-3.8
-2.5,-1.258,-3.6
2.0999994,-1.859,-2.5
5.6,4.816,2.1
1.3000002,5.332,5.6
2.9,0.9688,1.3
2.6999998,4.984,2.9
0.5,3.148,2.7
-0.3000002,0.867,0.5
3.6999998,0.4531,-0.3
5.2,4.184,3.7
3.6999998,5.016,5.2
6.8,5.01,3.7
10.5,6.645,6.8
11.7,8.87,10.5
12.3,9.78,11.7
10.9,9.95,12.3
9.2,8.86,10.9
5.5,6.305,9.2
1.8000002,4.117,5.5
-0.8999996,0.7344,1.8
-0.8999996,0.0,-0.9
-1.1999998,-1.305,-0.9
7.9,1.664,-1.2
8.8,8.625,7.9
8.4,7.414,8.8
7.9,7.445,8.4
4.6,5.79,7.9
7.5,4.344,4.6
7.2,7.477,7.5
7.4,6.36,7.2
10.0,8.016,7.4
10.1,8.97,10.0
9.7,9.625,10.1
5.9,7.47,9.7
9.0,4.7,5.9
10.3,8.62,9.0
9.8,8.516,10.3
9.1,8.04,9.8
9.1,9.12,9.1
7.0,7.574,9.1
4.9,6.312,7.0
6.2,5.406,4.9
7.3,7.242,6.2
6.2,6.855,7.3
5.4,6.645,6.2
6.8,6.82,5.4
7.2,6.465,6.8
7.5,7.57,7.2
3.4,6.406,7.5
-0.6000004,3.742,3.4
-1.0,-0.414,-0.6
4.1,0.8125,-1.0
2.6999998,5.438,4.1
3.5,2.988,2.7
-1.0,5.57,3.5
2.5,-0.2656,-1.0
2.6999998,4.812,2.5
0.8999996,3.61,2.7
1.1999998,2.469,0.9
-1.3999996,0.3984,1.2
2.9,0.953,-1.4
5.0,3.98,2.9
5.9,6.047,5.0
6.3,6.484,5.9
5.6,7.297,6.3
6.9,4.555,5.6
8.9,7.29,6.9
6.0,8.234,8.9
4.1,4.76,6.0
2.6999998,3.453,4.1
6.5,4.363,2.7
7.5,7.29,6.5
6.4,8.14,7.5
2.0999994,6.477,6.4
0.10000038,2.04,2.1
-0.19999981,1.445,0.1
2.6000004,-0.461,-0.2
5.9,4.465,2.6
8.4,6.953,5.9
7.6,7.867,8.4
5.2,6.844,7.6
4.0,4.07,5.2
4.9,5.074,4.0
5.3,5.73,4.9
6.3,4.74,5.3
5.4,6.68,6.3
5.1,4.54,5.4
5.6,6.348,5.1
6.2,6.1,5.6
4.7,5.52,6.2
3.1,4.297,4.7
3.0,2.285,3.1
7.1,4.15,3.0
8.2,8.33,7.1
3.6,7.35,8.2
3.8000002,3.988,3.6
4.1,4.777,3.8
6.2,4.598,4.1
6.4,6.92,6.2
6.0,6.316,6.4
6.3,5.395,6.0
7.4,7.176,6.3
8.1,7.074,7.4
9.9,8.8,8.1
9.7,8.95,9.9
11.4,10.12,9.7
14.0,11.5,11.4
15.0,13.51,14.0
13.1,13.76,15.0
9.8,10.36,13.1
4.5,9.72,9.8
3.5,3.84,4.5
5.5,4.97,3.5
5.1,6.016,5.5
4.8,5.34,5.1
4.8,6.047,4.8
3.4,5.32,4.8
3.4,3.254,3.4
5.0,4.723,3.4
4.6,6.664,5.0
7.0,4.9,4.6
8.9,7.688,7.0
9.7,9.66,8.9
9.9,9.13,9.7
10.2,10.71,9.9
10.4,10.88,10.2
12.0,10.3,10.4
11.5,11.4,12.0
10.1,11.35,11.5
12.4,10.93,10.1
11.8,12.016,12.4
10.9,9.87,11.8
10.6,11.14,10.9
13.0,10.625,10.6
13.0,13.17,13.0
13.3,12.14,13.0
11.7,11.36,13.3
10.4,11.984,11.7
10.1,10.08,10.4
9.1,9.28,10.1
10.6,9.72,9.1
13.1,11.72,10.6
12.8,12.945,13.1
10.6,11.516,12.8
9.3,10.67,10.6
9.6,9.99,9.3
8.5,9.92,9.6
8.4,10.34,8.5
9.3,8.88,8.4
9.9,9.61,9.3
8.1,11.72,9.9
10.9,8.45,8.1
9.2,11.51,10.9
8.7,9.44,9.2
8.0,8.88,8.7
7.9,9.1,8.0
8.7,8.56,7.9
10.3,9.97,8.7
10.9,11.84,10.3
11.2,11.13,10.9
8.6,12.03,11.2
8.9,9.54,8.6
11.3,10.65,8.9
9.0,11.45,11.3
11.0,10.36,9.0
11.1,11.61,11.0
12.0,11.72,11.1
13.2,13.56,12.0
13.1,12.91,13.2
13.1,12.945,13.1
12.5,12.91,13.1
13.4,12.984,12.5
13.1,13.51,13.4
15.4,13.56,13.1
17.4,15.85,15.4
13.7,16.27,17.4
12.5,13.05,13.7
12.8,13.11,12.5
13.4,12.93,12.8
17.0,14.42,13.4
20.4,17.28,17.0
21.7,20.48,20.4
19.5,18.56,21.7
13.8,17.19,19.5
16.3,14.5,13.8
17.4,17.73,16.3
17.1,16.53,17.4
17.4,17.45,17.1
17.0,16.42,17.4
18.2,18.25,17.0
19.7,18.47,18.2
21.2,20.0,19.7
21.8,20.97,21.2
22.1,21.0,21.8
18.7,20.81,22.1
17.4,17.14,18.7
16.1,17.81,17.4
14.6,15.734,16.1
14.3,14.38,14.6
15.4,15.59,14.3
16.6,16.75,15.4
16.0,17.28,16.6
17.8,17.06,16.0
16.7,17.73,17.8
16.1,16.64,16.7
14.9,16.31,16.1
15.6,16.1,14.9
14.9,15.36,15.6
15.5,15.95,14.9
15.6,17.28,15.5
14.2,15.41,15.6
13.3,14.01,14.2
13.2,14.16,13.3
15.2,15.01,13.2
15.1,16.47,15.2
17.7,15.93,15.1
17.1,18.92,17.7
16.7,16.19,17.1
18.9,18.2,16.7
20.4,18.25,18.9
20.9,21.08,20.4
20.5,19.78,20.9
20.5,20.44,20.5
21.8,20.88,20.5
22.0,21.69,21.8
23.2,21.19,22.0
24.3,22.6,23.2
24.1,22.67,24.3
19.0,21.83,24.1
18.2,17.38,19.0
19.0,18.66,18.2
19.9,19.75,19.0
19.7,19.8,19.9
18.3,18.9,19.7
19.1,18.69,18.3
18.1,19.31,19.1
17.1,17.53,18.1
19.2,18.03,17.1
16.9,18.98,19.2
17.4,17.27,16.9
20.8,18.92,17.4
17.9,20.34,20.8
17.6,18.34,17.9
15.6,16.42,17.6
16.5,16.17,15.6
17.6,17.6,16.5
17.4,18.12,17.6
16.5,16.72,17.4
17.2,16.52,16.5
17.5,17.23,17.2
19.0,17.88,17.5
19.6,18.78,19.0
21.3,19.81,19.6
22.3,21.14,21.3
22.4,20.92,22.3
21.5,21.64,22.4
18.9,19.81,21.5
17.1,17.88,18.9
16.4,16.78,17.1
17.3,17.22,16.4
16.0,17.67,17.3
16.0,16.48,16.0
15.1,15.56,16.0
14.2,15.34,15.1
14.5,14.43,14.2
15.1,15.71,14.5
15.0,15.11,15.1
14.9,15.73,15.0
15.0,14.06,14.9
15.5,15.73,15.0
16.0,16.19,15.5
18.8,16.4,16.0
18.0,19.12,18.8
17.9,17.4,18.0
16.7,17.83,17.9
15.4,16.61,16.7
15.5,15.54,15.4
14.1,15.04,15.5
14.6,14.766,14.1
13.3,13.87,14.6
12.5,14.016,13.3
11.8,12.3,12.5
14.0,13.37,11.8
14.8,15.47,14.0
15.5,15.53,14.8
14.3,16.06,15.5
11.9,13.68,14.3
12.4,11.8,11.9
12.8,12.73,12.4
12.4,13.12,12.8
11.8,11.82,12.4
11.9,11.6,11.8
14.4,13.23,11.9
12.8,14.36,14.4
15.7,14.21,12.8
12.9,13.44,15.7
15.5,14.3,12.9
15.2,15.91,15.5
13.2,13.766,15.2
12.8,12.67,13.2
12.2,12.516,12.8
13.2,13.625,12.2
10.9,12.25,13.2
10.0,10.42,10.9
12.2,10.97,10.0
13.6,12.57,12.2
11.9,12.76,13.6
12.0,10.79,11.9
10.8,13.164,12.0
12.4,10.26,10.8
16.3,12.79,12.4
13.6,15.09,16.3
11.4,12.44,13.6
10.8,10.41,11.4
9.5,10.305,10.8
13.2,10.72,9.5
13.7,14.17,13.2
14.3,12.31,13.7
15.9,14.625,14.3
13.4,13.5,15.9
12.4,13.58,13.4
13.5,12.48,12.4
14.8,13.41,13.5
13.1,13.34,14.8
14.6,13.5,13.1
14.3,13.84,14.6
10.5,12.7,14.3
8.6,9.75,10.5
11.8,9.34,8.6
13.6,13.07,11.8
13.7,12.055,13.6
13.8,12.984,13.7
13.0,13.305,13.8
10.8,11.555,13.0
13.6,9.49,10.8
11.8,12.875,13.6
9.0,9.67,11.8
8.4,8.78,9.0
8.0,9.73,8.4
6.3,7.516,8.0
8.2,6.11,6.3
7.0,8.914,8.2
4.5,6.473,7.0
3.8000002,5.47,4.5
2.0000005,3.977,3.8
3.1,2.387,2.0
4.5,6.07,3.1
7.7,4.41,4.5
5.2,8.7,7.7
2.2999997,4.758,5.2
1.5,2.312,2.3
4.5,3.219,1.5
5.5,6.28,4.5
9.8,7.96,5.5
6.3,7.92,9.8
6.2,6.344,6.3
5.9,5.777,6.2
11.0,6.12,5.9
10.7,10.234,11.0
10.3,7.758,10.7
8.8,9.734,10.3
9.3,7.895,8.8
4.8,7.695,9.3
1.6000004,2.738,4.8
5.1,1.758,1.6
5.8,5.28,5.1
4.6,4.543,5.8
1.1000004,4.902,4.6
0.19999981,0.9766,1.1
0.3000002,0.2969,0.2
3.0,0.7188,0.3
5.4,4.36,3.0
2.1999998,4.633,5.4
-0.6000004,1.8125,2.2
0.39999962,2.086,-0.6
9.2,2.656,0.4
7.8,7.75,9.2
8.8,6.78,7.8
7.3,7.43,8.8
7.2,5.688,7.3
6.4,5.56,7.2
5.0,5.094,6.4
-0.19999981,3.648,5.0
0.19999981,-0.9375,-0.2
-2.1999998,1.68,0.2
-3.5,-2.016,-2.2
-1.3999996,-0.3828,-3.5
-6.3999996,-1.469,-1.4
-0.8000002,-5.42,-6.4
-3.6000004,1.977,-0.8
-7.1000004,-3.836,-3.6
-8.6,-6.86,-7.1
-2.8999996,-6.266,-8.6
0.10000038,-0.9375,-2.9
-1.6000004,-0.6562,0.1
-1.6999998,-1.008,-1.6
-4.6000004,-1.07,-1.7
-3.5,-3.977,-4.6
0.3000002,-2.242,-3.5
1.3000002,0.758,0.3
2.0000005,2.45,1.3
3.4,2.934,2.0
0.8999996,3.418,3.4
0.0,1.656,0.9
2.0999994,1.695,0.0
4.9,4.113,2.1
8.3,6.562,4.9
6.5,6.645,8.3
7.7,6.08,6.5
5.2,6.688,7.7
3.6,4.137,5.2
8.4,2.652,3.6
6.4,6.805,8.4
7.2,5.54,6.4
9.5,6.562,7.2
4.4,7.84,9.5
2.4,3.367,4.4
3.9,3.094,2.4
1.3000002,3.93,3.9
1.6000004,1.07,1.3
0.0,2.375,1.6
1.0,0.4531,0.0
4.4,1.836,1.0
4.9,4.465,4.4
8.1,3.953,4.9
8.6,7.867,8.1
6.7,6.61,8.6
8.4,7.535,6.7
6.4,6.94,8.4
4.9,5.47,6.4
8.8,6.977,4.9
8.7,6.906,8.8
10.9,9.31,8.7
7.9,9.53,10.9
10.0,5.547,7.9
5.6,9.445,10.0
6.0,4.47,5.6
9.4,7.273,6.0
9.5,8.81,9.4
9.1,8.17,9.5
9.0,10.19,9.1
10.1,8.375,9.0
9.6,9.62,10.1
10.5,8.52,9.6
10.9,10.86,10.5
11.2,10.62,10.9
8.2,10.695,11.2
7.7,7.094,8.2
9.9,8.734,7.7
10.5,9.94,9.9
10.8,9.76,10.5
11.6,10.945,10.8
10.2,10.62,11.6
9.7,9.35,10.2
11.0,10.4,9.7
10.0,9.33,11.0
9.6,9.11,10.0
10.1,10.31,9.6
11.6,9.836,10.1
11.5,11.46,11.6
9.5,11.04,11.5
9.4,8.72,9.5
10.7,9.18,9.4
11.3,11.33,10.7
10.3,9.89,11.3
8.3,10.42,10.3
10.0,8.76,8.3
8.4,9.61,10.0
7.2,7.094,8.4
7.7,7.824,7.2
7.5,8.71,7.7
8.4,7.715,7.5
9.9,9.86,8.4
10.1,9.664,9.9
10.1,10.79,10.1
12.2,10.68,10.1
8.9,11.01,12.2
7.4,7.227,8.9
8.1,7.75,7.4
9.3,8.89,8.1
11.0,9.6,9.3
12.0,10.56,11.0
9.7,11.23,12.0
9.2,8.86,9.7
9.5,8.64,9.2
11.2,10.9,9.5
10.0,11.93,11.2
11.2,10.875,10.0
12.7,12.38,11.2
14.8,10.99,12.7
13.4,13.69,14.8
8.0,11.49,13.4
8.2,7.125,8.0
10.3,9.03,8.2
10.6,10.6,10.3
9.1,9.055,10.6
9.0,10.266,9.1
10.1,8.53,9.0
8.2,10.805,10.1
6.9,7.4,8.2
6.6,8.125,6.9
8.3,6.535,6.6
9.1,9.12,8.3
9.8,9.22,9.1
10.2,11.14,9.8
11.7,10.67,10.2
12.4,12.05,11.7
13.7,13.375,12.4
13.0,13.02,13.7
13.2,12.01,13.0
15.5,14.234,13.2
17.6,15.95,15.5
15.1,16.84,17.6
14.0,12.8,15.1
12.5,13.45,14.0
7.7,12.26,12.5
6.1000004,7.176,7.7
9.4,7.77,6.1
10.6,11.42,9.4
11.1,11.11,10.6
11.3,12.19,11.1
11.6,10.99,11.3
11.8,12.0,11.6
13.5,11.23,11.8
15.3,14.06,13.5
16.2,15.36,15.3
16.2,15.97,16.2
15.7,15.09,16.2
15.1,16.1,15.7
13.0,13.88,15.1
13.9,13.23,13.0
13.8,13.64,13.9
15.1,13.84,13.8
13.9,15.97,15.1
15.2,14.2,13.9
16.6,16.23,15.2
17.7,17.14,16.6
14.9,16.92,17.7
17.3,15.67,14.9
19.8,17.98,17.3
19.1,19.44,19.8
14.8,18.03,19.1
13.3,14.17,14.8
13.2,13.164,13.3
16.9,14.12,13.2
16.1,18.36,16.9
18.7,15.41,16.1
16.7,18.22,18.7
16.6,16.2,16.7
16.8,16.47,16.6
18.2,18.14,16.8
17.0,17.81,18.2
16.7,15.94,17.0
15.5,16.0,16.7
15.5,15.22,15.5
16.1,15.31,15.5
15.3,15.84,16.1
16.6,15.2,15.3
15.9,16.86,16.6
13.4,15.91,15.9
13.6,14.3,13.4
14.2,15.67,13.6
13.9,14.5,14.2
14.6,15.01,13.9
14.7,15.51,14.6
13.7,15.125,14.7
13.1,14.81,13.7
12.7,13.24,13.1
13.5,13.98,12.7
13.0,14.67,13.5
13.2,14.44,13.0
13.1,14.08,13.2
13.0,13.94,13.1
13.5,13.38,13.0
14.0,13.86,13.5
15.8,14.29,14.0
17.7,16.7,15.8
19.3,18.19,17.7
21.4,20.11,19.3
21.3,21.25,21.4
20.9,20.12,21.3
18.4,20.4,20.9
17.1,17.1,18.4
18.2,18.05,17.1
17.8,18.56,18.2
18.5,17.19,17.8
17.7,19.36,18.5
17.1,17.4,17.7
16.9,17.25,17.1
18.1,17.81,16.9
19.4,18.86,18.1
20.1,19.17,19.4
20.9,19.81,20.1
21.5,20.86,20.9
18.2,19.98,21.5
17.4,16.98,18.2
19.6,18.12,17.4
20.4,19.62,19.6
20.4,19.6,20.4
20.9,20.6,20.4
17.5,19.27,20.9
16.9,17.69,17.5
17.8,17.2,16.9
21.0,18.86,17.8
22.7,20.6,21.0
19.2,20.53,22.7
19.0,18.75,19.2
20.5,19.47,19.0
20.1,20.34,20.5
22.6,19.38,20.1
24.600002,22.44,22.6
22.3,22.33,24.6
20.2,19.12,22.3
21.5,20.08,20.2
20.4,21.0,21.5
21.5,19.25,20.4
22.7,21.33,21.5
21.5,21.28,22.7
20.2,19.34,21.5
21.5,20.47,20.2
22.2,21.03,21.5
22.9,20.22,22.2
21.1,21.31,22.9
22.2,19.58,21.1
21.5,21.4,22.2
21.5,20.4,21.5
19.3,20.7,21.5
16.8,17.66,19.3
17.8,18.4,16.8
14.7,17.58,17.8
16.8,15.6,14.7
18.6,17.66,16.8
17.8,18.81,18.6
15.2,15.89,17.8
15.1,16.16,15.2
16.5,16.52,15.1
17.3,17.56,16.5
15.3,17.03,17.3
15.1,15.32,15.3
14.9,15.08,15.1
15.5,15.58,14.9
14.1,16.25,15.5
14.8,15.234,14.1
15.3,16.08,14.8
14.9,15.93,15.3
12.8,14.125,14.9
11.6,12.42,12.8
12.4,12.61,11.6
14.2,13.91,12.4
16.4,15.06,14.2
18.9,17.11,16.4
20.3,18.42,18.9
19.7,19.83,20.3
17.0,18.66,19.7
17.9,16.03,17.0
17.4,17.1,17.9
16.7,17.28,17.4
17.4,17.02,16.7
16.9,17.73,17.4
17.0,16.44,16.9
17.3,17.12,17.0
17.7,17.23,17.3
18.0,17.72,17.7
17.7,17.9,18.0
16.6,17.67,17.7
15.7,15.42,16.6
14.9,15.33,15.7
14.7,14.51,14.9
16.2,15.58,14.7
16.1,16.16,16.2
17.1,15.42,16.1
18.2,16.58,17.1
15.9,16.6,18.2
13.6,13.7,15.9
12.6,15.38,13.6
10.4,12.17,12.6
9.4,10.336,10.4
14.0,11.7,9.4
13.7,14.26,14.0
14.8,13.91,13.7
16.3,14.89,14.8
15.8,16.08,16.3
16.5,15.09,15.8
13.8,15.1,16.5
13.0,12.71,13.8
11.8,13.04,13.0
7.9,10.47,11.8
7.0,7.684,7.9
7.3,7.418,7.0
8.1,8.73,7.3
4.2,8.86,8.1
3.0,4.56,4.2
4.6,4.848,3.0
6.8,8.266,4.6
4.8,7.28,6.8
3.1,4.066,4.8
7.5,5.273,3.1
13.7,10.21,7.5
11.8,12.36,13.7
10.7,10.27,11.8
10.5,9.39,10.7
10.9,10.586,10.5
8.9,10.09,10.9
8.0,7.945,8.9
7.4,6.992,8.0
6.3,5.664,7.4
6.2,6.46,6.3
9.2,6.375,6.2
14.2,11.195,9.2
12.6,11.69,14.2
13.3,10.72,12.6
12.8,11.766,13.3
12.3,10.414,12.8
10.1,10.29,12.3
7.8,7.914,10.1
6.2,6.867,7.8
6.0,4.465,6.2
7.4,8.62,6.0
9.7,6.555,7.4
9.5,9.91,9.7
10.7,7.68,9.5
11.7,10.59,10.7
9.5,9.586,11.7
9.2,8.09,9.5
8.4,8.09,9.2
5.6,9.3,8.4
3.3000002,5.188,5.6
1.8999996,4.43,3.3
0.19999981,3.79,1.9
-1.0,0.547,0.2
3.6999998,1.547,-1.0
9.6,7.734,3.7
9.9,7.15,9.6
13.1,10.35,9.9
12.2,11.33,13.1
7.4,9.016,12.2
3.6999998,5.32,7.4
3.5,3.742,3.7
2.9,3.758,3.5
0.5,3.254,2.9
2.6000004,0.9453,0.5
9.7,6.914,2.6
8.5,7.914,9.7
9.5,7.777,8.5
8.0,7.953,9.5
6.4,6.734,8.0
10.6,5.46,6.4
12.2,9.49,10.6
11.8,9.44,12.2
9.1,10.37,11.8
6.8,6.375,9.1
4.5,5.32,6.8
7.0,5.867,4.5
10.1,7.65,7.0
7.5,8.984,10.1
6.9,6.008,7.5
10.2,9.34,6.9
10.7,8.664,10.2
8.7,9.76,10.7
9.0,6.625,8.7
10.4,9.07,9.0
10.5,10.49,10.4
11.6,9.266,10.5
9.3,9.76,11.6
7.1,7.086,9.3
9.5,7.14,7.1
11.3,9.484,9.5
10.5,9.59,11.3
8.5,8.9,10.5
10.6,7.234,8.5
8.4,9.74,10.6
6.1000004,6.336,8.4
9.2,8.71,6.1
7.8,8.54,9.2
2.6000004,6.71,7.8
1.5,2.906,2.6
0.19999981,4.188,1.5
-0.6000004,-0.1562,0.2
2.5,0.961,-0.6
1.5,3.246,2.5
0.19999981,1.711,1.5
-3.5,0.1328,0.2
-4.3999996,-3.11,-3.5
-2.6999998,-2.883,-4.4
-2.3000002,-0.6094,-2.7
0.0,-1.547,-2.3
-0.19999981,2.887,0.0
-1.0,0.09375,-0.2
0.6999998,1.039,-1.0
0.8000002,1.594,0.7
2.6999998,2.46,0.8
3.1999998,5.7,2.7
6.3,2.617,3.2
1.8999996,7.348,6.3
3.5,1.875,1.9
6.8,5.105,3.5
7.1,5.867,6.8
8.1,8.125,7.1
7.9,7.68,8.1
7.8,8.31,7.9
8.7,7.797,7.8
10.5,9.39,8.7
7.9,8.9,10.5
6.1000004,5.953,7.9
10.4,8.28,6.1
10.0,9.03,10.4
9.5,9.84,10.0
6.0,8.57,9.5
7.6,5.594,6.0
9.1,8.33,7.6
8.7,7.58,9.1
8.8,8.984,8.7
9.1,8.38,8.8
8.2,8.61,9.1
6.4,5.715,8.2
9.2,8.02,6.4
13.7,9.25,9.2
12.0,11.836,13.7
9.1,11.77,12.0
10.2,8.38,9.1
11.5,10.19,10.2
8.4,10.17,11.5
5.8,7.92,8.4
4.6,4.625,5.8
7.8,7.297,4.6
6.0,7.4,7.8
7.4,6.227,6.0
8.6,8.945,7.4
7.3,7.227,8.6
8.4,8.35,7.3
7.9,7.992,8.4
8.2,8.42,7.9
8.3,8.28,8.2
8.0,7.883,8.3
8.0,8.055,8.0
8.8,8.39,8.0
7.0,7.51,8.8
4.4,6.89,7.0
5.9,5.766,4.4
9.1,7.527,5.9
10.8,9.35,9.1
12.7,10.02,10.8
13.3,12.19,12.7
10.6,11.39,13.3
11.2,9.35,10.6
12.5,12.06,11.2
11.7,11.1,12.5
10.2,11.125,11.7
9.7,10.71,10.2
9.4,8.734,9.7
9.0,9.875,9.4
7.8,8.79,9.0
8.0,8.055,7.8
6.6,8.09,8.0
4.9,6.953,6.6
5.3,6.312,4.9
4.1,6.152,5.3
3.5,3.582,4.1
5.3,4.45,3.5
5.8,7.605,5.3
6.8,6.477,5.8
6.3,9.2,6.8
7.3,6.4,6.3
9.3,7.668,7.3
10.1,11.086,9.3
12.0,9.64,10.1
12.0,11.56,12.0
11.2,11.36,12.0
11.7,11.08,11.2
11.2,13.18,11.7
9.9,10.41,11.2
8.4,8.95,9.9
9.5,8.91,8.4
11.6,10.58,9.5
10.8,11.44,11.6
9.4,11.29,10.8
9.3,9.21,9.4
9.2,10.055,9.3
10.4,9.72,9.2
11.9,11.13,10.4
11.7,12.836,11.9
13.8,11.81,11.7
16.5,13.43,13.8
15.7,15.734,16.5
17.8,15.195,15.7
19.0,16.72,17.8
18.6,15.19,19.0
19.2,17.4,18.6
19.1,17.9,19.2
19.8,18.66,19.1
18.8,17.69,19.8
17.7,17.3,18.8
18.7,17.02,17.7
19.0,17.8,18.7
18.2,17.64,19.0
18.0,17.23,18.2
14.0,16.73,18.0
13.5,13.8,14.0
13.7,14.2,13.5
13.7,14.25,13.7
13.7,14.08,13.7
12.5,13.47,13.7
11.0,12.87,12.5
11.8,11.586,11.0
12.3,13.63,11.8
12.5,12.81,12.3
14.2,13.76,12.5
15.0,15.47,14.2
15.4,14.94,15.0
16.4,14.695,15.4
18.3,17.38,16.4
16.4,18.12,18.3
15.0,15.19,16.4
15.2,15.6,15.0
15.4,15.984,15.2
14.7,15.41,15.4
11.7,13.95,14.7
12.3,12.125,11.7
13.3,13.93,12.3
14.1,14.96,13.3
14.6,14.7,14.1
13.4,14.69,14.6
14.2,13.94,13.4
16.5,14.93,14.2
21.0,16.6,16.5
22.4,21.6,21.0
17.8,17.98,22.4
16.4,17.19,17.8
16.4,16.47,16.4
15.7,16.94,16.4
16.0,15.73,15.7
15.2,16.12,16.0
15.3,17.14,15.2
15.3,15.72,15.3
14.7,15.57,15.3
16.5,15.8,14.7
17.5,18.0,16.5
14.3,17.14,17.5
15.2,15.08,14.3
15.2,15.734,15.2
14.4,16.17,15.2
15.7,15.19,14.4
16.8,16.1,15.7
16.1,17.31,16.8
15.3,16.2,16.1
16.4,16.25,15.3
16.4,16.69,16.4
16.6,16.45,16.4
16.5,17.22,16.6
15.2,16.78,16.5
14.5,15.22,15.2
16.6,15.914,14.5
16.7,17.22,16.6
16.3,17.3,16.7
17.5,16.61,16.3
18.3,17.81,17.5
16.3,18.02,18.3
16.4,16.22,16.3
16.3,17.5,16.4
16.5,15.83,16.3
17.6,17.23,16.5
17.2,18.34,17.6
16.9,16.66,17.2
16.5,17.55,16.9
16.3,17.86,16.5
16.3,16.2,16.3
16.1,15.78,16.3
15.5,15.875,16.1
16.6,14.625,15.5
16.4,17.11,16.6
18.5,17.22,16.4
18.1,17.56,18.5
18.3,18.72,18.1
20.3,18.64,18.3
22.2,20.69,20.3
23.7,21.61,22.2
22.6,22.16,23.7
21.3,19.75,22.6
18.4,21.0,21.3
17.0,17.12,18.4
18.3,17.55,17.0
17.7,18.5,18.3
17.4,16.66,17.7
16.8,17.66,17.4
17.0,17.28,16.8
18.9,17.8,17.0
16.5,18.3,18.9
18.5,17.45,16.5
18.2,18.78,18.5
17.2,17.72,18.2
17.6,17.69,17.2
15.3,17.38,17.6
16.7,15.94,15.3
15.6,17.03,16.7
14.5,14.7,15.6
15.2,15.766,14.5
16.7,16.12,15.2
19.3,18.28,16.7
19.9,19.62,19.3
17.8,18.25,19.9
17.0,16.73,17.8
15.9,16.98,17.0
17.2,16.7,15.9
17.6,16.7,17.2
17.3,17.36,17.6
18.2,16.75,17.3
18.1,18.33,18.2
17.0,17.16,18.1
13.2,15.13,17.0
11.7,13.57,13.2
12.0,11.84,11.7
12.4,13.95,12.0
14.9,12.73,12.4
15.5,16.56,14.9
14.7,14.22,15.5
15.3,14.58,14.7
16.2,16.06,15.3
17.2,16.42,16.2
16.1,16.78,17.2
15.0,15.53,16.1
15.2,14.69,15.0
14.4,15.3,15.2
15.0,14.94,14.4
15.9,15.39,15.0
15.6,14.484,15.9
15.6,15.39,15.6
12.7,14.41,15.6
13.9,14.25,12.7
13.5,14.31,13.9
14.2,13.28,13.5
11.7,13.625,14.2
10.3,11.34,11.7
10.6,10.94,10.3
10.5,10.555,10.6
11.0,11.16,10.5
11.1,11.89,11.0
12.0,11.45,11.1
13.1,12.414,12.0
12.8,11.875,13.1
11.5,14.06,12.8
12.2,10.695,11.5
15.5,14.016,12.2
15.0,14.75,15.5
15.1,13.914,15.0
13.1,14.45,15.1
9.8,12.02,13.1
9.3,9.5,9.8
9.5,9.42,9.3
14.6,12.44,9.5
15.6,14.16,14.6
14.8,14.31,15.6
13.9,12.875,14.8
12.1,14.63,13.9
11.2,9.92,12.1
13.8,11.57,11.2
15.8,14.22,13.8
11.1,14.11,15.8
10.9,9.55,11.1
12.0,10.11,10.9
10.4,12.82,12.0
9.0,9.305,10.4
8.3,10.88,9.0
7.3,7.613,8.3
7.1,6.82,7.3
10.5,9.96,7.1
7.8,9.8,10.5
14.2,7.99,7.8
14.7,13.484,14.2
10.4,12.02,14.7
6.5,9.06,10.4
8.5,8.164,6.5
8.3,6.906,8.5
7.9,9.09,8.3
7.2,6.617,7.9
4.8,6.625,7.2
3.8000002,5.527,4.8
1.8000002,3.988,3.8
0.0,1.789,1.8
2.1999998,3.234,0.0
-1.3000002,2.191,2.2
-2.6000004,-0.3984,-1.3
-1.6000004,-1.086,-2.6
3.4,-1.406,-1.6
7.7,7.21,3.4
8.3,5.324,7.7
10.4,8.43,8.3
8.8,9.44,10.4
4.9,6.59,8.8
4.6,4.777,4.9
1.6000004,3.637,4.6
-0.3000002,2.805,1.6
-1.3000002,0.02344,-0.3
2.0999994,-1.281,-1.3
3.4,3.168,2.1
2.6999998,3.93,3.4
2.4,2.652,2.7
6.9,4.426,2.4
8.4,6.703,6.9
8.4,6.1,8.4
8.9,8.984,8.4
13.1,7.594,8.9
10.4,9.79,13.1
11.3,7.4,10.4
9.5,8.47,11.3
8.0,7.508,9.5
5.7,5.67,8.0
10.4,5.31,5.7
8.5,8.03,10.4
5.6,7.46,8.5
2.0000005,4.754,5.6
4.2,3.805,2.0
1.5,6.375,4.2
6.2,2.078,1.5
10.9,7.023,6.2
11.2,8.73,10.9
11.0,9.45,11.2
6.9,8.82,11.0
8.3,4.95,6.9
9.2,8.3,8.3
7.9,7.914,9.2
7.7,6.25,7.9
8.9,8.1,7.7
10.2,7.4,8.9
12.1,9.69,10.2
9.4,10.88,12.1
9.0,6.883,9.4
10.5,8.88,9.0
7.6,8.91,10.5
4.3,5.902,7.6
1.3999996,4.08,4.3
2.0000005,1.531,1.4
4.1,3.594,2.0
7.2,7.57,4.1
7.5,8.49,7.2
9.1,7.586,7.5
8.8,9.56,9.1
5.9,8.23,8.8
7.1,5.32,5.9
10.7,8.1,7.1
10.4,9.42,10.7
8.6,8.97,10.4
6.7,7.547,8.6
5.8,5.65,6.7
10.9,5.293,5.8
10.5,8.92,10.9
8.7,9.016,10.5
8.0,8.34,8.7
10.8,7.812,8.0
8.2,9.805,10.8
2.0999994,6.42,8.2
0.39999962,2.703,2.1
4.3,1.75,0.4
6.3,6.93,4.3
5.4,5.39,6.3
8.6,7.652,5.4
8.5,8.555,8.6
8.5,7.6,8.5
6.5,7.758,8.5
7.2,6.63,6.5
2.5,8.016,7.2
2.0000005,2.469,2.5
2.4,3.098,2.0
1.3999996,3.055,2.4
1.0,2.895,1.4
2.2999997,0.758,1.0
8.2,5.227,2.3
7.5,8.52,8.2
8.0,6.234,7.5
10.0,8.52,8.0
10.7,9.42,10.0
11.4,9.86,10.7
10.5,9.75,11.4
7.5,9.016,10.5
6.6,5.984,7.5
11.0,6.375,6.6
6.5,10.35,11.0
7.6,6.1,6.5
8.0,8.45,7.6
7.5,6.39,8.0
10.7,9.19,7.5
11.1,10.3,10.7
7.1,10.01,11.1
6.2,6.945,7.1
4.2,5.246,6.2
3.3000002,3.61,4.2
5.1,3.34,3.3
8.0,6.508,5.1
7.8,8.305,8.0
8.3,7.29,7.8
11.3,9.414,8.3
11.5,10.08,11.3
11.4,10.5,11.5
10.8,10.0,11.4
9.2,8.71,10.8
8.5,8.09,9.2
9.6,8.18,8.5
9.2,9.37,9.6
7.5,8.47,9.2
6.9,6.684,7.5
7.9,8.06,6.9
7.4,8.38,7.9
8.8,8.75,7.4
10.0,9.57,8.8
9.6,10.62,10.0
6.5,8.914,9.6
7.5,6.465,6.5
8.0,8.19,7.5
11.4,9.76,8.0
12.5,11.12,11.4
12.4,9.93,12.5
11.0,12.78,12.4
10.4,10.14,11.0
13.3,11.47,10.4
12.3,13.234,13.3
13.2,11.26,12.3
12.0,12.8,13.2
10.8,11.37,12.0
11.5,10.31,10.8
11.3,11.92,11.5
10.2,11.19,11.3
9.5,9.85,10.2
10.6,10.76,9.5
8.9,10.445,10.6
5.2,9.52,8.9
5.4,5.555,5.2
4.6,7.336,5.4
7.3,6.117,4.6
7.4,7.39,7.3
6.7,8.26,7.4
11.5,7.406,6.7
11.4,11.24,11.5
11.0,10.45,11.4
9.4,10.83,11.0
10.0,8.56,9.4
10.1,10.72,10.0
11.9,10.86,10.1
13.8,11.875,11.9
14.4,12.11,13.8
13.6,13.8,14.4
14.4,11.836,13.6
15.3,14.64,14.4
17.6,14.53,15.3
17.3,15.58,17.6
15.7,15.59,17.3
12.9,14.42,15.7
15.8,12.625,12.9
13.5,15.53,15.8
13.3,13.1,13.5
14.7,14.12,13.3
14.1,14.83,14.7
13.0,14.016,14.1
12.4,13.44,13.0
11.6,12.92,12.4
12.5,11.96,11.6
13.0,12.83,12.5
12.8,13.69,13.0
11.2,12.87,12.8
13.4,11.945,11.2
13.1,13.78,13.4
12.7,13.83,13.1
13.5,13.21,12.7
14.6,14.53,13.5
13.3,14.25,14.6
14.0,13.92,13.3
13.6,14.305,14.0
16.4,13.56,13.6
18.1,17.31,16.4
18.9,15.64,18.1
18.6,18.56,18.9
17.6,16.44,18.6
18.1,17.12,17.6
20.3,18.11,18.1
15.3,19.66,20.3
13.2,15.086,15.3
13.6,13.836,13.2
12.9,14.625,13.6
12.7,13.09,12.9
12.4,13.234,12.7
11.8,12.41,12.4
12.7,13.43,11.8
14.2,13.34,12.7
14.3,15.41,14.2
14.1,14.25,14.3
14.2,13.92,14.1
16.0,15.53,14.2
18.2,16.83,16.0
20.5,18.78,18.2
18.1,19.4,20.5
16.6,17.22,18.1
17.2,17.03,16.6
15.5,17.7,17.2
13.1,15.22,15.5
13.9,13.75,13.1
16.9,15.766,13.9
19.1,18.25,16.9
20.9,19.7,19.1
17.8,20.5,20.9
14.8,17.16,17.8
15.3,15.32,14.8
16.6,17.31,15.3
14.7,16.48,16.6
17.9,15.4,14.7
21.8,18.72,17.9
17.2,20.75,21.8
16.4,16.64,17.2
17.5,17.58,16.4
17.6,17.58,17.5
16.8,17.97,17.6
19.9,17.53,16.8
22.0,20.66,19.9
21.6,21.23,22.0
21.5,20.27,21.6
22.3,21.69,21.5
21.0,20.88,22.3
17.9,20.1,21.0
19.0,17.62,17.9
17.7,19.1,19.0
20.5,18.16,17.7
19.8,20.45,20.5
16.7,18.38,19.8
19.0,18.03,16.7
17.3,19.17,19.0
15.6,17.25,17.3
18.0,16.47,15.6
20.0,18.84,18.0
23.5,20.25,20.0
25.399998,22.53,23.5
22.5,22.73,25.4
22.6,21.34,22.5
22.8,22.38,22.6
21.5,21.73,22.8
20.4,20.19,21.5
20.5,19.75,20.4
19.1,20.1,20.5
19.4,18.16,19.1
18.8,19.62,19.4
19.1,19.44,18.8
18.6,19.6,19.1
19.6,18.28,18.6
18.5,20.4,19.6
17.8,18.3,18.5
18.2,18.31,17.8
17.3,18.03,18.2
17.8,17.05,17.3
17.6,17.16,17.8
18.3,17.67,17.6
15.9,17.6,18.3
16.2,15.78,15.9
16.0,17.12,16.2
16.3,16.5,16.0
16.3,15.875,16.3
15.9,15.625,16.3
18.8,16.89,15.9
19.3,19.11,18.8
18.9,19.84,19.3
20.9,17.6,18.9
20.9,20.62,20.9
18.9,19.66,20.9
18.3,16.94,18.9
19.1,18.28,18.3
19.3,18.83,19.1
19.5,19.48,19.3
17.5,18.58,19.5
17.7,17.31,17.5
20.2,19.02,17.7
19.6,20.2,20.2
19.7,19.11,19.6
19.7,19.62,19.7
17.5,18.19,19.7
17.4,16.72,17.5
18.1,17.47,17.4
16.9,17.67,18.1
20.8,16.81,16.9
19.9,19.89,20.8
16.4,18.38,19.9
14.8,15.88,16.4
12.9,14.79,14.8
13.2,14.03,12.9
13.9,14.77,13.2
14.4,15.36,13.9
15.1,15.28,14.4
15.0,15.7,15.1
14.4,14.22,15.0
14.9,14.3,14.4
18.6,15.79,14.9
17.8,17.28,18.6
17.5,16.77,17.8
15.0,16.7,17.5
14.9,14.31,15.0
16.2,16.1,14.9
15.7,15.17,16.2
16.7,16.62,15.7
14.7,15.83,16.7
15.1,14.336,14.7
13.2,15.484,15.1
11.3,13.07,13.2
9.9,11.484,11.3
9.0,9.7,9.9
8.7,10.04,9.0
9.3,8.43,8.7
12.9,10.66,9.3
13.8,13.016,12.9
15.3,13.87,13.8
14.9,15.17,15.3
13.3,13.56,14.9
11.2,11.93,13.3
13.1,12.22,11.2
14.4,13.94,13.1
11.5,12.766,14.4
9.2,12.08,11.5
9.8,9.64,9.2
7.0,9.44,9.8
10.4,9.21,7.0
14.1,11.59,10.4
13.1,13.5,14.1
14.1,12.33,13.1
11.7,13.59,14.1
13.1,10.77,11.7
9.1,11.8,13.1
11.4,9.0,9.1
13.1,11.914,11.4
14.4,12.375,13.1
14.0,14.06,14.4
12.9,11.92,14.0
14.9,11.91,12.9
11.0,13.75,14.9
7.6,8.984,11.0
6.6,8.29,7.6
10.6,8.63,6.6
8.3,10.66,10.6
8.6,6.914,8.3
10.8,10.164,8.6
10.7,9.8,10.8
9.2,9.25,10.7
8.0,8.1,9.2
6.2,7.133,8.0
5.7,6.438,6.2
8.7,5.63,5.7
7.1,10.19,8.7
4.3,6.297,7.1
6.1000004,7.242,4.3
8.0,6.05,6.1
4.7,8.64,8.0
3.6999998,4.383,4.7
0.5,2.848,3.7
4.6,1.75,0.5
8.1,6.395,4.6
7.5,7.707,8.1
9.8,8.8,7.5
7.1,8.0,9.8
10.8,7.125,7.1
8.7,9.74,10.8
8.7,7.195,8.7
6.8,7.18,8.7
10.3,6.766,6.8
8.7,10.14,10.3
10.2,6.062,8.7
7.6,9.93,10.2
4.6,5.746,7.6
8.4,5.742,4.6
10.2,7.938,8.4
10.3,7.67,10.2
7.1,9.375,10.3
7.6,5.418,7.1
12.4,8.68,7.6
8.9,10.086,12.4
8.4,5.973,8.9
5.0,8.58,8.4
2.9,3.953,5.0
3.6999998,4.145,2.9
8.1,3.82,3.7
12.1,9.11,8.1
5.9,9.97,12.1
0.0,4.973,5.9
1.1000004,2.238,0.0
8.2,3.39,1.1
8.5,7.336,8.2
10.9,8.43,8.5
8.9,9.41,10.9
9.4,6.805,8.9
6.6,6.766,9.4
3.8000002,4.527,6.6
2.6999998,3.117,3.8
4.9,3.562,2.7
9.2,6.992,4.9
7.3,6.87,5.0
6.7,7.773,7.3
8.4,6.855,6.7
7.9,8.51,8.4
9.4,7.562,7.9
4.9,8.56,9.4
4.0,4.184,4.9
5.9,5.574,4.0
6.8,7.38,5.9
5.9,5.375,6.8
9.2,7.68,5.9
6.6,9.33,9.2
9.4,5.91,6.6
4.7,8.77,9.4
1.0,4.176,4.7
-2.6000004,1.016,1.0
3.4,-2.367,-2.6
4.8,5.934,3.4
4.5,5.875,4.8
7.5,6.43,4.5
5.9,7.117,7.5
7.5,6.44,5.9
5.4,6.83,7.5
9.3,6.312,5.4
8.7,8.375,9.3
9.0,7.71,8.7
10.7,8.76,9.0
10.7,9.32,10.7
9.3,9.59,10.7
9.1,7.66,9.3
7.4,7.61,9.1
9.3,7.336,7.4
9.2,9.11,9.3
6.5,8.41,9.2
7.3,6.125,6.5
6.5,7.473,7.3
8.0,6.766,6.5
8.8,8.55,8.0
7.8,6.836,8.8
8.7,8.81,7.8
6.9,7.125,8.7
7.2,8.21,6.9
10.0,7.61,7.2
10.2,9.78,10.0
9.0,9.016,10.2
6.9,8.38,9.0
8.4,7.53,6.9
9.0,7.875,8.4
10.0,9.78,9.0
10.8,9.516,10.0
9.1,9.55,10.8
8.0,8.14,9.1
10.3,9.54,8.0
10.5,10.11,10.3
9.5,9.77,10.5
8.1,9.43,9.5
7.7,6.867,8.1
11.5,9.79,7.7
11.2,11.14,11.5
11.4,8.875,11.2
10.4,11.16,11.4
8.4,11.41,10.4
4.3,7.445,8.4
5.6,4.43,4.3
8.8,6.375,5.6
6.4,8.25,8.8
8.0,6.27,6.4
8.5,8.57,8.0
6.9,7.67,8.5
5.2,7.953,6.9
6.3,6.11,5.2
7.0,6.85,6.3
7.9,7.344,7.0
5.9,9.29,7.9
4.5,6.234,5.9
4.5,4.613,4.5
6.8,6.824,4.5
7.4,8.78,6.8
6.6,6.797,7.4
5.9,7.42,6.6
6.5,6.375,5.9
6.9,6.836,6.5
11.3,8.58,6.9
12.5,12.17,11.3
10.6,11.55,12.5
9.5,8.67,10.6
12.0,11.37,9.5
14.9,12.01,12.0
15.8,13.91,14.9
18.1,15.33,15.8
15.8,16.98,18.1
15.0,12.89,15.8
14.9,14.03,15.0
12.1,14.234,14.9
10.5,11.0,12.1
11.1,9.52,10.5
12.3,12.516,11.1
10.4,12.08,12.3
10.5,10.5,10.4
11.7,10.97,10.5
12.7,12.9,11.7
12.7,13.45,12.7
13.0,10.59,12.7
15.9,13.88,13.0
14.4,16.23,15.9
14.7,12.44,14.4
13.4,15.0,14.7
13.7,13.78,13.4
11.2,13.266,13.7
11.8,11.33,11.2
13.0,11.945,11.8
13.0,13.24,13.0
14.1,13.55,13.0
14.5,13.836,14.1
13.8,15.47,14.5
14.0,13.01,13.8
13.0,14.81,14.0
12.8,12.76,13.0
14.3,13.45,12.8
13.5,13.99,14.3
13.7,13.7,13.5
16.9,14.84,13.7
18.9,17.97,16.9
15.4,16.95,18.9
13.3,15.58,15.4
12.4,13.97,13.3
13.2,13.91,12.4
16.1,14.625,13.2
16.7,15.75,16.1
13.9,16.44,16.7
13.6,12.94,13.9
12.8,15.016,13.6
13.2,12.984,12.8
14.5,13.96,13.2
16.8,15.68,14.5
17.5,17.1,16.8
17.5,17.92,17.5
17.3,17.16,17.5
19.1,17.55,17.3
19.5,19.31,19.1
17.3,18.34,19.5
15.8,17.16,17.3
17.3,16.72,15.8
18.2,18.19,17.3
21.5,18.53,18.2
22.3,21.94,21.5
16.8,17.5,22.3
16.1,17.31,16.8
19.2,16.6,16.1
22.8,20.03,19.2
19.2,21.92,22.8
19.7,18.55,19.2
20.1,20.72,19.7
19.0,18.16,20.1
19.6,19.06,19.0
18.0,19.42,19.6
16.4,18.19,18.0
15.9,16.5,16.4
15.9,17.16,15.9
16.0,17.36,15.9
16.7,16.22,16.0
21.0,17.72,16.7
23.6,21.22,21.0
23.1,22.33,23.6
19.2,20.25,23.1
19.8,18.31,19.2
20.3,20.47,19.8
23.3,21.1,20.3
21.7,23.0,23.3
20.9,19.81,21.7
18.7,19.9,20.9
20.8,19.22,18.7
21.7,20.69,20.8
20.7,21.03,21.7
23.9,20.9,20.7
23.6,22.81,23.9
20.3,21.6,23.6
20.8,19.44,20.3
22.0,20.2,20.8
18.4,21.53,22.0
21.4,18.69,18.4
22.5,22.1,21.4
20.3,21.77,22.5
18.3,18.23,20.3
21.6,18.72,18.3
25.0,21.69,21.6
22.7,22.38,25.0
21.2,20.22,22.7
21.7,20.47,21.2
22.2,21.28,21.7
23.1,21.97,22.2
21.1,23.19,23.1
17.1,18.22,21.1
17.8,17.86,17.1
17.6,18.36,17.8
17.5,17.48,17.6
17.6,16.94,17.5
18.9,18.55,17.6
19.1,19.75,18.9
15.9,18.12,19.1
17.5,16.62,15.9
18.5,18.58,17.5
19.0,18.19,18.5
20.8,19.69,19.0
20.6,20.97,20.8
18.5,19.0,20.6
15.7,16.53,18.5
17.5,16.47,15.7
17.8,17.31,17.5
18.4,17.34,17.8
16.1,17.28,18.4
15.5,16.17,16.1
18.1,16.89,15.5
17.2,19.0,18.1
16.1,17.58,17.2
16.7,15.71,16.1
16.3,17.28,16.7
16.8,17.16,16.3
17.2,17.05,16.8
16.4,17.53,17.2
17.5,16.83,16.4
13.4,16.97,17.5
14.3,13.55,13.4
14.6,14.2,14.3
16.3,15.45,14.6
16.7,17.7,16.3
14.2,14.484,16.7
11.9,13.68,14.2
12.2,12.09,11.9
10.5,12.336,12.2
10.3,10.516,10.5
12.1,11.055,10.3
11.8,12.65,12.1
13.4,12.6,11.8
11.9,11.41,13.4
12.2,13.23,11.9
15.0,13.58,12.2
15.1,15.64,15.0
14.2,14.15,15.1
14.9,14.18,14.2
14.7,13.84,14.9
13.5,13.625,14.7
13.9,13.46,13.5
14.9,14.59,13.9
14.5,15.13,14.9
15.2,14.61,14.5
14.1,14.8,15.2
8.4,12.42,14.1
7.3,8.24,8.4
8.5,8.74,7.3
9.8,9.43,8.5
9.2,10.125,9.8
10.6,8.96,9.2
12.8,11.445,10.6
15.8,13.55,12.8
16.5,14.95,15.8
15.3,15.6,16.5
15.2,14.04,15.3
16.1,14.97,15.2
16.0,15.625,16.1
10.4,14.16,16.0
9.5,9.34,10.4
12.6,10.445,9.5
11.7,12.98,12.6
13.3,11.14,11.7
15.9,13.86,13.3
12.8,14.63,15.9
11.2,10.8,12.8
11.7,10.88,11.2
9.4,10.38,11.7
10.2,9.17,9.4
8.2,10.27,10.2
13.0,9.375,8.2
15.8,12.984,13.0
14.4,13.86,15.8
9.9,12.07,14.4
10.2,9.4,9.9
14.0,12.3,10.2
11.9,12.21,14.0
10.4,10.9,11.9
10.4,8.98,10.4
11.2,10.87,10.4
13.3,10.984,11.2
12.1,12.53,13.3
12.2,10.84,12.1
11.9,11.6,12.2
12.6,10.89,11.9
12.1,10.98,12.6
14.6,12.76,12.1
13.0,13.16,14.6
9.6,10.9,13.0
10.8,9.836,9.6
14.3,9.19,10.8
14.9,12.766,14.3
13.9,11.945,14.9
13.9,11.86,13.9
11.3,11.62,13.9
8.5,8.7,11.3
10.5,9.6,8.5
10.9,11.086,10.5
10.6,9.52,10.9
10.4,9.586,10.6
10.5,11.21,10.4
8.3,9.6,10.5
9.9,8.305,8.3
8.0,9.914,9.9
9.1,8.34,8.0
12.2,10.2,9.1
13.3,10.56,12.2
10.8,11.91,13.3
8.5,8.57,10.8
10.3,9.55,8.5
13.2,9.625,10.3
11.9,12.09,13.2
12.2,8.57,11.9
13.7,11.125,12.2
12.8,10.58,13.7
11.2,9.95,12.8
9.7,8.31,11.2
6.2,7.375,9.7
9.7,4.566,6.2
8.5,9.78,9.7
7.8,7.72,8.5
6.0,7.266,7.8
5.6,6.246,6.0
6.3,6.43,5.6
2.4,5.27,6.3
0.19999981,2.234,2.4
-1.1000004,0.7266,0.2
-2.6000004,-0.3203,-1.1
7.8,2.469,-2.6
12.0,9.06,7.8
13.1,10.14,12.0
11.1,11.01,13.1
7.8,7.91,11.1
6.3,5.605,7.8
3.1999998,4.605,6.3
1.8000002,3.195,3.2
-1.1999998,1.172,1.8
0.0,0.03125,-1.2
0.6999998,0.5703,0.0
3.9,1.469,0.7
3.8000002,5.68,3.9
7.4,5.996,3.8
6.1000004,8.55,7.4
9.2,6.953,6.1
9.3,8.08,9.2
2.5,8.484,9.3
3.1,3.0,2.5
5.1,3.832,3.1
4.0,5.477,5.1
3.3000002,4.215,4.0
7.9,5.156,3.3
5.3,8.37,7.9
7.5,4.566,5.3
6.3,8.15,7.5
8.3,5.004,6.3
11.5,7.97,8.3
7.7,8.56,11.5
6.5,6.555,7.7
12.2,6.75,6.5
7.8,9.4,12.2
6.9,5.67,7.8
10.2,7.97,6.9
10.7,8.31,10.2
7.8,9.336,10.7
9.0,6.12,7.8
10.8,9.17,9.0
7.2,8.16,10.8
8.2,6.5,7.2
11.5,8.9,8.2
10.5,10.2,11.5
7.7,8.64,10.5
9.0,7.234,7.7
10.6,9.06,9.0
9.0,8.695,10.6
9.7,9.33,9.0
10.2,8.94,9.7
9.2,9.2,10.2
9.5,10.14,9.2
9.2,7.65,9.5
11.4,9.78,9.2
9.9,10.37,11.4
8.3,9.58,9.9
7.4,7.523,8.3
10.3,8.02,7.4
10.6,10.21,10.3
7.2,9.78,10.6
4.2,6.316,7.2
5.8,6.215,4.2
11.2,6.82,5.8
9.4,10.25,11.2
4.7,8.47,9.4
5.3,4.855,4.7
10.0,8.14,5.3
8.1,9.414,10.0
7.3,6.375,8.1
4.6,7.54,7.3
4.8,4.188,4.6
7.1,5.824,4.8
5.2,7.34,7.1
4.6,4.055,5.2
5.7,5.723,4.6
5.9,5.56,5.7
8.4,6.477,5.9
11.7,8.67,8.4
10.7,10.65,11.7
9.1,9.46,10.7
6.9,7.605,9.1
7.0,7.688,6.9
7.1,5.68,7.0
10.6,8.28,7.1
10.6,10.66,10.6
8.1,10.74,10.6
5.8,7.477,8.1
5.1,6.29,5.8
6.2,6.03,5.1
8.7,7.0,6.2
8.7,9.41,8.7
9.0,8.86,8.7
9.7,10.12,9.0
8.2,9.516,9.7
7.0,7.188,8.2
7.1,8.766,7.0
5.1,6.33,7.1
8.2,5.64,5.1
11.9,9.51,8.2
12.8,11.28,11.9
13.9,11.664,12.8
11.0,13.695,13.9
11.9,10.625,11.0
10.8,10.69,11.9
12.0,11.43,10.8
11.8,12.3,12.0
7.9,8.96,11.8
9.3,8.805,7.9
11.3,9.7,9.3
12.4,11.234,11.3
9.8,12.05,12.4
10.8,9.68,9.8
9.9,11.72,10.8
8.7,8.914,9.9
10.5,9.45,8.7
10.7,11.86,10.5
6.3,9.63,10.7
6.0,5.574,6.3
7.3,7.73,6.0
7.4,7.684,7.3
7.6,6.97,7.4
9.1,9.68,7.6
9.5,10.016,9.1
11.4,9.875,9.5
10.6,12.234,11.4
12.0,10.984,10.6
13.2,12.336,12.0
13.1,13.58,13.2
14.5,13.11,13.1
17.0,13.516,14.5
18.9,16.06,17.0
20.9,17.36,18.9
21.8,19.28,20.9
22.1,19.1,21.8
20.8,19.38,22.1
16.9,18.36,20.8
13.5,14.21,16.9
14.5,12.91,13.5
12.1,14.555,14.5
8.6,11.84,12.1
8.3,9.22,8.6
9.3,9.484,8.3
10.9,12.22,9.3
11.9,12.016,10.9
13.3,13.22,11.9
10.9,11.91,13.3
10.9,11.695,10.9
11.1,11.26,10.9
12.7,12.0,11.1
15.3,13.96,12.7
17.7,14.984,15.3
14.2,16.22,17.7
14.5,13.46,14.2
14.8,15.11,14.5
17.2,15.57,14.8
17.2,17.25,17.2
14.8,16.5,17.2
12.7,14.41,14.8
13.9,13.36,12.7
13.5,14.94,13.9
14.6,14.79,13.5
13.9,15.61,14.6
15.0,14.23,13.9
13.4,15.41,15.0
15.4,14.11,13.4
15.7,16.23,15.4
15.4,16.42,15.7
13.5,14.21,15.4
12.8,13.29,13.5
14.3,14.39,12.8
13.8,14.25,14.3
13.4,14.56,13.8
13.5,13.55,13.4
14.6,14.766,13.5
15.9,15.3,14.6
14.8,16.03,15.9
16.8,14.81,14.8
18.6,17.3,16.8
20.8,19.12,18.6
21.3,20.22,20.8
18.0,20.78,21.3
16.2,17.45,18.0
16.7,16.67,16.2
18.9,17.44,16.7
23.4,20.05,18.9
24.4,22.62,23.4
25.600002,21.78,24.4
26.1,24.16,25.6
24.7,22.84,26.1
22.2,22.64,24.7
19.4,20.22,22.2
18.3,18.88,19.4
17.9,18.75,18.3
17.4,18.4,17.9
18.6,18.03,17.4
21.1,18.81,18.6
24.5,21.28,21.1
26.8,23.34,24.5
23.6,23.78,26.8
19.7,20.64,23.6
22.0,19.67,19.7
20.1,22.53,22.0
18.3,19.12,20.1
19.0,18.03,18.3
18.0,18.81,19.0
18.4,18.69,18.0
19.6,18.5,18.4
23.6,20.06,19.6
27.2,22.78,23.6
23.9,24.22,27.2
18.7,20.34,23.9
19.1,17.84,18.7
22.4,20.53,19.1
25.399998,22.25,22.4
21.1,23.94,25.4
18.7,19.14,21.1
20.6,19.45,18.7
22.6,19.34,20.6
24.4,22.38,22.6
24.2,22.72,24.4
25.0,22.03,24.2
25.3,23.6,25.0
24.8,23.53,25.3
23.4,22.31,24.8
20.1,21.0,23.4
18.2,18.47,20.1
19.3,18.69,18.2
18.0,19.44,19.3
20.2,19.06,18.0
22.4,20.84,20.2
23.4,22.22,22.4
20.1,21.0,23.4
20.3,19.62,20.1
18.5,19.86,20.3
20.3,18.19,18.5
21.7,20.34,20.3
23.0,21.33,21.7
22.4,21.78,23.0
23.2,22.06,22.4
22.2,21.88,23.2
23.0,20.28,22.2
23.0,22.19,23.0
21.3,21.94,23.0
19.8,19.61,21.3
21.0,20.6,19.8
19.9,20.4,21.0
18.4,20.02,19.9
15.7,17.14,18.4
16.4,15.805,15.7
17.3,18.03,16.4
16.2,17.47,17.3
17.5,17.84,16.2
15.9,16.64,17.5
14.2,16.3,15.9
14.8,14.17,14.2
14.9,14.91,14.8
16.1,14.945,14.9
16.9,17.81,16.1
17.6,16.94,16.9
15.8,16.47,17.6
17.5,16.83,15.8
15.5,17.56,17.5
14.7,15.22,15.5
14.8,14.17,14.7
14.5,15.875,14.8
15.2,15.234,14.5
15.2,15.125,15.2
14.4,14.43,15.2
15.5,16.0,14.4
15.1,14.42,15.5
15.6,16.5,15.1
14.2,14.42,15.6
13.5,14.0,14.2
14.4,14.375,13.5
13.4,15.48,14.4
12.0,11.93,13.4
13.6,12.82,12.0
15.5,14.84,13.6
10.9,13.56,15.5
10.9,11.09,10.9
14.1,13.195,10.9
15.9,14.81,14.1
15.1,14.01,15.9
16.5,15.05,15.1
15.5,15.87,16.5
13.4,14.78,15.5
14.4,12.52,13.4
17.1,14.625,14.4
17.5,15.92,17.1
17.6,16.31,17.5
15.9,16.17,17.6
17.3,15.19,15.9
16.1,16.44,17.3
15.3,15.41,16.1
16.4,14.87,15.3
15.7,16.1,16.4
14.1,13.96,15.7
16.7,13.96,14.1
15.4,16.66,16.7
12.0,13.67,15.4
11.2,10.62,12.0
11.1,12.984,11.2
10.3,11.21,11.1
13.9,11.61,10.3
17.3,14.625,13.9
13.3,15.78,17.3
17.2,11.53,13.3
16.1,15.95,17.2
14.1,13.03,16.1
14.5,13.76,14.1
12.8,13.055,14.5
9.1,10.88,12.8
7.3,8.3,9.1
8.6,6.29,7.3
8.3,9.9,8.6
8.5,10.45,8.3
2.6999998,7.44,8.5
2.2999997,4.023,2.7
4.7,3.785,2.3
6.2,6.605,4.7
6.5,5.996,6.2
8.5,6.6,6.5
15.0,10.16,8.5
11.4,13.2,15.0
8.7,8.945,11.4
9.5,8.44,8.7
11.9,10.84,9.5
12.1,10.64,11.9
6.5,10.64,12.1
2.6999998,5.363,6.5
1.1999998,3.668,2.7
4.1,3.582,1.2
9.1,6.316,4.1
9.6,8.984,9.1
10.2,8.08,9.6
10.0,9.59,10.2
10.2,8.64,10.0
8.4,8.18,10.2
8.5,7.4,8.4
8.8,7.336,8.5
7.4,8.07,8.8
7.3,5.51,7.4
10.2,8.24,7.3
11.6,9.59,10.2
12.2,10.414,11.6
8.8,9.914,12.2
0.39999962,6.707,8.8
-3.1000004,1.406,0.4
-1.8000002,-2.203,-3.1
-1.0,-0.1875,-1.8
3.5,-0.6484,-1.0
5.7,6.6,3.5
1.6000004,5.055,5.7
3.4,1.617,1.6
2.2999997,5.24,3.4
0.39999962,2.375,2.3
0.19999981,1.18,0.4
3.8000002,0.539,0.2
5.4,4.31,3.8
4.3,4.773,5.4
7.3,5.38,4.3
9.9,6.51,7.3
11.6,8.9,9.9
12.7,9.64,11.6
11.5,10.32,12.7
9.5,8.57,11.5
6.3,7.133,9.5
2.0999994,4.363,6.3
-0.3000002,0.7812,2.1
-1.0,-0.007812,-0.3
-1.1999998,-1.328,-1.0
7.7,1.859,-1.2
9.0,9.01,7.7
8.9,7.44,9.0
8.2,7.758,8.9
5.8,6.04,8.2
6.7,4.91,5.8
7.1,8.02,6.7
7.3,6.086,7.1
10.2,8.19,7.3
9.7,9.04,10.2
10.0,9.93,9.7
7.0,7.28,10.0
8.7,6.1,7.0
9.9,8.68,8.7
9.3,8.08,9.9
9.5,7.234,9.3
9.9,9.44,9.5
7.4,8.12,9.9
4.8,6.43,7.4
7.3,4.94,4.8
7.0,8.22,7.3
6.1000004,6.773,7.0
4.9,6.03,6.1
7.0,6.766,4.9
7.7,6.227,7.0
8.5,7.758,7.7
3.1,7.617,8.5
-0.5,3.46,3.1
-0.6999998,-0.1406,-0.5
3.5,0.414,-0.7
3.0,4.316,3.5
4.6,3.273,3.0
0.6000004,5.395,4.6
3.5,0.7656,0.6
2.4,5.395,3.5
2.0000005,3.281,2.4
1.8000002,3.543,2.0
-0.3000002,1.297,1.8
2.6999998,1.648,-0.3
4.6,3.84,2.7
5.5,5.54,4.6
5.7,6.08,5.5
5.8,5.47,5.7
6.5,4.695,5.8
9.3,6.92,6.5
6.0,8.82,9.3
3.8000002,4.53,6.0
2.1999998,3.191,3.8
6.1000004,3.43,2.2
8.1,6.84,6.1
6.8,7.914,8.1
2.7999997,6.785,6.8
0.3000002,2.387,2.8
-0.39999962,0.875,0.3
1.3000002,-0.0625,-0.4
5.9,3.164,1.3
9.1,6.29,5.9
8.1,8.67,9.1
6.0,7.42,8.1
4.5,4.92,6.0
4.7,5.266,4.5
5.3,5.34,4.7
5.7,5.332,5.3
5.2,6.125,5.7
4.5,3.758,5.2
5.4,6.44,4.5
6.3,5.73,5.4
4.9,5.84,6.3
3.5,4.145,4.9
3.6999998,2.867,3.5
8.6,6.023,3.7
8.2,8.56,8.6
4.2,7.195,8.2
3.3000002,4.047,4.2
3.5,3.5,3.3
4.9,4.727,3.5
7.5,6.953,4.9
6.0,6.727,7.5
6.2,5.28,6.0
8.0,7.336,6.2
8.4,6.906,8.0
10.0,8.88,8.4
9.8,9.11,10.0
12.1,9.555,9.8
13.8,10.766,12.1
15.1,13.17,13.8
13.5,13.77,15.1
10.6,11.164,13.5
5.3,9.375,10.6
4.0,4.61,5.3
5.2,5.09,4.0
5.2,6.164,5.2
5.1,5.316,5.2
5.3,6.727,5.1
3.1999998,6.074,5.3
3.6999998,3.27,3.2
5.0,4.42,3.7
4.3,6.56,5.0
6.8,4.844,4.3
8.5,8.28,6.8
10.1,9.42,8.5
10.5,8.83,10.1
9.9,11.09,10.5
11.7,9.76,9.9
12.8,10.95,11.7
11.7,12.48,12.8
11.2,11.42,11.7
13.0,11.42,11.2
12.0,11.69,13.0
11.0,11.32,12.0
10.7,11.016,11.0
12.9,9.43,10.7
14.3,13.19,12.9
14.2,13.33,14.3
12.0,12.72,14.2
11.0,11.36,12.0
10.0,10.08,11.0
9.5,9.41,10.0
11.4,10.94,9.5
13.4,12.12,11.4
13.6,13.14,13.4
11.6,12.5,13.6
10.5,11.28,11.6
9.4,10.38,10.5
9.3,9.29,9.4
9.5,9.66,9.3
9.5,10.23,9.5
10.5,10.36,9.5
8.9,12.16,10.5
12.1,9.2,8.9
10.1,12.74,12.1
9.2,9.95,10.1
9.0,9.555,9.2
9.0,10.05,9.0
9.2,9.61,9.0
10.6,9.84,9.2
10.7,12.3,10.6
11.2,12.0,10.7
9.5,11.04,11.2
11.4,10.73,9.5
12.9,12.48,11.4
9.9,11.53,12.9
10.8,11.086,9.9
11.6,11.586,10.8
11.7,12.17,11.6
13.9,12.69,11.7
14.1,14.0,13.9
13.1,13.43,14.1
13.2,13.21,13.1
13.5,13.44,13.2
14.1,13.12,13.5
17.2,14.2,14.1
20.1,17.4,17.2
14.5,18.27,20.1
12.6,13.734,14.5
12.2,13.33,12.6
14.2,13.09,12.2
17.8,15.64,14.2
21.6,18.22,17.8
23.8,20.75,21.6
22.9,21.44,23.8
14.6,20.16,22.9
17.4,14.195,14.6
19.1,19.06,17.4
19.0,18.19,19.1
17.9,19.53,19.0
17.6,16.72,17.9
18.7,18.56,17.6
20.1,19.12,18.7
21.9,20.38,20.1
22.1,21.3,21.9
22.1,21.25,22.1
20.0,21.53,22.1
18.6,17.58,20.0
16.8,18.81,18.6
14.9,16.19,16.8
15.6,16.05,14.9
16.0,16.3,15.6
17.1,16.16,16.0
16.1,18.0,17.1
17.9,16.36,16.1
17.7,17.97,17.9
17.0,18.19,17.7
15.1,16.75,17.0
15.7,15.39,15.1
15.3,15.94,15.7
15.8,16.31,15.3
16.2,17.0,15.8
14.7,16.31,16.2
13.6,15.03,14.7
13.5,14.56,13.6
15.4,14.5,13.5
14.9,16.9,15.4
18.1,15.47,14.9
17.7,18.9,18.1
17.3,16.16,17.7
19.8,17.92,17.3
21.3,19.75,19.8
22.0,21.1,21.3
21.1,21.52,22.0
21.4,20.84,21.1
22.3,21.38,21.4
22.4,22.14,22.3
23.2,22.16,22.4
23.9,22.66,23.2
25.7,23.4,23.9
21.1,23.28,25.7
18.4,19.55,21.1
19.6,18.47,18.4
21.0,20.53,19.6
20.7,21.03,21.0
19.2,19.8,20.7
19.7,19.22,19.2
18.8,19.6,19.7
18.9,18.69,18.8
19.5,19.06,18.9
17.9,18.58,19.5
18.5,17.33,17.9
21.3,19.4,18.5
19.4,20.72,21.3
18.8,19.61,19.4
16.6,17.48,18.8
17.6,17.73,16.6
19.2,18.28,17.6
17.6,18.9,19.2
18.1,18.23,17.6
17.2,17.88,18.1
18.5,18.02,17.2
19.4,19.11,18.5
20.4,20.11,19.4
21.5,20.27,20.4
22.6,21.52,21.5
23.5,21.44,22.6
23.0,22.25,23.5
19.6,20.83,23.0
18.1,18.55,19.6
18.0,17.58,18.1
18.5,18.83,18.0
17.0,18.53,18.5
16.5,16.4,17.0
15.2,16.11,16.5
14.6,15.31,15.2
14.0,14.67,14.6
15.1,15.3,14.0
15.1,15.234,15.1
15.7,16.12,15.1
15.3,15.22,15.7
15.6,15.97,15.3
16.7,16.12,15.6
19.7,17.4,16.7
19.2,20.23,19.7
18.2,18.88,19.2
17.0,17.48,18.2
15.6,17.2,17.0
16.2,16.06,15.6
15.5,16.48,16.2
15.1,16.25,15.5
13.6,14.14,15.1
12.8,14.58,13.6
12.3,12.98,12.8
14.6,13.734,12.3
15.6,15.8,14.6
16.4,16.03,15.6
14.3,17.47,16.4
11.5,13.06,14.3
12.6,12.16,11.5
13.4,12.84,12.6
13.6,13.98,13.4
12.9,12.92,13.6
12.5,12.516,12.9
14.7,14.0,12.5
13.5,14.016,14.7
15.6,14.29,13.5
13.6,14.25,15.6
16.4,14.08,13.6
15.7,15.89,16.4
13.0,14.19,15.7
13.0,12.82,13.0
12.8,12.375,13.0
13.8,14.1,12.8
10.3,12.664,13.8
9.7,10.01,10.3
11.6,10.734,9.7
13.7,12.19,11.6
12.3,13.234,13.7
11.2,10.3,12.3
10.5,12.484,11.2
13.0,10.91,10.5
16.8,13.586,13.0
15.2,15.41,16.8
11.0,13.29,15.2
10.3,9.81,11.0
8.9,10.734,10.3
13.1,9.53,8.9
13.6,14.234,13.1
14.2,11.945,13.6
16.2,14.69,14.2
14.8,13.305,16.2
13.8,13.07,14.8
14.8,13.266,13.8
14.5,14.93,14.8
13.1,13.06,14.5
14.5,12.64,13.1
14.8,13.08,14.5
10.5,13.445,14.8
7.9,9.48,10.5
11.4,8.74,7.9
13.9,13.375,11.4
14.0,11.97,13.9
14.3,12.67,14.0
13.5,13.484,14.3
10.8,11.48,13.5
13.5,9.2,10.8
11.6,13.016,13.5
8.6,9.56,11.6
9.1,8.75,8.6
8.7,9.71,9.1
7.1,7.86,8.7
9.1,6.89,7.1
7.2,9.45,9.1
4.5,6.59,7.2
4.0,5.61,4.5
3.5,4.42,4.0
3.8000002,3.402,3.5
4.6,5.516,3.8
7.2,4.863,4.6
6.2,9.17,7.2
2.6999998,5.43,6.2
0.8999996,3.43,2.7
3.9,2.172,0.9
4.6,6.703,3.9
10.0,7.484,4.6
6.4,8.62,10.0
5.5,5.617,6.4
4.7,4.65,5.5
10.9,6.41,4.7
10.5,10.234,10.9
9.2,7.24,10.5
8.8,10.23,9.2
9.8,7.375,8.8
6.7,7.957,9.8
4.1,4.68,6.7
6.1000004,2.926,4.1
6.6,6.227,6.1
5.3,5.117,6.6
1.1000004,5.74,5.3
1.6999998,0.9766,1.1
0.5,2.8,1.7
2.6999998,0.5234,0.5
5.7,5.15,2.7
2.2999997,5.164,5.7
0.5,1.922,2.3
0.6999998,3.52,0.5
8.2,1.898,0.7
7.8,7.902,8.2
9.3,7.117,7.8
7.8,8.22,9.3
7.0,5.652,7.8
6.2,5.52,7.0
5.0,5.004,6.2
-0.5,4.035,5.0
-0.5,-0.8125,-0.5
-3.3999996,0.1094,-0.5
-4.3,-3.078,-3.4
-1.8000002,0.4219,-4.3
-6.699999,-2.008,-1.8
-2.6999998,-6.53,-6.7
-4.5,1.75,-2.7
-7.3999996,-4.367,-4.5
-8.300001,-7.64,-7.4
-4.3999996,-6.53,-8.3
-0.3000002,-3.25,-4.4
-1.5,-0.3984,-0.3
-1.3000002,-2.086,-1.5
-4.700001,-0.9453,-1.3
-3.6999998,-5.07,-4.7
0.10000038,-1.4375,-3.7
1.6000004,0.2578,0.1
2.0999994,1.8125,1.6
3.9,2.8,2.1
2.4,4.27,3.9
2.1999998,2.078,2.4
4.3,3.707,2.2
5.3,4.703,4.3
8.0,6.438,5.3
6.8,7.75,8.0
8.0,5.695,6.8
4.8,6.57,8.0
4.9,5.152,4.8
9.2,3.785,4.9
6.2,7.547,9.2
8.6,6.465,6.2
9.6,8.07,8.6
5.1,7.227,9.6
2.6000004,3.96,5.1
3.8000002,2.805,2.6
1.1999998,3.691,3.8
1.3000002,1.445,1.2
-0.19999981,1.508,1.3
1.1999998,0.336,-0.2
4.0,2.262,1.2
5.0,4.48,4.0
6.7,5.21,5.0
8.6,7.227,6.7
6.6,7.156,8.6
6.9,6.34,6.6
6.5,6.72,6.9
5.5,5.938,6.5
9.3,7.57,5.5
8.8,8.66,9.3
11.4,9.46,8.8
8.0,9.75,11.4
10.7,5.88,8.0
6.1000004,9.97,10.7
5.7,4.867,6.1
9.3,6.688,5.7
9.9,9.03,9.3
9.1,8.44,9.9
8.8,9.32,9.1
9.8,8.2,8.8
9.5,8.92,9.8
10.9,9.25,9.5
12.0,11.17,10.9
12.0,11.11,12.0
9.1,11.445,12.0
7.8,7.887,9.1
9.7,8.17,7.8
11.1,10.445,9.7
11.2,9.57,11.1
12.4,11.18,11.2
10.8,11.28,12.4
10.0,9.24,10.8
11.8,10.62,10.0
10.1,9.9,11.8
10.4,10.22,10.1
10.4,10.305,10.4
11.5,9.87,10.4
11.4,11.49,11.5
9.3,10.98,11.4
7.9,8.22,9.3
10.2,9.16,7.9
11.4,10.75,10.2
10.0,9.47,11.4
9.2,10.1,10.0
10.1,9.35,9.2
8.6,9.75,10.1
7.3,7.375,8.6
8.2,7.984,7.3
8.1,8.9,8.2
8.4,7.953,8.1
9.4,9.87,8.4
10.6,10.08,9.4
11.0,11.13,10.6
12.5,10.55,11.0
9.2,10.97,12.5
7.6,7.73,9.2
8.5,8.32,7.6
10.1,9.34,8.5
11.9,10.336,10.1
12.3,11.84,11.9
10.2,11.516,12.3
9.2,9.414,10.2
9.5,8.914,9.2
12.0,11.14,9.5
10.3,12.11,12.0
12.3,9.734,10.3
13.5,13.08,12.3
14.7,12.47,13.5
13.3,14.016,14.7
8.6,11.71,13.3
8.9,8.08,8.6
11.2,9.75,8.9
11.0,11.805,11.2
9.5,9.73,11.0
9.2,10.6,9.5
10.4,8.55,9.2
9.1,11.44,10.4
7.4,8.13,9.1
7.7,7.977,7.4
8.5,8.125,7.7
10.0,9.695,8.5
10.8,10.11,10.0
10.2,11.12,10.8
12.0,11.22,10.2
13.2,12.766,12.0
14.1,13.58,13.2
13.2,13.3,14.1
13.6,13.09,13.2
15.9,14.62,13.6
18.7,16.02,15.9
16.2,17.56,18.7
14.7,13.91,16.2
13.4,14.17,14.7
8.4,13.18,13.4
6.5,8.29,8.4
9.4,7.695,6.5
11.3,11.695,9.4
12.2,12.04,11.3
12.5,13.09,12.2
11.9,11.516,12.5
12.9,12.64,11.9
14.5,13.09,12.9
15.2,15.5,14.5
17.2,14.97,15.2
16.5,16.81,17.2
16.9,15.086,16.5
17.0,16.88,16.9
13.3,16.19,17.0
14.0,13.2,13.3
14.4,14.53,14.0
15.9,14.47,14.4
14.5,15.58,15.9
16.5,15.11,14.5
17.7,16.66,16.5
18.6,17.72,17.7
15.8,17.6,18.6
18.4,16.38,15.8
20.7,18.9,18.4
19.6,19.66,20.7
15.4,18.25,19.6
13.8,14.86,15.4
14.6,13.9,13.8
18.9,15.64,14.6
17.2,19.36,18.9
20.9,16.22,17.2
18.1,20.56,20.9
16.7,16.55,18.1
17.6,16.5,16.7
19.5,18.56,17.6
17.8,18.53,19.5
17.9,17.62,17.8
16.4,17.92,17.9
16.0,16.69,16.4
16.0,15.914,16.0
15.7,16.67,16.0
16.2,15.31,15.7
17.2,16.69,16.2
15.0,17.1,17.2
14.3,15.234,15.0
15.0,15.125,14.3
14.1,14.72,15.0
15.0,15.21,14.1
15.4,16.16,15.0
13.9,15.45,15.4
13.8,14.56,13.9
13.8,13.96,13.8
14.4,14.72,13.8
13.6,15.23,14.4
13.7,13.734,13.6
14.5,14.33,13.7
14.1,14.984,14.5
14.3,15.016,14.1
14.7,14.71,14.3
16.5,15.32,14.7
17.7,17.66,16.5
19.9,18.1,17.7
21.7,20.53,19.9
21.8,21.45,21.7
21.4,20.9,21.8
19.1,21.0,21.4
18.8,17.64,19.1
19.5,18.53,18.8
18.6,19.98,19.5
19.6,17.48,18.6
18.7,20.47,19.6
18.2,18.05,18.7
17.7,18.72,18.2
18.8,18.56,17.7
20.0,19.47,18.8
20.6,19.97,20.0
21.9,20.31,20.6
22.7,21.84,21.9
19.3,21.19,22.7
17.9,18.3,19.3
20.3,18.52,17.9
20.7,20.03,20.3
21.3,19.5,20.7
22.0,21.1,21.3
18.4,20.31,22.0
17.0,17.78,18.4
18.4,17.98,17.0
21.3,19.03,18.4
24.0,21.34,21.3
20.3,22.28,24.0
19.8,19.27,20.3
21.2,19.97,19.8
21.0,21.53,21.2
24.1,19.88,21.0
25.399998,23.12,24.1
24.8,22.75,25.4
21.6,20.84,24.8
23.1,21.0,21.6
22.2,23.12,23.1
22.8,20.0,22.2
23.2,22.03,22.8
22.1,21.62,23.2
21.0,19.81,22.1
22.2,20.52,21.0
23.1,21.62,22.2
24.1,21.28,23.1
22.5,22.66,24.1
23.0,20.56,22.5
22.1,22.69,23.0
22.2,21.31,22.1
19.6,21.1,22.2
17.5,18.34,19.6
17.8,18.56,17.5
15.9,17.95,17.8
17.1,16.06,15.9
19.3,18.27,17.1
18.5,18.5,19.3
16.0,16.81,18.5
16.0,17.33,16.0
17.1,16.16,16.0
17.3,17.47,17.1
16.3,17.23,17.3
15.1,15.21,16.3
14.7,15.85,15.1
15.7,15.45,14.7
15.0,15.89,15.7
16.3,16.5,15.0
16.6,16.48,16.3
15.0,16.94,16.6
12.8,15.41,15.0
12.1,12.83,12.8
13.4,13.086,12.1
15.5,14.72,13.4
18.1,16.5,15.5
20.3,18.72,18.1
20.7,19.56,20.3
20.4,20.23,20.7
17.9,19.19,20.4
18.0,16.53,17.9
17.9,17.73,18.0
17.7,17.9,17.9
18.3,17.72,17.7
16.9,18.58,18.3
17.0,16.39,16.9
17.6,17.47,17.0
18.5,17.64,17.6
18.1,18.06,18.5
17.9,17.97,18.1
16.9,17.97,17.9
15.9,15.766,16.9
15.2,15.74,15.9
15.3,14.8,15.2
17.2,16.11,15.3
16.4,16.86,17.2
17.7,15.7,16.4
19.1,17.33,17.7
16.2,17.5,19.1
13.7,14.16,16.2
12.9,15.336,13.7
10.2,12.76,12.9
9.1,10.125,10.2
13.5,11.28,9.1
13.6,13.26,13.5
15.1,13.69,13.6
17.6,14.734,15.1
16.5,16.47,17.6
17.1,15.55,16.5
13.8,15.75,17.1
13.1,12.34,13.8
12.3,12.61,13.1
8.2,10.76,12.3
7.5,7.73,8.2
8.8,7.516,7.5
9.4,9.39,8.8
4.4,9.74,9.4
3.1,4.715,4.4
4.1,4.906,3.1
5.7,7.582,4.1
4.5,6.594,5.7
4.3,3.64,4.5
7.4,5.76,4.3
13.7,10.69,7.4
11.9,12.81,13.7
11.3,10.83,11.9
11.3,10.44,11.3
11.3,11.31,11.3
9.3,9.47,11.3
9.1,9.1,9.3
8.4,7.83,9.1
6.5,6.86,8.4
6.7,5.39,6.5
9.7,7.79,6.7
14.2,10.64,9.7
12.7,11.76,14.2
12.5,10.195,12.7
13.1,11.62,12.5
12.5,10.6,13.1
10.2,10.6,12.5
8.3,8.016,10.2
5.5,6.695,8.3
6.1000004,4.72,5.5
7.1,8.234,6.1
10.0,6.633,7.1
10.3,9.99,10.0
11.0,9.52,10.3
12.6,10.58,11.0
9.9,10.62,12.6
9.0,7.797,9.9
7.9,7.883,9.0
5.5,9.09,7.9
2.2999997,5.047,5.5
1.3999996,3.117,2.3
1.5,2.633,1.4
-1.0,1.344,1.5
2.6000004,-0.3438,-1.0
9.8,7.055,2.6
9.7,9.43,9.8
13.0,9.47,9.7
12.7,11.47,13.0
7.6,9.92,12.7
5.2,5.39,7.6
3.8000002,4.66,5.2
3.3000002,3.297,3.8
1.0,4.137,3.3
3.8000002,1.234,1.0
9.9,7.6,3.8
9.0,7.945,9.9
9.2,7.9,9.0
7.8,8.01,9.2
5.9,6.668,7.8
10.5,5.27,5.9
12.4,9.74,10.5
12.4,9.6,12.4
9.4,10.81,12.4
6.8,6.395,9.4
4.0,5.15,6.8
7.0,4.652,4.0
9.3,7.92,7.0
8.5,8.35,9.3
7.3,8.1,8.5
10.7,8.11,7.3
11.1,8.73,10.7
8.8,9.93,11.1
9.2,7.094,8.8
11.1,8.836,9.2
11.4,10.39,11.1
11.2,9.17,11.4
9.3,9.26,11.2
8.4,7.35,9.3
9.5,7.914,8.4
11.2,9.09,9.5
11.3,9.42,11.2
8.9,9.97,11.3
10.8,7.008,8.9
8.6,9.81,10.8
5.8,6.67,8.6
8.5,7.29,5.8
8.4,8.81,8.5
3.0,6.977,8.4
1.6999998,3.64,3.0
0.39999962,3.914,1.7
1.1999998,1.039,0.4
2.2999997,2.738,1.2
1.3000002,2.637,2.3
0.8000002,1.57,1.3
-1.6000004,0.664,0.8
-2.1000004,-1.773,-1.6
-0.6999998,-1.1875,-2.1
-0.8000002,0.0781,-0.7
0.6999998,-0.539,-0.8
0.19999981,3.156,0.7
-1.5,0.0703,0.2
0.10000038,-0.25,-1.5
1.1999998,2.469,0.1
2.5,1.797,1.2
2.9,4.99,2.5
5.6,3.008,2.9
2.0000005,7.39,5.6
5.5,3.043,2.0
6.5,6.09,5.5
6.8,7.15,6.5
8.3,6.97,6.8
8.3,8.29,8.3
7.3,8.46,8.3
8.9,7.203,7.3
10.6,10.19,8.9
7.8,8.97,10.6
6.5,6.36,7.8
9.6,8.79,6.5
10.4,9.28,9.6
9.3,9.9,10.4
6.5,8.78,9.3
7.4,5.652,6.5
10.0,8.55,7.4
9.1,8.31,10.0
9.6,9.7,9.1
9.2,9.22,9.6
7.9,8.49,9.2
6.9,6.117,7.9
9.3,7.836,6.9
13.5,9.234,9.3
12.5,12.1,13.5
9.2,11.55,12.5
10.6,8.18,9.2
11.9,10.375,10.6
9.1,10.336,11.9
6.0,8.4,9.1
4.5,4.574,6.0
7.6,7.31,4.5
6.0,7.96,7.6
7.1,6.18,6.0
9.4,8.16,7.1
7.9,8.46,9.4
8.3,8.734,7.9
8.1,7.508,8.3
8.7,9.445,8.1
8.4,8.445,8.7
8.3,8.19,8.4
8.1,8.26,8.3
8.9,8.55,8.1
7.2,7.96,8.9
5.7,6.918,7.2
6.1000004,5.977,5.7
9.3,8.484,6.1
12.0,9.82,9.3
13.2,11.03,12.0
14.0,13.11,13.2
11.8,12.11,14.0
12.5,10.71,11.8
12.7,13.1,12.5
12.1,11.04,12.7
11.3,11.25,12.1
10.4,11.17,11.3
9.6,9.125,10.4
9.0,10.23,9.6
8.6,8.016,9.0
9.1,9.23,8.6
7.7,9.2,9.1
5.6,8.63,7.7
6.0,6.125,5.6
3.9,7.17,6.0
3.6999998,4.652,3.9
6.1000004,5.227,3.7
6.1000004,7.33,6.1
6.9,6.516,6.1
6.2,9.11,6.9
7.2,6.406,6.2
9.4,7.61,7.2
10.8,10.89,9.4
12.1,9.6,10.8
13.2,11.81,12.1
11.1,12.45,13.2
12.1,10.37,11.1
11.8,12.56,12.1
11.3,10.5,11.8
8.7,10.58,11.3
10.0,9.0,8.7
11.6,11.01,10.0
11.5,11.58,11.6
10.1,11.6,11.5
10.0,10.375,10.1
10.1,9.984,10.0
10.8,10.516,10.1
11.7,11.086,10.8
12.2,12.445,11.7
14.9,12.69,12.2
17.9,14.516,14.9
17.8,16.95,17.9
19.5,16.73,17.8
19.9,17.62,19.5
19.7,16.47,19.9
19.5,18.05,19.7
20.4,18.9,19.5
20.3,19.03,20.4
20.1,17.75,20.3
18.3,18.86,20.1
19.1,18.12,18.3
19.7,17.89,19.1
19.1,18.73,19.7
18.7,17.97,19.1
14.4,17.33,18.7
13.9,14.0,14.4
14.6,14.15,13.9
13.9,14.8,14.6
14.5,14.59,13.9
13.0,14.78,14.5
12.8,13.42,13.0
13.7,12.72,12.8
13.8,14.8,13.7
13.7,13.4,13.8
15.4,14.51,13.7
15.9,16.53,15.4
15.5,15.266,15.9
17.3,15.914,15.5
19.5,17.78,17.3
17.8,18.81,19.5
15.3,16.69,17.8
15.9,15.78,15.3
17.0,16.53,15.9
15.0,16.17,17.0
11.9,15.47,15.0
13.0,11.56,11.9
13.2,14.42,13.0
14.6,14.05,13.2
14.6,15.3,14.6
14.0,14.67,14.6
15.5,14.766,14.0
17.8,15.97,15.5
22.4,18.28,17.8
25.2,22.19,22.4
18.2,20.34,25.2
17.4,17.31,18.2
17.3,18.4,17.4
17.8,17.9,17.3
16.8,17.4,17.8
16.6,17.25,16.8
15.2,17.25,16.6
15.6,15.63,15.2
15.1,17.02,15.6
16.2,15.984,15.1
18.3,17.6,16.2
14.9,18.6,18.3
16.2,15.58,14.9
15.6,16.61,16.2
15.1,16.1,15.6
16.3,15.73,15.1
16.9,16.47,16.3
16.6,16.44,16.9
16.4,16.8,16.6
17.3,16.75,16.4
17.8,17.72,17.3
17.8,17.45,17.8
17.3,18.28,17.8
15.6,16.5,17.3
15.2,15.56,15.6
16.8,16.48,15.2
17.0,17.44,16.8
17.4,17.7,17.0
19.6,17.84,17.4
19.2,19.31,19.6
17.6,18.33,19.2
17.3,17.33,17.6
18.2,17.78,17.3
18.2,18.1,18.2
18.6,18.97,18.2
19.3,19.06,18.6
17.7,19.17,19.3
16.6,17.25,17.7
17.2,17.02,16.6
16.9,17.2,17.2
16.2,16.73,16.9
16.6,16.6,16.2
17.2,15.69,16.6
17.6,18.03,17.2
19.2,18.33,17.6
18.8,17.55,19.2
19.4,19.33,18.8
21.9,19.67,19.4
24.0,21.72,21.9
25.1,22.92,24.0
24.9,23.47,25.1
22.8,22.02,24.9
19.8,21.73,22.8
17.8,18.28,19.8
19.6,18.77,17.8
19.5,20.11,19.6
19.3,18.67,19.5
18.4,19.33,19.3
17.9,18.7,18.4
18.8,18.53,17.9
17.7,18.72,18.8
19.0,18.17,17.7
18.6,19.66,19.0
18.3,17.75,18.6
18.4,18.78,18.3
17.2,17.16,18.4
16.5,18.28,17.2
15.8,16.14,16.5
15.0,15.44,15.8
15.7,16.11,15.0
17.3,16.33,15.7
20.6,18.56,17.3
21.2,20.66,20.6
19.4,19.66,21.2
17.8,17.58,19.4
16.2,17.72,17.8
17.5,17.02,16.2
17.6,17.03,17.5
18.2,17.11,17.6
18.4,17.5,18.2
18.8,18.53,18.4
17.0,16.84,18.8
13.3,15.92,17.0
11.5,13.45,13.3
12.8,12.055,11.5
12.3,14.27,12.8
14.8,12.79,12.3
15.6,16.45,14.8
15.2,14.47,15.6
16.0,15.58,15.2
16.6,16.45,16.0
17.4,16.4,16.6
16.5,16.67,17.4
15.3,16.17,16.5
16.2,15.58,15.3
15.8,15.42,16.2
15.5,15.78,15.8
17.0,16.27,15.5
15.4,15.3,17.0
16.0,15.73,15.4
13.3,15.11,16.0
13.8,14.6,13.3
14.4,14.31,13.8
14.6,13.71,14.4
11.9,13.625,14.6
11.2,12.0,11.9
10.6,11.38,11.2
10.5,10.74,10.6
10.7,11.5,10.5
11.4,11.2,10.7
12.4,11.2,11.4
13.4,12.46,12.4
12.7,13.44,13.4
11.5,12.5,12.7
12.4,10.69,11.5
15.8,13.836,12.4
15.8,15.2,15.8
15.7,14.25,15.8
13.5,14.72,15.7
10.2,12.375,13.5
8.9,9.76,10.2
9.8,9.68,8.9
13.9,11.695,9.8
15.6,14.016,13.9
15.0,14.414,15.6
14.0,13.125,15.0
12.6,14.89,14.0
10.5,10.23,12.6
13.4,10.59,10.5
16.0,14.3,13.4
11.2,14.56,16.0
10.6,9.46,11.2
12.1,11.11,10.6
11.1,12.84,12.1
10.1,10.2,11.1
9.3,11.16,10.1
6.7,8.18,9.3
6.2,6.22,6.7
10.3,8.85,6.2
7.9,10.66,10.3
12.1,7.164,7.9
14.2,12.15,12.1
10.7,11.83,14.2
6.6,9.2,10.7
7.6,7.418,6.6
8.2,6.273,7.6
8.0,9.06,8.2
6.6,6.71,8.0
4.3,5.496,6.6
4.3,5.17,4.3
1.8999996,3.895,4.3
0.5,1.156,1.9
1.5,2.766,0.5
-1.1999998,1.117,1.5
-2.0,-0.578,-1.2
-1.1000004,-0.7344,-2.0
1.8000002,-1.352,-1.1
6.9,5.52,1.8
7.2,5.902,6.9
10.2,7.875,7.2
8.9,9.57,10.2
4.8,6.555,8.9
3.1999998,4.32,4.8
1.8999996,2.441,3.2
0.0,3.281,1.9
-0.10000038,-0.3125,0.0
1.6000004,-0.3906,-0.1
2.4,2.312,1.6
2.2999997,4.28,2.4
2.0000005,1.875,2.3
6.2,3.871,2.0
7.4,5.48,6.2
8.7,5.938,7.4
8.6,8.41,8.7
13.4,7.16,8.6
10.1,9.96,13.4
12.0,6.945,10.1
8.6,8.75,12.0
8.2,6.96,8.6
6.3,6.375,8.2
10.1,4.652,6.3
8.3,8.125,10.1
5.9,6.55,8.3
2.0000005,5.074,5.9
2.9,2.738,2.0
1.8000002,4.246,2.9
5.4,3.172,1.8
10.4,6.91,5.4
11.2,9.33,10.4
11.4,9.7,11.2
7.2,9.56,11.4
8.4,5.27,7.2
9.7,8.26,8.4
8.8,7.844,9.7
8.1,6.656,8.8
9.1,7.89,8.1
10.5,8.11,9.1
12.5,10.086,10.5
9.8,10.87,12.5
9.4,7.21,9.8
10.2,8.92,9.4
8.0,9.02,10.2
4.3,6.594,8.0
0.8999996,3.602,4.3
1.5,0.953,0.9
3.3000002,2.793,1.5
6.7,6.58,3.3
7.5,8.23,6.7
8.7,7.16,7.5
9.5,9.47,8.7
6.5,8.88,9.5
6.7,5.586,6.5
9.9,8.02,6.7
9.7,8.96,9.9
8.1,8.875,9.7
5.9,6.46,8.1
5.0,4.926,5.9
10.5,4.65,5.0
11.3,8.74,10.5
8.7,9.305,11.3
8.1,8.8,8.7
11.0,8.125,8.1
8.1,10.15,11.0
2.0000005,6.234,8.1
0.39999962,2.375,2.0
3.8000002,1.0625,0.4
6.5,5.97,3.8
6.0,5.805,6.5
8.7,7.844,6.0
8.6,8.64,8.7
8.3,7.516,8.6
6.7,7.508,8.3
6.3,6.785,6.7
3.0,6.773,6.3
1.6999998,3.273,3.0
1.1999998,1.906,1.7
1.8000002,2.05,1.2
1.8000002,2.414,1.8
1.3999996,0.7188,1.8
7.6,3.348,1.4
7.3,7.93,7.6
7.3,6.37,7.3
10.0,8.35,7.3
10.7,9.195,10.0
11.6,9.88,10.7
10.7,9.54,11.6
7.3,8.84,10.7
6.4,6.156,7.3
11.2,6.195,6.4
7.0,10.29,11.2
7.5,6.723,7.0
7.4,8.19,7.5
7.1,6.805,7.4
10.6,8.61,7.1
11.5,10.57,10.6
7.8,10.37,11.5
6.5,7.64,7.8
4.8,5.777,6.5
3.5,4.234,4.8
4.9,3.488,3.5
8.3,6.273,4.9
8.5,8.016,8.3
8.8,7.57,8.5
11.9,9.12,8.8
12.0,11.52,11.9
11.2,10.3,12.0
11.3,9.86,11.2
9.8,10.14,11.3
9.0,8.64,9.8
9.9,8.77,9.0
9.2,9.7,9.9
7.9,8.26,9.2
7.6,7.3,7.9
8.1,8.086,7.6
7.7,8.21,8.1
8.9,8.516,7.7
11.0,10.17,8.9
10.4,11.22,11.0
7.8,9.375,10.4
7.7,7.145,7.8
8.3,9.016,7.7
10.9,9.52,8.3
12.9,11.23,10.9
13.2,10.52,12.9
12.1,13.26,13.2
10.6,10.39,12.1
13.3,10.9,10.6
12.9,12.91,13.3
14.3,11.766,12.9
12.4,14.0,14.3
11.1,10.37,12.4
11.2,10.18,11.1
11.6,12.016,11.2
10.4,10.766,11.6
9.5,9.29,10.4
11.0,10.86,9.5
9.3,10.56,11.0
5.9,9.88,9.3
5.3,5.766,5.9
5.4,6.297,5.3
7.4,6.418,5.4
7.6,7.26,7.4
7.2,9.14,7.6
11.6,6.754,7.2
12.1,10.99,11.6
11.6,11.125,12.1
10.2,11.28,11.6
10.4,9.08,10.2
10.1,10.96,10.4
12.7,10.734,10.1
14.4,13.36,12.7
15.0,13.02,14.4
13.9,14.266,15.0
14.6,11.484,13.9
16.4,14.53,14.6
18.4,15.375,16.4
18.2,16.89,18.4
16.8,16.22,18.2
13.6,15.34,16.8
16.0,12.79,13.6
14.7,16.11,16.0
13.6,12.38,14.7
16.1,13.63,13.6
15.3,16.28,16.1
13.4,14.03,15.3
13.2,13.47,13.4
12.0,13.5,13.2
13.3,12.54,12.0
13.3,13.68,13.3
13.3,12.766,13.3
11.9,13.875,13.3
13.6,12.14,11.9
13.4,14.75,13.6
12.7,13.586,13.4
14.3,13.33,12.7
15.3,14.59,14.3
14.7,13.76,15.3
15.7,15.61,14.7
14.3,15.445,15.7
17.8,13.78,14.3
18.9,18.19,17.8
19.7,15.39,18.9
20.1,19.16,19.7
19.1,18.1,20.1
19.2,19.08,19.1
21.3,19.39,19.2
15.8,20.45,21.3
14.7,15.28,15.8
13.9,15.46,14.7
13.2,14.54,13.9
13.7,13.33,13.2
12.8,14.36,13.7
12.0,13.17,12.8
13.5,13.35,12.0
15.4,15.0,13.5
15.1,15.61,15.4
15.3,15.64,15.1
15.2,15.05,15.3
17.0,15.46,15.2
18.7,17.44,17.0
21.6,19.16,18.7
19.9,20.6,21.6
17.4,18.89,19.9
18.1,17.3,17.4
16.0,18.62,18.1
13.5,14.984,16.0
14.5,14.44,13.5
17.5,16.22,14.5
19.9,18.56,17.5
22.0,20.31,19.9
18.8,21.44,22.0
15.8,17.53,18.8
15.6,16.28,15.8
17.4,17.6,15.6
16.5,17.05,17.4
19.2,16.47,16.5
24.0,19.97,19.2
18.1,22.38,24.0
16.8,17.05,18.1
17.7,17.45,16.8
18.2,18.0,17.7
17.2,18.03,18.2
20.2,17.55,17.2
22.2,20.84,20.2
22.2,21.56,22.2
22.4,21.16,22.2
23.7,22.2,22.4
21.3,22.67,23.7
18.6,19.4,21.3
19.5,18.22,18.6
18.6,18.9,19.5
21.9,19.12,18.6
21.1,21.66,21.9
18.6,20.12,21.1
19.4,18.78,18.6
17.7,19.17,19.4
15.8,17.53,17.7
18.2,16.45,15.8
20.5,19.05,18.2
24.0,20.78,20.5
25.8,22.88,24.0
24.2,23.97,25.8
23.4,22.88,24.2
23.5,22.4,23.4
22.2,22.88,23.5
20.7,20.6,22.2
22.0,19.44,20.7
20.2,20.98,22.0
21.2,18.8,20.2
19.9,21.14,21.2
19.5,19.72,19.9
18.8,20.23,19.5
20.6,18.38,18.8
18.9,20.69,20.6
18.3,18.88,18.9
18.1,19.12,18.3
17.5,18.03,18.1
18.5,17.6,17.5
18.3,18.25,18.5
18.3,18.66,18.3
16.2,17.97,18.3
16.5,15.92,16.2
16.7,17.16,16.5
16.9,16.86,16.7
16.4,15.83,16.9
16.5,16.1,16.4
18.8,17.31,16.5
19.6,19.1,18.8
19.7,19.47,19.6
22.3,18.47,19.7
21.8,21.69,22.3
19.9,21.16,21.8
18.5,17.2,19.9
19.0,18.9,18.5
19.9,19.02,19.0
19.7,20.02,19.9
18.6,18.84,19.7
19.1,18.28,18.6
21.2,19.94,19.1
20.3,20.72,21.2
20.1,19.48,20.3
20.2,20.69,20.1
18.5,17.81,20.2
17.7,18.0,18.5
18.8,16.81,17.7
18.4,18.36,18.8
21.7,18.66,18.4
21.9,20.97,21.7
17.1,20.0,21.9
15.3,16.39,17.1
13.7,15.5,15.3
13.0,13.14,13.7
14.5,15.11,13.0
15.3,15.234,14.5
15.3,15.7,15.3
14.8,16.66,15.3
14.2,14.14,14.8
15.2,14.0,14.2
18.5,15.695,15.2
17.8,16.77,18.5
17.8,16.9,17.8
15.3,15.8,17.8
15.0,14.91,15.3
16.5,15.75,15.0
15.8,15.3,16.5
16.5,16.7,15.8
15.2,16.12,16.5
15.6,15.17,15.2
13.9,15.73,15.6
11.8,13.266,13.9
9.9,11.664,11.8
8.9,9.83,9.9
8.8,10.11,8.9
9.2,8.98,8.8
13.4,11.02,9.2
13.8,13.28,13.4
14.7,13.02,13.8
15.3,15.15,14.7
14.0,13.99,15.3
12.0,12.65,14.0
13.4,12.26,12.0
14.3,14.09,13.4
11.6,12.35,14.3
9.5,11.31,11.6
9.9,10.13,9.5
7.1,10.664,9.9
10.8,8.83,7.1
14.2,11.87,10.8
13.1,13.51,14.2
13.2,12.23,13.1
12.3,13.33,13.2
13.5,10.97,12.3
10.1,12.54,13.5
11.7,9.32,10.1
13.3,12.44,11.7
14.6,13.0,13.3
14.2,14.26,14.6
12.9,11.74,14.2
15.1,11.516,12.9
11.7,14.55,15.1
8.1,9.42,11.7
7.8,8.8,8.1
10.0,9.06,7.8
8.1,9.766,10.0
8.8,7.117,8.1
10.8,9.29,8.8
10.5,10.0,10.8
8.6,8.836,10.5
7.9,7.945,8.6
6.7,8.46,7.9
6.1000004,6.57,6.7
8.6,5.254,6.1
6.1000004,10.41,8.6
3.1999998,6.14,6.1
5.8,6.008,3.2
7.6,5.715,5.8
4.1,7.516,7.6
2.0999994,4.1,4.1
-0.3000002,1.781,2.1
3.1,0.4219,-0.3
7.4,6.03,3.1
7.4,7.91,7.4
9.2,7.785,7.4
6.9,7.266,9.2
11.2,5.22,6.9
9.1,9.01,11.2
8.3,6.832,9.1
5.9,6.19,8.3
9.8,7.062,5.9
9.3,9.7,9.8
10.3,6.996,9.3
8.0,10.31,10.3
4.4,5.863,8.0
7.8,5.195,4.4
9.7,8.66,7.8
9.8,7.6,9.7
7.8,9.375,9.8
7.2,5.984,7.8
12.8,8.19,7.2
8.9,10.79,12.8
8.1,5.977,8.9
5.5,8.11,8.1
2.5,4.23,5.5
3.1,3.691,2.5
7.6,3.922,3.1
12.4,8.55,7.6
6.2,10.01,12.4
0.3000002,5.12,6.2
2.1999998,2.309,0.3
7.3,3.527,2.2
7.9,7.21,7.3
10.7,7.117,7.9
9.4,8.93,10.7
10.2,6.53,9.4
7.0,7.445,10.2
4.0,4.777,7.0
2.4,3.125,4.0
4.0,3.746,2.4
9.1,6.34,4.0
7.3,6.816,5.0
6.7,7.78,7.3
8.5,6.793,6.7
8.0,8.59,8.5
9.5,7.594,8.0
4.9,8.67,9.5
4.0,4.164,4.9
5.9,5.543,4.0
6.8,7.33,5.9
5.9,5.47,6.8
9.3,7.715,5.9
6.7,9.44,9.3
9.5,6.016,6.7
4.9,8.99,9.5
1.1999998,4.29,4.9
-2.5,1.117,1.2
3.4,-2.242,-2.5
4.8,6.24,3.4
4.5,5.938,4.8
7.6,6.59,4.5
6.0,7.242,7.6
7.6,6.61,6.0
5.5,7.08,7.6
9.4,6.406,5.5
8.8,8.68,9.4
9.1,7.906,8.8
10.7,8.95,9.1
10.6,9.48,10.7
9.3,9.79,10.6
9.2,7.676,9.3
7.4,7.74,9.2
9.3,7.324,7.4
9.3,9.336,9.3
6.6,8.45,9.3
7.4,6.18,6.6
6.5,7.562,7.4
8.0,6.85,6.5
8.9,8.68,8.0
7.9,7.05,8.9
8.8,9.11,7.9
7.0,7.312,8.8
7.3,8.39,7.0
10.1,7.758,7.3
10.2,9.91,10.1
9.1,9.164,10.2
6.9,8.445,9.1
8.4,7.56,6.9
9.0,7.906,8.4
10.0,9.9,9.0
10.9,9.555,10.0
9.2,9.7,10.9
8.1,8.25,9.2
10.4,9.58,8.1
10.5,10.28,10.4
9.7,9.914,10.5
8.1,9.61,9.7
7.8,6.938,8.1
11.6,9.95,7.8
11.3,11.336,11.6
11.4,9.01,11.3
10.5,11.336,11.4
8.5,11.5,10.5
4.3,7.555,8.5
5.7,4.504,4.3
8.9,6.47,5.7
6.4,8.38,8.9
8.0,6.305,6.4
8.6,8.695,8.0
7.0,7.875,8.6
5.2,8.09,7.0
6.4,6.125,5.2
7.0,7.03,6.4
8.0,7.484,7.0
6.0,9.49,8.0
4.5,6.395,6.0
4.6,4.664,4.5
6.8,7.008,4.6
7.4,8.91,6.8
6.6,6.867,7.4
6.1000004,7.562,6.6
6.6,6.516,6.1
7.0,7.094,6.6
11.3,8.734,7.0
12.5,12.39,11.3
10.6,11.805,12.5
9.4,8.81,10.6
12.0,11.516,9.4
14.9,12.125,12.0
15.8,14.1,14.9
18.1,15.37,15.8
15.8,17.08,18.1
15.1,12.86,15.8
15.0,14.19,15.1
12.1,14.33,15.0
10.5,11.12,12.1
11.1,9.5,10.5
12.4,12.55,11.1
10.4,12.2,12.4
10.5,10.41,10.4
11.7,11.15,10.5
12.7,12.95,11.7
12.7,13.58,12.7
13.1,10.78,12.7
15.9,14.03,13.1
14.5,16.47,15.9
14.7,12.625,14.5
13.4,15.17,14.7
13.8,13.87,13.4
11.3,13.45,13.8
11.9,11.5,11.3
13.1,12.08,11.9
13.1,13.375,13.1
14.2,13.6,13.1
14.6,14.016,14.2
13.9,15.56,14.6
14.0,13.07,13.9
13.1,14.86,14.0
12.8,12.83,13.1
14.3,13.516,12.8
13.5,14.04,14.3
13.8,13.65,13.5
17.0,14.89,13.8
18.9,18.06,17.0
15.5,17.16,18.9
13.3,15.67,15.5
12.5,14.07,13.3
13.3,14.04,12.5
16.2,14.77,13.3
16.7,15.984,16.2
14.0,16.55,16.7
13.6,13.086,14.0
12.9,15.05,13.6
13.2,13.06,12.9
14.5,14.06,13.2
16.8,15.75,14.5
17.5,17.17,16.8
17.6,18.05,17.5
17.4,17.22,17.6
19.1,17.55,17.4
19.5,19.31,19.1
17.3,18.38,19.5
15.8,17.19,17.3
17.3,16.77,15.8
18.2,18.22,17.3
21.5,18.72,18.2
22.3,21.88,21.5
16.9,17.66,22.3
16.1,17.5,16.9
19.2,16.56,16.1
22.8,20.08,19.2
19.3,21.84,22.8
19.7,18.62,19.3
20.2,20.61,19.7
19.1,18.3,20.2
19.7,19.23,19.1
18.1,19.47,19.7
16.4,18.28,18.1
15.9,16.53,16.4
15.9,17.02,15.9
16.0,17.38,15.9
16.7,16.28,16.0
21.1,17.77,16.7
23.5,21.31,21.1
23.2,22.28,23.5
19.4,20.39,23.2
19.9,18.22,19.4
20.4,20.58,19.9
23.4,20.98,20.4
21.7,22.97,23.4
21.0,19.84,21.7
18.8,19.9,21.0
20.8,19.14,18.8
21.7,20.69,20.8
20.7,21.1,21.7
23.9,21.0,20.7
23.7,22.75,23.9
20.4,21.83,23.7
20.9,19.53,20.4
22.0,20.44,20.9
18.5,21.61,22.0
21.5,18.67,18.5
22.5,22.14,21.5
20.4,21.88,22.5
18.3,18.31,20.4
21.6,18.75,18.3
25.0,21.8,21.6
22.7,22.39,25.0
21.3,20.25,22.7
21.7,20.66,21.3
22.2,21.22,21.7
23.1,22.03,22.2
21.2,23.06,23.1
17.1,18.11,21.2
17.9,17.84,17.1
17.6,18.31,17.9
17.5,17.4,17.6
17.7,16.97,17.5
18.9,18.6,17.7
19.1,19.81,18.9
16.0,18.1,19.1
17.5,16.67,16.0
18.7,18.67,17.5
19.1,18.23,18.7
20.7,19.77,19.1
20.6,20.9,20.7
18.5,19.06,20.6
15.8,16.64,18.5
17.6,16.55,15.8
17.9,17.48,17.6
18.5,17.48,17.9
16.1,17.38,18.5
15.5,16.25,16.1
18.1,16.81,15.5
17.2,19.03,18.1
16.2,17.52,17.2
16.7,15.8,16.2
16.3,17.28,16.7
16.8,17.1,16.3
17.3,17.02,16.8
16.5,17.75,17.3
17.6,16.94,16.5
13.5,17.02,17.6
14.4,13.53,13.5
14.7,14.39,14.4
16.4,15.66,14.7
16.8,17.75,16.4
14.3,14.66,16.8
12.0,13.78,14.3
12.3,12.16,12.0
10.5,12.516,12.3
10.3,10.59,10.5
12.1,11.08,10.3
11.8,12.586,12.1
13.5,12.65,11.8
11.9,11.625,13.5
12.2,13.3,11.9
15.0,13.59,12.2
15.2,15.766,15.0
14.3,14.31,15.2
15.0,14.28,14.3
14.8,14.02,15.0
13.6,13.75,14.8
14.0,13.555,13.6
15.1,14.69,14.0
14.6,15.28,15.1
15.3,14.766,14.6
14.3,14.82,15.3
8.4,12.484,14.3
7.3,8.21,8.4
8.5,8.69,7.3
9.9,9.38,8.5
9.3,10.234,9.9
10.7,9.06,9.3
12.9,11.53,10.7
15.8,13.69,12.9
16.5,15.125,15.8
15.3,15.58,16.5
15.2,14.1,15.3
16.1,15.17,15.2
16.0,15.766,16.1
10.6,14.266,16.0
9.6,9.49,10.6
12.6,10.414,9.6
11.7,12.97,12.6
13.4,11.11,11.7
15.9,13.98,13.4
12.9,14.78,15.9
11.3,10.87,12.9
11.8,11.05,11.3
9.5,10.55,11.8
10.2,9.336,9.5
8.2,10.47,10.2
13.1,9.27,8.2
15.9,13.1,13.1
14.5,14.125,15.9
9.9,12.18,14.5
10.2,9.53,9.9
14.0,12.39,10.2
12.0,12.36,14.0
10.5,11.03,12.0
10.4,9.14,10.5
11.2,10.88,10.4
13.3,11.03,11.2
12.2,12.59,13.3
12.3,10.945,12.2
12.0,11.766,12.3
12.7,11.01,12.0
12.2,11.125,12.7
14.7,12.92,12.2
13.1,13.25,14.7
9.6,11.04,13.1
10.8,9.98,9.6
14.5,9.23,10.8
15.0,12.875,14.5
14.0,12.05,15.0
13.9,11.984,14.0
11.4,11.664,13.9
8.6,8.805,11.4
10.5,9.516,8.6
10.9,11.1,10.5
10.6,9.68,10.9
10.4,9.51,10.6
10.6,11.09,10.4
8.3,9.56,10.6
10.1,8.195,8.3
8.1,10.06,10.1
9.3,8.414,8.1
12.3,10.22,9.3
13.3,10.66,12.3
10.9,12.03,13.3
8.6,8.57,10.9
10.3,9.734,8.6
13.3,9.72,10.3
11.9,12.45,13.3
12.2,8.73,11.9
13.7,11.375,12.2
12.8,10.89,13.7
11.3,10.24,12.8
9.7,8.45,11.3
6.2,7.555,9.7
9.7,4.74,6.2
8.6,10.06,9.7
7.9,7.9,8.6
6.0,7.285,7.9
5.6,6.445,6.0
6.4,6.598,5.6
2.4,5.414,6.4
0.19999981,2.254,2.4
-1.1000004,0.758,0.2
-2.5,-0.2422,-1.1
7.9,2.023,-2.5
12.1,9.19,7.9
13.2,10.4,12.1
11.1,11.23,13.2
7.8,8.07,11.1
6.3,5.72,7.8
3.1999998,4.758,6.3
1.8000002,3.309,3.2
-1.1999998,1.3125,1.8
0.0,-0.1875,-1.2
0.8999996,0.5938,0.0
3.9,1.484,0.9
3.8000002,5.848,3.9
7.5,6.027,3.8
6.1000004,8.69,7.5
9.3,6.94,6.1
9.4,8.25,9.3
2.6000004,8.77,9.4
3.1,3.0,2.6
5.2,3.77,3.1
4.0,5.324,5.2
3.5,4.254,4.0
8.0,5.32,3.5
5.4,8.63,8.0
7.6,4.652,5.4
6.4,8.484,7.6
8.4,5.184,6.4
11.5,8.266,8.4
7.8,8.87,11.5
6.6,6.645,7.8
12.2,6.727,6.6
7.9,9.68,12.2
6.9,5.758,7.9
10.3,8.05,6.9
10.7,8.5,10.3
7.9,9.61,10.7
9.2,6.14,7.9
10.9,9.44,9.2
7.2,8.375,10.9
8.2,6.53,7.2
11.6,9.01,8.2
10.5,10.41,11.6
7.8,8.66,10.5
9.1,7.234,7.8
10.7,9.234,9.1
9.1,8.84,10.7
9.8,9.44,9.1
10.2,9.06,9.8
9.3,9.26,10.2
9.5,10.27,9.3
9.2,7.703,9.5
11.5,9.91,9.2
10.0,10.555,11.5
8.3,9.69,10.0
7.4,7.51,8.3
10.4,8.03,7.4
10.7,10.37,10.4
7.2,9.875,10.7
4.2,6.36,7.2
5.8,6.125,4.2
11.4,6.883,5.8
9.5,10.5,11.4
4.7,8.61,9.5
5.3,4.887,4.7
10.0,8.18,5.3
8.2,9.54,10.0
7.3,6.47,8.2
4.7,7.594,7.3
4.8,4.26,4.7
7.2,5.914,4.8
5.2,7.484,7.2
4.7,4.152,5.2
5.8,5.832,4.7
5.9,5.582,5.8
8.3,6.6,5.9
11.7,8.78,8.3
10.8,10.84,11.7
9.3,9.555,10.8
7.0,7.81,9.3
7.1,7.758,7.0
7.2,5.76,7.1
10.7,8.36,7.2
10.7,10.805,10.7
8.1,10.85,10.7
5.8,7.58,8.1
5.0,6.336,5.8
6.2,6.07,5.0
8.7,7.03,6.2
8.7,9.58,8.7
9.0,8.86,8.7
9.7,10.18,9.0
8.3,9.53,9.7
7.1,7.258,8.3
7.2,8.86,7.1
5.1,6.395,7.2
8.3,5.73,5.1
12.0,9.59,8.3
12.8,11.34,12.0
14.0,11.88,12.8
11.2,13.83,14.0
12.0,10.734,11.2
10.9,10.73,12.0
12.0,11.46,10.9
11.9,12.34,12.0
8.0,9.055,11.9
9.5,8.82,8.0
11.4,9.7,9.5
12.5,11.24,11.4
9.8,12.14,12.5
10.8,9.67,9.8
9.9,11.76,10.8
8.7,8.94,9.9
10.6,9.414,8.7
10.8,11.836,10.6
6.4,9.734,10.8
6.0,5.668,6.4
7.4,7.926,6.0
7.5,7.797,7.4
7.6,7.047,7.5
9.2,9.734,7.6
9.6,10.09,9.2
11.5,10.0,9.6
10.7,12.37,11.5
12.1,11.07,10.7
13.3,12.445,12.1
13.2,13.59,13.3
14.6,13.13,13.2
17.0,13.56,14.6
18.9,16.12,17.0
20.8,17.39,18.9
21.7,19.23,20.8
22.2,19.12,21.7
20.8,19.28,22.2
17.0,18.4,20.8
13.7,14.19,17.0
14.6,12.97,13.7
12.1,14.69,14.6
8.7,11.89,12.1
8.3,9.22,8.7
9.3,9.43,8.3
11.0,12.08,9.3
12.0,12.01,11.0
13.4,13.34,12.0
11.0,12.05,13.4
10.9,11.75,11.0
11.1,11.32,10.9
12.8,12.05,11.1
15.4,14.04,12.8
17.8,15.11,15.4
14.2,16.5,17.8
14.5,13.47,14.2
14.8,15.28,14.5
17.3,15.7,14.8
17.3,17.5,17.3
14.9,16.73,17.3
12.7,14.53,14.9
14.0,13.58,12.7
13.6,14.99,14.0
14.6,14.85,13.6
14.0,15.66,14.6
15.1,14.234,14.0
13.4,15.41,15.1
15.4,14.01,13.4
15.7,16.2,15.4
15.5,16.38,15.7
13.5,14.24,15.5
12.8,13.414,13.5
14.4,14.41,12.8
13.9,14.28,14.4
13.4,14.6,13.9
13.5,13.586,13.4
14.7,14.74,13.5
16.0,15.23,14.7
14.9,16.16,16.0
16.9,14.84,14.9
18.7,17.36,16.9
20.8,19.34,18.7
21.3,20.22,20.8
18.1,20.75,21.3
16.3,17.42,18.1
16.8,16.72,16.3
19.0,17.45,16.8
23.4,20.06,19.0
24.5,22.67,23.4
25.7,21.81,24.5
26.1,24.22,25.7
24.7,23.31,26.1
22.2,22.88,24.7
19.5,20.38,22.2
18.4,19.12,19.5
17.9,18.94,18.4
17.5,18.56,17.9
18.7,17.95,17.5
21.2,18.7,18.7
24.600002,21.38,21.2
26.8,23.33,24.6
23.6,23.95,26.8
19.8,20.72,23.6
22.1,19.61,19.8
20.1,22.69,22.1
18.3,19.1,20.1
19.0,18.1,18.3
18.0,18.84,19.0
18.4,18.78,18.0
19.8,18.5,18.4
23.7,20.23,19.8
27.3,22.81,23.7
24.0,24.22,27.3
18.8,20.31,24.0
19.1,17.8,18.8
22.6,20.47,19.1
25.5,22.19,22.6
21.2,24.0,25.5
18.7,19.17,21.2
20.6,19.48,18.7
22.6,19.56,20.6
24.4,22.4,22.6
24.3,22.9,24.4
25.0,21.77,24.3
25.3,23.69,25.0
24.8,23.78,25.3
23.5,22.44,24.8
20.2,21.05,23.5
18.2,18.55,20.2
19.3,18.62,18.2
18.1,19.47,19.3
20.3,19.03,18.1
22.5,20.81,20.3
23.4,22.2,22.5
20.2,21.22,23.4
20.4,19.53,20.2
18.6,19.88,20.4
20.3,18.2,18.6
21.8,20.3,20.3
23.1,21.28,21.8
22.4,21.72,23.1
23.2,22.19,22.4
22.3,22.03,23.2
23.1,20.23,22.3
23.1,22.25,23.1
21.4,22.03,23.1
19.9,19.66,21.4
21.0,20.64,19.9
20.0,20.44,21.0
18.4,20.06,20.0
15.7,17.11,18.4
16.4,15.77,15.7
17.3,18.03,16.4
16.2,17.45,17.3
17.6,17.81,16.2
15.9,16.72,17.6
14.2,16.34,15.9
14.9,14.17,14.2
15.0,14.97,14.9
16.2,15.016,15.0
17.0,17.9,16.2
17.7,16.98,17.0
15.8,16.56,17.7
17.5,16.83,15.8
15.6,17.55,17.5
14.7,15.36,15.6
14.8,14.2,14.7
14.5,15.984,14.8
15.3,15.3,14.5
15.3,15.34,15.3
14.4,14.61,15.3
15.5,15.97,14.4
15.1,14.4,15.5
15.7,16.56,15.1
14.2,14.55,15.7
13.5,14.05,14.2
14.4,14.48,13.5
13.4,15.336,14.4
12.0,12.03,13.4
13.6,12.81,12.0
15.6,14.86,13.6
10.9,13.734,15.6
10.9,11.05,10.9
14.1,13.125,10.9
15.9,14.766,14.1
15.2,14.08,15.9
16.6,15.1,15.2
15.5,15.95,16.6
13.4,14.91,15.5
14.5,12.47,13.4
17.2,14.7,14.5
17.6,16.06,17.2
17.7,16.53,17.6
15.9,16.39,17.7
17.4,15.31,15.9
16.1,16.66,17.4
15.4,15.555,16.1
16.5,14.97,15.4
15.8,16.3,16.5
14.2,14.125,15.8
16.8,14.016,14.2
15.4,16.81,16.8
12.1,13.75,15.4
11.2,10.695,12.1
11.1,13.016,11.2
10.3,11.164,11.1
14.0,11.62,10.3
17.3,14.74,14.0
13.3,15.984,17.3
17.3,11.55,13.3
16.1,16.16,17.3
14.1,13.234,16.1
14.6,13.86,14.1
12.9,13.24,14.6
9.2,10.99,12.9
7.5,8.336,9.2
8.7,6.49,7.5
8.4,9.89,8.7
8.5,10.47,8.4
2.6999998,7.445,8.5
2.1999998,4.027,2.7
4.6,3.816,2.2
6.2,6.61,4.6
6.6,6.09,6.2
8.5,6.78,6.6
15.0,10.33,8.5
11.4,13.51,15.0
8.7,8.984,11.4
9.6,8.46,8.7
12.0,11.0,9.6
12.2,10.93,12.0
6.6,10.86,12.2
2.6999998,5.47,6.6
1.1999998,3.547,2.7
4.3,3.465,1.2
9.2,6.43,4.3
9.6,9.305,9.2
10.2,8.266,9.6
10.1,9.59,10.2
10.2,8.664,10.1
8.5,8.414,10.2
8.6,7.434,8.5
8.8,7.5,8.6
7.6,8.41,8.8
7.4,5.664,7.6
10.3,8.51,7.4
11.7,9.9,10.3
12.3,10.664,11.7
8.9,10.24,12.3
0.6000004,6.906,8.9
-3.0,1.672,0.6
-1.6999998,-1.984,-3.0
-0.6999998,-0.01563,-1.7
3.5,-0.3203,-0.7
5.6,6.895,3.5
1.6000004,4.98,5.6
3.4,1.57,1.6
2.2999997,5.26,3.4
0.5,2.375,2.3
0.19999981,1.297,0.5
3.8000002,0.5703,0.2
5.4,4.445,3.8
4.4,4.812,5.4
7.5,5.44,4.4
10.0,6.777,7.5
11.7,9.234,10.0
12.7,9.94,11.7
11.6,10.63,12.7
9.6,8.83,11.6
6.4,7.375,9.6
2.1999998,4.52,6.4
-0.19999981,0.9453,2.2
-1.0,0.02344,-0.2
-1.1999998,-1.281,-1.0
7.8,1.836,-1.2
9.1,9.37,7.8
8.9,7.742,9.1
8.3,7.945,8.9
6.1000004,6.156,8.3
6.7,5.016,6.1
7.1,8.26,6.7
7.3,6.156,7.1
10.3,8.35,7.3
9.7,9.164,10.3
10.0,10.28,9.7
7.0,7.445,10.0
8.8,6.14,7.0
10.0,8.87,8.8
9.4,8.31,10.0
9.6,7.43,9.4
10.0,9.8,9.6
7.3,8.47,10.0
5.0,6.438,7.3
7.5,4.926,5.0
7.1,8.56,7.5
6.0,6.97,7.1
4.9,6.016,6.0
7.0,6.824,4.9
7.7,6.367,7.0
8.6,7.875,7.7
3.1,7.8,8.6
-0.39999962,3.453,3.1
-0.6000004,-0.08594,-0.4
3.4,0.4297,-0.6
3.0,4.445,3.4
4.9,3.395,3.0
1.0,5.492,4.9
3.6,0.992,1.0
2.4,5.664,3.6
2.1999998,3.281,2.4
1.8999996,3.79,2.2
-0.19999981,1.43,1.9
2.6999998,1.75,-0.2
4.7,3.918,2.7
5.5,5.613,4.7
5.7,6.21,5.5
5.8,5.336,5.7
6.5,4.863,5.8
9.4,7.14,6.5
6.1000004,9.06,9.4
3.9,4.562,6.1
2.2999997,3.223,3.9
6.1000004,3.473,2.3
8.1,6.94,6.1
6.9,7.973,8.1
2.9,6.82,6.9
0.3000002,2.535,2.9
-0.3000002,0.797,0.3
1.3999996,0.0781,-0.3
5.9,3.008,1.4
9.2,6.363,5.9
8.1,8.875,9.2
6.0,7.523,8.1
4.6,5.004,6.0
4.7,5.293,4.6
5.3,5.254,4.7
5.7,5.344,5.3
5.3,6.152,5.7
4.5,3.84,5.3
5.5,6.44,4.5
6.4,5.74,5.5
4.9,5.957,6.4
3.5,4.2,4.9
3.8000002,2.84,3.5
8.7,6.215,3.8
8.2,8.69,8.7
4.4,7.18,8.2
3.3000002,4.15,4.4
3.4,3.496,3.3
4.9,4.74,3.4
7.5,7.08,4.9
6.0,6.707,7.5
6.3,5.32,6.0
7.9,7.46,6.3
8.5,6.984,7.9
10.1,9.03,8.5
9.9,9.305,10.1
12.2,9.67,9.9
13.8,10.98,12.2
15.2,13.336,13.8
13.5,13.84,15.2
10.7,11.32,13.5
5.4,9.44,10.7
4.1,4.727,5.4
5.3,5.113,4.1
5.2,6.223,5.3
5.1,5.277,5.2
5.4,6.79,5.1
3.1999998,6.086,5.4
3.6999998,3.316,3.2
5.0,4.402,3.7
4.4,6.6,5.0
6.8,4.86,4.4
8.5,8.375,6.8
10.2,9.45,8.5
10.5,9.08,10.2
10.0,11.24,10.5
11.8,9.75,10.0
12.8,11.2,11.8
11.8,12.59,12.8
11.2,11.586,11.8
13.0,11.49,11.2
12.1,11.805,13.0
11.0,11.47,12.1
10.7,11.016,11.0
12.9,9.38,10.7
14.3,13.22,12.9
14.2,13.38,14.3
12.0,12.74,14.2
11.0,11.35,12.0
10.0,10.016,11.0
9.5,9.414,10.0
11.5,10.945,9.5
13.5,12.06,11.5
13.6,13.125,13.5
11.7,12.56,13.6
10.6,11.34,11.7
9.5,10.39,10.6
9.4,9.37,9.5
9.6,9.77,9.4
9.5,10.305,9.6
10.6,10.414,9.5
8.8,12.25,10.6
12.1,9.305,8.8
10.1,12.84,12.1
9.3,10.04,10.1
9.0,9.66,9.3
9.1,10.12,9.0
9.3,9.72,9.1
10.6,9.96,9.3
10.7,12.305,10.6
11.3,12.086,10.7
9.5,11.055,11.3
11.5,10.836,9.5
13.0,12.7,11.5
10.0,11.65,13.0
10.8,11.164,10.0
11.6,11.69,10.8
11.7,12.33,11.6
14.0,12.766,11.7
14.2,14.25,14.0
13.2,13.66,14.2
13.3,13.38,13.2
13.6,13.62,13.3
14.1,13.27,13.6
17.3,14.31,14.1
20.3,17.58,17.3
14.7,18.39,20.3
12.6,13.82,14.7
12.2,13.375,12.6
14.2,13.17,12.2
17.8,15.625,14.2
21.6,18.27,17.8
23.8,20.69,21.6
23.0,21.64,23.8
14.8,20.2,23.0
17.5,14.1,14.8
19.2,19.12,17.5
19.1,18.28,19.2
18.0,19.72,19.1
17.6,16.69,18.0
18.8,18.6,17.6
20.2,19.12,18.8
22.0,20.4,20.2
22.2,21.4,22.0
22.1,21.19,22.2
20.1,21.6,22.1
18.6,17.62,20.1
16.9,18.92,18.6
15.0,16.27,16.9
15.6,16.17,15.0
16.1,16.25,15.6
17.1,16.25,16.1
16.1,18.05,17.1
17.9,16.42,16.1
17.8,18.03,17.9
17.1,18.28,17.8
15.2,16.77,17.1
15.7,15.33,15.2
15.3,15.95,15.7
15.9,16.28,15.3
16.3,17.05,15.9
14.7,16.53,16.3
13.7,15.086,14.7
13.6,14.56,13.7
15.4,14.56,13.6
14.9,16.98,15.4
18.2,15.484,14.9
17.7,18.98,18.2
17.5,16.36,17.7
19.9,18.12,17.5
21.3,19.95,19.9
22.0,21.11,21.3
21.2,21.52,22.0
21.5,20.86,21.2
22.4,21.44,21.5
22.4,22.17,22.4
23.2,22.16,22.4
23.9,22.77,23.2
25.8,23.36,23.9
21.2,23.53,25.8
18.5,19.78,21.2
19.6,18.38,18.5
21.1,20.6,19.6
20.8,21.1,21.1
19.3,19.9,20.8
19.7,19.31,19.3
18.9,19.66,19.7
19.0,18.72,18.9
19.6,19.28,19.0
17.9,18.72,19.6
18.5,17.36,17.9
21.3,19.42,18.5
19.4,20.78,21.3
18.9,19.66,19.4
16.6,17.56,18.9
17.6,17.94,16.6
19.3,18.28,17.6
17.7,19.06,19.3
18.2,18.23,17.7
17.3,18.06,18.2
18.6,18.06,17.3
19.4,19.06,18.6
20.4,20.16,19.4
21.4,20.28,20.4
22.5,21.53,21.4
23.5,21.38,22.5
23.0,22.12,23.5
19.7,21.02,23.0
18.2,18.58,19.7
18.1,17.62,18.2
18.6,18.92,18.1
17.0,18.5,18.6
16.5,16.47,17.0
15.2,16.22,16.5
14.6,15.34,15.2
14.0,14.64,14.6
15.1,15.21,14.0
15.2,15.25,15.1
15.8,16.2,15.2
15.3,15.21,15.8
15.6,15.9,15.3
16.8,16.19,15.6
19.8,17.4,16.8
19.3,20.34,19.8
18.2,18.97,19.3
17.0,17.52,18.2
15.6,17.22,17.0
16.3,16.06,15.6
15.6,16.56,16.3
15.1,16.28,15.6
13.7,14.11,15.1
12.8,14.67,13.7
12.2,12.99,12.8
14.6,13.7,12.2
15.7,15.766,14.6
16.5,16.06,15.7
14.3,17.56,16.5
11.6,13.05,14.3
12.7,12.125,11.6
13.5,12.87,12.7
13.6,14.125,13.5
12.9,12.97,13.6
12.5,12.5,12.9
14.7,14.0,12.5
13.6,14.03,14.7
15.7,14.375,13.6
13.7,14.4,15.7
16.5,14.04,13.7
15.8,16.08,16.5
13.1,14.38,15.8
13.0,12.85,13.1
12.9,12.414,13.0
13.8,14.234,12.9
10.3,12.766,13.8
9.7,10.02,10.3
11.6,10.76,9.7
13.7,12.21,11.6
12.4,13.28,13.7
11.2,10.43,12.4
10.5,12.53,11.2
13.1,10.85,10.5
16.8,13.71,13.1
15.3,15.53,16.8
11.0,13.44,15.3
10.3,9.84,11.0
8.9,10.86,10.3
13.2,9.48,8.9
13.6,14.375,13.2
14.3,11.96,13.6
16.3,14.78,14.3
15.0,13.4,16.3
14.1,13.25,15.0
15.0,13.5,14.1
14.5,15.1,15.0
13.1,13.086,14.5
14.6,12.62,13.1
14.9,13.19,14.6
10.5,13.68,14.9
7.9,9.48,10.5
11.4,8.67,7.9
14.0,13.59,11.4
14.1,12.12,14.0
14.4,12.86,14.1
13.6,13.66,14.4
10.9,11.586,13.6
13.6,9.25,10.9
11.6,13.13,13.6
8.6,9.62,11.6
9.1,8.74,8.6
8.7,9.87,9.1
7.1,7.91,8.7
9.2,7.02,7.1
7.3,9.55,9.2
4.5,6.676,7.3
4.1,5.598,4.5
3.6999998,4.477,4.1
3.9,3.8,3.7
4.6,5.53,3.9
7.3,4.8,4.6
6.3,9.29,7.3
2.7999997,5.55,6.3
1.0,3.441,2.8
3.9,2.172,1.0
4.6,6.8,3.9
10.1,7.445,4.6
6.4,8.85,10.1
5.6,5.656,6.4
4.8,4.523,5.6
11.0,6.465,4.8
10.6,10.63,11.0
9.3,7.305,10.6
8.8,10.55,9.3
9.9,7.53,8.8
6.7,8.234,9.9
4.1,4.973,6.7
6.2,3.043,4.1
6.8,6.465,6.2
5.6,5.332,6.8
1.5,6.016,5.6
2.0999994,1.211,1.5
0.6999998,3.223,2.1
2.6999998,0.7188,0.7
5.7,5.445,2.7
2.4,5.42,5.7
0.6999998,1.961,2.4
0.8999996,3.688,0.7
8.2,1.867,0.9
7.7,8.29,8.2
9.4,7.35,7.7
7.8,8.6,9.4
7.0,5.727,7.8
6.1000004,5.645,7.0
5.0,5.13,6.1
-0.6000004,4.15,5.0
-0.39999962,-0.742,-0.6
-3.3000002,0.2031,-0.4
-4.2,-3.008,-3.3
-1.6000004,0.2812,-4.2
-6.3999996,-1.82,-1.6
-2.6000004,-6.36,-6.4
-4.3999996,1.797,-2.6
-7.199999,-4.195,-4.4
-8.1,-7.297,-7.2
-4.5,-6.11,-8.1
-0.19999981,-3.258,-4.5
-1.3999996,-0.1562,-0.2
-1.1000004,-1.984,-1.4
-4.3999996,-0.6562,-1.1
-3.8000002,-4.758,-4.4
0.10000038,-1.375,-3.8
1.6999998,0.3047,0.1
2.2999997,1.906,1.7
3.9,3.008,2.3
2.9,4.457,3.9
2.6000004,2.262,2.9
4.6,4.113,2.6
5.5,4.824,4.6
8.1,6.68,5.5
6.9,7.99,8.1
8.1,5.535,6.9
5.0,6.62,8.1
5.1,5.285,5.0
9.3,3.918,5.1
6.3,7.883,9.3
8.7,6.65,6.3
9.7,8.336,8.7
5.2,7.47,9.7
2.6999998,4.098,5.2
3.9,2.926,2.7
1.1999998,3.84,3.9
1.3000002,1.57,1.2
-0.19999981,1.508,1.3
1.1999998,0.3281,-0.2
4.0,2.422,1.2
5.0,4.613,4.0
6.7,5.2,5.0
8.6,7.08,6.7
6.6,7.273,8.6
6.9,6.35,6.6
6.5,6.805,6.9
5.5,6.12,6.5
9.4,7.65,5.5
8.8,8.82,9.4
11.4,9.54,8.8
8.0,9.8,11.4
10.8,5.902,8.0
6.2,10.055,10.8
5.8,4.93,6.2
9.3,6.676,5.8
9.9,9.086,9.3
9.2,8.45,9.9
8.8,9.39,9.2
9.8,8.25,8.8
9.6,8.98,9.8
11.1,9.35,9.6
12.1,11.305,11.1
12.1,11.21,12.1
9.1,11.55,12.1
7.9,7.957,9.1
9.7,8.31,7.9
11.2,10.58,9.7
11.3,9.66,11.2
12.4,11.28,11.3
10.9,11.45,12.4
10.1,9.3,10.9
11.9,10.66,10.1
10.2,10.016,11.9
10.4,10.38,10.2
10.3,10.414,10.4
11.5,9.91,10.3
11.3,11.56,11.5
9.3,11.03,11.3
7.9,8.36,9.3
10.3,9.27,7.9
11.5,10.914,10.3
10.1,9.586,11.5
9.2,10.07,10.1
10.2,9.46,9.2
8.6,9.87,10.2
7.4,7.43,8.6
8.2,8.016,7.4
8.1,8.92,8.2
8.5,8.02,8.1
9.5,9.914,8.5
10.6,10.18,9.5
11.1,11.12,10.6
12.6,10.65,11.1
9.3,11.14,12.6
7.6,7.83,9.3
8.5,8.336,7.6
10.1,9.45,8.5
12.0,10.47,10.1
12.4,12.03,12.0
10.3,11.7,12.4
9.2,9.43,10.3
9.6,8.98,9.2
12.1,11.28,9.6
10.5,12.16,12.1
12.5,9.836,10.5
13.5,13.195,12.5
14.7,12.734,13.5
13.3,13.984,14.7
8.7,11.8,13.3
9.0,8.2,8.7
11.3,9.85,9.0
11.1,11.914,11.3
9.7,9.78,11.1
9.2,10.72,9.7
10.5,8.57,9.2
9.3,11.49,10.5
7.5,8.2,9.3
7.7,8.055,7.5
8.6,8.19,7.7
10.0,9.64,8.6
10.8,10.22,10.0
10.3,11.18,10.8
12.1,11.24,10.3
13.3,12.9,12.1
14.1,13.75,13.3
13.2,13.38,14.1
13.7,13.26,13.2
16.0,14.734,13.7
18.8,16.06,16.0
16.3,17.7,18.8
14.8,13.98,16.3
13.5,14.26,14.8
8.5,13.234,13.5
6.6,8.336,8.5
9.4,7.656,6.6
11.4,11.734,9.4
12.3,12.07,11.4
12.6,13.234,12.3
11.9,11.58,12.6
12.9,12.68,11.9
14.5,13.28,12.9
15.3,15.65,14.5
17.2,14.9,15.3
16.6,16.88,17.2
17.0,15.26,16.6
17.1,16.94,17.0
13.4,16.34,17.1
14.0,13.28,13.4
14.5,14.6,14.0
15.9,14.69,14.5
14.6,15.58,15.9
16.7,15.266,14.6
17.9,16.77,16.7
18.8,17.83,17.9
16.0,17.66,18.8
18.6,16.4,16.0
20.8,19.03,18.6
19.7,19.78,20.8
15.6,18.33,19.7
13.8,15.08,15.6
14.6,14.08,13.8
18.9,15.84,14.6
17.3,19.56,18.9
21.0,16.38,17.3
18.2,20.8,21.0
16.8,16.75,18.2
17.6,16.62,16.8
19.6,18.69,17.6
17.8,18.81,19.6
18.0,17.58,17.8
16.5,18.05,18.0
16.0,16.77,16.5
16.0,15.91,16.0
15.7,16.72,16.0
16.2,15.266,15.7
17.2,16.58,16.2
15.0,17.16,17.2
14.4,15.266,15.0
15.1,15.06,14.4
14.2,14.836,15.1
15.0,15.234,14.2
15.4,16.23,15.0
14.1,15.49,15.4
13.8,14.625,14.1
13.9,14.01,13.8
14.5,14.81,13.9
13.6,15.39,14.5
13.8,13.75,13.6
14.6,14.32,13.8
14.2,15.16,14.6
14.4,15.125,14.2
14.8,14.8,14.4
16.6,15.484,14.8
17.7,17.72,16.6
20.0,18.22,17.7
21.7,20.56,20.0
21.8,21.48,21.7
21.4,20.94,21.8
19.1,21.14,21.4
18.9,17.88,19.1
19.5,18.75,18.9
18.7,20.23,19.5
19.6,17.62,18.7
18.9,20.66,19.6
18.3,18.1,18.9
17.7,18.75,18.3
18.9,18.58,17.7
20.0,19.52,18.9
20.6,19.84,20.0
22.0,20.28,20.6
22.8,21.88,22.0
19.4,21.28,22.8
18.0,18.3,19.4
20.4,18.56,18.0
20.7,20.22,20.4
21.3,19.61,20.7
22.0,21.12,21.3
18.5,20.44,22.0
17.1,17.88,18.5
18.5,18.16,17.1
21.4,19.19,18.5
24.1,21.34,21.4
20.4,22.48,24.1
19.9,19.28,20.4
21.2,20.0,19.9
21.0,21.6,21.2
24.2,19.78,21.0
25.5,23.1,24.2
24.9,22.66,25.5
21.7,21.06,24.9
23.2,21.16,21.7
22.2,23.28,23.2
22.8,20.22,22.2
23.2,22.11,22.8
22.2,21.53,23.2
21.0,19.9,22.2
22.3,20.53,21.0
23.1,21.72,22.3
24.1,21.38,23.1
22.5,22.72,24.1
23.1,20.66,22.5
22.1,22.78,23.1
22.3,21.34,22.1
19.6,21.23,22.3
17.6,18.31,19.6
17.9,18.6,17.6
16.0,17.9,17.9
17.2,15.95,16.0
19.4,18.28,17.2
18.5,18.5,19.4
16.1,16.88,18.5
16.0,17.33,16.1
17.1,16.12,16.0
17.3,17.55,17.1
16.4,17.45,17.3
15.2,15.34,16.4
14.7,15.91,15.2
15.7,15.45,14.7
15.1,15.92,15.7
16.4,16.66,15.1
16.8,16.4,16.4
15.1,17.27,16.8
12.8,15.48,15.1
12.1,12.914,12.8
13.4,13.06,12.1
15.6,14.805,13.4
18.2,16.72,15.6
20.3,18.98,18.2
20.6,19.66,20.3
20.4,20.28,20.6
18.0,19.16,20.4
18.0,16.78,18.0
18.0,17.88,18.0
17.8,17.9,18.0
18.4,17.81,17.8
16.9,18.66,18.4
17.1,16.47,16.9
17.6,17.55,17.1
18.5,17.78,17.6
18.1,18.17,18.5
17.9,18.05,18.1
17.0,18.06,17.9
16.1,15.83,17.0
15.4,15.93,16.1
15.4,14.91,15.4
17.2,16.19,15.4
16.5,16.98,17.2
17.8,15.84,16.5
19.2,17.53,17.8
16.3,17.69,19.2
13.8,14.32,16.3
13.0,15.39,13.8
10.2,12.92,13.0
9.2,10.086,10.2
13.6,11.29,9.2
13.7,13.44,13.6
15.2,13.91,13.7
17.7,14.95,15.2
16.6,16.72,17.7
17.2,15.805,16.6
13.8,16.08,17.2
13.1,12.44,13.8
12.4,12.83,13.1
8.3,11.03,12.4
7.6,7.96,8.3
9.2,7.64,7.6
9.7,9.68,9.2
4.6,9.945,9.7
3.1,4.863,4.6
4.0,4.773,3.1
5.7,7.312,4.0
4.7,6.465,5.7
4.6,3.734,4.7
7.4,6.004,4.6
13.8,10.8,7.4
12.0,13.02,13.8
11.4,10.89,12.0
11.4,10.69,11.4
11.4,11.63,11.4
9.4,9.625,11.4
9.2,9.28,9.4
8.4,7.89,9.2
6.5,6.992,8.4
6.7,5.062,6.5
9.8,8.055,6.7
14.3,10.89,9.8
12.9,12.04,14.3
12.5,10.35,12.9
13.2,11.74,12.5
12.6,10.69,13.2
10.3,10.734,12.6
8.4,8.23,10.3
5.5,6.78,8.4
6.2,4.824,5.5
7.1,8.305,6.2
10.0,6.6,7.1
10.3,10.19,10.0
11.1,9.71,10.3
12.7,10.75,11.1
10.0,10.88,12.7
9.0,7.9,10.0
8.0,7.99,9.0
5.5,9.27,8.0
2.2999997,5.105,5.5
1.3999996,3.09,2.3
1.6000004,2.7,1.4
-0.8999996,1.508,1.6
2.7999997,-0.3906,-0.9
9.9,7.0,2.8
9.7,9.79,9.9
13.1,9.68,9.7
12.8,11.734,13.1
7.7,10.22,12.8
5.3,5.58,7.7
3.8000002,4.75,5.3
3.4,3.523,3.8
1.1000004,4.285,3.4
3.8000002,1.305,1.1
10.0,7.617,3.8
9.1,8.01,10.0
9.3,7.836,9.1
7.9,8.18,9.3
6.0,6.863,7.9
10.6,5.258,6.0
12.5,9.984,10.6
12.5,9.78,12.5
9.5,11.08,12.5
6.9,6.523,9.5
4.0,5.246,6.9
7.1,4.664,4.0
9.3,8.25,7.1
8.6,8.555,9.3
7.3,8.375,8.6
10.8,8.195,7.3
11.2,8.98,10.8
8.9,10.26,11.2
9.3,7.21,8.9
11.1,9.11,9.3
11.5,10.766,11.1
11.3,9.43,11.5
9.4,9.664,11.3
8.7,7.582,9.4
9.7,8.305,8.7
11.3,9.52,9.7
11.4,9.82,11.3
8.9,10.34,11.4
10.9,7.195,8.9
8.6,10.125,10.9
5.8,6.836,8.6
8.6,7.32,5.8
8.4,9.01,8.6
3.0,7.164,8.4
1.8000002,3.668,3.0
0.5,3.852,1.8
1.5,1.141,0.5
2.5,3.105,1.5
1.3000002,2.746,2.5
1.0,1.625,1.3
-1.1999998,0.7266,1.0
-1.6999998,-1.484,-1.2
-0.39999962,-0.7734,-1.7
-0.5,0.3281,-0.4
0.8999996,-0.3281,-0.5
0.39999962,3.402,0.9
-1.3000002,0.1484,0.4
0.19999981,-0.125,-1.3
1.3999996,2.46,0.2
2.6000004,1.805,1.4
3.1999998,5.047,2.6
5.6,2.996,3.2
2.0000005,7.36,5.6
5.5,3.227,2.0
6.5,6.28,5.5
6.8,7.336,6.5
8.2,7.0,6.8
8.2,8.5,8.2
7.2,8.49,8.2
8.8,7.387,7.2
10.7,10.29,8.8
7.9,9.055,10.7
6.5,6.4,7.9
9.6,8.81,6.5
10.5,9.336,9.6
9.3,10.03,10.5
6.5,8.75,9.3
7.4,5.64,6.5
10.1,8.56,7.4
9.2,8.36,10.1
9.6,9.695,9.2
9.2,9.26,9.6
7.9,8.53,9.2
6.9,6.14,7.9
9.3,7.863,6.9
13.6,9.3,9.3
12.6,12.22,13.6
9.2,11.62,12.6
10.7,8.19,9.2
11.9,10.48,10.7
9.1,10.42,11.9
6.0,8.44,9.1
4.6,4.637,6.0
7.7,7.453,4.6
6.1000004,8.19,7.7
7.2,6.188,6.1
9.4,8.234,7.2
8.0,8.62,9.4
8.3,8.83,8.0
8.1,7.516,8.3
8.8,9.59,8.1
8.4,8.62,8.8
8.3,8.27,8.4
8.2,8.38,8.3
9.0,8.62,8.2
7.3,8.05,9.0
5.7,7.0,7.3
6.2,6.027,5.7
9.5,8.63,6.2
12.1,10.05,9.5
13.3,11.29,12.1
14.0,13.33,13.3
11.9,12.234,14.0
12.6,10.81,11.9
12.8,13.23,12.6
12.2,11.15,12.8
11.4,11.34,12.2
10.4,11.33,11.4
9.6,9.2,10.4
9.1,10.305,9.6
8.7,8.086,9.1
9.1,9.34,8.7
7.8,9.2,9.1
5.6,8.71,7.8
6.0,6.21,5.6
3.9,7.305,6.0
3.8000002,4.74,3.9
6.2,5.18,3.8
6.2,7.492,6.2
7.0,6.68,6.2
6.3,9.21,7.0
7.3,6.555,6.3
9.5,7.668,7.3
10.8,11.07,9.5
12.1,9.78,10.8
13.2,12.1,12.1
11.2,12.59,13.2
12.2,10.53,11.2
11.9,12.805,12.2
11.4,10.74,11.9
8.7,10.72,11.4
10.1,9.06,8.7
11.7,11.2,10.1
11.6,11.64,11.7
10.1,11.734,11.6
10.1,10.45,10.1
10.2,10.12,10.1
10.9,10.68,10.2
11.8,11.195,10.9
12.3,12.49,11.8
15.0,12.78,12.3
18.0,14.67,15.0
17.9,17.12,18.0
19.5,16.84,17.9
20.0,17.78,19.5
19.7,16.53,20.0
19.5,18.16,19.7
20.5,18.92,19.5
20.3,19.1,20.5
20.2,17.88,20.3
18.3,18.94,20.2
19.1,18.22,18.3
19.7,17.84,19.1
19.2,18.75,19.7
18.8,17.97,19.2
14.4,17.5,18.8
13.9,13.93,14.4
14.6,14.17,13.9
14.0,14.84,14.6
14.6,14.61,14.0
13.1,14.82,14.6
12.9,13.42,13.1
13.8,12.8,12.9
13.9,14.84,13.8
13.7,13.5,13.9
15.5,14.56,13.7
16.0,16.66,15.5
15.5,15.33,16.0
17.3,16.11,15.5
19.5,17.97,17.3
17.9,18.97,19.5
15.3,16.86,17.9
16.0,15.81,15.3
17.1,16.73,16.0
15.1,16.36,17.1
11.9,15.61,15.1
13.0,11.61,11.9
13.2,14.41,13.0
14.6,13.99,13.2
14.6,15.31,14.6
14.1,14.695,14.6
15.6,14.89,14.1
17.8,16.12,15.6
22.5,18.52,17.8
25.399998,22.25,22.5
18.3,20.75,25.4
17.4,17.28,18.3
17.4,18.45,17.4
17.9,18.1,17.4
16.8,17.58,17.9
16.6,17.27,16.8
15.2,17.22,16.6
15.6,15.68,15.2
15.1,16.97,15.6
16.3,15.94,15.1
18.4,17.6,16.3
14.9,18.6,18.4
16.3,15.56,14.9
15.7,16.61,16.3
15.2,16.16,15.7
16.4,15.78,15.2
16.9,16.62,16.4
16.7,16.62,16.9
16.6,16.89,16.7
17.4,16.83,16.6
17.9,17.84,17.4
17.9,17.56,17.9
17.3,18.45,17.9
15.6,16.69,17.3
15.3,15.61,15.6
16.9,16.53,15.3
17.1,17.55,16.9
17.5,17.78,17.1
19.8,18.0,17.5
19.3,19.69,19.8
17.6,18.4,19.3
17.3,17.47,17.6
18.3,17.92,17.3
18.3,18.16,18.3
18.7,18.97,18.3
19.3,19.16,18.7
17.8,19.4,19.3
16.7,17.28,17.8
17.3,16.94,16.7
16.9,17.33,17.3
16.3,16.78,16.9
16.7,16.62,16.3
17.2,15.67,16.7
17.6,18.02,17.2
19.3,18.38,17.6
18.8,17.64,19.3
19.4,19.42,18.8
22.0,19.75,19.4
24.1,21.81,22.0
25.2,23.08,24.1
25.0,23.72,25.2
23.0,22.22,25.0
20.0,21.88,23.0
18.0,18.4,20.0
19.8,18.84,18.0
19.7,20.38,19.8
19.4,18.6,19.7
18.6,19.38,19.4
17.9,18.9,18.6
18.8,18.44,17.9
17.8,18.78,18.8
19.1,18.22,17.8
18.7,19.66,19.1
18.5,17.78,18.7
18.4,18.94,18.5
17.3,17.23,18.4
16.6,18.38,17.3
15.8,16.11,16.6
15.0,15.52,15.8
15.7,16.11,15.0
17.4,16.23,15.7
20.7,18.53,17.4
21.3,20.77,20.7
19.4,19.9,21.3
17.8,17.62,19.4
16.3,17.83,17.8
17.5,17.02,16.3
17.6,17.16,17.5
18.3,17.16,17.6
18.5,17.62,18.3
18.9,18.6,18.5
17.1,17.03,18.9
13.4,16.08,17.1
11.6,13.41,13.4
12.9,12.12,11.6
12.4,14.19,12.9
14.9,12.94,12.4
15.7,16.47,14.9
15.3,14.61,15.7
16.1,15.68,15.3
16.6,16.52,16.1
17.5,16.47,16.6
16.6,16.83,17.5
15.4,16.3,16.6
16.3,15.67,15.4
15.8,15.64,16.3
15.5,15.89,15.8
17.1,16.34,15.5
15.5,15.49,17.1
16.1,15.83,15.5
13.4,15.28,16.1
13.8,14.69,13.4
14.5,14.42,13.8
14.6,13.84,14.5
11.9,13.68,14.6
11.3,12.02,11.9
10.6,11.445,11.3
10.5,10.81,10.6
10.7,11.625,10.5
11.4,11.016,10.7
12.5,11.21,11.4
13.4,12.51,12.5
12.9,13.555,13.4
11.6,12.53,12.9
12.5,10.81,11.6
15.9,13.875,12.5
15.9,15.34,15.9
15.9,14.46,15.9
13.5,14.94,15.9
10.2,12.484,13.5
8.9,9.84,10.2
9.9,9.59,8.9
14.0,11.695,9.9
15.7,14.125,14.0
15.1,14.625,15.7
14.1,13.26,15.1
12.6,14.95,14.1
10.5,10.34,12.6
13.4,10.55,10.5
16.1,14.42,13.4
11.3,14.77,16.1
10.7,9.54,11.3
12.2,11.2,10.7
11.1,13.06,12.2
10.2,10.34,11.1
9.4,11.055,10.2
6.7,8.28,9.4
6.3,6.227,6.7
10.3,8.83,6.3
8.0,10.58,10.3
12.3,7.21,8.0
14.3,12.27,12.3
10.8,11.98,14.3
6.7,9.23,10.8
7.7,7.4,6.7
8.2,6.37,7.7
8.0,9.2,8.2
6.6,6.773,8.0
4.3,5.527,6.6
4.4,5.09,4.3
2.0000005,4.02,4.4
0.5,1.3125,2.0
1.6000004,2.738,0.5
-1.1999998,1.172,1.6
-1.8000002,-0.508,-1.2
-0.8999996,-0.508,-1.8
1.8999996,-1.109,-0.9
6.9,5.434,1.9
7.3,6.008,6.9
10.3,8.04,7.3
8.9,9.95,10.3
4.8,6.605,8.9
3.3000002,4.37,4.8
1.8999996,2.488,3.3
0.10000038,3.473,1.9
0.10000038,-0.1797,0.1
1.6000004,-0.0781,0.1
2.5,2.441,1.6
2.2999997,4.43,2.5
2.0000005,1.961,2.3
6.3,4.05,2.0
7.5,5.59,6.3
8.8,6.195,7.5
8.6,8.64,8.8
13.5,7.28,8.6
10.2,10.27,13.5
12.0,7.113,10.2
8.7,8.98,12.0
8.3,7.07,8.7
6.5,6.555,8.3
10.2,4.64,6.5
8.3,8.4,10.2
6.0,6.58,8.3
2.0999994,5.1,6.0
2.9,2.848,2.1
2.0000005,4.184,2.9
5.5,3.344,2.0
10.5,6.93,5.5
11.3,9.52,10.5
11.5,9.91,11.3
7.3,9.78,11.5
8.4,5.367,7.3
9.7,8.375,8.4
8.8,7.934,9.7
8.1,6.766,8.8
9.2,7.96,8.1
10.6,8.21,9.2
12.6,10.29,10.6
10.0,11.125,12.6
9.6,7.383,10.0
10.3,9.18,9.6
8.0,9.28,10.3
4.3,6.688,8.0
1.0,3.7,4.3
1.5,1.0,1.0
3.3000002,3.023,1.5
6.8,6.395,3.3
7.5,8.28,6.8
8.7,7.18,7.5
9.6,9.61,8.7
6.5,8.99,9.6
6.7,5.59,6.5
10.0,8.11,6.7
9.8,9.07,10.0
8.2,8.96,9.8
6.1000004,6.508,8.2
5.2,5.074,6.1
10.6,4.66,5.2
11.4,9.05,10.6
8.8,9.52,11.4
8.2,8.875,8.8
11.1,8.266,8.2
8.1,10.33,11.1
2.0999994,6.242,8.1
0.5,2.414,2.1
3.9,1.023,0.5
6.6,5.973,3.9
6.0,5.92,6.6
8.8,8.016,6.0
8.7,8.59,8.8
8.3,7.523,8.7
6.7,7.55,8.3
6.4,6.758,6.7
3.1,6.79,6.4
1.6999998,3.367,3.1
1.1999998,1.891,1.7
1.8000002,1.914,1.2
1.8999996,2.441,1.8
1.3999996,0.7656,1.9
7.7,3.273,1.4
7.4,7.992,7.7
7.4,6.49,7.4
10.1,8.484,7.4
10.8,9.33,10.1
11.7,10.016,10.8
10.8,9.75,11.7
7.3,8.91,10.8
6.5,6.18,7.3
11.3,6.32,6.5
7.2,10.37,11.3
7.7,6.773,7.2
7.5,8.34,7.7
7.2,7.03,7.5
10.7,8.68,7.2
11.5,10.71,10.7
7.9,10.43,11.5
6.6,7.72,7.9
4.8,5.89,6.6
3.6,4.3,4.8
5.0,3.523,3.6
8.4,6.36,5.0
8.6,8.13,8.4
8.9,7.67,8.6
12.0,9.195,8.9
12.1,11.734,12.0
11.3,10.23,12.1
11.4,9.875,11.3
9.8,10.22,11.4
9.1,8.79,9.8
10.0,8.875,9.1
9.3,9.82,10.0
8.0,8.39,9.3
7.6,7.46,8.0
8.2,8.2,7.6
7.7,8.23,8.2
9.1,8.67,7.7
11.1,10.234,9.1
10.4,11.34,11.1
7.9,9.6,10.4
7.7,7.137,7.9
8.3,9.19,7.7
11.0,9.6,8.3
13.0,11.375,11.0
13.2,10.77,13.0
12.1,13.31,13.2
10.6,10.47,12.1
13.4,10.94,10.6
13.0,12.98,13.4
14.3,11.97,13.0
12.4,14.03,14.3
11.1,10.43,12.4
11.3,10.234,11.1
11.6,12.05,11.3
10.6,10.766,11.6
9.6,9.43,10.6
11.2,10.97,9.6
9.3,10.71,11.2
6.0,9.99,9.3
5.3,5.812,6.0
5.5,6.305,5.3
7.4,6.516,5.5
7.6,7.246,7.4
7.2,9.13,7.6
11.7,6.82,7.2
12.2,11.086,11.7
11.7,11.26,12.2
10.3,11.41,11.7
10.4,9.195,10.3
10.2,11.09,10.4
12.7,10.8,10.2
14.5,13.53,12.7
15.1,13.09,14.5
14.0,14.34,15.1
14.6,11.516,14.0
16.4,14.61,14.6
18.5,15.39,16.4
18.3,16.94,18.5
16.9,16.28,18.3
13.7,15.44,16.9
16.1,12.79,13.7
14.8,16.17,16.1
13.7,12.516,14.8
16.1,13.67,13.7
15.4,16.39,16.1
13.5,14.02,15.4
13.3,13.5,13.5
12.1,13.58,13.3
13.4,12.586,12.1
13.4,13.76,13.4
13.4,12.7,13.4
12.0,13.89,13.4
13.7,12.2,12.0
13.5,14.875,13.7
12.8,13.695,13.5
14.4,13.36,12.8
15.4,14.69,14.4
14.8,13.96,15.4
15.8,15.81,14.8
14.4,15.53,15.8
17.9,13.9,14.4
19.1,18.3,17.9
19.8,15.53,19.1
20.2,19.22,19.8
19.3,18.34,20.2
19.3,19.19,19.3
21.4,19.44,19.3
15.9,20.6,21.4
14.7,15.26,15.9
13.9,15.586,14.7
13.3,14.55,13.9
13.8,13.34,13.3
12.9,14.49,13.8
12.1,13.12,12.9
13.5,13.35,12.1
15.5,15.1,13.5
15.2,15.78,15.5
15.4,15.766,15.2
15.3,15.05,15.4
17.1,15.61,15.3
18.8,17.62,17.1
21.6,19.28,18.8
20.0,20.78,21.6
17.4,19.0,20.0
18.2,17.38,17.4
16.1,18.78,18.2
13.5,15.03,16.1
14.5,14.516,13.5
17.5,16.31,14.5
19.9,18.58,17.5
22.1,20.34,19.9
18.9,21.53,22.1
15.9,17.62,18.9
15.6,16.33,15.9
17.5,17.7,15.6
16.6,17.22,17.5
19.3,16.58,16.6
24.2,20.19,19.3
18.3,22.53,24.2
16.9,17.16,18.3
17.8,17.44,16.9
18.3,18.19,17.8
17.3,18.22,18.3
20.3,17.61,17.3
22.2,20.9,20.3
22.3,21.62,22.2
22.5,21.19,22.3
23.8,22.38,22.5
21.4,22.69,23.8
18.7,19.56,21.4
19.6,18.31,18.7
18.8,19.12,19.6
22.0,19.22,18.8
21.2,21.81,22.0
18.7,20.38,21.2
19.5,18.95,18.7
17.7,19.3,19.5
15.9,17.66,17.7
18.2,16.42,15.9
20.7,19.11,18.2
24.1,20.81,20.7
25.8,22.9,24.1
24.3,23.95,25.8
23.4,22.95,24.3
23.6,22.34,23.4
22.3,23.0,23.6
20.7,20.84,22.3
22.1,19.31,20.7
20.3,21.22,22.1
21.3,18.97,20.3
20.0,21.33,21.3
19.5,19.75,20.0
18.9,20.39,19.5
20.7,18.48,18.9
19.0,20.78,20.7
18.4,18.97,19.0
18.2,19.22,18.4
17.6,18.12,18.2
18.5,17.64,17.6
18.4,18.34,18.5
18.4,18.69,18.4
16.2,18.1,18.4
16.6,15.98,16.2
16.8,17.25,16.6
17.0,16.9,16.8
16.4,15.94,17.0
16.5,16.2,16.4
18.8,17.5,16.5
19.7,19.16,18.8
19.7,19.6,19.7
22.4,18.67,19.7
21.9,21.88,22.4
20.0,21.22,21.9
18.6,17.4,20.0
19.0,19.06,18.6
20.0,19.03,19.0
19.7,20.12,20.0
18.7,18.84,19.7
19.2,18.34,18.7
21.3,20.03,19.2
20.4,20.78,21.3
20.2,19.62,20.4
20.2,20.77,20.2
18.6,17.9,20.2
17.8,18.06,18.6
18.9,16.89,17.8
18.5,18.5,18.9
21.8,18.78,18.5
21.9,21.12,21.8
17.2,20.25,21.9
15.3,16.31,17.2
13.8,15.61,15.3
13.0,13.086,13.8
14.5,15.03,13.0
15.3,15.22,14.5
15.4,15.7,15.3
14.8,16.69,15.4
14.3,14.1,14.8
15.3,14.05,14.3
18.6,15.76,15.3
17.9,16.94,18.6
17.9,17.05,17.9
15.3,16.0,17.9
15.0,15.03,15.3
16.6,15.89,15.0
15.9,15.46,16.6
16.6,16.9,15.9
15.3,16.3,16.6
15.6,15.43,15.3
14.0,15.805,15.6
11.8,13.45,14.0
9.9,11.71,11.8
8.9,9.836,9.9
8.8,10.086,8.9
9.2,9.055,8.8
13.4,11.05,9.2
13.8,13.44,13.4
14.7,13.125,13.8
15.3,15.19,14.7
14.0,14.1,15.3
12.1,12.79,14.0
13.5,12.41,12.1
14.3,14.2,13.5
11.7,12.39,14.3
9.6,11.31,11.7
10.0,10.195,9.6
7.2,10.86,10.0
10.8,8.914,7.2
14.3,11.914,10.8
13.2,13.6,14.3
13.3,12.234,13.2
12.4,13.414,13.3
13.5,11.16,12.4
10.1,12.695,13.5
11.7,9.336,10.1
13.4,12.64,11.7
14.8,13.266,13.4
14.3,14.586,14.8
12.9,12.05,14.3
15.2,11.69,12.9
11.8,14.97,15.2
8.1,9.62,11.8
8.0,8.88,8.1
10.1,9.26,8.0
8.1,10.1,10.1
8.8,7.266,8.1
10.9,9.445,8.8
10.6,10.15,10.9
8.7,8.91,10.6
8.0,8.11,8.7
6.9,8.71,8.0
6.4,6.68,6.9
8.8,5.445,6.4
6.2,10.64,8.8
3.3000002,6.133,6.2
5.8,5.94,3.3
7.6,5.664,5.8
4.1,7.562,7.6
2.0000005,4.086,4.1
-0.3000002,1.758,2.0
3.1,0.4688,-0.3
7.4,6.023,3.1
7.5,8.01,7.4
9.3,7.703,7.5
7.0,7.35,9.3
11.2,5.293,7.0
9.3,9.22,11.2
8.4,6.953,9.3
5.9,6.25,8.4
9.8,7.305,5.9
9.4,9.664,9.8
10.3,7.07,9.4
8.0,10.47,10.3
4.4,5.78,8.0
7.9,5.05,4.4
9.7,8.805,7.9
9.9,7.625,9.7
7.8,9.445,9.9
7.3,6.023,7.8
12.8,8.29,7.3
9.0,11.12,12.8
8.1,6.12,9.0
5.6,8.3,8.1
2.5,4.484,5.6
3.1,3.688,2.5
7.7,3.879,3.1
12.5,8.57,7.7
6.3,10.24,12.5
0.39999962,5.215,6.3
2.2999997,2.402,0.4
7.5,3.648,2.3
8.0,7.35,7.5
10.8,7.1,8.0
9.5,9.13,10.8
10.3,6.742,9.5
7.1,7.74,10.3
4.0,4.914,7.1
2.4,3.105,4.0
4.1,3.715,2.4
9.1,6.29,4.1
7.5,7.04,5.1
6.5,7.59,7.5
7.8,6.67,6.5
7.5,8.055,7.8
9.2,6.88,7.5
5.0,8.24,9.2
3.8000002,4.184,5.0
6.1000004,5.55,3.8
6.5,7.18,6.1
5.6,5.17,6.5
9.0,7.516,5.6
6.0,9.08,9.0
8.5,5.336,6.0
3.5,8.22,8.5
0.3000002,3.137,3.5
-3.1999998,0.3906,0.3
3.1999998,-3.04,-3.2
3.8000002,5.777,3.2
3.4,4.9,3.8
7.1,4.61,3.4
5.7,7.062,7.1
6.9,5.688,5.7
4.5,6.582,6.9
9.3,3.715,4.5
8.6,7.867,9.3
8.8,8.3,8.6
10.8,8.805,8.8
10.9,9.2,10.8
9.3,10.03,10.9
9.1,7.766,9.3
7.4,7.79,9.1
8.8,7.164,7.4
8.6,8.92,8.8
6.5,8.37,8.6
7.4,6.547,6.5
6.4,7.457,7.4
8.3,6.836,6.4
9.3,8.88,8.3
7.4,7.254,9.3
8.4,8.664,7.4
6.2,6.887,8.4
7.1,7.56,6.2
9.5,7.594,7.1
10.1,9.234,9.5
9.2,9.55,10.1
7.1,8.44,9.2
7.9,7.79,7.1
8.9,7.547,7.9
9.8,9.77,8.9
10.7,9.52,9.8
9.0,9.89,10.7
7.7,7.78,9.0
10.1,9.18,7.7
10.2,9.84,10.1
9.3,10.164,10.2
7.6,9.33,9.3
6.8,6.395,7.6
11.4,9.55,6.8
11.0,11.09,11.4
11.0,8.49,11.0
9.9,11.375,11.0
7.7,11.02,9.9
4.5,6.883,7.7
5.3,3.988,4.5
8.6,5.91,5.3
6.3,7.938,8.6
7.6,5.953,6.3
7.9,8.086,7.6
6.6,7.26,7.9
4.8,7.25,6.6
5.7,5.15,4.8
6.8,6.598,5.7
7.6,7.22,6.8
5.7,8.72,7.6
4.2,6.227,5.7
4.5,4.676,4.2
6.9,6.766,4.5
7.1,8.375,6.9
6.2,6.6,7.1
5.1,7.23,6.2
6.2,5.723,5.1
6.6,7.16,6.2
10.6,7.375,6.6
12.6,11.84,10.6
10.5,12.086,12.6
9.7,8.74,10.5
12.1,11.55,9.7
14.5,12.18,12.1
14.9,13.36,14.5
17.4,14.34,14.9
15.0,16.55,17.4
14.5,12.25,15.0
13.9,13.92,14.5
12.2,13.34,13.9
10.6,10.91,12.2
11.0,9.87,10.6
12.4,12.445,11.0
10.0,12.08,12.4
10.6,9.54,10.0
11.9,11.555,10.6
12.7,12.83,11.9
12.7,13.49,12.7
12.0,11.1,12.7
15.6,13.19,12.0
14.2,16.27,15.6
14.8,13.41,14.2
13.2,15.25,14.8
13.2,13.836,13.2
10.7,12.39,13.2
11.3,11.086,10.7
12.9,12.3,11.3
12.6,13.25,12.9
13.9,12.96,12.6
14.1,14.01,13.9
13.6,15.12,14.1
14.0,12.64,13.6
12.3,14.83,14.0
12.1,12.016,12.3
13.9,13.21,12.1
13.0,13.3,13.9
12.8,13.19,13.0
16.2,13.766,12.8
18.8,17.42,16.2
14.6,16.56,18.8
13.3,14.49,14.6
11.9,13.59,13.3
13.0,12.766,11.9
16.3,14.58,13.0
16.2,16.84,16.3
13.6,15.5,16.2
13.4,12.805,13.6
12.3,14.8,13.4
12.7,12.19,12.3
14.1,13.484,12.7
16.4,15.3,14.1
17.3,16.66,16.4
17.0,17.42,17.3
16.4,16.02,17.0
18.7,16.8,16.4
19.6,19.1,18.7
17.7,18.38,19.6
15.5,17.58,17.7
17.4,16.16,15.5
18.2,18.12,17.4
21.3,18.25,18.2
22.5,21.6,21.3
17.0,18.22,22.5
16.2,17.3,17.0
19.5,16.98,16.2
22.5,20.39,19.5
18.7,22.19,22.5
18.8,17.36,18.7
20.1,20.16,18.8
18.8,18.88,20.1
20.1,18.81,18.8
18.4,19.97,20.1
16.8,18.23,18.4
15.8,16.75,16.8
16.0,16.81,15.8
16.0,17.2,16.0
17.1,16.56,16.0
20.5,18.0,17.1
23.2,21.05,20.5
23.2,22.12,23.2
18.7,20.19,23.2
19.2,18.25,18.7
19.9,20.16,19.2
22.5,20.34,19.9
20.6,22.47,22.5
19.8,19.69,20.6
18.3,20.03,19.8
20.1,18.72,18.3
20.9,20.31,20.1
20.2,20.75,20.9
22.9,20.19,20.2
23.1,22.1,22.9
20.5,20.56,23.1
20.8,20.4,20.5
21.7,20.9,20.8
17.8,21.72,21.7
21.1,17.52,17.8
22.7,21.88,21.1
20.0,21.6,22.7
18.4,18.03,20.0
21.1,18.77,18.4
24.4,21.38,21.1
22.8,22.83,24.4
21.2,19.98,22.8
21.1,20.6,21.2
21.8,20.69,21.1
22.8,21.31,21.8
20.6,22.08,22.8
16.7,18.03,20.6
17.5,16.55,16.7
17.8,17.75,17.5
16.9,17.53,17.8
16.9,16.28,16.9
18.1,18.1,16.9
18.7,18.42,18.1
15.1,18.31,18.7
17.5,15.984,15.1
18.6,18.4,17.5
18.8,18.4,18.6
20.0,19.25,18.8
20.7,20.34,20.0
18.5,18.64,20.7
15.6,16.61,18.5
16.8,16.47,15.6
18.0,16.78,16.8
18.1,17.69,18.0
15.7,16.95,18.1
14.9,15.52,15.7
17.1,15.89,14.9
16.6,18.08,17.1
15.6,16.48,16.6
16.5,15.59,15.6
16.2,16.94,16.5
16.8,16.66,16.2
17.0,16.94,16.8
15.7,17.28,17.0
16.6,16.33,15.7
12.8,15.56,16.6
13.7,13.51,12.8
14.4,13.85,13.7
15.8,15.33,14.4
16.3,17.25,15.8
13.5,14.375,16.3
11.9,13.44,13.5
11.9,12.17,11.9
10.5,11.93,11.9
10.5,10.57,10.5
12.0,11.32,10.5
11.6,12.586,12.0
13.1,11.97,11.6
12.1,11.78,13.1
12.1,13.05,12.1
14.7,13.66,12.1
15.0,15.7,14.7
14.0,14.19,15.0
14.6,14.05,14.0
14.3,13.61,14.6
13.4,13.41,14.3
13.1,13.31,13.4
14.2,13.65,13.1
14.0,14.484,14.2
14.8,14.22,14.0
13.7,14.195,14.8
8.1,12.016,13.7
7.0,7.875,8.1
7.9,8.586,7.0
8.8,9.016,7.9
7.8,9.266,8.8
9.0,7.805,7.8
11.6,10.31,9.0
15.5,12.83,11.6
15.9,14.5,15.5
14.9,15.305,15.9
14.5,13.35,14.9
15.1,14.51,14.5
14.7,14.695,15.1
9.6,13.8,14.7
8.8,8.445,9.6
12.1,8.69,8.8
11.4,12.22,12.1
13.2,11.03,11.4
15.2,13.82,13.2
12.3,13.945,15.2
11.0,10.42,12.3
11.2,10.734,11.0
9.2,10.28,11.2
9.6,8.77,9.2
8.0,9.63,9.6
12.5,9.4,8.0
15.1,12.805,12.5
13.8,13.59,15.1
9.6,11.77,13.8
9.1,9.06,9.6
13.9,11.59,9.1
11.7,12.6,13.9
10.4,10.836,11.7
10.0,9.01,10.4
10.8,9.96,10.0
13.0,10.4,10.8
11.7,12.32,13.0
11.8,10.266,11.7
11.3,11.33,11.8
12.2,10.45,11.3
11.5,10.92,12.2
14.2,12.25,11.5
12.9,12.71,14.2
9.1,10.414,12.9
10.5,9.69,9.1
13.5,9.414,10.5
14.2,12.625,13.5
13.3,11.58,14.2
13.9,11.836,13.3
11.2,11.836,13.9
8.1,8.766,11.2
10.1,8.89,8.1
11.2,10.71,10.1
11.0,10.08,11.2
10.2,9.625,11.0
10.0,10.836,10.2
7.2,9.19,10.0
8.5,6.95,7.2
6.7,9.195,8.5
7.5,7.492,6.7
11.5,8.945,7.5
12.9,9.97,11.5
10.5,11.63,12.9
8.6,8.28,10.5
9.9,9.43,8.6
12.5,9.39,9.9
11.0,11.95,12.5
11.3,8.0,11.0
13.2,10.336,11.3
12.5,10.31,13.2
11.0,9.79,12.5
9.5,8.22,11.0
5.5,7.14,9.5
8.8,4.203,5.5
8.0,9.45,8.8
7.5,7.594,8.0
6.1000004,7.117,7.5
5.3,6.168,6.1
5.7,6.57,5.3
2.2999997,4.71,5.7
-0.10000038,2.18,2.3
-1.3000002,0.5312,-0.1
-3.5,-0.664,-1.3
7.3,1.406,-3.5
11.8,8.875,7.3
13.0,9.914,11.8
10.6,10.94,13.0
7.3,7.684,10.6
6.0,4.938,7.3
3.3000002,4.336,6.0
1.3999996,3.008,3.3
-1.1000004,1.203,1.4
-0.39999962,-0.6484,-1.1
-0.5,-0.2969,-0.4
4.0,0.289,-0.5
3.4,6.027,4.0
7.2,5.242,3.4
5.9,8.57,7.2
8.8,6.12,5.9
8.2,7.445,8.8
2.6000004,8.14,8.2
3.4,2.656,2.6
5.3,4.285,3.4
4.1,5.133,5.3
2.6999998,4.297,4.1
7.8,5.008,2.7
4.7,8.07,7.8
7.1,4.164,4.7
6.3,8.38,7.1
8.0,4.992,6.3
11.3,8.125,8.0
7.4,8.84,11.3
6.6,6.164,7.4
12.1,6.477,6.6
7.6,9.375,12.1
6.6,5.37,7.6
9.8,7.664,6.6
10.4,7.91,9.8
7.5,9.14,10.4
8.5,5.812,7.5
10.6,9.01,8.5
6.9,8.31,10.6
8.2,5.984,6.9
11.7,8.82,8.2
10.7,10.38,11.7
7.5,9.07,10.7
8.4,6.754,7.5
10.3,8.59,8.4
8.9,8.61,10.3
9.2,9.02,8.9
10.0,8.78,9.2
8.9,8.87,10.0
9.4,9.47,8.9
9.3,7.77,9.4
11.2,9.96,9.3
9.6,10.6,11.2
8.1,9.08,9.6
7.2,7.086,8.1
10.0,8.08,7.2
10.5,10.17,10.0
7.3,9.81,10.5
3.9,6.324,7.3
5.9,5.67,3.9
10.7,6.53,5.9
9.0,10.06,10.7
4.7,8.26,9.0
5.0,4.723,4.7
9.7,7.973,5.0
8.1,9.36,9.7
6.8,6.453,8.1
4.6,7.375,6.8
4.5,4.137,4.6
6.3,5.664,4.5
4.8,6.83,6.3
4.4,3.617,4.8
5.1,5.543,4.4
5.6,4.08,5.1
8.0,6.387,5.6
11.4,8.81,8.0
10.3,11.26,11.4
8.4,8.69,10.3
6.4,7.266,8.4
6.4,7.67,6.4
6.6,5.117,6.4
10.3,7.816,6.6
10.3,10.34,10.3
7.7,10.01,10.3
5.4,7.125,7.7
4.5,5.55,5.4
5.4,5.473,4.5
8.1,6.39,5.4
7.7,9.1,8.1
8.7,8.05,7.7
9.2,9.38,8.7
7.6,9.27,9.2
6.7,6.742,7.6
6.3,8.58,6.7
5.4,5.316,6.3
8.9,7.062,5.4
11.6,9.71,8.9
11.9,10.93,11.6
13.1,11.195,11.9
10.4,13.766,13.1
11.4,9.52,10.4
10.8,10.51,11.4
11.5,11.04,10.8
11.1,11.52,11.5
7.3,8.41,11.1
8.2,8.414,7.3
10.5,8.24,8.2
11.7,10.36,10.5
9.4,11.414,11.7
10.2,9.35,9.4
9.3,11.01,10.2
8.0,8.02,9.3
10.0,8.61,8.0
9.8,11.24,10.0
5.9,8.98,9.8
5.8,5.12,5.9
7.1,7.46,5.8
6.7,7.582,7.1
7.0,6.844,6.7
8.2,8.92,7.0
8.7,8.94,8.2
10.8,9.39,8.7
10.0,11.875,10.8
11.2,10.12,10.0
12.6,11.414,11.2
12.4,12.92,12.6
12.9,12.31,12.4
15.7,12.92,12.9
17.1,15.36,15.7
19.6,16.36,17.1
20.7,18.14,19.6
20.8,18.16,20.7
19.8,18.38,20.8
15.5,17.56,19.8
12.5,12.95,15.5
13.5,11.6,12.5
11.4,13.6,13.5
7.9,11.22,11.4
7.6,8.56,7.9
8.7,9.02,7.6
9.7,10.945,8.7
11.3,11.95,9.7
12.4,12.28,11.3
10.1,11.52,12.4
9.9,10.57,10.1
10.0,10.87,9.9
11.7,10.89,10.0
14.2,13.125,11.7
17.0,15.22,14.2
13.8,16.62,17.0
14.1,12.8,13.8
14.3,15.15,14.1
16.8,15.07,14.3
16.4,17.05,16.8
14.1,15.56,16.4
12.3,13.78,14.1
13.2,13.17,12.3
12.9,14.125,13.2
13.8,13.8,12.9
13.0,14.59,13.8
13.8,13.33,13.0
12.9,14.016,13.8
14.6,13.1,12.9
14.7,15.57,14.6
14.6,14.59,14.7
12.7,13.89,14.6
12.2,12.86,12.7
13.5,13.43,12.2
13.1,13.67,13.5
12.7,13.95,13.1
12.5,12.766,12.7
14.1,13.63,12.5
15.4,14.984,14.1
14.1,15.875,15.4
16.5,14.12,14.1
17.9,17.02,16.5
20.0,18.62,17.9
20.2,19.5,20.0
17.4,19.77,20.2
15.3,16.94,17.4
15.8,15.86,15.3
18.3,16.84,15.8
22.7,19.64,18.3
23.8,22.38,22.7
24.5,21.28,23.8
25.399998,23.5,24.5
25.1,23.03,25.4
21.9,23.22,25.1
19.2,19.31,21.9
17.3,18.77,19.2
17.2,18.0,17.3
16.5,17.33,17.2
17.3,17.39,16.5
20.0,17.72,17.3
23.3,20.77,20.0
26.1,22.25,23.3
23.1,23.61,26.1
19.7,20.66,23.1
21.4,19.9,19.7
19.7,22.3,21.4
17.6,18.72,19.7
18.6,17.86,17.6
17.7,19.03,18.6
18.1,18.27,17.7
19.4,17.97,18.1
22.9,20.16,19.4
26.3,22.4,22.9
22.9,23.5,26.3
18.2,20.31,22.9
18.4,17.28,18.2
21.0,19.81,18.4
24.5,21.44,21.0
20.9,23.31,24.5
18.3,19.4,20.9
20.1,18.84,18.3
21.5,19.34,20.1
23.5,21.81,21.5
23.6,22.16,23.5
25.0,21.66,23.6
25.2,23.58,25.0
25.5,23.42,25.2
23.5,23.34,25.5
19.8,21.23,23.5
18.8,17.95,19.8
19.0,18.88,18.8
17.3,18.19,19.0
19.5,17.61,17.3
21.3,20.14,19.5
22.9,21.44,21.3
19.5,21.06,22.9
19.6,19.1,19.5
18.1,18.55,19.6
19.6,17.94,18.1
20.8,19.77,19.6
21.9,20.88,20.8
21.7,20.9,21.9
23.0,21.73,21.7
21.4,21.97,23.0
22.3,19.38,21.4
22.3,21.66,22.3
20.6,21.62,22.3
19.4,19.19,20.6
20.7,20.16,19.4
19.3,20.69,20.7
18.1,19.36,19.3
15.3,16.45,18.1
15.9,15.5,15.3
16.6,17.61,15.9
15.6,16.8,16.6
17.0,16.81,15.6
15.7,17.0,17.0
13.9,15.45,15.7
14.7,14.375,13.9
14.9,15.09,14.7
15.8,15.016,14.9
17.0,17.4,15.8
17.2,17.22,17.0
15.9,15.91,17.2
16.9,16.39,15.9
15.3,16.98,16.9
14.1,15.19,15.3
14.7,13.7,14.1
13.9,16.12,14.7
15.0,14.36,13.9
14.5,15.484,15.0
14.5,14.44,14.5
15.0,15.84,14.5
14.7,13.92,15.0
14.9,15.95,14.7
13.4,14.31,14.9
13.0,13.0,13.4
14.0,14.23,13.0
13.4,14.86,14.0
11.8,11.75,13.4
12.9,12.36,11.8
14.8,14.45,12.9
10.5,13.336,14.8
10.4,10.484,10.5
13.8,12.79,10.4
15.6,14.6,13.8
14.3,13.89,15.6
16.1,14.8,14.3
15.1,15.625,16.1
13.3,14.64,15.1
14.2,12.64,13.3
16.3,14.86,14.2
16.2,15.21,16.3
16.6,15.484,16.2
14.6,16.38,16.6
16.4,13.88,14.6
15.1,15.81,16.4
13.8,14.42,15.1
15.5,13.84,13.8
15.7,15.91,15.5
13.1,13.62,15.7
16.1,13.12,13.1
14.9,16.08,16.1
11.0,13.16,14.9
10.6,9.68,11.0
10.2,12.805,10.6
9.6,10.0,10.2
13.3,11.305,9.6
16.6,14.0,13.3
12.4,15.484,16.6
16.0,10.6,12.4
15.7,15.375,16.0
13.4,12.84,15.7
13.8,13.35,13.4
11.6,12.2,13.8
8.1,9.99,11.6
6.2,7.555,8.1
7.8,5.754,6.2
7.4,8.67,7.8
7.1,9.69,7.4
1.5,6.33,7.1
0.8999996,2.906,1.5
4.1,2.61,0.9
4.9,5.793,4.1
4.7,4.895,4.9
7.9,6.215,4.7
14.4,9.7,7.9
10.4,12.9,14.4
7.9,7.992,10.4
9.3,7.477,7.9
11.2,10.37,9.3
11.5,10.24,11.2
6.0,9.836,11.5
1.8000002,4.918,6.0
0.19999981,3.148,1.8
2.0999994,1.25,0.2
7.9,4.598,2.1
9.6,8.46,7.9
10.1,7.883,9.6
9.3,9.18,10.1
9.9,7.957,9.3
7.8,8.12,9.9
7.9,6.51,7.8
8.0,6.75,7.9
6.1000004,7.766,8.0
5.6,4.61,6.1
9.6,7.055,5.6
11.2,9.18,9.6
11.9,9.95,11.2
8.1,10.09,11.9
-0.8999996,6.062,8.1
-3.999999,0.4844,-0.9
-2.6000004,-2.828,-4.0
-2.5,-1.25,-2.6
2.9,-2.133,-2.5
4.9,5.69,2.9
1.0,4.613,4.9
2.5,0.828,1.0
1.5,4.363,2.5
-0.6000004,1.508,1.5
-0.6000004,0.2656,-0.6
3.3000002,-0.3672,-0.6
5.0,3.863,3.3
3.4,4.484,5.0
6.0,3.703,3.4
9.4,5.84,6.0
11.2,8.58,9.4
12.1,9.445,11.2
11.1,10.14,12.1
9.1,8.09,11.1
5.5,6.953,9.1
1.1999998,3.426,5.5
-1.1000004,0.2266,1.2
-1.6999998,-0.8984,-1.1
-1.8999996,-2.062,-1.7
7.2,-0.02344,-1.9
8.6,8.9,7.2
8.4,7.215,8.6
7.7,7.562,8.4
4.3,5.504,7.7
5.8,3.645,4.3
6.3,7.08,5.8
6.8,5.973,6.3
9.5,7.83,6.8
9.4,8.48,9.5
9.5,9.875,9.4
6.6,7.15,9.5
8.2,6.336,6.6
9.4,8.34,8.2
8.9,7.906,9.4
8.6,7.055,8.9
8.3,9.125,8.6
6.0,7.363,8.3
3.6999998,5.625,6.0
5.7,3.7,3.7
5.7,7.17,5.7
4.7,5.832,5.7
4.2,5.027,4.7
6.5,5.84,4.2
7.2,6.086,6.5
7.6,7.348,7.2
2.6999998,6.855,7.6
-1.1000004,2.754,2.7
-1.6000004,-0.9766,-1.1
3.1,-0.4531,-1.6
2.2999997,3.812,3.1
2.9,2.754,2.3
-1.0,3.746,2.9
2.1999998,-0.08594,-1.0
1.3999996,4.293,2.2
1.3999996,2.61,1.4
1.0,2.96,1.4
-1.6999998,0.2109,1.0
1.3000002,0.617,-1.7
3.4,2.309,1.3
4.9,3.836,3.4
5.1,5.516,4.9
5.3,4.645,5.1
6.2,4.39,5.3
8.6,6.707,6.2
5.1,8.28,8.6
3.0,3.86,5.1
1.6999998,2.3,3.0
6.0,3.148,1.7
7.5,6.734,6.0
6.3,7.395,7.5
1.8000002,6.074,6.3
-0.3000002,1.359,1.8
-1.1000004,0.3516,-0.3
0.6000004,-0.7266,-1.1
5.6,2.34,0.6
8.8,5.875,5.6
7.6,8.44,8.8
5.5,6.5,7.6
3.5,4.426,5.5
4.1,4.484,3.5
4.7,4.65,4.1
5.4,4.11,4.7
4.8,6.54,5.4
4.4,3.281,4.8
4.9,6.15,4.4
5.8,5.19,4.9
4.1,5.47,5.8
2.7999997,3.348,4.1
3.3000002,2.32,2.8
7.2,5.812,3.3
7.1,7.25,7.2
3.1,6.28,7.1
2.4,3.426,3.1
2.9,2.582,2.4
4.3,3.188,2.9
7.5,6.61,4.3
5.7,7.387,7.5
5.8,4.56,5.7
7.4,7.066,5.8
7.2,6.15,7.4
9.5,8.2,7.2
9.5,8.695,9.5
11.9,9.13,9.5
13.1,10.766,11.9
14.5,12.695,13.1
13.5,13.55,14.5
10.5,11.23,13.5
4.2,9.195,10.5
2.9,3.719,4.2
4.5,3.969,2.9
4.1,5.074,4.5
3.8000002,4.086,4.1
4.2,5.59,3.8
2.4,4.734,4.2
3.0,2.8,2.4
4.1,3.375,3.0
3.1,5.812,4.1
6.1000004,3.89,3.1
8.1,7.188,6.1
9.9,9.49,8.1
9.9,9.06,9.9
9.9,10.8,9.9
11.5,10.11,9.9
12.6,11.27,11.5
11.2,12.57,12.6
11.0,10.68,11.2
12.7,11.55,11.0
11.4,11.42,12.7
10.6,11.66,11.4
10.6,10.37,10.6
12.7,9.42,10.6
14.0,12.89,12.7
13.9,12.945,14.0
11.6,12.62,13.9
10.6,11.78,11.6
9.5,9.94,10.6
8.7,9.54,9.5
10.7,10.055,8.7
12.5,11.47,10.7
12.8,12.41,12.5
10.7,11.72,12.8
9.9,10.305,10.7
8.5,9.77,9.9
9.1,9.28,8.5
8.7,9.125,9.1
8.6,8.734,8.7
9.4,9.38,8.6
8.1,10.98,9.4
11.7,9.0,8.1
9.5,12.766,11.7
8.5,9.305,9.5
8.2,8.984,8.5
8.2,9.09,8.2
8.8,8.95,8.2
9.7,9.31,8.8
10.2,10.82,9.7
10.6,11.52,10.2
8.7,10.53,10.6
10.5,9.81,8.7
12.3,11.84,10.5
9.4,10.766,12.3
10.1,10.1,9.4
11.5,11.37,10.1
11.2,12.125,11.5
13.7,12.17,11.2
13.7,14.125,13.7
12.8,13.24,13.7
12.8,13.61,12.8
13.1,13.1,12.8
13.6,12.8,13.1
16.7,14.03,13.6
19.3,17.0,16.7
13.9,18.28,19.3
12.3,12.99,13.9
11.8,13.08,12.3
14.1,12.664,11.8
17.4,15.68,14.1
20.3,18.02,17.4
22.8,20.39,20.3
22.6,21.31,22.8
14.1,20.55,22.6
17.0,13.586,14.1
18.9,18.95,17.0
19.0,18.27,18.9
17.4,19.19,19.0
16.9,16.38,17.4
17.8,18.25,16.9
19.0,18.28,17.8
20.7,19.6,19.0
21.2,20.73,20.7
21.3,20.56,21.2
19.4,20.66,21.3
18.0,17.5,19.4
16.1,18.56,18.0
14.7,15.7,16.1
15.1,15.484,14.7
15.3,15.766,15.1
16.5,16.16,15.3
15.8,17.53,16.5
17.9,16.42,15.8
17.7,17.89,17.9
16.5,18.16,17.7
15.2,15.95,16.5
15.2,15.92,15.2
15.2,16.12,15.2
15.7,15.97,15.2
16.2,17.03,15.7
14.4,16.34,16.2
14.0,14.38,14.4
13.1,14.95,14.0
15.0,14.39,13.1
14.7,16.72,15.0
17.8,15.31,14.7
17.3,18.78,17.8
16.7,15.72,17.3
19.5,17.72,16.7
20.8,19.75,19.5
21.6,20.81,20.8
20.6,21.3,21.6
20.4,20.31,20.6
21.4,20.89,20.4
21.2,20.84,21.4
22.6,21.19,21.2
23.1,21.81,22.6
24.7,22.6,23.1
21.2,23.53,24.7
18.6,19.16,21.2
19.2,19.0,18.6
20.4,20.1,19.2
19.7,20.4,20.4
18.8,19.06,19.7
19.6,19.4,18.8
18.7,19.72,19.6
19.0,18.75,18.7
19.5,19.53,19.0
17.4,18.77,19.5
17.9,17.67,17.4
20.1,18.97,17.9
19.3,20.16,20.1
18.6,19.55,19.3
16.4,17.97,18.6
17.6,17.17,16.4
19.6,18.44,17.6
18.1,19.97,19.6
17.3,18.22,18.1
16.9,16.97,17.3
18.5,17.89,16.9
18.8,19.03,18.5
19.6,18.69,18.8
20.6,19.4,19.6
21.6,20.28,20.6
22.0,20.73,21.6
22.0,21.17,22.0
19.8,20.6,22.0
18.0,19.45,19.8
17.4,17.23,18.0
18.2,18.67,17.4
16.8,17.12,18.2
16.3,16.78,16.8
14.5,15.82,16.3
14.9,15.234,14.5
13.6,14.445,14.9
14.9,14.734,13.6
14.8,15.03,14.9
15.3,15.81,14.8
14.5,14.58,15.3
14.8,15.0,14.5
15.8,15.53,14.8
18.5,16.6,15.8
18.1,19.19,18.5
17.1,17.6,18.1
15.8,17.1,17.1
14.5,16.11,15.8
15.7,14.914,14.5
15.0,16.1,15.7
14.3,15.44,15.0
12.9,13.36,14.3
12.6,14.0,12.9
12.3,12.16,12.6
13.6,13.55,12.3
14.1,14.73,13.6
15.1,15.195,14.1
14.0,16.0,15.1
10.9,13.734,14.0
11.3,11.766,10.9
12.6,11.49,11.3
12.9,13.55,12.6
12.8,12.5,12.9
12.3,12.44,12.8
14.5,13.81,12.3
13.0,13.77,14.5
15.7,13.81,13.0
13.6,14.22,15.7
16.0,14.0,13.6
15.4,15.734,16.0
12.5,13.73,15.4
12.9,12.41,12.5
12.6,12.23,12.9
13.1,13.84,12.6
9.8,12.125,13.1
9.1,9.75,9.8
11.1,10.32,9.1
13.2,11.9,11.1
11.6,12.86,13.2
10.7,10.16,11.6
10.0,11.96,10.7
12.6,10.46,10.0
15.5,13.08,12.6
14.5,14.58,15.5
10.2,13.44,14.5
9.8,9.0,10.2
8.3,9.91,9.8
12.6,8.97,8.3
13.5,13.82,12.6
13.9,11.97,13.5
15.0,14.33,13.9
12.1,12.71,15.0
11.4,11.19,12.1
13.8,11.81,11.4
14.1,14.414,13.8
12.3,12.875,14.1
14.3,11.96,12.3
14.0,13.46,14.3
10.1,12.46,14.0
7.4,9.11,10.1
10.9,8.1,7.4
13.4,13.375,10.9
13.6,11.74,13.4
13.6,12.38,13.6
12.8,12.97,13.6
10.4,11.06,12.8
13.2,8.76,10.4
11.3,12.71,13.2
8.7,9.31,11.3
8.3,8.65,8.7
7.8,9.87,8.3
6.4,7.21,7.8
8.4,6.766,6.4
6.8,8.805,8.4
3.9,6.19,6.8
3.1999998,5.184,3.9
2.0999994,3.816,3.2
3.6,2.691,2.1
4.2,5.63,3.6
7.5,4.152,4.2
5.5,8.89,7.5
2.2999997,4.742,5.5
0.0,3.137,2.3
3.5,1.805,0.0
4.2,5.965,3.5
9.8,7.1,4.2
6.1000004,8.78,9.8
4.3,5.3,6.1
4.4,3.61,4.3
10.5,6.418,4.4
9.7,10.08,10.5
8.7,6.71,9.7
8.4,10.15,8.7
9.2,7.188,8.4
5.7,7.906,9.2
3.5,4.234,5.7
5.3,2.754,3.5
5.3,5.816,5.3
3.8000002,4.027,5.3
0.10000038,4.688,3.8
0.19999981,0.09375,0.1
-0.19999981,1.555,0.2
2.4,-0.2578,-0.2
5.4,4.12,2.4
1.5,4.68,5.4
-1.1000004,1.32,1.5
-0.5,2.09,-1.1
7.6,1.07,-0.5
6.7,7.44,7.6
9.0,6.734,6.7
7.5,8.12,9.0
6.5,5.484,7.5
5.8,5.37,6.5
4.4,4.582,5.8
-0.6000004,3.41,4.4
-0.39999962,-1.07,-0.6
-3.3999996,0.3125,-0.4
-3.6999998,-2.633,-3.4
-2.1999998,-1.625,-3.7
-7.300001,-1.547,-2.2
-2.5,-6.25,-7.3
-4.8999987,0.7734,-2.5
-8.4,-4.46,-4.9
-8.9,-7.83,-8.4
-3.999999,-6.61,-8.9
-0.6999998,-3.844,-4.0
-2.0,-0.7188,-0.7
-2.1999998,-2.547,-2.0
-5.6000004,-1.969,-2.2
-3.6999998,-5.555,-5.6
0.0,-1.055,-3.7
0.8999996,0.1562,0.0
1.3999996,1.32,0.9
2.2999997,2.309,1.4
-0.19999981,2.152,2.3
-0.8999996,0.3203,-0.2
0.8999996,0.6016,-0.9
2.6999998,2.3,0.9
7.4,4.824,2.7
6.3,7.56,7.4
7.1,4.31,6.3
3.6999998,5.05,7.1
3.8000002,4.406,3.7
8.8,2.86,3.8
5.5,6.94,8.8
7.8,5.75,5.5
9.1,7.547,7.8
4.7,6.74,9.1
2.2999997,4.125,4.7
2.7999997,2.645,2.3
0.6000004,3.035,2.8
1.0,0.3281,0.6
-0.39999962,1.141,1.0
0.6000004,-0.3438,-0.4
3.6999998,1.531,0.6
4.6,4.387,3.7
6.4,4.555,4.6
7.7,7.07,6.4
6.5,6.79,7.7
6.5,7.4,6.5
5.9,6.117,6.5
5.4,5.098,5.9
8.9,7.574,5.4
8.5,8.36,8.9
11.3,9.31,8.5
7.9,9.73,11.3
10.1,5.605,7.9
5.4,9.96,10.1
5.3,4.473,5.4
8.9,6.348,5.3
9.4,8.69,8.9
9.0,8.38,9.4
8.5,9.14,9.0
9.6,8.32,8.5
8.8,9.086,9.6
10.4,8.45,8.8
11.9,10.9,10.4
11.7,10.82,11.9
8.5,10.92,11.7
7.5,7.434,8.5
9.1,8.19,7.5
10.5,10.5,9.1
10.6,9.18,10.5
12.2,10.61,10.6
10.2,11.914,12.2
9.7,8.68,10.2
11.2,10.22,9.7
8.9,8.87,11.2
8.9,9.31,8.9
8.4,9.02,8.9
8.9,8.26,8.4
9.0,9.96,8.9
7.3,9.6,9.0
6.9,6.914,7.3
10.2,8.164,6.9
10.8,10.21,10.2
9.2,8.2,10.8
8.6,9.95,9.2
9.6,8.33,8.6
7.8,8.98,9.6
6.1000004,6.484,7.8
6.6,6.383,6.1
6.4,7.61,6.6
7.6,7.09,6.4
8.5,8.62,7.6
9.9,9.06,8.5
10.3,10.445,9.9
12.2,10.195,10.3
8.3,11.26,12.2
6.4,6.67,8.3
6.8,7.195,6.4
7.9,7.83,6.8
10.4,8.766,7.9
10.8,10.63,10.4
8.8,10.46,10.8
7.9,7.895,8.8
8.6,7.86,7.9
10.8,9.79,8.6
9.1,10.72,10.8
9.9,9.16,9.1
11.8,10.76,9.9
12.5,11.734,11.8
11.6,12.266,12.5
7.5,10.58,11.6
8.1,6.61,7.5
10.1,8.9,8.1
10.0,10.625,10.1
8.5,8.586,10.0
8.4,8.91,8.5
9.4,7.785,8.4
8.0,10.05,9.4
6.7,6.953,8.0
6.8,7.074,6.7
7.2,7.035,6.8
8.4,7.953,7.2
9.4,9.016,8.4
9.5,10.34,9.4
11.5,10.555,9.5
12.7,12.17,11.5
14.0,13.734,12.7
12.7,13.234,14.0
13.1,12.34,12.7
14.2,13.8,13.1
16.5,14.586,14.2
15.5,16.55,16.5
14.6,13.836,15.5
12.9,13.74,14.6
7.5,12.445,12.9
6.3,7.29,7.5
9.0,7.68,6.3
10.9,11.39,9.0
11.4,11.44,10.9
11.9,12.484,11.4
11.6,11.09,11.9
12.1,12.12,11.6
13.3,12.45,12.1
14.3,14.15,13.3
16.4,15.055,14.3
15.9,16.25,16.4
15.9,14.91,15.9
15.8,16.22,15.9
12.3,14.61,15.8
13.7,12.625,12.3
14.3,13.4,13.7
15.2,14.516,14.3
13.8,15.4,15.2
15.6,14.16,13.8
16.5,16.12,15.6
17.3,16.9,16.5
14.4,16.9,17.3
17.1,14.94,14.4
19.3,17.97,17.1
18.4,18.33,19.3
14.2,17.47,18.4
13.1,13.49,14.2
13.9,14.17,13.1
17.9,15.16,13.9
16.6,19.06,17.9
20.8,15.59,16.6
17.7,20.42,20.8
16.4,16.36,17.7
16.9,16.95,16.4
18.8,17.97,16.9
17.3,19.03,18.8
17.5,17.06,17.3
16.2,17.66,17.5
15.1,16.55,16.2
15.8,15.41,15.1
15.5,16.42,15.8
16.0,15.35,15.5
16.4,16.17,16.0
14.6,16.62,16.4
13.6,14.74,14.6
14.3,14.56,13.6
13.5,14.53,14.3
14.6,14.89,13.5
15.1,15.19,14.6
13.1,15.25,15.1
13.2,14.06,13.1
13.7,13.67,13.2
13.9,14.73,13.7
13.3,14.69,13.9
13.5,13.78,13.3
13.9,14.39,13.5
13.7,14.75,13.9
14.4,14.59,13.7
14.4,14.984,14.4
16.3,15.06,14.4
17.3,17.44,16.3
19.1,18.06,17.3
21.2,19.84,19.1
21.1,21.25,21.2
21.0,20.6,21.1
19.3,20.53,21.0
18.6,18.14,19.3
19.2,18.69,18.6
17.9,19.6,19.2
18.7,17.36,17.9
17.6,19.97,18.7
17.5,17.05,17.6
17.4,18.03,17.5
18.3,17.62,17.4
18.9,19.06,18.3
19.7,19.16,18.9
21.1,19.67,19.7
21.8,20.66,21.1
18.8,20.78,21.8
17.9,17.33,18.8
20.4,18.53,17.9
20.1,20.44,20.4
20.6,18.42,20.1
21.4,20.66,20.6
17.7,20.6,21.4
16.9,16.98,17.7
18.5,18.12,16.9
20.5,19.02,18.5
23.8,21.11,20.5
20.0,22.42,23.8
19.4,18.69,20.0
21.1,19.61,19.4
20.2,21.22,21.1
23.2,19.19,20.2
24.3,22.31,23.2
23.6,22.73,24.3
21.4,19.94,23.6
22.7,20.81,21.4
21.7,22.92,22.7
22.2,19.9,21.7
22.1,21.42,22.2
21.1,20.86,22.1
19.6,18.62,21.1
22.0,19.28,19.6
22.5,21.47,22.0
24.0,20.34,22.5
21.7,22.62,24.0
22.3,20.11,21.7
21.0,22.19,22.3
21.6,19.95,21.0
18.4,21.4,21.6
16.7,17.3,18.4
17.2,18.23,16.7
15.3,17.31,17.2
16.9,15.36,15.3
18.9,17.78,16.9
18.6,18.5,18.9
15.9,16.72,18.6
15.7,17.1,15.9
16.3,15.78,15.7
16.4,17.05,16.3
15.1,16.58,16.4
13.9,14.266,15.1
13.8,14.8,13.9
14.7,14.9,13.8
13.8,15.1,14.7
14.4,14.86,13.8
15.4,15.234,14.4
15.1,16.34,15.4
12.8,15.41,15.1
11.1,12.04,12.8
11.4,11.93,11.1
13.9,13.195,11.4
16.7,15.984,13.9
19.1,18.12,16.7
19.3,18.66,19.1
18.7,19.17,19.3
16.1,17.56,18.7
16.3,15.64,16.1
16.3,16.56,16.3
15.9,16.42,16.3
16.3,16.27,15.9
14.9,16.86,16.3
15.8,14.97,14.9
16.4,16.53,15.8
16.7,16.25,16.4
17.2,16.84,16.7
17.0,17.33,17.2
15.8,17.44,17.0
14.4,14.57,15.8
13.0,14.375,14.4
13.0,13.11,13.0
16.0,14.47,13.0
15.9,16.28,16.0
17.1,15.28,15.9
18.6,16.72,17.1
15.1,17.12,18.6
13.1,13.27,15.1
12.5,14.586,13.1
10.1,12.305,12.5
8.9,9.73,10.1
13.3,11.164,8.9
13.8,13.18,13.3
14.1,14.0,13.8
15.6,13.8,14.1
14.6,15.484,15.6
16.3,14.78,14.6
13.4,14.93,16.3
12.8,12.125,13.4
11.3,12.516,12.8
6.9,10.234,11.3
6.4,6.883,6.9
7.0,7.176,6.4
7.9,8.086,7.0
3.1,8.56,7.9
1.6999998,3.516,3.1
3.1999998,3.605,1.7
4.8,6.68,3.2
3.4,5.906,4.8
1.8999996,2.852,3.4
6.6,4.21,1.9
13.0,9.45,6.6
11.5,12.3,13.0
10.9,10.125,11.5
11.1,9.8,10.9
10.6,10.73,11.1
8.5,9.05,10.6
8.2,8.09,8.5
7.6,7.24,8.2
5.7,6.215,7.6
5.6,4.043,5.7
8.8,6.902,5.6
13.9,10.266,8.8
12.2,11.53,13.9
12.2,9.68,12.2
12.6,11.38,12.2
12.4,10.336,12.6
9.6,10.24,12.4
7.8,7.516,9.6
4.8,5.96,7.8
5.2,4.67,4.8
6.9,7.35,5.2
8.9,5.977,6.9
9.3,8.93,8.9
10.6,8.56,9.3
11.9,10.09,10.6
9.2,10.2,11.9
8.2,7.254,9.2
7.3,7.324,8.2
4.9,8.61,7.3
1.6999998,4.473,4.9
0.8999996,2.535,1.7
0.5,1.8125,0.9
-1.5,0.7266,0.5
2.1999998,-0.1094,-1.5
9.3,7.5,2.2
9.6,9.04,9.3
12.9,9.484,9.6
12.4,11.4,12.9
7.2,9.88,12.4
4.4,5.438,7.2
2.7999997,4.25,4.4
2.9,2.887,2.8
0.39999962,3.582,2.9
3.6,0.9844,0.4
9.6,7.49,3.6
8.3,7.72,9.6
8.9,7.793,8.3
6.9,7.98,8.9
5.7,6.316,6.9
9.9,5.188,5.7
11.9,9.41,9.9
12.0,9.195,11.9
8.7,10.67,12.0
6.2,5.91,8.7
3.1999998,4.574,6.2
6.5,3.445,3.2
8.7,7.426,6.5
7.8,7.914,8.7
7.0,8.09,7.8
10.2,7.43,7.0
10.7,8.266,10.2
8.2,9.64,10.7
8.5,6.36,8.2
10.5,8.68,8.5
11.1,10.45,10.5
10.8,9.12,11.1
8.6,9.29,10.8
6.1000004,6.67,8.6
8.1,6.375,6.1
10.8,8.414,8.1
10.7,9.414,10.8
8.3,9.54,10.7
10.3,6.934,8.3
8.1,9.77,10.3
5.1,6.28,8.1
7.8,6.867,5.1
7.6,8.26,7.8
2.0000005,6.29,7.6
0.5,2.73,2.0
-1.0,2.383,0.5
-0.3000002,-0.3203,-1.0
1.8000002,1.07,-0.3
0.8000002,2.383,1.8
0.0,1.117,0.8
-3.3000002,-0.10156,0.0
-3.8000002,-3.125,-3.3
-2.1000004,-2.172,-3.8
-2.3999996,-1.391,-2.1
-0.3000002,-1.578,-2.4
-1.1000004,2.434,-0.3
-2.6999998,-1.156,-1.1
-1.0,-0.953,-2.7
0.10000038,1.445,-1.0
1.6999998,0.789,0.1
1.6000004,4.43,1.7
4.9,1.445,1.6
0.8999996,5.96,4.9
4.5,1.547,0.9
5.6,4.95,4.5
6.1000004,6.977,5.6
6.9,5.863,6.1
6.4,6.953,6.9
6.1000004,6.84,6.4
8.2,6.4,6.1
9.8,9.555,8.2
7.0,8.266,9.8
5.4,5.17,7.0
8.9,7.85,5.4
9.8,8.68,8.9
9.1,8.73,9.8
5.7,8.23,9.1
6.6,4.547,5.7
9.2,8.03,6.6
8.3,7.68,9.2
8.7,8.82,8.3
8.6,8.195,8.7
7.4,8.34,8.6
6.4,5.273,7.4
9.0,7.375,6.4
12.9,8.94,9.0
11.6,11.76,12.9
8.3,10.664,11.6
10.1,7.652,8.3
11.4,9.836,10.1
8.4,9.56,11.4
4.7,7.742,8.4
3.6999998,3.684,4.7
6.9,6.617,3.7
5.2,7.46,6.9
6.4,5.074,5.2
8.8,7.594,6.4
7.2,7.688,8.8
7.4,8.19,7.2
7.2,6.25,7.4
7.7,9.05,7.2
7.0,6.625,7.7
7.0,7.336,7.0
6.9,7.22,7.0
7.9,7.684,6.9
6.1000004,6.92,7.9
4.8,6.754,6.1
5.1,3.902,4.8
8.9,7.42,5.1
10.8,9.414,8.9
12.3,10.21,10.8
13.4,11.95,12.3
11.1,12.125,13.4
11.4,9.875,11.1
11.9,12.266,11.4
11.4,11.18,11.9
10.8,11.055,11.4
9.7,10.68,10.8
9.0,8.84,9.7
8.8,9.24,9.0
8.2,8.49,8.8
8.1,7.78,8.2
6.5,8.52,8.1
5.1,7.062,6.5
5.5,6.25,5.1
3.1,6.562,5.5
3.4,3.926,3.1
5.4,4.703,3.4
5.2,6.93,5.4
6.2,6.008,5.2
5.3,8.125,6.2
6.2,5.863,5.3
8.6,7.105,6.2
10.3,10.055,8.6
11.5,9.78,10.3
13.0,11.51,11.5
10.8,12.195,13.0
11.4,10.125,10.8
11.2,12.336,11.4
10.2,10.4,11.2
7.7,9.15,10.2
9.1,7.617,7.7
11.2,10.21,9.1
10.7,11.25,11.2
9.6,11.07,10.7
9.3,9.59,9.6
9.4,9.055,9.3
9.9,9.89,9.4
11.4,10.08,9.9
11.5,12.57,11.4
14.1,11.99,11.5
17.0,13.77,14.1
17.0,16.47,17.0
18.4,15.44,17.0
19.4,17.62,18.4
18.9,16.83,19.4
18.2,17.47,18.9
18.9,17.72,18.2
20.4,18.19,18.9
18.8,18.25,20.4
16.9,17.03,18.8
17.9,16.5,16.9
18.6,17.31,17.9
17.6,17.55,18.6
17.6,16.47,17.6
13.3,16.14,17.6
13.1,12.945,13.3
14.3,13.414,13.1
13.5,14.766,14.3
13.8,13.95,13.5
12.5,14.03,13.8
12.6,13.22,12.5
12.9,12.21,12.6
13.3,14.195,12.9
12.8,12.98,13.3
14.6,13.77,12.8
15.4,16.11,14.6
15.3,14.55,15.4
16.4,15.75,15.3
19.1,17.44,16.4
17.9,18.84,19.1
15.2,16.88,17.9
15.3,15.766,15.2
16.8,16.11,15.3
14.7,15.93,16.8
11.3,15.18,14.7
12.3,11.29,11.3
13.1,13.7,12.3
14.6,14.24,13.1
13.7,14.76,14.6
13.6,13.93,13.7
15.5,15.02,13.6
17.7,16.55,15.5
21.2,17.89,17.7
24.7,21.56,21.2
17.9,21.75,24.7
17.1,16.89,17.9
17.4,18.23,17.1
17.6,18.4,17.4
16.7,17.39,17.6
16.7,17.25,16.7
15.1,17.34,16.7
15.4,15.69,15.1
14.8,16.69,15.4
16.1,15.78,14.8
17.9,17.19,16.1
14.5,18.2,17.9
15.7,15.2,14.5
15.1,16.14,15.7
14.0,15.81,15.1
16.0,14.55,14.0
16.5,16.47,16.0
16.0,16.03,16.5
16.1,16.56,16.0
16.7,17.06,16.1
17.4,17.75,16.7
17.5,16.9,17.4
16.6,17.67,17.5
15.1,16.03,16.6
14.9,15.67,15.1
16.6,16.25,14.9
16.9,17.42,16.6
17.1,17.56,16.9
19.3,17.52,17.1
19.3,19.36,19.3
17.0,18.27,19.3
17.1,16.97,17.0
17.4,18.23,17.1
17.7,17.16,17.4
18.0,18.12,17.7
19.1,18.69,18.0
17.5,19.5,19.1
16.2,16.92,17.5
16.6,16.38,16.2
16.7,16.98,16.6
15.9,16.75,16.7
16.5,16.12,15.9
16.6,16.17,16.5
17.4,17.05,16.6
18.6,18.47,17.4
18.0,17.03,18.6
18.8,18.38,18.0
20.6,18.73,18.8
22.9,20.77,20.6
24.4,21.84,22.9
25.1,23.16,24.4
22.4,22.81,25.1
18.8,21.55,22.4
16.9,17.02,18.8
19.1,17.56,16.9
18.5,19.84,19.1
18.3,17.39,18.5
17.5,18.5,18.3
17.2,18.0,17.5
18.0,18.06,17.2
17.3,18.19,18.0
19.1,18.03,17.3
18.0,19.61,19.1
17.6,16.88,18.0
17.8,18.34,17.6
16.6,16.5,17.8
15.7,17.78,16.6
15.0,15.3,15.7
13.8,14.555,15.0
14.7,15.13,13.8
15.9,15.51,14.7
19.6,17.39,15.9
21.1,20.05,19.6
18.6,19.75,21.1
17.6,17.11,18.6
15.5,17.75,17.6
17.3,16.4,15.5
17.6,16.84,17.3
18.2,17.23,17.6
18.1,17.44,18.2
18.8,18.19,18.1
16.9,17.53,18.8
12.5,16.0,16.9
11.1,12.766,12.5
12.0,11.92,11.1
11.8,13.586,12.0
14.6,12.61,11.8
15.3,16.11,14.6
14.9,14.45,15.3
15.0,15.125,14.9
15.3,15.41,15.0
16.5,15.36,15.3
15.7,16.08,16.5
14.3,15.28,15.7
16.1,14.5,14.3
15.2,15.83,16.1
15.0,15.28,15.2
16.3,16.03,15.0
14.9,14.72,16.3
15.6,15.68,14.9
13.1,14.484,15.6
13.6,14.22,13.1
14.1,14.125,13.6
14.0,13.336,14.1
11.9,13.2,14.0
10.6,11.94,11.9
10.3,10.92,10.6
10.3,10.23,10.3
10.3,11.016,10.3
10.9,10.98,10.3
11.7,11.266,10.9
12.9,12.24,11.7
12.4,13.03,12.9
10.6,13.016,12.4
11.9,9.734,10.6
15.4,13.52,11.9
15.2,14.87,15.4
15.3,13.766,15.2
13.3,14.23,15.3
9.8,11.945,13.3
8.6,9.46,9.8
9.2,9.47,8.6
13.5,11.11,9.2
15.0,13.75,13.5
14.7,13.56,15.0
13.2,13.305,14.7
12.2,13.83,13.2
10.4,10.18,12.2
13.0,9.984,10.4
15.6,13.875,13.0
11.1,14.375,15.6
10.4,9.375,11.1
11.6,10.44,10.4
10.4,12.234,11.6
9.7,9.914,10.4
8.6,10.61,9.7
6.7,7.723,8.6
6.1000004,6.043,6.7
10.0,8.78,6.1
6.9,10.33,10.0
11.5,6.074,6.9
14.1,11.88,11.5
10.4,11.59,14.1
6.3,8.68,10.4
7.5,7.0,6.3
7.7,6.508,7.5
7.6,8.44,7.7
6.5,6.46,7.6
3.5,5.367,6.5
3.3000002,3.742,3.5
1.0,3.668,3.3
-0.19999981,0.5,1.0
0.39999962,1.906,-0.2
-2.1000004,0.02344,0.4
-2.5,-1.219,-2.1
-2.3000002,-1.719,-2.5
1.1999998,-2.016,-2.3
6.7,4.902,1.2
6.9,5.75,6.7
9.5,7.586,6.9
8.5,9.21,9.5
4.9,6.242,8.5
2.9,4.203,4.9
1.1999998,2.926,2.9
-0.5,2.348,1.2
-0.8999996,-0.461,-0.5
1.1000004,-0.7734,-0.9
2.0999994,1.883,1.1
1.5,4.043,2.1
1.6000004,1.094,1.5
5.8,3.98,1.6
7.4,5.12,5.8
8.3,6.645,7.4
8.3,8.02,8.3
13.1,6.42,8.3
9.9,9.47,13.1
11.9,6.82,9.9
8.5,9.04,11.9
7.8,6.484,8.5
5.7,6.2,7.8
9.7,4.59,5.7
7.8,7.965,9.7
5.4,6.414,7.8
1.8000002,4.91,5.4
3.0,2.71,1.8
0.6999998,4.457,3.0
5.0,1.953,0.7
10.0,6.336,5.0
10.9,8.92,10.0
11.1,9.484,10.9
6.9,9.195,11.1
7.8,5.04,6.9
9.2,8.05,7.8
8.3,7.62,9.2
7.7,6.773,8.3
8.4,7.203,7.7
10.2,7.5,8.4
12.1,9.88,10.2
9.0,10.86,12.1
8.2,6.88,9.0
9.7,8.77,8.2
7.5,8.7,9.7
3.5,6.547,7.5
0.39999962,3.23,3.5
1.1000004,0.625,0.4
3.0,2.746,1.1
6.4,5.816,3.0
7.5,7.41,6.4
8.6,7.18,7.5
9.2,9.31,8.6
5.8,8.58,9.2
6.4,4.96,5.8
9.7,7.86,6.4
9.1,8.83,9.7
7.4,8.31,9.1
5.6,5.96,7.4
4.5,5.105,5.6
10.1,4.15,4.5
10.8,8.79,10.1
8.3,8.88,10.8
7.5,7.9,8.3
10.6,8.055,7.5
6.9,9.89,10.6
0.8999996,5.46,6.9
-0.6000004,1.352,0.9
3.1,0.125,-0.6
5.9,5.3,3.1
5.4,5.168,5.9
8.4,7.586,5.4
8.0,7.93,8.4
7.6,7.016,8.0
6.2,6.734,7.6
5.7,5.8,6.2
2.4,5.74,5.7
1.3000002,2.969,2.4
0.6999998,1.352,1.3
1.1000004,1.508,0.7
1.1000004,2.105,1.1
1.0,0.3594,1.1
6.9,2.977,1.0
6.4,7.227,6.9
7.0,6.086,6.4
9.7,8.016,7.0
10.2,9.07,9.7
11.2,9.5,10.2
10.4,9.12,11.2
6.8,8.305,10.4
5.8,5.586,6.8
10.5,5.492,5.8
6.1000004,9.84,10.5
6.7,6.027,6.1
6.6,7.22,6.7
6.4,5.824,6.6
10.2,8.19,6.4
11.3,10.336,10.2
7.4,10.1,11.3
5.8,6.867,7.4
4.0,5.293,5.8
2.9,3.742,4.0
4.5,3.016,2.9
7.9,5.85,4.5
8.0,7.93,7.9
8.2,7.047,8.0
10.8,8.71,8.2
11.5,10.83,10.8
10.5,10.25,11.5
10.3,8.88,10.5
8.7,9.266,10.3
7.9,7.758,8.7
8.8,7.617,7.9
8.3,8.664,8.8
6.5,7.95,8.3
7.0,6.016,6.5
7.5,7.844,7.0
7.0,7.18,7.5
8.6,7.812,7.0
9.7,9.73,8.6
9.7,9.91,9.7
6.8,9.83,9.7
6.8,5.48,6.8
7.7,8.22,6.8
10.5,9.41,7.7
12.3,11.0,10.5
11.2,9.98,12.3
11.3,12.0,11.2
10.0,10.03,11.3
13.2,10.66,10.0
12.5,12.805,13.2
13.8,11.34,12.5
12.2,13.9,13.8
10.1,10.53,12.2
10.4,9.195,10.1
10.9,10.68,10.4
9.4,11.13,10.9
9.1,8.45,9.4
10.3,10.19,9.1
8.8,9.93,10.3
4.9,9.27,8.8
4.7,4.85,4.9
4.7,6.168,4.7
6.9,5.625,4.7
6.9,7.19,6.9
6.6,8.39,6.9
11.3,6.324,6.6
11.4,10.914,11.3
11.2,10.43,11.4
9.8,11.15,11.2
9.9,8.805,9.8
10.0,10.94,9.9
12.8,10.26,10.0
13.7,13.29,12.8
14.2,12.336,13.7
13.7,13.73,14.2
13.8,11.56,13.7
15.6,14.37,13.8
17.2,14.58,15.6
17.3,16.11,17.2
16.0,15.484,17.3
13.0,14.59,16.0
15.4,12.41,13.0
14.3,15.54,15.4
13.1,11.84,14.3
15.4,13.11,13.1
14.4,15.7,15.4
12.9,13.836,14.4
12.5,12.86,12.9
11.6,12.98,12.5
13.1,12.0,11.6
12.9,13.57,13.1
12.4,12.4,12.9
11.2,13.016,12.4
13.1,11.625,11.2
13.6,14.41,13.1
12.3,12.71,13.6
14.1,12.805,12.3
14.9,14.59,14.1
14.2,14.13,14.9
14.7,14.83,14.2
13.6,14.3,14.7
16.8,13.42,13.6
17.8,17.73,16.8
19.0,15.33,17.8
19.9,18.9,19.0
18.5,18.03,19.9
19.0,18.47,18.5
20.5,19.27,19.0
15.5,19.97,20.5
14.4,14.92,15.5
13.6,15.44,14.4
12.4,13.984,13.6
13.2,12.945,12.4
11.5,14.25,13.2
11.7,11.59,11.5
13.3,13.766,11.7
15.1,14.96,13.3
14.7,15.484,15.1
14.9,15.41,14.7
14.6,14.34,14.9
16.4,15.04,14.6
18.2,16.81,16.4
21.0,18.9,18.2
19.4,20.33,21.0
17.1,17.73,19.4
17.4,17.12,17.1
15.3,18.58,17.4
13.1,14.23,15.3
14.1,13.97,13.1
17.1,15.84,14.1
19.2,18.36,17.1
21.2,19.88,19.2
18.2,21.25,21.2
15.9,17.28,18.2
15.3,15.96,15.9
17.1,17.36,15.3
16.1,17.19,17.1
18.7,16.31,16.1
23.7,19.56,18.7
17.9,22.22,23.7
16.4,16.84,17.9
18.0,17.16,16.4
18.1,18.6,18.0
16.5,18.34,18.1
19.8,16.84,16.5
21.7,20.73,19.8
21.7,20.92,21.7
22.3,20.94,21.7
23.3,21.92,22.3
20.8,21.98,23.3
18.4,19.72,20.8
19.2,18.03,18.4
18.1,18.97,19.2
21.4,18.92,18.1
21.1,21.42,21.4
18.4,20.1,21.1
19.0,18.67,18.4
17.5,19.14,19.0
15.6,17.6,17.5
18.0,16.64,15.6
19.6,18.66,18.0
23.0,20.23,19.6
24.9,22.52,23.0
23.8,23.44,24.9
22.8,22.11,23.8
23.1,22.0,22.8
22.5,22.34,23.1
20.0,21.12,22.5
21.9,18.19,20.0
19.8,21.28,21.9
21.1,18.78,19.8
19.6,21.11,21.1
19.5,19.5,19.6
18.4,20.23,19.5
20.3,18.53,18.4
18.9,20.47,20.3
17.3,18.84,18.9
17.9,18.39,17.3
17.2,17.8,17.9
18.3,18.03,17.2
17.9,17.86,18.3
17.9,18.4,17.9
16.0,17.56,17.9
16.4,15.81,16.0
16.5,17.06,16.4
16.3,16.55,16.5
16.3,16.03,16.3
16.3,16.06,16.3
18.1,17.1,16.3
18.9,18.3,18.1
19.4,19.27,18.9
21.7,18.72,19.4
21.5,21.8,21.7
19.9,20.78,21.5
18.0,17.53,19.9
17.9,17.98,18.0
18.8,18.39,17.9
18.9,19.16,18.8
17.6,17.94,18.9
18.2,17.34,17.6
19.9,19.44,18.2
19.4,19.61,19.9
19.7,19.19,19.4
19.6,19.9,19.7
18.3,17.38,19.6
17.7,18.0,18.3
18.6,17.53,17.7
17.6,18.33,18.6
20.7,17.72,17.6
21.5,20.16,20.7
16.9,20.66,21.5
14.9,15.95,16.9
13.3,15.16,14.9
13.0,12.984,13.3
14.2,14.7,13.0
15.3,15.4,14.2
14.8,15.625,15.3
14.2,16.12,14.8
13.7,13.86,14.2
14.7,13.984,13.7
18.0,15.34,14.7
17.3,16.6,18.0
17.7,16.64,17.3
15.4,16.31,17.7
14.8,14.555,15.4
16.1,15.664,14.8
15.2,14.91,16.1
16.3,16.45,15.2
14.9,16.0,16.3
15.4,15.234,14.9
14.1,15.44,15.4
11.3,13.32,14.1
9.9,11.41,11.3
8.0,9.52,9.9
7.7,8.82,8.0
8.7,8.25,7.7
13.0,10.63,8.7
13.7,13.35,13.0
14.5,13.04,13.7
15.0,14.86,14.5
13.3,13.82,15.0
11.2,12.35,13.3
12.8,11.54,11.2
14.2,13.586,12.8
11.0,12.45,14.2
8.9,10.82,11.0
8.8,9.26,8.9
6.6,9.734,8.8
10.3,8.69,6.6
13.5,11.59,10.3
12.6,13.01,13.5
12.5,11.664,12.6
11.6,12.63,12.5
13.1,11.0,11.6
9.9,12.34,13.1
10.9,8.734,9.9
12.7,11.92,10.9
13.6,12.555,12.7
13.7,13.31,13.6
12.2,11.67,13.7
14.2,10.77,12.2
11.3,14.41,14.2
7.5,9.21,11.3
6.5,8.28,7.5
9.2,8.2,6.5
7.7,9.51,9.2
8.4,6.844,7.7
10.5,9.02,8.4
10.0,9.87,10.5
8.0,8.266,10.0
7.4,7.273,8.0
6.1000004,8.04,7.4
4.8,6.04,6.1
8.3,4.19,4.8
5.4,10.234,8.3
2.7999997,5.71,5.4
5.5,5.47,2.8
6.9,5.023,5.5
3.8000002,6.82,6.9
1.8999996,3.754,3.8
-0.6999998,1.773,1.9
2.4,0.1094,-0.7
6.7,4.93,2.4
7.4,7.297,6.7
9.0,7.312,7.4
6.5,7.39,9.0
10.7,4.96,6.5
8.5,9.01,10.7
7.3,6.19,8.5
5.3,5.86,7.3
9.5,6.773,5.3
8.8,9.56,9.5
9.6,6.25,8.8
7.9,10.13,9.6
4.3,5.777,7.9
7.7,4.754,4.3
9.4,7.957,7.7
9.4,7.297,9.4
7.5,8.93,9.4
6.8,5.875,7.5
12.4,7.79,6.8
8.7,10.56,12.4
7.5,5.77,8.7
5.0,7.85,7.5
2.1999998,3.938,5.0
3.0,3.422,2.2
7.4,3.527,3.0
12.1,8.055,7.4
5.7,9.94,12.1
-0.10000038,4.926,5.7
1.3999996,1.82,-0.1
6.6,2.246,1.4
7.1,6.934,6.6
10.4,5.87,7.1
8.8,7.867,10.4
9.8,6.57,8.8
6.6,7.42,9.8
3.8000002,4.367,6.6
2.0999994,2.977,3.8
3.6,3.113,2.1
8.7,5.684,3.6
6.2,5.72,7.2
5.8,7.867,6.2
5.6,5.44,5.8
7.7,7.133,5.6
9.7,9.336,7.7
4.6,9.41,9.7
6.1000004,4.746,4.6
6.7,7.29,6.1
6.4,6.74,6.7
5.9,7.285,6.4
8.8,6.93,5.9
10.4,8.84,8.8
10.8,10.38,10.4
9.8,9.484,10.8
3.0,7.246,9.8
2.7999997,2.95,3.0
8.0,4.82,2.8
7.2,7.812,8.0
6.5,7.2,7.2
8.8,7.09,6.5
9.4,9.03,8.8
10.3,10.414,9.4
7.6,8.586,10.3
11.9,8.734,7.6
11.7,11.61,11.9
12.2,11.08,11.7
12.9,10.695,12.2
16.1,12.5,12.9
15.1,13.62,16.1
12.8,12.09,15.1
9.9,11.17,12.8
10.3,9.3,9.9
13.8,11.984,10.3
13.8,12.41,13.8
12.9,12.2,13.8
10.7,11.64,12.9
8.7,9.97,10.7
10.6,9.125,8.7
12.3,11.72,10.6
12.7,12.81,12.3
12.5,11.43,12.7
10.6,12.17,12.5
10.4,10.586,10.6
10.6,10.94,10.4
9.5,9.72,10.6
10.2,9.734,9.5
10.4,9.87,10.2
9.6,8.6,10.4
9.1,10.36,9.6
11.5,9.67,9.1
9.9,11.09,11.5
10.9,10.7,9.9
13.1,10.45,10.9
13.2,13.086,13.1
13.0,12.42,13.2
12.3,11.58,13.0
11.5,11.75,12.3
13.8,11.72,11.5
15.3,13.09,13.8
16.8,14.49,15.3
18.3,15.555,16.8
12.1,16.25,18.3
7.4,10.336,12.1
6.8,7.703,7.4
10.7,6.797,6.8
9.3,10.39,10.7
10.7,9.2,9.3
10.7,10.72,10.7
8.9,10.34,10.7
9.2,9.984,8.9
7.3,8.83,9.2
8.0,7.055,7.3
9.6,9.21,8.0
8.4,9.57,9.6
6.7,8.94,8.4
5.3,6.21,6.7
6.4,5.473,5.3
7.5,8.766,6.4
7.8,8.766,7.5
8.5,8.25,7.8
9.9,9.31,8.5
11.3,9.21,9.9
17.1,12.836,11.3
17.5,15.7,17.1
10.3,15.625,17.5
10.9,9.62,10.3
15.0,12.195,10.9
17.2,14.734,15.0
18.6,16.64,17.2
19.1,17.34,18.6
16.5,17.05,19.1
19.1,15.125,16.5
17.9,17.83,19.1
14.1,15.66,17.9
12.1,12.72,14.1
12.8,11.21,12.1
16.4,13.07,12.8
13.6,16.4,16.4
13.0,13.08,13.6
13.7,13.06,13.0
16.3,13.875,13.7
12.5,16.67,16.3
14.6,11.92,12.5
14.8,15.85,14.6
17.0,13.31,14.8
18.5,16.56,17.0
14.6,18.16,18.5
14.5,14.06,14.6
13.4,13.805,14.5
15.9,13.625,13.4
17.0,16.73,15.9
16.7,16.39,17.0
15.6,16.33,16.7
18.0,14.42,15.6
14.5,17.88,18.0
18.1,14.56,14.5
15.7,18.66,18.1
17.2,14.86,15.7
15.9,17.3,17.2
19.1,16.66,15.9
20.3,19.25,19.1
22.0,20.03,20.3
18.0,19.72,22.0
18.4,17.9,18.0
16.1,18.38,18.4
15.5,15.89,16.1
15.3,16.25,15.5
16.6,15.766,15.3
21.4,17.12,16.6
16.8,20.66,21.4
15.7,16.52,16.8
15.5,16.12,15.7
15.3,16.58,15.5
15.2,14.375,15.3
16.9,15.766,15.2
19.0,17.75,16.9
19.8,19.03,19.0
20.9,19.03,19.8
22.9,20.66,20.9
19.6,21.97,22.9
17.8,18.47,19.6
18.5,17.12,17.8
18.6,19.72,18.5
20.5,18.25,18.6
25.600002,21.06,20.5
20.3,23.6,25.6
15.2,18.28,20.3
16.6,15.81,15.2
19.9,17.44,16.6
22.9,20.77,19.9
20.2,20.84,22.9
23.2,20.0,20.2
20.2,22.73,23.2
21.7,18.31,20.2
22.5,21.53,21.7
22.1,21.81,22.5
20.2,20.48,22.1
18.0,19.42,20.2
19.1,18.12,18.0
18.7,19.17,19.1
20.2,19.17,18.7
22.8,20.31,20.2
23.9,22.53,22.8
21.6,22.03,23.9
20.9,20.7,21.6
21.9,20.66,20.9
23.8,22.0,21.9
24.5,23.62,23.8
21.7,22.75,24.5
19.0,20.6,21.7
18.6,19.17,19.0
19.7,18.69,18.6
21.9,20.66,19.7
24.4,22.28,21.9
24.1,22.33,24.4
23.6,22.2,24.1
23.0,22.28,23.6
24.9,22.03,23.0
23.9,23.88,24.9
22.9,21.64,23.9
25.0,22.42,22.9
26.6,24.88,25.0
21.9,24.3,26.6
21.4,19.22,21.9
24.3,21.42,21.4
26.8,23.88,24.3
25.5,23.4,26.8
24.0,23.6,25.5
26.0,22.75,24.0
23.6,24.94,26.0
24.7,21.75,23.6
23.0,23.53,24.7
21.0,21.53,23.0
19.9,19.28,21.0
20.2,19.38,19.9
18.9,20.84,20.2
21.0,17.78,18.9
23.3,21.31,21.0
21.9,22.38,23.3
20.8,19.97,21.9
18.9,19.7,20.8
20.5,18.72,18.9
22.4,20.72,20.5
23.8,22.1,22.4
24.2,21.8,23.8
21.2,22.69,24.2
18.3,19.34,21.2
18.8,17.6,18.3
19.7,19.88,18.8
20.4,19.12,19.7
19.7,20.6,20.4
20.6,18.61,19.7
20.1,20.58,20.6
20.4,19.4,20.1
18.3,19.06,20.4
17.3,17.34,18.3
18.4,17.78,17.3
18.2,19.14,18.4
19.4,18.38,18.2
20.7,19.06,19.4
18.0,20.38,20.7
15.1,17.6,18.0
18.9,15.41,15.1
20.3,18.78,18.9
22.9,19.66,20.3
18.8,21.22,22.9
18.2,17.78,18.8
14.4,18.12,18.2
14.2,14.16,14.4
14.1,14.164,14.2
14.1,13.875,14.1
13.1,13.28,14.1
13.2,12.664,13.1
15.9,15.31,13.2
13.2,15.83,15.9
14.4,13.05,13.2
13.4,15.266,14.4
17.5,13.54,13.4
18.7,17.4,17.5
17.0,17.62,18.7
15.9,15.98,17.0
16.8,15.64,15.9
17.4,16.95,16.8
18.3,17.39,17.4
18.2,17.47,18.3
17.1,17.4,18.2
16.2,16.12,17.1
15.2,16.56,16.2
11.1,14.02,15.2
10.4,10.9,11.1
12.0,11.44,10.4
13.7,13.64,12.0
14.7,14.375,13.7
18.0,15.7,14.7
18.6,17.02,18.0
18.4,17.69,18.6
16.2,16.53,18.4
18.5,15.66,16.2
16.9,17.64,18.5
16.9,16.72,16.9
15.9,15.516,16.9
16.0,14.734,15.9
14.8,15.83,16.0
13.3,13.74,14.8
14.9,14.31,13.3
16.5,15.45,14.9
14.7,15.88,16.5
14.4,13.75,14.7
14.4,13.72,14.4
12.0,14.25,14.4
9.2,10.91,12.0
12.3,11.42,9.2
13.9,12.03,12.3
15.7,14.0,13.9
14.8,14.45,15.7
14.2,14.19,14.8
16.2,13.45,14.2
17.1,14.766,16.2
12.2,15.805,17.1
10.5,11.13,12.2
12.0,10.21,10.5
14.2,12.97,12.0
15.3,13.33,14.2
13.6,14.74,15.3
13.4,12.36,13.6
12.4,13.5,13.4
12.5,10.7,12.4
11.7,13.05,12.5
10.4,10.08,11.7
10.5,11.28,10.4
12.3,11.65,10.5
13.4,12.586,12.3
15.2,11.93,13.4
14.1,13.836,15.2
12.0,10.97,14.1
11.6,12.234,12.0
9.9,11.336,11.6
10.9,8.91,9.9
11.4,11.0,10.9
11.8,11.71,11.4
10.3,10.24,11.8
8.8,8.98,10.3
10.0,8.92,8.8
10.2,9.31,10.0
10.9,9.984,10.2
8.8,10.07,10.9
8.1,9.15,8.8
10.4,9.73,8.1
11.9,11.336,10.4
14.2,12.24,11.9
11.7,12.39,14.2
7.9,9.35,11.7
9.6,9.05,7.9
14.0,10.664,9.6
13.7,12.97,14.0
12.8,10.95,13.7
9.9,10.28,12.8
8.4,9.875,9.9
8.4,7.277,8.4
8.6,8.07,8.4
8.4,9.16,8.6
7.0,8.19,8.4
7.6,6.008,7.0
6.8,8.92,7.6
8.0,7.027,6.8
9.4,8.25,8.0
4.1,8.39,9.4
1.0,3.512,4.1
1.0,1.32,1.0
3.0,2.59,1.0
6.6,3.574,3.0
9.4,8.72,6.6
10.7,10.42,9.4
11.2,9.85,10.7
12.7,11.87,11.2
9.1,11.19,12.7
6.0,7.65,9.1
5.2,5.562,6.0
1.6000004,4.46,5.2
-0.6000004,1.047,1.6
2.1999998,0.125,-0.6
6.8,5.89,2.2
2.6999998,6.098,6.8
2.9,2.543,2.7
7.5,3.887,2.9
9.0,5.977,7.5
11.3,9.26,9.0
5.2,10.22,11.3
1.8999996,3.96,5.2
0.8000002,3.637,1.9
1.1999998,1.914,0.8
4.1,3.473,1.2
11.1,7.484,4.1
8.1,11.38,11.1
9.3,7.434,8.1
9.0,10.48,9.3
9.2,7.43,9.0
14.4,10.086,9.2
13.8,11.73,14.4
10.1,11.3,13.8
15.4,9.7,10.1
12.1,12.59,15.4
8.3,8.53,12.1
10.9,8.77,8.3
10.6,11.15,10.9
11.5,10.99,10.6
9.2,9.63,11.5
8.3,7.875,9.2
9.6,10.13,8.3
6.9,7.617,9.6
8.2,7.09,6.9
9.4,9.945,8.2
11.2,10.35,9.4
10.3,9.88,11.2
11.6,9.266,10.3
11.2,11.41,11.6
8.9,10.125,11.2
10.3,9.25,8.9
12.0,11.12,10.3
12.6,11.266,12.0
12.5,11.9,12.6
13.1,12.14,12.5
13.5,11.96,13.1
10.5,12.36,13.5
8.5,10.5,10.5
8.6,7.547,8.5
12.2,9.414,8.6
8.4,12.19,12.2
5.7,7.723,8.4
8.3,7.188,5.7
12.6,9.89,8.3
12.3,11.68,12.6
7.1,10.3,12.3
4.7,6.656,7.1
5.3,6.32,4.7
6.6,6.453,5.3
8.8,8.5,6.6
6.9,9.04,8.8
6.1000004,7.098,6.9
10.0,7.43,6.1
7.5,10.055,10.0
8.4,6.867,7.5
8.3,9.375,8.4
9.7,7.582,8.3
10.8,10.234,9.7
13.3,11.516,10.8
11.9,12.05,13.3
11.1,11.75,11.9
10.7,10.516,11.1
9.0,10.32,10.7
8.7,9.21,9.0
11.7,9.71,8.7
13.2,12.53,11.7
10.7,11.47,13.2
9.0,10.266,10.7
8.4,8.74,9.0
9.9,9.37,8.4
11.9,10.2,9.9
11.0,12.3,11.9
10.7,10.41,11.0
10.7,10.08,10.7
8.6,11.46,10.7
8.1,8.66,8.6
10.6,10.305,8.1
6.8,8.055,10.6
8.0,7.42,6.8
10.9,9.484,8.0
14.8,11.875,10.9
17.6,14.414,14.8
13.0,16.12,17.6
12.4,11.96,13.0
11.9,12.28,12.4
12.3,12.34,11.9
14.4,13.25,12.3
12.0,13.586,14.4
13.0,11.77,12.0
15.0,14.09,13.0
13.7,14.34,15.0
12.9,12.08,13.7
11.6,12.34,12.9
10.4,11.17,11.6
11.6,10.58,10.4
10.0,9.74,11.6
11.3,10.75,10.0
8.9,11.836,11.3
8.4,8.53,8.9
6.6,10.336,8.4
9.0,6.445,6.6
8.6,9.93,9.0
10.0,9.89,8.6
10.3,10.25,10.0
10.5,10.766,10.3
12.8,9.93,10.5
15.4,14.2,12.8
13.9,15.164,15.4
14.9,11.91,13.9
17.9,15.14,14.9
16.4,17.4,17.9
18.6,14.7,16.4
19.9,16.53,18.6
21.6,18.33,19.9
21.0,19.19,21.6
21.7,18.39,21.0
20.6,19.31,21.7
17.7,18.53,20.6
16.0,15.97,17.7
13.8,15.125,16.0
11.3,13.945,13.8
9.6,11.6,11.3
11.1,9.76,9.6
14.1,13.44,11.1
15.3,14.25,14.1
15.8,15.31,15.3
14.1,15.46,15.8
12.1,13.4,14.1
12.6,12.695,12.1
15.0,12.984,12.6
18.5,15.7,15.0
17.4,18.19,18.5
16.9,16.9,17.4
14.1,15.94,16.9
17.0,13.97,14.1
20.9,18.03,17.0
20.3,20.11,20.9
17.1,17.9,20.3
14.5,16.38,17.1
13.6,14.42,14.5
13.7,14.03,13.6
15.3,15.36,13.7
15.1,15.086,15.3
15.2,15.42,15.1
15.3,15.67,15.2
17.4,16.17,15.3
18.4,18.0,17.4
16.1,17.9,18.4
16.0,15.42,16.1
14.6,16.34,16.0
14.8,15.27,14.6
15.5,15.06,14.8
16.2,15.14,15.5
16.2,17.11,16.2
16.4,16.38,16.2
17.3,16.9,16.4
17.3,18.2,17.3
19.9,17.34,17.3
23.7,20.17,19.9
21.8,22.72,23.7
19.6,20.38,21.8
20.4,18.75,19.6
20.3,20.52,20.4
19.1,20.33,20.3
20.7,19.1,19.1
22.2,20.89,20.7
21.7,22.1,22.2
21.5,19.97,21.7
20.9,20.9,21.5
24.3,20.88,20.9
23.0,23.86,24.3
19.2,19.89,23.0
16.9,18.72,19.2
17.1,17.28,16.9
18.3,18.03,17.1
20.2,19.0,18.3
21.7,20.75,20.2
24.7,21.12,21.7
24.9,23.4,24.7
22.7,22.56,24.9
21.8,21.34,22.7
22.7,21.48,21.8
22.6,22.5,22.7
22.9,20.9,22.6
23.0,22.56,22.9
22.4,22.56,23.0
20.8,21.23,22.4
22.5,20.8,20.8
25.7,22.25,22.5
24.600002,24.28,25.7
22.7,21.9,24.6
20.6,21.56,22.7
21.7,21.1,20.6
23.3,22.12,21.7
25.2,23.12,23.3
20.7,22.72,25.2
20.8,20.45,20.7
23.5,20.34,20.8
25.600002,23.34,23.5
24.3,23.84,25.6
24.600002,21.69,24.3
23.6,23.8,24.6
25.0,22.28,23.6
23.1,23.53,25.0
24.0,22.12,23.1
23.4,22.28,24.0
20.8,22.81,23.4
18.4,19.06,20.8
19.6,18.1,18.4
22.0,19.88,19.6
26.1,21.98,22.0
23.6,23.5,26.1
21.8,21.12,23.6
22.1,21.19,21.8
20.5,20.77,22.1
21.6,19.1,20.5
21.5,21.48,21.6
22.7,21.0,21.5
22.5,22.56,22.7
21.7,20.44,22.5
21.6,20.25,21.7
21.5,21.19,21.6
21.7,20.1,21.5
22.1,21.06,21.7
19.7,20.47,22.1
19.5,18.33,19.7
20.9,19.66,19.5
20.0,20.11,20.9
18.5,19.81,20.0
17.5,17.22,18.5
18.7,18.73,17.5
17.9,18.88,18.7
16.8,18.0,17.9
16.9,16.88,16.8
17.0,17.81,16.9
16.8,16.56,17.0
17.8,16.62,16.8
21.5,18.38,17.8
22.1,21.31,21.5
17.3,19.38,22.1
18.5,15.85,17.3
17.7,19.72,18.5
17.0,17.4,17.7
15.5,16.5,17.0
14.6,15.26,15.5
16.6,15.61,14.6
15.5,16.52,16.6
16.4,15.7,15.5
15.3,16.14,16.4
15.3,14.62,15.3
16.0,16.02,15.3
16.3,16.11,16.0
15.5,15.08,16.3
14.3,14.086,15.5
15.0,15.0,14.3
16.2,15.84,15.0
12.9,15.45,16.2
11.6,12.26,12.9
14.1,12.65,11.6
16.9,16.11,14.1
13.7,15.34,16.9
15.0,13.78,13.7
19.5,16.84,15.0
19.1,18.23,19.5
20.9,18.31,19.1
19.5,19.72,20.9
14.6,17.58,19.5
16.3,13.91,14.6
18.5,17.3,16.3
18.8,18.05,18.5
18.5,17.97,18.8
17.1,17.89,18.5
18.9,17.62,17.1
17.5,17.53,18.9
17.3,16.55,17.5
16.2,16.97,17.3
16.0,16.0,16.2
15.6,14.67,16.0
16.3,15.39,15.6
16.9,16.28,16.3
18.0,17.45,16.9
15.3,16.3,18.0
11.5,13.56,15.3
13.2,11.24,11.5
16.1,14.55,13.2
17.6,15.41,16.1
17.6,17.45,17.6
19.7,16.34,17.6
20.3,18.34,19.7
19.3,17.75,20.3
15.2,17.97,19.3
14.3,14.16,15.2
13.6,13.66,14.3
14.8,13.984,13.6
10.8,14.266,14.8
7.7,9.33,10.8
9.6,9.734,7.7
5.2,7.777,9.6
6.6,5.707,5.2
7.5,9.0,6.6
6.9,7.887,7.5
9.0,7.3,6.9
12.1,10.984,9.0
17.4,12.79,12.1
13.9,15.56,17.4
9.8,10.7,13.9
10.6,9.55,9.8
13.2,11.805,10.6
14.7,13.72,13.2
13.1,13.36,14.7
6.2,10.766,13.1
3.6999998,4.773,6.2
7.4,5.188,3.7
13.2,10.97,7.4
11.7,12.266,13.2
10.3,10.8,11.7
7.7,8.65,10.3
7.4,7.633,7.7
8.0,8.25,7.4
6.5,6.6,8.0
8.4,7.234,6.5
6.2,8.84,8.4
8.6,6.492,6.2
10.9,9.85,8.6
11.1,9.03,10.9
13.9,10.7,11.1
10.7,11.91,13.9
3.1999998,7.62,10.7
4.1,3.219,3.2
4.6,5.855,4.1
5.9,6.08,4.6
5.3,6.04,5.9
5.4,4.543,5.3
4.4,7.445,5.4
3.6999998,4.418,4.4
2.6000004,4.926,3.7
-1.8000002,0.9375,2.6
-0.19999981,-0.9844,-1.8
4.5,1.125,-0.2
5.0,5.438,4.5
6.8,6.867,5.0
8.6,8.41,6.8
8.5,7.246,8.6
10.8,9.29,8.5
17.0,10.79,10.8
14.6,13.4,17.0
13.1,9.79,14.6
13.6,11.12,13.1
9.0,11.09,13.6
1.0,5.547,9.0
10.6,2.125,1.0
10.3,10.61,10.6
11.9,9.28,10.3
11.8,9.92,11.9
13.0,9.9,11.8
10.0,11.33,13.0
7.1,7.63,10.0
7.7,5.785,7.1
7.8,8.46,7.7
10.7,6.805,7.8
12.1,10.48,10.7
10.9,8.97,12.1
11.4,10.99,10.9
9.5,10.14,11.4
10.8,7.617,9.5
8.2,10.98,10.8
8.8,7.266,8.2
7.4,8.09,8.8
7.6,8.97,7.4
7.5,7.867,7.6
7.6,8.69,7.5
6.9,8.5,7.6
7.8,7.2,6.9
9.2,8.46,7.8
6.2,7.5,9.2
9.4,8.41,6.2
10.8,9.15,9.4
8.7,9.87,10.8
8.6,8.99,8.7
9.1,8.77,8.6
8.7,8.76,9.1
9.0,9.7,8.7
8.2,8.63,9.0
9.4,9.41,8.2
9.1,8.84,9.4
6.4,8.8,9.1
8.2,7.766,6.4
7.0,7.855,8.2
4.3,7.508,7.0
5.1,4.4,4.3
8.9,6.062,5.1
8.3,7.875,8.9
6.8,8.49,8.3
6.4,5.156,6.8
8.1,8.49,6.4
7.7,7.492,8.1
10.3,7.797,7.7
10.2,9.67,10.3
4.2,7.977,10.2
2.6999998,3.863,4.2
3.5,3.414,2.7
8.9,6.67,3.5
8.3,8.516,8.9
6.3,9.25,8.3
0.8999996,5.934,6.3
0.10000038,1.367,0.9
0.8000002,0.5703,0.1
8.0,4.004,0.8
9.0,8.08,8.0
10.5,7.58,9.0
7.4,11.01,10.5
6.3,7.42,7.4
6.0,6.32,6.3
5.1,7.344,6.0
8.5,5.89,5.1
6.5,8.305,8.5
4.4,5.484,6.5
6.4,6.69,4.4
5.6,6.203,6.4
5.2,5.676,5.6
5.1,5.727,5.2
9.4,6.074,5.1
10.5,9.67,9.4
9.8,10.19,10.5
5.8,9.555,9.8
7.7,5.34,5.8
10.4,8.87,7.7
9.0,10.805,10.4
9.3,8.68,9.0
7.7,8.97,9.3
7.5,6.938,7.7
8.7,8.73,7.5
11.4,9.94,8.7
13.2,11.36,11.4
13.1,11.805,13.2
15.1,12.99,13.1
16.3,14.51,15.1
14.8,14.64,16.3
17.0,13.66,14.8
14.9,15.66,17.0
11.7,13.41,14.9
10.3,11.11,11.7
9.7,9.7,10.3
9.2,9.9,9.7
10.9,9.3,9.2
11.9,12.31,10.9
7.2,9.84,11.9
5.4,7.527,7.2
6.6,6.266,5.4
10.1,8.89,6.6
11.1,11.3,10.1
9.4,9.875,11.1
10.7,10.49,9.4
11.4,10.2,10.7
12.6,13.08,11.4
14.8,13.22,12.6
14.8,14.71,14.8
13.9,15.0,14.8
12.1,12.25,13.9
13.7,12.78,12.1
13.8,13.18,13.7
11.5,13.54,13.8
13.2,11.04,11.5
16.8,13.53,13.2
17.6,15.89,16.8
18.2,16.12,17.6
15.0,15.88,18.2
13.3,12.58,15.0
12.3,13.09,13.3
12.0,11.41,12.3
13.1,12.61,12.0
14.6,13.91,13.1
13.5,14.266,14.6
13.3,13.375,13.5
11.5,12.55,13.3
13.0,10.984,11.5
10.2,13.61,13.0
11.7,10.2,10.2
13.9,12.02,11.7
18.4,15.06,13.9
18.2,17.16,18.4
16.2,17.17,18.2
14.9,14.66,16.2
15.1,14.984,14.9
12.9,14.06,15.1
12.4,13.195,12.9
11.6,12.77,12.4
11.2,11.22,11.6
12.2,12.64,11.2
17.2,13.81,12.2
18.3,17.72,17.2
16.4,15.61,18.3
15.7,15.42,16.4
13.3,14.16,15.7
13.6,14.08,13.3
12.8,13.69,13.6
14.8,12.46,12.8
18.4,15.72,14.8
16.9,18.33,18.4
17.8,15.445,16.9
17.4,17.88,17.8
16.6,17.4,17.4
16.5,15.56,16.6
19.4,16.47,16.5
24.5,19.69,19.4
16.3,22.16,24.5
14.6,15.57,16.3
12.7,15.11,14.6
13.8,13.125,12.7
17.9,15.5,13.8
23.3,18.77,17.9
26.2,21.72,23.3
24.7,22.92,26.2
19.2,20.84,24.7
21.1,18.92,19.2
19.8,21.42,21.1
21.6,19.94,19.8
20.4,21.06,21.6
21.4,19.56,20.4
21.2,21.34,21.4
24.2,21.25,21.2
26.0,23.36,24.2
23.5,23.25,26.0
21.4,21.95,23.5
20.2,20.9,21.4
20.8,19.9,20.2
16.5,21.12,20.8
16.5,16.31,16.5
15.9,16.55,16.5
16.4,15.98,15.9
17.4,16.97,16.4
16.9,17.78,17.4
17.8,17.47,16.9
19.3,18.72,17.8
18.4,18.98,19.3
18.2,18.16,18.4
16.2,18.2,18.2
16.2,16.88,16.2
20.5,16.66,16.2
21.6,21.12,20.5
18.9,20.38,21.6
17.8,17.84,18.9
14.6,17.64,17.8
15.6,14.586,14.6
16.6,16.52,15.6
16.3,17.6,16.6
18.9,16.56,16.3
19.4,19.06,18.9
20.0,19.22,19.4
22.8,19.75,20.0
24.600002,22.56,22.8
25.399998,22.88,24.6
25.9,24.27,25.4
23.3,24.55,25.9
22.2,20.75,23.3
22.1,22.31,22.2
24.1,21.53,22.1
24.7,23.81,24.1
22.2,22.33,24.7
23.0,21.72,22.2
20.6,23.06,23.0
20.5,19.75,20.6
21.3,19.88,20.5
20.6,20.94,21.3
20.4,20.52,20.6
20.9,20.05,20.4
20.6,19.72,20.9
20.9,20.62,20.6
18.5,19.97,20.9
20.2,18.03,18.5
22.3,20.53,20.2
20.9,21.73,22.3
19.1,19.97,20.9
18.4,18.78,19.1
20.7,19.08,18.4
22.4,20.69,20.7
20.6,21.47,22.4
18.7,19.53,20.6
18.1,18.6,18.7
18.3,17.75,18.1
19.5,18.97,18.3
20.8,19.9,19.5
22.2,20.8,20.8
23.0,21.94,22.2
23.3,22.0,23.0
21.8,22.64,23.3
20.4,20.89,21.8
18.3,19.53,20.4
20.4,17.3,18.3
19.3,20.64,20.4
17.4,18.61,19.3
18.1,17.16,17.4
17.6,18.08,18.1
17.1,18.1,17.6
16.2,16.56,17.1
15.7,16.53,16.2
15.2,15.58,15.7
15.9,15.75,15.2
17.0,16.97,15.9
15.9,16.84,17.0
15.1,15.31,15.9
17.5,15.56,15.1
18.1,18.25,17.5
19.0,18.2,18.1
19.1,18.9,19.0
15.8,17.58,19.1
13.6,15.34,15.8
14.9,13.98,13.6
15.3,15.88,14.9
14.4,15.81,15.3
15.0,15.586,14.4
14.0,14.84,15.0
13.9,14.42,14.0
17.5,14.92,13.9
16.6,18.84,17.5
14.7,16.5,16.6
15.1,15.42,14.7
14.4,14.77,15.1
15.2,15.34,14.4
13.9,15.6,15.2
14.9,13.21,13.9
15.7,15.945,14.9
15.7,15.73,15.7
16.5,14.59,15.7
16.8,17.31,16.5
16.6,16.31,16.8
15.8,15.3,16.6
18.1,16.73,15.8
14.2,17.64,18.1
13.6,13.42,14.2
13.5,13.25,13.6
12.6,12.984,13.5
12.1,13.7,12.6
9.1,10.875,12.1
10.3,9.79,9.1
11.4,10.25,10.3
14.4,13.03,11.4
13.7,13.61,14.4
12.3,12.61,13.7
15.4,12.72,12.3
16.3,15.66,15.4
14.5,16.27,16.3
13.9,13.6,14.5
12.0,13.04,13.9
12.9,12.375,12.0
15.4,11.76,12.9
15.3,15.66,15.4
14.4,13.63,15.3
16.6,14.8,14.4
16.4,16.22,16.6
17.4,14.45,16.4
17.5,16.4,17.4
15.9,16.73,17.5
14.2,14.36,15.9
14.6,13.31,14.2
15.3,13.8,14.6
13.9,15.766,15.3
10.1,12.43,13.9
10.1,9.09,10.1
14.8,13.19,10.1
11.7,13.2,14.8
11.1,11.2,11.7
13.6,12.195,11.1
12.4,13.266,13.6
12.5,10.836,12.4
14.0,13.31,12.5
12.5,13.36,14.0
10.5,10.414,12.5
12.2,11.47,10.5
13.5,11.39,12.2
11.2,12.055,13.5
11.0,9.86,11.2
6.7,10.734,11.0
2.5,6.28,6.7
3.1999998,3.379,2.5
5.6,5.992,3.2
6.8,5.754,5.6
9.2,6.727,6.8
9.0,10.07,9.2
10.1,7.293,9.0
8.4,9.69,10.1
9.1,8.695,8.4
6.4,8.57,9.1
10.9,7.227,6.4
11.4,11.54,10.9
12.5,8.984,11.4
7.0,11.41,12.5
8.3,4.86,7.0
13.4,10.45,8.3
11.8,10.49,13.4
11.4,10.266,11.8
9.2,9.45,11.4
7.5,7.887,9.2
7.5,8.07,7.5
7.1,7.25,7.5
8.4,7.445,7.1
9.3,8.59,8.4
9.6,9.22,9.3
7.1,8.39,9.6
7.8,6.29,7.1
11.4,8.22,7.8
13.3,10.58,11.4
8.8,11.19,13.3
3.6999998,7.176,8.8
3.1999998,3.793,3.7
7.6,5.035,3.2
9.7,9.43,7.6
10.8,9.18,9.7
8.0,8.98,10.8
10.1,8.56,8.0
10.4,9.53,10.1
10.8,9.34,10.4
9.7,9.94,10.8
7.7,9.17,9.7
0.6999998,6.227,7.7
-1.0,-0.1641,0.7
-2.5,1.297,-1.0
-2.8999996,-2.062,-2.5
-2.8999996,-1.055,-2.9
-1.3999996,-2.562,-2.9
-0.10000038,0.1484,-1.4
0.6999998,0.10156,-0.1
2.6000004,1.234,0.7
5.0,3.602,2.6
4.8,4.668,5.0
2.7999997,5.035,4.8
2.7999997,2.543,2.8
5.0,5.168,2.8
8.4,5.74,5.0
5.3,8.664,8.4
6.2,4.58,5.3
7.0,7.754,6.2
5.4,7.527,7.0
5.6,6.086,5.4
4.4,7.207,5.6
7.0,5.887,4.4
8.2,9.0,7.0
6.6,7.29,8.2
9.9,8.516,6.6
8.8,8.555,9.9
9.9,8.74,8.8
10.5,9.375,9.9
10.8,10.42,10.5
11.4,10.31,10.8
10.8,10.5,11.4
9.7,8.33,10.8
7.7,9.914,9.7
4.1,6.96,7.7
4.8,3.863,4.1
6.4,6.73,4.8
10.6,8.13,6.4
11.3,10.75,10.6
9.0,9.33,11.3
7.7,9.87,9.0
4.5,6.066,7.7
9.9,6.375,4.5
7.5,10.12,9.9
7.2,5.945,7.5
8.9,8.59,7.2
7.2,9.34,8.9
8.8,7.0,7.2
11.7,10.48,8.8
14.2,11.125,11.7
11.0,12.11,14.2
13.3,9.71,11.0
9.0,12.516,13.3
7.7,7.195,9.0
10.9,10.44,7.7
11.6,10.664,10.9
11.1,10.83,11.6
11.7,11.48,11.1
9.9,11.47,11.7
12.2,10.21,9.9
11.2,12.19,12.2
14.1,9.555,11.2
15.4,13.11,14.1
12.0,12.8,15.4
9.9,10.555,12.0
12.0,10.17,9.9
12.2,11.74,12.0
12.4,11.83,12.2
14.0,11.28,12.4
13.3,13.41,14.0
13.1,12.02,13.3
11.9,11.48,13.1
12.3,11.37,11.9
12.3,11.81,12.3
13.7,12.414,12.3
14.0,13.055,13.7
13.1,12.97,14.0
14.1,13.0,13.1
11.0,13.12,14.1
11.7,11.75,11.0
13.3,11.62,11.7
13.4,12.52,13.3
12.2,12.36,13.4
11.6,13.016,12.2
11.9,11.46,11.6
11.3,10.836,11.9
10.3,11.11,11.3
9.3,10.12,10.3
10.8,9.805,9.3
9.4,11.46,10.8
10.0,9.01,9.4
11.1,9.98,10.0
13.3,11.695,11.1
10.8,13.336,13.3
10.0,10.164,10.8
10.2,10.05,10.0
11.6,10.49,10.2
12.0,12.45,11.6
12.5,11.15,12.0
12.6,12.72,12.5
11.5,12.25,12.6
11.1,10.15,11.5
13.9,12.555,11.1
15.7,14.2,13.9
16.8,14.83,15.7
15.5,14.42,16.8
14.8,14.4,15.5
14.2,13.94,14.8
13.1,13.18,14.2
10.6,11.28,13.1
12.6,10.766,10.6
14.1,12.98,12.6
14.7,13.31,14.1
14.2,14.63,14.7
11.7,12.94,14.2
12.0,10.836,11.7
14.3,12.3,12.0
10.0,13.85,14.3
9.0,9.125,10.0
10.4,9.65,9.0
14.5,11.42,10.4
16.6,14.984,14.5
14.6,14.82,16.6
13.6,13.83,14.6
14.5,13.8,13.6
14.0,15.67,14.5
13.9,13.09,14.0
17.2,14.44,13.9
20.6,17.19,17.2
19.0,19.1,20.6
19.9,16.72,19.0
16.1,18.23,19.9
10.1,14.14,16.1
8.3,10.016,10.1
9.9,8.875,8.3
13.0,11.836,9.9
15.1,13.375,13.0
13.5,14.43,15.1
14.0,13.05,13.5
15.1,14.445,14.0
15.1,13.945,15.1
17.9,15.36,15.1
17.9,17.19,17.9
15.1,15.61,17.9
18.4,14.06,15.1
19.6,18.28,18.4
16.7,18.72,19.6
15.7,15.69,16.7
16.8,14.78,15.7
20.9,17.28,16.8
21.6,20.1,20.9
20.1,20.16,21.6
21.9,18.97,20.1
22.5,21.0,21.9
21.7,21.25,22.5
23.0,20.16,21.7
24.1,22.2,23.0
20.4,22.25,24.1
16.1,17.58,20.4
17.8,16.23,16.1
19.1,18.62,17.8
17.6,19.42,19.1
20.0,17.47,17.6
24.7,20.3,20.0
22.6,22.61,24.7
21.0,18.75,22.6
23.7,20.19,21.0
23.0,23.06,23.7
22.9,20.88,23.0
21.3,21.4,22.9
20.4,21.38,21.3
18.8,19.73,20.4
20.3,18.58,18.8
17.9,21.11,20.3
16.8,17.14,17.9
17.9,17.31,16.8
17.4,17.83,17.9
19.0,16.53,17.4
15.7,19.4,19.0
15.4,15.734,15.7
15.9,16.05,15.4
16.5,16.27,15.9
17.0,16.44,16.5
15.6,17.64,17.0
14.4,14.59,15.6
12.8,15.234,14.4
14.1,13.21,12.8
14.4,14.52,14.1
16.6,15.19,14.4
14.1,16.95,16.6
16.0,14.5,14.1
15.5,16.61,16.0
16.1,15.16,15.5
17.6,15.73,16.1
20.7,18.72,17.6
21.7,20.9,20.7
19.1,21.28,21.7
18.6,18.4,19.1
19.2,19.19,18.6
20.9,19.67,19.2
21.1,21.84,20.9
21.1,20.06,21.1
22.1,20.0,21.1
20.5,22.16,22.1
18.3,17.84,20.5
18.1,17.94,18.3
18.3,17.72,18.1
19.9,17.9,18.3
21.7,20.84,19.9
21.9,21.6,21.7
21.3,21.45,21.9
20.7,19.97,21.3
19.3,19.98,20.7
20.9,19.58,19.3
21.7,20.56,20.9
23.0,21.34,21.7
23.1,21.77,23.0
22.6,22.47,23.1
20.6,20.31,22.6
19.2,19.78,20.6
20.6,19.5,19.2
23.3,21.48,20.6
22.5,22.47,23.3
20.4,21.11,22.5
20.3,19.56,20.4
21.2,20.38,20.3
23.5,21.38,21.2
26.4,23.06,23.5
22.9,23.0,26.4
21.3,20.56,22.9
22.7,21.19,21.3
23.4,23.16,22.7
25.600002,21.94,23.4
23.0,24.03,25.6
22.7,20.38,23.0
23.0,21.67,22.7
23.4,21.66,23.0
24.3,21.9,23.4
24.0,23.4,24.3
24.2,21.94,24.0
25.2,23.47,24.2
26.2,23.9,25.2
25.8,24.56,26.2
20.8,24.16,25.8
20.7,19.03,20.8
19.2,21.47,20.7
16.3,18.03,19.2
18.8,15.95,16.3
21.2,18.5,18.8
20.7,20.97,21.2
17.2,20.0,20.7
17.4,17.2,17.2
18.3,18.25,17.4
19.6,19.45,18.3
20.3,19.31,19.6
20.4,19.4,20.3
19.7,20.11,20.4
18.3,18.19,19.7
19.0,18.56,18.3
20.7,18.94,19.0
20.9,20.28,20.7
19.8,20.3,20.9
16.3,19.1,19.8
14.7,15.875,16.3
15.7,15.03,14.7
18.8,16.62,15.7
20.9,19.02,18.8
21.4,20.16,20.9
20.4,20.39,21.4
19.8,19.98,20.4
18.8,19.69,19.8
20.0,18.67,18.8
21.1,19.08,20.0
20.3,20.06,21.1
20.3,19.53,20.3
20.0,19.31,20.3
19.9,19.27,20.0
19.8,18.94,19.9
20.1,19.5,19.8
20.5,19.67,20.1
20.0,19.72,20.5
19.1,19.44,20.0
18.8,18.31,19.1
18.1,18.48,18.8
19.9,18.55,18.1
18.6,19.4,19.9
19.2,18.62,18.6
19.7,18.39,19.2
19.9,18.98,19.7
20.0,19.6,19.9
20.6,19.75,20.0
16.0,19.28,20.6
12.4,15.28,16.0
11.3,12.28,12.4
11.7,9.83,11.3
16.0,14.25,11.7
16.5,15.0,16.0
18.3,15.94,16.5
17.1,17.61,18.3
18.4,16.86,17.1
19.1,17.28,18.4
18.3,16.81,19.1
16.0,16.84,18.3
13.3,14.875,16.0
10.6,11.02,13.3
12.9,11.12,10.6
15.2,14.24,12.9
11.7,14.75,15.2
5.1,10.32,11.7
5.4,6.227,5.1
3.9,6.34,5.4
5.8,4.883,3.9
7.6,5.61,5.8
12.4,9.73,7.6
13.6,13.69,12.4
12.1,12.13,13.6
11.4,13.0,12.1
12.8,11.086,11.4
14.2,13.78,12.8
12.9,14.32,14.2
11.4,11.16,12.9
10.4,11.19,11.4
8.5,10.65,10.4
10.2,7.906,8.5
11.2,11.26,10.2
11.9,10.56,11.2
11.9,11.44,11.9
13.1,11.4,11.9
13.2,13.23,13.1
12.1,11.4,13.2
11.1,9.97,12.1
10.5,11.055,11.1
9.1,9.84,10.5
8.7,7.816,9.1
8.7,9.23,8.7
11.8,10.086,8.7
12.7,11.71,11.8
11.9,11.6,12.7
11.7,10.266,11.9
10.6,11.15,11.7
9.4,9.64,10.6
10.9,9.234,9.4
10.2,11.3,10.9
5.0,8.64,10.2
1.6000004,4.72,5.0
1.3000002,3.328,1.6
2.6000004,0.8984,1.3
2.4,4.793,2.6
8.7,3.148,2.4
11.1,9.82,8.7
11.3,8.89,11.1
13.6,10.77,11.3
9.9,12.66,13.6
4.4,6.85,9.9
4.5,3.75,4.4
4.6,6.55,4.5
0.39999962,3.832,4.6
7.6,0.4297,0.4
12.1,9.0,7.6
12.4,9.164,12.1
9.9,10.03,12.4
10.7,9.31,9.9
9.1,8.12,10.7
11.5,9.266,9.1
9.9,9.06,11.5
13.3,10.43,9.9
10.7,12.08,13.3
8.8,8.375,10.7
8.4,7.273,8.8
7.9,6.453,8.4
9.1,8.625,7.9
9.2,9.45,9.1
8.5,8.07,9.2
11.6,8.56,8.5
13.2,10.38,11.6
12.2,10.26,13.2
11.8,11.04,12.2
10.9,10.805,11.8
8.9,9.02,10.9
10.1,9.11,8.9
8.2,9.8,10.1
9.0,8.9,8.2
8.8,9.17,9.0
13.8,8.63,8.8
13.9,11.84,13.8
7.4,10.41,13.9
10.7,6.562,7.4
10.3,10.75,10.7
7.8,8.36,10.3
10.5,7.59,7.8
11.6,10.55,10.5
6.9,10.266,11.6
2.0999994,5.453,6.9
1.1000004,3.777,2.1
0.8999996,1.891,1.1
2.6999998,2.266,0.9
1.3999996,4.58,2.7
0.39999962,1.117,1.4
3.1999998,3.074,0.4
5.5,4.992,3.2
4.9,7.242,5.5
6.1000004,5.117,4.9
6.5,7.703,6.1
5.6,7.836,6.5
6.8,5.812,5.6
7.3,7.777,6.8
6.8,7.766,7.3
2.6999998,5.51,6.8
3.1999998,3.0,2.7
5.0,4.914,3.2
7.6,6.633,5.0
8.1,8.36,7.6
7.9,8.87,8.1
8.9,8.72,7.9
9.2,9.54,8.9
10.1,8.98,9.2
11.0,9.88,10.1
11.5,10.375,11.0
10.7,10.89,11.5
10.3,10.836,10.7
9.8,8.96,10.3
12.4,10.15,9.8
12.4,11.35,12.4
10.4,11.84,12.4
7.6,10.266,10.4
6.2,7.56,7.6
7.4,7.297,6.2
9.0,8.83,7.4
9.2,8.73,9.0
9.2,9.98,9.2
9.0,8.984,9.2
10.2,9.63,9.0
10.6,9.35,10.2
15.2,9.76,10.6
18.9,13.555,15.2
12.5,14.95,18.9
12.4,9.77,12.5
13.8,12.89,12.4
13.0,12.86,13.8
10.2,11.875,13.0
8.7,8.47,10.2
10.1,11.09,8.7
7.5,10.07,10.1
6.6,6.465,7.5
7.7,7.516,6.6
9.6,9.76,7.7
8.1,9.7,9.6
9.0,8.805,8.1
10.1,10.04,9.0
10.3,9.58,10.1
9.7,11.164,10.3
10.9,9.375,9.7
10.8,10.82,10.9
11.2,10.836,10.8
6.6,10.24,11.2
6.6,5.766,6.6
10.2,7.64,6.6
14.7,11.266,10.2
15.8,13.77,14.7
15.0,13.88,15.8
13.0,13.33,15.0
14.7,12.7,13.0
15.5,13.81,14.7
15.2,14.81,15.5
16.5,13.96,15.2
12.2,15.11,16.5
10.9,11.73,12.2
13.7,10.63,10.9
11.6,13.62,13.7
10.4,11.16,11.6
7.5,10.37,10.4
6.5,7.953,7.5
6.0,7.797,6.5
6.4,8.03,6.0
4.7,6.46,6.4
9.9,5.875,4.7
9.6,11.516,9.9
10.0,8.945,9.6
8.1,11.23,10.0
8.3,8.516,8.1
12.8,9.25,8.3
13.1,13.45,12.8
17.0,12.375,13.1
16.0,16.06,17.0
14.8,14.55,16.0
14.6,13.5,14.8
16.7,13.41,14.6
10.7,16.66,16.7
9.5,10.28,10.7
13.0,10.17,9.5
12.5,13.766,13.0
11.8,11.484,12.5
13.1,11.75,11.8
11.9,13.484,13.1
11.6,11.95,11.9
10.4,11.695,11.6
11.8,10.39,10.4
13.4,12.83,11.8
17.5,13.51,13.4
20.1,17.5,17.5
20.7,18.08,20.1
20.7,19.1,20.7
18.0,18.34,20.7
16.2,15.69,18.0
19.5,16.44,16.2
16.5,19.05,19.5
14.6,15.24,16.5
14.8,14.375,14.6
16.5,15.21,14.8
17.4,16.81,16.5
18.8,16.84,17.4
18.1,18.0,18.8
17.2,15.625,18.1
17.4,16.94,17.2
17.0,16.97,17.4
16.0,15.36,17.0
15.9,16.06,16.0
14.8,15.45,15.9
14.9,14.516,14.8
14.2,15.11,14.9
16.4,14.03,14.2
14.9,16.88,16.4
17.2,14.33,14.9
18.2,17.75,17.2
17.7,17.19,18.2
19.5,16.72,17.7
21.9,19.69,19.5
20.5,21.03,21.9
18.1,18.66,20.5
16.9,18.03,18.1
17.3,15.87,16.9
22.3,18.3,17.3
16.6,21.88,22.3
13.5,16.5,16.6
13.6,13.69,13.5
13.6,14.76,13.6
15.4,15.61,13.6
15.3,15.92,15.4
15.1,15.305,15.3
17.3,15.664,15.1
21.9,18.02,17.3
25.8,21.03,21.9
27.0,23.44,25.8
19.7,23.94,27.0
18.5,17.9,19.7
18.9,19.19,18.5
18.6,19.81,18.9
17.0,19.28,18.6
18.7,16.62,17.0
19.0,19.47,18.7
18.4,18.52,19.0
19.5,19.33,18.4
19.1,19.6,19.5
17.8,18.47,19.1
20.6,18.16,17.8
19.5,20.61,20.6
19.7,17.92,19.5
18.8,19.12,19.7
21.1,19.42,18.8
18.5,21.38,21.1
18.0,17.6,18.5
16.9,17.56,18.0
17.6,17.75,16.9
18.0,18.4,17.6
20.2,18.11,18.0
18.8,20.2,20.2
16.8,17.55,18.8
17.2,16.94,16.8
19.3,18.23,17.2
21.0,20.02,19.3
21.7,20.62,21.0
23.5,20.88,21.7
23.1,22.4,23.5
20.5,20.78,23.1
22.4,19.92,20.5
22.3,23.22,22.4
20.3,20.81,22.3
20.0,19.83,20.3
20.2,20.6,20.0
20.2,19.6,20.2
19.5,19.34,20.2
20.2,20.02,19.5
19.2,19.6,20.2
17.6,18.94,19.2
17.2,17.2,17.6
16.0,17.56,17.2
17.2,15.72,16.0
18.9,17.67,17.2
21.7,18.97,18.9
21.0,20.88,21.7
23.4,20.61,21.0
25.7,22.8,23.4
27.3,23.75,25.7
25.1,24.75,27.3
24.600002,22.92,25.1
22.2,23.36,24.6
21.4,21.69,22.2
22.8,20.81,21.4
21.6,23.22,22.8
20.9,18.95,21.6
20.8,21.06,20.9
20.6,20.64,20.8
19.2,18.4,20.6
20.2,20.5,19.2
19.7,18.83,20.2
19.8,19.44,19.7
20.8,19.62,19.8
20.5,20.34,20.8
21.0,19.11,20.5
20.8,20.34,21.0
20.8,20.6,20.8
17.8,19.45,20.8
16.6,17.48,17.8
19.1,17.0,16.6
24.1,19.58,19.1
23.9,22.03,24.1
23.0,22.27,23.9
21.7,20.22,23.0
19.8,21.28,21.7
17.7,17.81,19.8
20.7,17.44,17.7
17.7,21.03,20.7
19.5,17.67,17.7
21.1,19.5,19.5
17.9,20.38,21.1
15.7,18.1,17.9
15.7,16.19,15.7
15.4,16.31,15.7
15.6,15.09,15.4
16.2,15.68,15.6
17.1,17.56,16.2
16.7,16.1,17.1
17.2,17.08,16.7
18.3,17.4,17.2
18.0,18.22,18.3
18.1,17.78,18.0
18.5,17.97,18.1
18.6,18.03,18.5
19.0,18.31,18.6
19.0,18.66,19.0
18.3,18.33,19.0
17.6,18.06,18.3
17.1,17.2,17.6
17.0,15.695,17.1
15.8,17.34,17.0
14.8,15.39,15.8
14.7,14.984,14.8
14.7,14.18,14.7
14.3,15.17,14.7
12.9,13.59,14.3
12.2,13.59,12.9
12.9,12.23,12.2
11.4,12.75,12.9
12.8,11.945,11.4
14.3,13.27,12.8
15.1,13.85,14.3
15.6,15.15,15.1
13.7,14.914,15.6
13.3,12.445,13.7
14.4,13.75,13.3
14.4,14.516,14.4
15.4,15.03,14.4
13.3,15.19,15.4
12.1,12.21,13.3
12.1,11.23,12.1
12.1,11.41,12.1
13.1,13.016,12.1
16.0,14.0,13.1
18.1,16.42,16.0
14.2,17.25,18.1
12.2,12.96,14.2
12.3,11.37,12.2
14.0,13.266,12.3
10.9,13.7,14.0
9.7,10.07,10.9
10.8,10.54,9.7
14.7,12.54,10.8
16.1,14.28,14.7
13.0,14.164,16.1
9.7,11.33,13.0
9.9,9.266,9.7
7.8,10.22,9.9
7.2,6.58,7.8
11.0,9.234,7.2
13.1,12.266,11.0
13.9,13.64,13.1
8.4,11.48,13.9
11.8,7.72,8.4
11.4,11.67,11.8
12.1,11.05,11.4
10.5,11.016,12.1
7.0,8.734,10.5
5.2,6.227,7.0
3.6999998,5.715,5.2
2.0000005,3.75,3.7
2.9,2.402,2.0
-0.39999962,2.617,2.9
-0.6999998,-0.4766,-0.4
0.3000002,1.0625,-0.7
4.5,-0.25,0.3
8.9,7.797,4.5
8.8,7.22,8.9
10.9,8.73,8.8
11.3,10.42,10.9
6.4,9.29,11.3
4.9,4.97,6.4
2.7999997,6.086,4.9
2.4,2.312,2.8
3.8000002,4.332,2.4
4.1,4.12,3.8
4.4,3.816,4.1
6.9,4.492,4.4
3.8000002,7.05,6.9
3.6999998,2.336,3.8
5.7,6.066,3.7
12.2,7.21,5.7
12.4,10.41,12.2
14.2,10.35,12.4
11.9,11.93,14.2
9.3,8.46,11.9
7.5,7.797,9.3
6.8,8.52,7.5
5.0,6.156,6.8
5.2,4.008,5.0
10.6,7.586,5.2
8.8,9.53,10.6
3.3000002,7.562,8.8
1.0,4.38,3.3
1.5,2.469,1.0
6.4,3.512,1.5
3.9,5.902,6.4
6.0,3.867,3.9
13.0,7.39,6.0
6.8,10.62,13.0
7.5,6.14,6.8
8.0,7.9,7.5
7.2,7.33,8.0
4.8,6.055,7.2
8.4,4.98,4.8
11.8,8.445,8.4
10.9,9.414,11.8
10.0,10.195,10.9
9.0,9.55,10.0
9.6,8.48,9.0
10.2,9.76,9.6
8.0,9.016,10.2
3.1,6.71,8.0
1.5,2.09,3.1
2.6000004,2.57,1.5
8.4,5.32,2.6
9.4,8.74,8.4
6.4,7.78,9.4
8.4,6.617,6.4
8.7,9.03,8.4
5.9,7.523,8.7
6.1000004,5.613,5.9
7.5,7.4,6.1
6.5,8.805,7.5
7.1,7.938,6.5
6.2,6.61,7.1
6.8,7.12,6.2
8.5,7.69,6.8
7.4,8.336,8.5
9.8,8.77,7.4
11.2,9.34,9.8
10.8,10.46,11.2
3.5,7.6,10.8
-0.19999981,3.316,3.5
-0.6000004,0.7266,-0.2
2.4,2.727,-0.6
4.5,4.5,2.4
5.2,4.38,4.5
8.3,7.305,5.2
8.3,8.3,8.3
8.3,7.457,8.3
8.1,6.453,8.3
6.6,8.41,8.1
0.19999981,5.664,6.6
2.1999998,-0.08594,0.2
2.6000004,3.742,2.2
0.10000038,2.754,2.6
0.19999981,1.0625,0.1
5.0,2.172,0.2
8.6,6.812,5.0
8.5,8.18,8.6
10.3,8.31,8.5
10.4,9.78,10.3
10.6,9.74,10.4
12.2,9.414,10.6
10.2,11.266,12.2
9.3,8.7,10.2
9.5,9.086,9.3
10.5,8.92,9.5
8.4,9.92,10.5
9.4,8.01,8.4
8.5,9.12,9.4
7.2,7.953,8.5
10.1,9.336,7.2
8.7,10.555,10.1
7.2,8.26,8.7
4.6,6.758,7.2
4.2,5.03,4.6
6.7,4.44,4.2
13.0,7.906,6.7
14.0,12.086,13.0
14.9,12.2,14.0
14.2,13.266,14.9
14.8,13.4,14.2
10.8,12.484,14.8
12.1,10.45,10.8
12.1,11.64,12.1
12.3,12.55,12.1
11.8,11.22,12.3
11.0,10.53,11.8
11.6,11.55,11.0
8.2,9.94,11.6
7.8,8.13,8.2
10.6,9.32,7.8
11.2,9.61,10.6
13.2,11.77,11.2
12.0,13.664,13.2
8.2,10.49,12.0
8.3,8.28,8.2
9.4,9.83,8.3
10.8,8.59,9.4
13.1,12.09,10.8
15.9,12.88,13.1
14.2,15.08,15.9
13.9,11.62,14.2
15.4,14.0,13.9
16.7,14.016,15.4
17.8,15.3,16.7
12.8,16.97,17.8
12.7,11.61,12.8
11.9,12.39,12.7
10.6,10.695,11.9
12.5,12.16,10.6
11.6,12.266,12.5
11.1,11.73,11.6
10.8,11.414,11.1
10.0,10.555,10.8
8.1,8.87,10.0
9.1,8.45,8.1
8.2,10.43,9.1
10.0,8.64,8.2
12.7,9.87,10.0
15.5,12.805,12.7
14.6,14.34,15.5
13.1,12.63,14.6
12.0,12.7,13.1
12.7,11.5,12.0
12.1,12.8,12.7
11.4,10.586,12.1
13.3,11.83,11.4
12.2,13.11,13.3
15.4,12.08,12.2
17.2,14.984,15.4
18.5,16.4,17.2
16.0,17.25,18.5
14.3,14.59,16.0
13.2,14.02,14.3
16.1,12.92,13.2
19.7,16.36,16.1
17.8,18.9,19.7
16.0,14.8,17.8
20.0,15.92,16.0
19.9,18.89,20.0
21.2,17.34,19.9
20.0,19.08,21.2
19.9,17.58,20.0
15.8,18.66,19.9
13.8,15.06,15.8
14.2,13.82,13.8
15.4,15.016,14.2
14.2,15.11,15.4
12.7,14.01,14.2
13.2,14.01,12.7
13.6,13.79,13.2
14.5,14.64,13.6
15.5,14.92,14.5
18.3,15.6,15.5
18.4,18.44,18.3
22.2,16.97,18.4
21.0,21.12,22.2
20.8,17.53,21.0
21.7,19.97,20.8
22.5,21.34,21.7
20.6,21.1,22.5
21.3,20.44,20.6
19.0,19.94,21.3
17.6,18.4,19.0
17.5,17.1,17.6
14.0,17.81,17.5
15.3,14.14,14.0
13.6,15.86,15.3
15.5,14.03,13.6
15.7,15.734,15.5
17.1,17.17,15.7
18.2,16.94,17.1
18.4,18.06,18.2
17.6,17.5,18.4
17.8,16.38,17.6
19.4,17.83,17.8
22.4,19.69,19.4
19.5,21.94,22.4
19.8,18.86,19.5
18.6,18.81,19.8
18.4,18.94,18.6
16.8,18.34,18.4
16.7,15.52,16.8
19.9,18.06,16.7
24.3,20.38,19.9
22.8,23.06,24.3
20.4,19.1,22.8
17.9,20.06,20.4
19.5,17.5,17.9
20.4,20.31,19.5
20.4,20.38,20.4
23.2,19.31,20.4
23.7,22.97,23.2
22.8,18.5,23.7
19.6,21.95,22.8
19.8,18.33,19.6
18.7,19.47,19.8
19.6,18.47,18.7
20.7,19.89,19.6
22.5,21.16,20.7
22.4,21.69,22.5
22.9,22.06,22.4
22.5,22.27,22.9
20.3,21.12,22.5
19.6,19.88,20.3
19.5,19.81,19.6
22.0,20.12,19.5
22.1,21.56,22.0
20.7,20.9,22.1
21.0,20.19,20.7
21.8,20.45,21.0
22.4,21.7,21.8
19.5,20.22,22.4
19.3,18.28,19.5
20.9,20.56,19.3
23.5,20.44,20.9
24.3,22.81,23.5
21.6,21.9,24.3
20.1,21.31,21.6
21.6,20.06,20.1
22.1,21.34,21.6
21.9,21.62,22.1
23.1,20.12,21.9
21.0,22.42,23.1
21.0,19.03,21.0
23.2,21.42,21.0
23.1,21.44,23.2
20.3,22.2,23.1
20.8,19.06,20.3
22.8,19.06,20.8
21.7,21.9,22.8
19.0,20.47,21.7
19.4,18.08,19.0
19.7,20.2,19.4
19.1,18.53,19.7
20.5,19.84,19.1
22.5,20.9,20.5
20.7,21.22,22.5
20.6,20.02,20.7
19.7,20.31,20.6
18.7,19.06,19.7
19.2,19.4,18.7
20.6,19.17,19.2
21.5,20.84,20.6
23.0,20.34,21.5
23.8,22.25,23.0
22.7,22.97,23.8
22.2,20.88,22.7
23.4,21.34,22.2
22.2,21.98,23.4
21.8,20.64,22.2
20.3,19.81,21.8
20.3,20.53,20.3
21.6,19.88,20.3
24.5,21.38,21.6
22.1,23.22,24.5
21.4,20.58,22.1
22.3,20.72,21.4
21.2,21.34,22.3
21.4,20.12,21.2
21.9,20.16,21.4
22.6,21.94,21.9
23.0,20.78,22.6
22.6,21.98,23.0
22.1,21.53,22.6
18.5,21.9,22.1
16.5,17.6,18.5
16.6,16.94,16.5
17.5,15.98,16.6
16.0,18.6,17.5
17.7,16.08,16.0
15.7,18.81,17.7
16.8,15.68,15.7
19.2,17.81,16.8
23.6,19.62,19.2
21.5,21.36,23.6
21.1,19.05,21.5
18.5,19.1,21.1
17.7,17.6,18.5
18.0,16.84,17.7
18.4,17.58,18.0
19.0,16.9,18.4
16.0,19.31,19.0
16.2,16.12,16.0
16.6,15.81,16.2
13.5,17.22,16.6
13.2,13.53,13.5
11.1,12.836,13.2
10.3,11.47,11.1
11.4,10.99,10.3
12.2,12.664,11.4
12.6,12.04,12.2
13.5,13.36,12.6
14.2,13.55,13.5
13.1,14.59,14.2
16.6,14.39,13.1
16.8,16.89,16.6
15.6,15.81,16.8
16.8,15.44,15.6
15.3,17.02,16.8
13.9,14.83,15.3
13.1,13.875,13.9
12.8,13.78,13.1
16.7,13.92,12.8
16.4,16.36,16.7
18.0,15.42,16.4
18.3,17.5,18.0
15.2,15.89,18.3
14.5,13.06,15.2
13.7,14.53,14.5
17.9,14.5,13.7
15.6,16.69,17.9
17.0,14.89,15.6
16.0,16.5,17.0
17.8,14.484,16.0
15.3,16.98,17.8
10.2,13.39,15.3
7.1,9.01,10.2
10.2,8.03,7.1
11.8,13.055,10.2
8.4,10.82,11.8
7.6,8.06,8.4
10.1,10.82,7.6
8.6,9.13,10.1
5.2,7.35,8.6
6.0,7.023,5.2
7.8,6.055,6.0
7.4,8.77,7.8
5.4,6.555,7.4
3.6,4.8,5.4
7.5,6.363,3.6
10.0,8.31,7.5
4.7,9.945,10.0
1.3999996,4.44,4.7
0.8999996,1.586,1.4
2.9,1.172,0.9
8.4,4.777,2.9
7.3,9.125,8.4
4.6,6.758,7.3
4.5,4.48,4.6
5.1,5.164,4.5
6.1000004,7.008,5.1
7.1,7.684,6.1
4.9,8.03,7.1
4.6,4.22,4.9
5.6,4.137,4.6
6.1000004,6.53,5.6
9.3,6.934,6.1
6.9,9.02,9.3
2.9,5.168,6.9
5.9,4.875,2.9
5.9,7.75,5.9
7.3,5.27,5.9
8.8,7.555,7.3
12.8,7.58,8.8
12.2,10.76,12.8
9.4,8.266,12.2
9.0,7.805,9.4
5.6,7.914,9.0
2.2999997,3.656,5.6
3.1,1.859,2.3
10.5,5.22,3.1
10.6,9.484,10.5
1.3999996,7.992,10.6
3.1,1.547,1.4
6.0,6.633,3.1
8.2,6.92,6.0
7.5,8.37,8.2
12.8,7.582,7.5
15.0,9.99,12.8
11.3,12.45,15.0
8.4,7.137,11.3
3.4,6.5,8.4
4.0,1.828,3.4
7.9,6.695,4.0
4.5,3.691,3.7
3.3000002,5.03,4.5
4.1,4.055,3.3
7.6,5.65,4.1
8.7,8.68,7.6
5.1,8.195,8.7
3.6999998,4.258,5.1
3.9,5.812,3.7
4.1,4.723,3.9
4.6,3.348,4.1
8.4,6.305,4.6
10.7,8.23,8.4
10.1,9.74,10.7
7.4,9.73,10.1
1.6999998,6.46,7.4
1.6999998,2.152,1.7
6.7,1.234,1.7
6.2,6.605,6.7
3.4,6.016,6.2
8.2,3.906,3.4
7.6,8.21,8.2
9.1,8.17,7.6
7.4,8.695,9.1
10.3,8.78,7.4
10.8,10.37,10.3
11.1,9.63,10.8
11.7,9.72,11.1
12.7,11.53,11.7
12.6,11.26,12.7
11.3,10.96,12.6
9.3,10.38,11.3
9.2,8.03,9.3
12.0,10.445,9.2
11.2,10.85,12.0
12.6,9.78,11.2
10.9,11.23,12.6
8.0,8.195,10.9
8.9,8.37,8.0
12.1,9.81,8.9
11.4,12.414,12.1
11.5,10.52,11.4
9.7,11.47,11.5
10.4,9.3,9.7
11.2,11.37,10.4
9.9,10.45,11.2
10.3,9.805,9.9
8.8,9.75,10.3
6.8,7.348,8.8
8.0,7.97,6.8
11.1,9.49,8.0
10.3,10.26,11.1
9.3,8.445,10.3
10.7,9.02,9.3
12.0,11.89,10.7
12.3,11.625,12.0
12.3,11.586,12.3
9.5,10.5,12.3
11.5,10.22,9.5
13.0,10.66,11.5
15.5,12.79,13.0
15.9,14.47,15.5
11.8,15.19,15.9
7.2,10.695,11.8
6.0,7.152,7.2
9.9,6.203,6.0
8.1,9.79,9.9
9.5,9.07,8.1
10.4,9.92,9.5
8.8,9.984,10.4
8.8,9.83,8.8
6.7,7.926,8.8
8.0,6.598,6.7
8.8,9.11,8.0
7.9,9.25,8.8
6.1000004,8.04,7.9
4.3,6.29,6.1
6.4,4.44,4.3
7.4,8.8,6.4
7.7,8.69,7.4
8.4,7.844,7.7
9.4,8.83,8.4
9.8,9.766,9.4
16.0,11.78,9.8
16.7,16.12,16.0
10.1,14.41,16.7
10.0,9.43,10.1
13.8,11.836,10.0
15.7,13.04,13.8
18.6,15.78,15.7
19.7,16.78,18.6
18.2,17.67,19.7
19.3,15.22,18.2
19.1,17.77,19.3
13.8,16.69,19.1
12.0,12.09,13.8
12.1,10.99,12.0
15.7,12.7,12.1
12.5,16.28,15.7
11.6,12.016,12.5
13.1,12.14,11.6
15.0,13.64,13.1
12.7,16.06,15.0
14.2,11.69,12.7
16.2,15.45,14.2
16.5,14.07,16.2
18.9,16.36,16.5
14.1,18.1,18.9
14.2,13.56,14.1
12.6,14.96,14.2
14.8,12.516,12.6
15.4,15.46,14.8
15.9,15.47,15.4
14.8,16.0,15.9
17.6,14.2,14.8
14.8,17.8,17.6
16.8,13.734,14.8
14.4,17.78,16.8
16.0,14.125,14.4
18.5,16.34,16.0
19.5,18.62,18.5
19.8,19.44,19.5
23.1,19.31,19.8
17.0,20.81,23.1
16.7,17.31,17.0
14.8,16.44,16.7
14.4,15.92,14.8
15.2,15.33,14.4
15.7,14.305,15.2
21.0,17.2,15.7
18.8,20.69,21.0
15.3,16.69,18.8
15.2,15.69,15.3
14.3,16.0,15.2
15.4,14.19,14.3
18.8,16.9,15.4
19.0,18.67,18.8
20.5,19.16,19.0
21.4,20.19,20.5
22.9,20.62,21.4
20.7,22.39,22.9
17.5,19.03,20.7
18.7,17.2,17.5
17.7,19.17,18.7
19.8,17.97,17.7
25.5,20.52,19.8
21.4,23.61,25.5
15.5,18.89,21.4
16.9,15.89,15.5
20.5,18.56,16.9
24.3,20.89,20.5
20.2,22.84,24.3
22.8,18.81,20.2
19.9,22.67,22.8
20.5,18.33,19.9
21.8,20.9,20.5
20.9,21.05,21.8
18.8,19.31,20.9
17.6,18.4,18.8
18.0,17.9,17.6
17.2,18.16,18.0
18.4,17.12,17.2
21.5,19.25,18.4
23.1,21.4,21.5
22.0,22.19,23.1
21.3,20.6,22.0
21.9,20.03,21.3
23.4,21.5,21.9
26.5,23.25,23.4
22.4,24.0,26.5
19.3,20.38,22.4
18.6,18.69,19.3
19.8,18.75,18.6
22.3,20.44,19.8
23.7,21.55,22.3
24.4,22.81,23.7
24.5,23.06,24.4
21.6,22.88,24.5
23.9,21.0,21.6
25.3,23.56,23.9
22.4,22.28,25.3
24.5,21.11,22.4
25.3,24.16,24.5
20.6,23.12,25.3
20.2,19.48,20.6
23.2,20.44,20.2
27.5,23.31,23.2
25.8,23.86,27.5
23.5,23.38,25.8
24.7,21.69,23.5
24.2,23.67,24.7
23.2,21.53,24.2
23.2,22.67,23.2
20.0,21.0,23.2
19.0,20.12,20.0
20.0,19.31,19.0
18.3,20.11,20.0
19.8,17.73,18.3
21.8,20.4,19.8
22.3,21.14,21.8
20.2,20.55,22.3
19.4,18.97,20.2
20.1,19.31,19.4
22.6,19.19,20.1
22.9,22.4,22.6
22.8,21.1,22.9
19.6,21.4,22.8
17.8,18.3,19.6
19.2,17.14,17.8
19.5,19.39,19.2
19.7,18.64,19.5
20.6,20.11,19.7
20.2,18.6,20.6
20.6,20.14,20.2
19.6,19.6,20.6
17.8,18.22,19.6
17.3,17.23,17.8
17.5,16.19,17.3
17.7,18.34,17.5
17.9,17.47,17.7
20.0,17.81,17.9
16.7,19.72,20.0
14.8,16.4,16.7
16.3,15.49,14.8
17.9,17.47,16.3
20.5,18.06,17.9
16.0,19.8,20.5
16.0,15.7,16.0
12.8,16.73,16.0
14.0,13.7,12.8
12.5,13.89,14.0
11.7,12.24,12.5
11.5,12.48,11.7
11.7,11.875,11.5
15.1,13.34,11.7
11.6,15.484,15.1
12.6,11.68,11.6
13.9,14.19,12.6
16.8,14.45,13.9
17.2,16.9,16.8
15.8,15.84,17.2
15.8,15.45,15.8
16.0,15.31,15.8
16.8,14.84,16.0
17.2,17.12,16.8
17.0,15.9,17.2
16.7,16.84,17.0
16.0,15.7,16.7
13.4,15.44,16.0
9.5,11.82,13.4
7.8,9.38,9.5
9.6,7.53,7.8
12.3,11.336,9.6
14.9,13.58,12.3
16.7,14.75,14.9
17.8,15.89,16.7
17.2,16.78,17.8
16.5,14.97,17.2
17.2,15.28,16.5
17.4,16.6,17.2
15.2,16.69,17.4
13.1,14.08,15.2
13.7,12.59,13.1
14.4,14.78,13.7
12.2,12.945,14.4
14.2,12.56,12.2
15.0,14.86,14.2
14.2,14.31,15.0
12.3,13.125,14.2
12.3,12.18,12.3
10.6,12.266,12.3
10.1,9.48,10.6
10.0,11.19,10.1
11.1,8.75,10.0
15.2,12.836,11.1
14.0,13.01,15.2
13.2,12.8,14.0
15.8,12.59,13.2
16.2,14.59,15.8
11.3,14.42,16.2
10.7,10.125,11.3
11.0,9.6,10.7
11.8,11.58,11.0
13.4,10.67,11.8
12.0,13.3,13.4
13.2,11.49,12.0
11.8,12.99,13.2
12.1,10.05,11.8
11.1,13.15,12.1
9.0,9.22,11.1
10.9,9.67,9.0
14.6,12.984,10.9
12.7,12.95,14.6
13.2,11.7,12.7
13.4,13.61,13.2
12.6,10.73,13.4
11.7,12.27,12.6
8.7,10.53,11.7
9.8,7.75,8.7
10.7,9.4,9.8
9.1,11.35,10.7
5.0,7.37,9.1
7.8,5.105,5.0
9.3,9.48,7.8
8.3,7.703,9.3
10.9,8.38,8.3
8.6,9.63,10.9
10.2,8.03,8.6
11.7,9.75,10.2
13.2,11.28,11.7
12.4,12.13,13.2
10.2,10.8,12.4
7.7,8.19,10.2
9.2,7.242,7.7
12.7,9.88,9.2
12.9,11.58,12.7
13.2,10.37,12.9
11.2,10.74,13.2
8.4,9.234,11.2
8.0,6.49,8.4
9.7,8.44,8.0
5.8,8.81,9.7
3.4,5.184,5.8
7.4,4.566,3.4
6.2,8.58,7.4
7.1,6.02,6.2
6.4,7.47,7.1
2.9,5.598,6.4
1.0,3.0,2.9
1.6000004,2.086,1.0
1.6000004,1.664,1.6
6.1000004,2.246,1.6
9.9,8.42,6.1
10.1,9.61,9.9
10.2,8.15,10.1
11.1,10.234,10.2
8.6,10.51,11.1
4.3,6.68,8.6
3.0,3.664,4.3
-1.1999998,3.117,3.0
-2.3999996,-0.1484,-1.2
0.3000002,-1.305,-2.4
6.4,3.566,0.3
2.5,7.29,6.4
2.9,2.266,2.5
6.9,4.31,2.9
8.8,5.453,6.9
10.7,8.375,8.8
3.1999998,9.34,10.7
0.6999998,2.598,3.2
-0.10000038,2.488,0.7
0.6999998,1.844,-0.1
3.6999998,1.945,0.7
9.9,6.305,3.7
8.0,9.9,9.9
7.8,7.336,8.0
7.5,9.086,7.8
8.7,6.42,7.5
13.5,8.57,8.7
10.8,10.7,13.5
8.2,9.24,10.8
13.1,7.758,8.2
9.7,10.42,13.1
7.0,7.984,9.7
10.7,7.812,7.0
11.3,10.16,10.7
10.9,10.37,11.3
7.5,8.66,10.9
8.0,6.88,7.5
8.1,9.5,8.0
5.3,6.25,8.1
9.3,5.918,5.3
11.2,10.46,9.3
10.2,10.2,11.2
6.8,8.05,10.2
9.8,7.785,6.8
10.3,10.32,9.8
8.9,8.67,10.3
9.8,7.98,8.9
11.7,9.65,9.8
11.1,10.586,11.7
11.5,9.82,11.1
13.5,11.445,11.5
12.3,11.58,13.5
9.9,11.0,12.3
7.2,10.0,9.9
7.5,6.062,7.2
9.6,7.438,7.5
5.9,10.39,9.6
4.7,6.03,5.9
8.8,6.992,4.7
11.9,9.44,8.8
11.1,11.17,11.9
6.6,9.7,11.1
3.5,6.055,6.6
3.9,4.832,3.5
5.2,5.094,3.9
7.9,7.492,5.2
6.2,8.766,7.9
4.7,6.656,6.2
8.7,5.605,4.7
6.2,8.84,8.7
6.0,5.47,6.2
5.4,6.93,6.0
8.4,6.902,5.4
11.4,9.27,8.4
12.5,10.76,11.4
12.4,11.23,12.5
10.6,11.75,12.4
7.8,8.71,10.6
8.2,8.79,7.8
7.9,7.113,8.2
11.0,9.16,7.9
12.6,10.875,11.0
10.6,10.55,12.6
6.3,8.77,10.6
6.4,6.24,6.3
8.5,7.445,6.4
11.1,9.445,8.5
9.3,11.1,11.1
9.8,8.66,9.3
9.5,8.664,9.8
8.4,9.71,9.5
6.3,7.812,8.4
9.6,8.35,6.3
4.7,6.39,9.6
6.6,5.496,4.7
9.6,8.5,6.6
13.0,10.72,9.6
14.9,12.84,13.0
12.1,15.1,14.9
11.3,11.28,12.1
11.6,11.4,11.3
11.6,11.46,11.6
13.7,13.01,11.6
11.8,13.055,13.7
12.4,12.5,11.8
14.0,12.28,12.4
15.3,14.03,14.0
13.5,14.58,15.3
12.9,11.84,13.5
11.2,12.71,12.9
10.7,10.586,11.2
9.5,9.79,10.7
11.4,10.08,9.5
8.5,11.19,11.4
7.1,8.04,8.5
6.1000004,9.07,7.1
8.3,7.184,6.1
9.8,9.19,8.3
9.2,10.375,9.8
9.4,9.44,9.2
10.1,10.33,9.4
12.6,9.73,10.1
14.5,13.94,12.6
12.8,13.18,14.5
15.3,11.92,12.8
16.5,14.94,15.3
16.6,15.58,16.5
18.9,15.79,16.6
19.5,16.95,18.9
20.2,17.83,19.5
19.8,18.69,20.2
20.3,17.0,19.8
20.5,18.19,20.3
17.1,17.97,20.5
15.5,14.75,17.1
13.0,13.94,15.5
10.0,12.516,13.0
9.0,10.15,10.0
10.7,9.875,9.0
11.8,13.234,10.7
14.2,13.35,11.8
13.9,14.53,14.2
13.4,13.82,13.9
11.9,12.39,13.4
12.5,11.58,11.9
14.3,12.99,12.5
18.4,15.13,14.3
16.9,18.7,18.4
15.7,15.875,16.9
13.6,15.664,15.7
16.2,13.32,13.6
20.1,17.47,16.2
20.0,19.44,20.1
16.3,18.75,20.0
13.8,15.1,16.3
13.8,14.58,13.8
14.5,14.09,13.8
15.2,15.55,14.5
14.1,14.37,15.2
14.9,15.055,14.1
16.2,16.05,14.9
16.5,16.5,16.2
18.0,17.16,16.5
16.1,17.89,18.0
16.4,15.75,16.1
16.2,16.77,16.4
14.5,15.28,16.2
15.4,15.2,14.5
15.4,15.45,15.4
15.8,16.28,15.4
15.7,16.25,15.8
17.0,16.27,15.7
18.5,17.44,17.0
18.8,18.31,18.5
23.5,18.94,18.8
22.4,22.81,23.5
20.1,19.92,22.4
22.3,19.81,20.1
18.2,21.39,22.3
18.9,17.98,18.2
20.8,19.45,18.9
23.2,20.84,20.8
23.8,22.72,23.2
22.3,22.31,23.8
22.3,20.81,22.3
25.1,21.53,22.3
21.9,24.16,25.1
19.5,18.81,21.9
17.1,19.25,19.5
17.0,17.64,17.1
18.2,17.36,17.0
19.2,18.16,18.2
20.4,19.44,19.2
24.600002,20.75,20.4
25.600002,23.31,24.6
22.9,22.73,25.6
21.2,21.19,22.9
24.1,21.28,21.2
22.6,23.94,24.1
22.0,20.1,22.6
20.2,21.42,22.0
21.1,20.34,20.2
19.7,20.34,21.1
21.0,19.8,19.7
25.600002,21.34,21.0
25.600002,23.66,25.6
23.8,22.47,25.6
22.3,21.39,23.8
21.9,21.25,22.3
23.1,22.02,21.9
26.2,22.6,23.1
20.7,24.72,26.2
19.6,19.4,20.7
22.2,20.12,19.6
26.0,22.53,22.2
24.8,23.9,26.0
23.4,21.6,24.8
23.5,21.84,23.4
25.0,22.62,23.5
23.5,23.69,25.0
23.1,21.0,23.5
22.0,21.78,23.1
19.1,20.66,22.0
18.0,19.03,19.1
19.2,18.08,18.0
21.7,19.19,19.2
23.0,21.66,21.7
23.4,21.14,23.0
22.5,21.47,23.4
21.9,21.02,22.5
20.2,20.78,21.9
20.3,19.06,20.2
22.1,20.19,20.3
22.8,21.47,22.1
21.1,21.62,22.8
21.1,20.03,21.1
22.3,20.4,21.1
22.1,21.44,22.3
22.0,20.33,22.1
22.8,21.1,22.0
19.8,20.84,22.8
18.1,17.62,19.8
19.9,18.92,18.1
19.1,19.31,19.9
17.3,19.31,19.1
16.1,16.4,17.3
17.2,17.53,16.1
17.2,17.38,17.2
16.5,17.72,17.2
15.7,16.62,16.5
14.4,17.27,15.7
15.9,14.766,14.4
15.1,15.66,15.9
19.1,16.19,15.1
20.3,19.81,19.1
16.7,19.6,20.3
18.3,16.03,16.7
17.7,18.73,18.3
16.8,17.5,17.7
14.3,16.77,16.8
14.4,14.555,14.3
14.6,14.79,14.4
14.3,15.66,14.6
15.3,14.83,14.3
14.7,14.92,15.3
14.9,14.625,14.7
14.3,14.766,14.9
14.7,14.92,14.3
14.1,13.82,14.7
12.3,12.8,14.1
13.6,12.32,12.3
13.8,14.87,13.6
11.4,14.13,13.8
10.3,10.2,11.4
13.2,11.414,10.3
14.1,15.2,13.2
11.5,11.805,14.1
13.9,12.24,11.5
17.9,15.56,13.9
19.7,16.95,17.9
19.0,17.81,19.7
18.4,17.78,19.0
14.9,16.69,18.4
14.2,12.9,14.9
17.5,15.33,14.2
17.9,17.5,17.5
17.7,17.17,17.9
16.9,17.03,17.7
17.3,16.84,16.9
16.3,16.52,17.3
16.3,15.7,16.3
16.7,16.19,16.3
14.7,15.89,16.7
14.2,12.83,14.7
16.0,15.016,14.2
16.4,15.58,16.0
15.4,16.78,16.4
11.4,13.24,15.4
10.5,10.65,11.4
11.6,11.086,10.5
15.0,13.266,11.6
16.9,14.41,15.0
15.3,16.6,16.9
19.0,14.8,15.3
17.8,17.0,19.0
17.8,15.28,17.8
15.3,16.39,17.8
14.4,14.12,15.3
12.5,11.94,14.4
13.2,12.375,12.5
8.8,13.18,13.2
6.8,7.82,8.8
7.6,9.46,6.8
2.6000004,6.41,7.6
3.4,3.469,2.6
3.6999998,4.586,3.4
4.7,4.973,3.7
7.4,5.23,4.7
12.9,10.06,7.4
15.9,12.05,12.9
12.4,13.47,15.9
9.3,9.74,12.4
9.1,8.164,9.3
12.2,9.945,9.1
14.4,12.71,12.2
10.5,12.6,14.4
4.1,8.43,10.5
0.5,3.734,4.1
4.6,1.656,0.5
11.8,8.4,4.6
11.1,10.78,11.8
9.7,9.5,11.1
7.5,7.15,9.7
9.5,7.402,7.5
8.0,9.01,9.5
6.6,6.324,8.0
8.3,7.336,6.6
6.7,7.73,8.3
9.2,6.96,6.7
10.3,9.17,9.2
11.1,9.41,10.3
12.9,10.195,11.1
9.7,11.086,12.9
2.5,6.438,9.7
2.0999994,2.758,2.5
2.1999998,3.695,2.1
5.2,3.957,2.2
7.8,6.32,5.2
8.4,7.2,7.8
5.7,7.0,8.4
1.6000004,5.34,5.7
1.1999998,2.336,1.6
-2.1999998,1.523,1.2
-0.5,-2.11,-2.2
6.1000004,2.137,-0.5
4.6,5.438,6.1
6.3,4.758,4.6
6.4,7.57,6.3
7.1,5.742,6.4
9.5,7.93,7.1
12.9,9.79,9.5
13.0,11.4,12.9
13.1,9.08,13.0
13.4,11.01,13.1
6.1000004,10.79,13.4
-0.8000002,3.156,6.1
8.6,1.125,-0.8
10.0,10.086,8.6
10.6,7.797,10.0
10.7,9.02,10.6
11.5,9.17,10.7
9.5,10.02,11.5
6.6,6.58,9.5
6.5,7.055,6.6
7.9,6.676,6.5
7.3,6.95,7.9
9.2,8.01,7.3
8.9,7.39,9.2
10.1,9.42,8.9
8.5,8.09,10.1
9.0,6.758,8.5
8.2,9.43,9.0
7.7,6.65,8.2
9.1,7.42,7.7
8.4,9.03,9.1
8.1,8.086,8.4
8.4,8.18,8.1
6.8,7.01,8.4
5.8,6.09,6.8
7.5,7.39,5.8
8.3,6.023,7.5
9.9,9.18,8.3
9.4,8.91,9.9
8.3,7.734,9.4
8.4,8.62,8.3
8.0,7.22,8.4
8.3,7.656,8.0
9.4,8.45,8.3
9.3,7.88,9.4
9.8,9.266,9.3
5.9,6.984,9.8
6.8,6.855,5.9
9.0,7.93,6.8
6.4,8.41,9.0
2.2999997,4.973,6.4
2.1999998,2.348,2.3
6.4,4.9,2.2
7.5,7.527,6.4
5.3,8.34,7.5
5.3,4.387,5.3
6.6,7.703,5.3
7.1,6.094,6.6
9.6,7.234,7.1
7.9,9.42,9.6
3.1999998,6.1,7.9
2.0000005,3.777,3.2
2.9,1.172,2.0
8.2,6.547,2.9
8.2,7.703,8.2
5.5,7.72,8.2
0.39999962,4.082,5.5
-1.1000004,0.5703,0.4
-0.19999981,-1.836,-1.1
5.2,3.66,-0.2
7.0,7.062,5.2
8.7,5.715,7.0
6.0,9.36,8.7
3.6,5.05,6.0
4.0,4.516,3.6
5.3,5.387,4.0
6.5,6.836,5.3
5.5,7.117,6.5
3.3000002,3.703,5.5
4.0,5.1,3.3
1.8999996,3.082,4.0
2.9,2.395,1.9
4.1,4.145,2.9
7.5,5.336,4.1
10.6,8.33,7.5
8.8,9.375,10.6
4.0,8.31,8.8
4.9,3.332,4.0
8.9,6.89,4.9
8.2,8.82,8.9
8.8,7.44,8.2
6.2,7.758,8.8
5.5,4.676,6.2
6.1000004,6.484,5.5
10.3,6.89,6.1
12.0,10.62,10.3
11.5,9.96,12.0
13.1,10.49,11.5
15.2,12.88,13.1
14.0,13.805,15.2
14.7,12.22,14.0
13.7,13.88,14.7
10.9,12.19,13.7
6.6,8.91,10.9
5.4,6.09,6.6
6.1000004,5.395,5.4
7.4,6.64,6.1
9.9,9.49,7.4
4.8,7.137,9.9
3.1,5.105,4.8
4.5,3.406,3.1
7.5,6.938,4.5
9.6,8.56,7.5
8.3,9.2,9.6
8.5,7.71,8.3
9.8,8.96,8.5
10.8,10.66,9.8
11.8,11.84,10.8
12.7,12.27,11.8
13.4,13.07,12.7
13.1,13.09,13.4
13.3,12.87,13.1
13.3,13.01,13.3
10.9,13.22,13.3
10.9,10.05,10.9
15.6,11.86,10.9
17.0,15.03,15.6
17.0,15.73,17.0
14.8,14.14,17.0
11.6,12.33,14.8
10.1,11.336,11.6
10.3,9.44,10.1
13.1,10.62,10.3
14.1,13.43,13.1
13.2,13.22,14.1
14.2,12.805,13.2
11.5,13.41,14.2
11.6,10.516,11.5
9.3,12.16,11.6
11.4,9.66,9.3
11.5,10.64,11.4
16.6,13.05,11.5
17.5,16.4,16.6
14.7,16.3,17.5
15.1,14.3,14.7
13.0,15.14,15.1
11.8,12.8,13.0
10.9,12.44,11.8
10.5,11.14,10.9
9.7,10.03,10.5
14.3,11.66,9.7
16.2,14.21,14.3
16.9,17.47,16.2
15.9,14.61,16.9
15.4,14.55,15.9
13.0,13.234,15.4
13.2,13.766,13.0
12.2,13.39,13.2
14.1,11.7,12.2
18.3,15.44,14.1
17.3,17.77,18.3
16.5,15.17,17.3
16.5,16.23,16.5
15.8,16.08,16.5
15.1,15.1,15.8
18.7,15.125,15.1
23.4,19.48,18.7
15.9,21.66,23.4
14.1,15.09,15.9
13.6,14.766,14.1
14.7,14.01,13.6
17.7,15.98,14.7
22.2,18.75,17.7
25.9,21.6,22.2
25.2,22.69,25.9
19.3,22.19,25.2
21.7,18.47,19.3
20.3,21.72,21.7
21.4,19.53,20.3
21.0,21.03,21.4
21.9,20.42,21.0
22.0,21.6,21.9
24.4,21.62,22.0
25.1,22.94,24.4
24.5,23.14,25.1
22.8,22.66,24.5
20.8,21.34,22.8
19.8,20.0,20.8
15.7,19.75,19.8
16.2,16.08,15.7
15.0,16.53,16.2
15.6,15.61,15.0
16.1,16.95,15.6
17.1,17.34,16.1
17.7,17.89,17.1
18.9,18.62,17.7
18.4,18.66,18.9
18.4,18.5,18.4
16.3,18.03,18.4
16.8,16.69,16.3
18.9,17.36,16.8
20.7,20.16,18.9
18.1,19.66,20.7
16.2,16.84,18.1
12.4,16.4,16.2
14.6,13.64,12.4
15.7,16.27,14.6
16.0,16.5,15.7
18.5,17.3,16.0
18.7,19.6,18.5
19.4,17.56,18.7
22.9,20.03,19.4
24.5,22.19,22.9
25.2,22.56,24.5
25.5,24.3,25.2
22.9,23.67,25.5
22.3,21.81,22.9
22.1,21.66,22.3
22.9,21.22,22.1
26.8,23.1,22.9
22.5,24.58,26.8
21.7,21.1,22.5
21.0,22.03,21.7
21.4,20.8,21.0
21.7,20.38,21.4
20.4,20.84,21.7
19.0,20.08,20.4
18.9,18.66,19.0
18.6,19.06,18.9
19.5,19.1,18.6
18.0,19.31,19.5
20.0,18.33,18.0
21.0,20.52,20.0
20.6,21.19,21.0
18.1,20.14,20.6
18.8,18.17,18.1
20.0,19.5,18.8
21.6,19.75,20.0
19.6,21.08,21.6
18.6,18.94,19.6
17.3,17.98,18.6
17.6,17.31,17.3
18.9,18.1,17.6
20.0,18.97,18.9
20.3,19.9,20.0
20.7,20.2,20.3
22.2,20.52,20.7
20.8,21.88,22.2
20.5,20.72,20.8
16.7,19.12,20.5
18.2,16.72,16.7
18.5,19.94,18.2
16.5,18.19,18.5
17.3,16.5,16.5
17.0,17.31,17.3
16.7,17.42,17.0
14.7,16.31,16.7
14.8,15.09,14.7
13.9,14.42,14.8
14.3,13.8,13.9
15.3,15.32,14.3
14.1,15.36,15.3
13.8,14.234,14.1
15.2,14.07,13.8
16.8,16.45,15.2
18.0,17.62,16.8
15.9,17.73,18.0
14.5,15.28,15.9
13.9,14.89,14.5
13.6,14.13,13.9
13.6,14.55,13.6
14.1,14.76,13.6
14.3,15.31,14.1
11.6,13.87,14.3
11.6,12.016,11.6
14.5,13.16,11.6
16.2,16.97,14.5
16.0,15.97,16.2
14.0,15.266,16.0
12.9,13.35,14.0
14.9,14.62,12.9
13.0,14.16,14.9
12.8,11.875,13.0
15.1,14.664,12.8
14.3,14.875,15.1
14.5,13.22,14.3
16.0,15.94,14.5
13.2,15.31,16.0
13.5,12.1,13.2
15.3,14.94,13.5
13.1,16.11,15.3
13.0,12.35,13.1
10.7,12.38,13.0
10.8,10.76,10.7
10.8,12.234,10.8
8.2,9.16,10.8
8.9,8.445,8.2
11.2,9.07,8.9
13.7,12.49,11.2
12.1,12.484,13.7
10.3,10.22,12.1
14.5,11.42,10.3
16.3,15.016,14.5
14.7,15.53,16.3
13.0,13.46,14.7
11.9,12.47,13.0
11.5,12.125,11.9
13.4,9.67,11.5
13.9,14.58,13.4
13.1,11.67,13.9
16.3,14.03,13.1
14.7,15.8,16.3
14.6,12.34,14.7
15.7,14.75,14.6
12.9,15.27,15.7
13.0,11.71,12.9
13.5,12.21,13.0
13.5,11.83,13.5
11.9,14.47,13.5
6.9,10.516,11.9
9.6,7.016,6.9
13.7,12.92,9.6
11.0,11.03,13.7
11.2,9.59,11.0
12.5,12.64,11.2
10.4,11.7,12.5
11.8,8.49,10.4
13.3,12.445,11.8
9.2,12.06,13.3
8.3,7.867,9.2
10.3,10.34,8.3
10.4,9.82,10.3
10.3,9.65,10.4
9.0,8.586,10.3
4.8,8.36,9.0
1.8000002,3.77,4.8
2.4,1.6875,1.8
4.9,5.676,2.4
6.2,4.887,4.9
7.6,5.953,6.2
7.3,8.48,7.6
8.3,5.56,7.3
6.0,8.55,8.3
6.9,5.52,6.0
5.4,7.36,6.9
11.1,7.227,5.4
9.3,10.87,11.1
11.4,7.387,9.3
4.1,10.305,11.4
8.1,3.262,4.1
12.8,10.0,8.1
10.8,8.88,12.8
10.0,9.59,10.8
7.3,8.13,10.0
7.4,5.91,7.3
8.0,7.09,7.4
8.1,6.938,8.0
9.0,6.793,8.1
7.8,8.49,9.0
7.2,6.53,7.8
5.9,6.695,7.2
7.4,4.707,5.9
11.1,7.945,7.4
11.3,10.09,11.1
6.8,9.46,11.3
2.6999998,5.902,6.8
2.9,2.254,2.7
9.1,4.48,2.9
10.7,9.14,9.1
11.0,9.48,10.7
7.0,7.83,11.0
8.2,7.88,7.0
10.0,7.58,8.2
9.8,9.2,10.0
8.8,7.508,9.8
5.1,8.1,8.8
-1.8000002,3.984,5.1
-3.1000004,-1.172,-1.8
-3.5,-1.07,-3.1
-6.300001,-2.719,-3.5
-3.3999996,-4.75,-6.3
-1.8999996,-1.5,-3.4
-3.1999998,-1.461,-1.9
-2.6000004,-2.406,-3.2
-0.10000038,-0.2969,-2.6
-0.19999981,0.867,-0.1
1.6000004,0.4219,-0.2
1.3999996,2.934,1.6
-0.6000004,1.477,1.4
3.5,0.1797,-0.6
5.5,5.555,3.5
2.0999994,5.605,5.5
4.8,3.422,2.1
4.0,6.625,4.8
4.2,4.94,4.0
5.1,5.46,4.2
5.2,5.754,5.1
7.9,5.863,5.2
8.4,8.766,7.9
6.4,6.305,8.4
8.2,8.05,6.4
8.4,6.55,8.2
11.5,7.715,8.4
10.4,9.49,11.5
11.7,8.93,10.4
10.2,10.37,11.7
9.7,9.57,10.2
6.6,7.164,9.7
4.5,6.49,6.6
2.2999997,4.68,4.5
3.0,1.344,2.3
5.9,5.8,3.0
7.1,6.68,5.9
8.4,8.23,7.1
6.7,8.016,8.4
5.0,7.67,6.7
4.0,3.812,5.0
8.2,4.203,4.0
4.1,7.496,8.2
6.5,4.105,4.1
6.9,7.312,6.5
6.2,6.953,6.9
8.5,6.84,6.2
11.9,10.15,8.5
12.6,9.984,11.9
11.0,10.95,12.6
12.0,10.61,11.0
7.5,12.12,12.0
6.2,5.633,7.5
9.9,9.24,6.2
10.4,9.555,9.9
7.8,8.78,10.4
11.8,9.23,7.8
9.9,10.914,11.8
9.4,7.47,9.9
10.3,10.7,9.4
12.4,9.99,10.3
15.7,12.234,12.4
12.1,12.86,15.7
8.6,9.47,12.1
11.8,9.06,8.6
10.4,10.96,11.8
9.5,9.98,10.4
12.0,9.21,9.5
12.5,11.76,12.0
11.7,12.1,12.5
10.3,10.2,11.7
8.6,9.336,10.3
8.7,8.89,8.6
11.6,9.44,8.7
10.5,11.9,11.6
11.2,9.85,10.5
11.6,11.36,11.2
10.3,11.41,11.6
10.6,9.98,10.3
12.7,10.66,10.6
11.4,11.37,12.7
11.1,9.42,11.4
11.7,12.38,11.1
10.0,11.516,11.7
7.9,8.22,10.0
8.2,8.17,7.9
9.3,8.95,8.2
8.9,8.54,9.3
10.7,10.21,8.9
8.8,10.414,10.7
9.3,8.29,8.8
11.4,10.0,9.3
10.0,11.69,11.4
7.8,8.88,10.0
8.6,8.07,7.8
9.9,9.914,8.6
10.8,9.984,9.9
12.4,11.42,10.8
12.3,12.44,12.4
9.7,11.19,12.3
9.2,8.67,9.7
12.2,10.66,9.2
14.3,13.06,12.2
14.5,13.71,14.3
14.3,13.55,14.5
13.1,13.664,14.3
13.6,12.016,13.1
11.5,13.09,13.6
10.0,9.92,11.5
11.8,9.95,10.0
13.0,11.75,11.8
13.5,12.88,13.0
12.9,13.19,13.5
13.2,11.73,12.9
11.9,12.47,13.2
11.9,11.84,11.9
9.7,11.42,11.9
8.4,9.36,9.7
9.1,8.516,8.4
12.2,9.88,9.1
15.1,13.77,12.2
13.7,13.7,15.1
13.3,13.18,13.7
14.2,13.234,13.3
13.3,15.08,14.2
13.1,11.625,13.3
16.6,14.11,13.1
20.4,16.84,16.6
17.9,19.0,20.4
18.4,15.91,17.9
15.6,17.16,18.4
10.3,14.01,15.6
7.4,9.79,10.3
9.5,7.855,7.4
12.8,12.25,9.5
14.3,12.64,12.8
12.4,13.92,14.3
13.3,12.9,12.4
14.2,14.3,13.3
15.0,12.625,14.2
17.9,14.625,15.0
17.5,17.25,17.9
14.9,15.0,17.5
17.5,13.64,14.9
18.5,17.66,17.5
15.5,16.84,18.5
14.6,15.234,15.5
15.0,13.91,14.6
19.7,16.69,15.0
20.6,19.12,19.7
19.5,20.03,20.6
22.6,18.47,19.5
22.9,21.11,22.6
22.1,21.0,22.9
22.2,20.19,22.1
22.7,21.72,22.2
20.0,21.44,22.7
15.0,18.6,20.0
16.3,14.805,15.0
17.7,17.31,16.3
18.1,18.47,17.7
19.4,17.39,18.1
23.9,19.52,19.4
20.9,21.98,23.9
18.8,17.02,20.9
22.2,18.8,18.8
22.0,22.38,22.2
21.2,19.47,22.0
19.9,20.5,21.2
19.8,19.0,19.9
17.8,19.38,19.8
18.1,16.6,17.8
16.3,19.55,18.1
16.7,15.805,16.3
17.1,17.34,16.7
16.5,18.0,17.1
17.7,15.99,16.5
15.5,18.28,17.7
15.1,15.47,15.5
15.7,15.2,15.1
16.3,16.3,15.7
15.2,16.08,16.3
14.8,16.08,15.2
13.3,14.41,14.8
13.8,14.3,13.3
13.2,14.25,13.8
14.9,14.45,13.2
16.9,15.875,14.9
14.2,17.19,16.9
14.6,14.5,14.2
14.1,16.03,14.6
15.0,15.45,14.1
16.4,15.3,15.0
19.4,17.95,16.4
21.3,20.11,19.4
20.2,20.66,21.3
19.9,18.5,20.2
19.4,19.25,19.9
19.9,18.44,19.4
20.5,21.44,19.9
21.5,19.9,20.5
21.3,19.9,21.5
21.5,21.28,21.3
19.9,19.73,21.5
17.9,18.42,19.9
17.8,16.56,17.9
19.1,19.31,17.8
20.2,19.4,19.1
21.3,20.22,20.2
22.8,21.4,21.3
22.0,21.1,22.8
19.9,20.17,22.0
20.5,19.56,19.9
21.4,20.47,20.5
21.7,21.12,21.4
22.5,20.98,21.7
22.2,21.84,22.5
20.5,20.11,22.2
18.4,19.22,20.5
20.0,18.16,18.4
23.6,20.39,20.0
22.8,22.61,23.6
19.7,21.28,22.8
20.1,19.75,19.7
20.1,20.0,20.1
23.1,20.02,20.1
25.8,22.28,23.1
24.1,22.88,25.8
21.0,20.88,24.1
21.7,20.31,21.0
23.0,22.33,21.7
24.4,21.25,23.0
23.6,23.67,24.4
22.3,21.47,23.6
22.0,21.27,22.3
22.8,21.67,22.0
23.2,21.69,22.8
24.0,22.22,23.2
23.5,22.4,24.0
24.0,21.62,23.5
24.7,22.9,24.0
25.0,23.4,24.7
21.3,23.61,25.0
20.6,19.44,21.3
18.7,20.78,20.6
15.1,18.22,18.7
17.2,14.94,15.1
19.8,17.97,17.2
20.4,19.97,19.8
16.5,19.23,20.4
16.2,16.8,16.5
16.4,16.6,16.2
18.3,17.56,16.4
19.6,18.28,18.3
18.6,19.31,19.6
16.9,18.34,18.6
16.5,16.69,16.9
17.6,16.98,16.5
18.2,18.0,17.6
19.2,18.23,18.2
18.1,19.34,19.2
14.9,18.67,18.1
11.7,13.16,14.9
12.7,13.43,11.7
16.8,14.66,12.7
18.9,18.12,16.8
18.1,18.88,18.9
18.9,17.64,18.1
19.9,19.42,18.9
19.1,19.0,19.9
18.0,17.56,19.1
18.2,17.28,18.0
18.2,18.0,18.2
17.6,18.81,18.2
17.6,17.25,17.6
17.6,16.9,17.6
17.3,17.45,17.6
17.6,17.72,17.3
17.5,17.66,17.6
16.6,17.73,17.5
16.6,16.19,16.6
16.4,16.94,16.6
15.9,16.77,16.4
17.7,15.89,15.9
18.6,18.03,17.7
17.6,18.06,18.6
18.3,15.7,17.6
18.5,17.28,18.3
18.4,18.44,18.5
19.1,18.64,18.4
14.3,18.31,19.1
10.1,13.58,14.3
8.5,10.9,10.1
11.4,8.19,8.5
14.9,14.7,11.4
15.8,13.03,14.9
18.7,15.83,15.8
17.1,17.19,18.7
18.9,16.16,17.1
18.8,17.2,18.9
15.7,16.14,18.8
14.9,15.125,15.7
10.8,12.69,14.9
7.4,8.59,10.8
10.1,7.754,7.4
11.6,11.45,10.1
8.3,11.6,11.6
2.6999998,7.625,8.3
2.5,4.008,2.7
2.4,4.8,2.5
2.0999994,2.488,2.4
6.6,3.203,2.1
13.1,9.09,6.6
13.7,13.54,13.1
12.1,11.95,13.7
10.8,12.11,12.1
12.6,10.36,10.8
12.6,12.61,12.6
11.0,12.414,12.6
9.5,9.79,11.0
8.2,8.2,9.5
8.1,7.926,8.2
9.4,7.82,8.1
10.6,9.68,9.4
12.0,9.77,10.6
11.3,10.695,12.0
11.8,10.516,11.3
13.6,12.51,11.8
12.3,12.0,13.6
10.3,9.766,12.3
8.3,9.94,10.3
6.7,6.875,8.3
6.7,6.89,6.7
8.2,8.61,6.7
10.8,9.57,8.2
11.7,9.984,10.8
10.6,10.87,11.7
11.5,9.32,10.6
9.5,10.91,11.5
8.5,8.46,9.5
9.7,8.65,8.5
7.6,9.71,9.7
1.6999998,7.33,7.6
1.3999996,3.125,1.7
1.5,4.24,1.4
-1.8000002,1.3125,1.5
0.8999996,-0.5547,-1.8
8.9,2.191,0.9
9.7,9.8,8.9
11.5,8.48,9.7
13.8,10.05,11.5
7.5,11.414,13.8
2.5,4.867,7.5
2.0999994,3.203,2.5
3.3000002,4.113,2.1
-0.5,1.539,3.3
7.8,0.711,-0.5
11.1,8.73,7.8
10.7,8.27,11.1
9.8,9.81,10.7
8.9,8.93,9.8
8.2,7.223,8.9
11.3,8.17,8.2
9.5,9.17,11.3
13.1,9.59,9.5
9.5,11.12,13.1
7.3,7.938,9.5
7.3,5.816,7.3
6.5,6.39,7.3
8.4,7.28,6.5
8.6,8.8,8.4
8.2,6.906,8.6
10.0,8.42,8.2
11.7,9.09,10.0
10.6,9.305,11.7
11.4,9.88,10.6
10.4,10.87,11.4
9.4,8.31,10.4
9.2,8.75,9.4
9.2,7.79,9.2
10.4,9.52,9.2
10.2,9.07,10.4
12.2,9.86,10.2
11.7,11.016,12.2
7.5,8.4,11.7
9.5,6.258,7.5
8.9,9.92,9.5
5.3,6.992,8.9
9.6,6.5,5.3
10.7,10.12,9.6
3.9,9.7,10.7
0.6000004,3.938,3.9
-0.6000004,4.062,0.6
-0.5,0.4531,-0.6
1.8000002,1.133,-0.5
0.8999996,3.457,1.8
-0.39999962,0.9688,0.9
2.9,1.758,-0.4
5.2,4.992,2.9
5.1,5.69,5.2
5.0,4.74,5.1
4.2,6.4,5.0
4.8,4.68,4.2
5.1,6.527,4.8
4.5,5.93,5.1
2.5,5.184,4.5
-0.8999996,2.41,2.5
0.6000004,-0.3281,-0.9
4.5,2.031,0.6
6.6,6.57,4.5
7.3,6.387,6.6
8.1,7.523,7.3
8.6,7.83,8.1
8.9,8.17,8.6
7.2,7.38,8.9
7.7,6.664,7.2
9.6,7.945,7.7
9.6,9.305,9.6
8.1,8.42,9.6
8.7,6.477,8.1
9.3,8.766,8.7
11.4,8.914,9.3
10.0,10.08,11.4
6.1000004,8.63,10.0
4.4,5.027,6.1
7.6,5.65,4.4
8.7,9.01,7.6
7.1,6.53,8.7
7.3,7.938,7.1
8.7,8.266,7.3
8.9,8.18,8.7
9.1,7.836,8.9
13.7,7.992,9.1
14.8,12.44,13.7
8.9,12.695,14.8
9.3,6.484,8.9
12.4,10.87,9.3
12.5,12.34,12.4
8.9,10.73,12.5
6.1000004,6.312,8.9
9.8,9.46,6.1
6.5,8.68,9.8
4.7,5.062,6.5
7.6,6.246,4.7
8.6,9.375,7.6
7.2,7.98,8.6
8.4,7.18,7.2
8.0,9.055,8.4
9.6,7.75,8.0
9.7,10.15,9.6
9.3,9.98,9.7
9.3,8.91,9.3
8.6,9.375,9.3
5.4,8.39,8.6
5.6,4.465,5.4
8.6,7.047,5.6
13.7,9.805,8.6
15.7,13.54,13.7
14.3,13.66,15.7
12.5,13.36,14.3
15.4,12.57,12.5
13.5,13.86,15.4
13.2,13.88,13.5
14.1,13.21,13.2
11.4,13.02,14.1
9.7,10.79,11.4
11.2,9.84,9.7
9.8,10.46,11.2
8.7,9.695,9.8
7.3,8.8,8.7
7.5,7.812,7.3
4.8,7.508,7.5
4.9,6.92,4.8
4.8,5.074,4.9
8.7,6.594,4.8
7.9,10.22,8.7
9.0,7.215,7.9
7.8,10.15,9.0
7.5,8.16,7.8
11.3,8.68,7.5
11.2,12.43,11.3
15.6,10.555,11.2
15.2,15.234,15.6
13.4,13.625,15.2
13.3,11.945,13.4
16.0,12.44,13.3
10.7,15.83,16.0
9.3,10.39,10.7
11.9,9.484,9.3
11.8,13.27,11.9
11.1,11.37,11.8
11.6,11.664,11.1
11.9,12.2,11.6
11.4,11.945,11.9
10.1,10.55,11.4
11.0,10.516,10.1
11.2,11.1,11.0
16.1,11.805,11.2
19.3,16.94,16.1
20.2,17.1,19.3
21.0,18.66,20.2
19.3,18.75,21.0
18.4,15.875,19.3
19.3,16.94,18.4
19.1,18.72,19.3
16.5,16.67,19.1
17.9,15.68,16.5
18.0,16.84,17.9
17.3,16.67,18.0
19.0,17.52,17.3
18.8,18.39,19.0
19.0,17.38,18.8
18.2,17.47,19.0
15.6,16.9,18.2
15.1,15.17,15.6
15.9,15.33,15.1
14.1,15.44,15.9
14.4,14.66,14.1
14.2,15.0,14.4
15.5,14.44,14.2
14.0,15.555,15.5
14.3,13.82,14.0
17.8,16.44,14.3
16.5,17.78,17.8
18.1,15.67,16.5
21.6,19.27,18.1
20.9,20.56,21.6
18.2,18.39,20.9
16.9,17.38,18.2
16.6,16.84,16.9
20.7,17.2,16.6
16.7,21.25,20.7
12.7,16.02,16.7
12.5,13.234,12.7
12.8,13.836,12.5
15.1,15.08,12.8
14.7,15.445,15.1
13.6,14.94,14.7
15.5,14.91,13.6
20.0,16.9,15.5
24.1,20.38,20.0
26.7,22.77,24.1
20.3,23.81,26.7
18.5,17.69,20.3
18.6,18.9,18.5
18.6,19.53,18.6
16.1,18.1,18.6
17.5,16.9,16.1
17.7,19.1,17.5
18.3,18.11,17.7
19.3,19.61,18.3
19.7,19.34,19.3
18.2,19.0,19.7
19.4,18.72,18.2
18.8,19.66,19.4
18.5,18.11,18.8
18.3,18.03,18.5
20.6,17.67,18.3
18.6,21.05,20.6
17.4,17.97,18.6
16.3,17.12,17.4
17.4,17.5,16.3
19.3,18.53,17.4
19.7,18.19,19.3
16.6,20.72,19.7
15.2,16.05,16.6
15.8,15.92,15.2
17.4,17.47,15.8
20.1,18.9,17.4
20.4,19.8,20.1
25.0,20.75,20.4
23.9,22.72,25.0
20.0,20.47,23.9
20.9,19.06,20.0
21.4,21.69,20.9
20.2,20.06,21.4
19.9,19.69,20.2
20.3,20.16,19.9
19.8,19.81,20.3
18.9,19.28,19.8
19.5,19.31,18.9
18.1,19.2,19.5
17.2,19.05,18.1
17.0,17.38,17.2
16.0,16.8,17.0
17.6,16.6,16.0
19.0,17.6,17.6
21.5,19.33,19.0
21.9,20.53,21.5
22.9,21.33,21.9
24.8,22.38,22.9
26.9,23.05,24.8
26.2,24.1,26.9
25.5,23.78,26.2
22.2,23.53,25.5
22.0,21.25,22.2
20.9,20.53,22.0
20.6,21.73,20.9
22.7,20.6,20.6
21.9,21.62,22.7
19.9,20.34,21.9
20.0,18.75,19.9
19.8,20.23,20.0
19.8,19.25,19.8
20.8,20.06,19.8
20.4,20.31,20.8
20.0,19.4,20.4
18.6,19.0,20.0
19.1,17.89,18.6
18.7,19.25,19.1
15.6,18.58,18.7
15.1,15.29,15.6
18.5,16.69,15.1
22.9,19.34,18.5
24.0,21.75,22.9
22.5,22.72,24.0
20.0,19.06,22.5
18.3,20.22,20.0
17.1,17.53,18.3
19.8,17.3,17.1
17.9,19.75,19.8
17.4,17.22,17.9
20.3,17.98,17.4
18.3,20.3,20.3
14.5,18.38,18.3
13.5,14.64,14.5
13.3,14.92,13.5
12.9,13.81,13.3
15.2,13.58,12.9
15.6,16.39,15.2
13.6,13.93,15.6
15.4,14.95,13.6
16.7,16.19,15.4
16.5,16.8,16.7
16.5,16.56,16.5
18.2,16.77,16.5
16.9,17.75,18.2
18.1,16.84,16.9
19.5,17.64,18.1
18.2,18.38,19.5
16.0,17.55,18.2
14.8,15.88,16.0
15.8,14.61,14.8
14.9,16.52,15.8
13.4,14.78,14.9
14.7,14.016,13.4
14.0,13.97,14.7
13.1,14.34,14.0
11.9,12.73,13.1
11.0,12.65,11.9
10.8,10.51,11.0
11.0,12.25,10.8
11.4,11.3,11.0
13.2,11.67,11.4
14.4,13.04,13.2
13.6,15.266,14.4
11.3,11.92,13.6
12.1,11.35,11.3
13.0,12.8,12.1
13.8,13.33,13.0
13.6,13.81,13.8
11.3,13.45,13.6
9.0,10.36,11.3
8.5,8.47,9.0
11.0,9.18,8.5
12.8,11.42,11.0
15.1,12.625,12.8
16.6,15.055,15.1
13.2,16.12,16.6
10.2,10.766,13.2
11.5,9.79,10.2
15.6,12.625,11.5
12.2,14.75,15.6
9.1,10.15,12.2
12.1,10.28,9.1
13.6,11.81,12.1
13.8,13.086,13.6
11.7,13.06,13.8
8.7,10.55,11.7
6.1000004,7.78,8.7
3.9,6.523,6.1
5.8,4.977,3.9
10.5,7.1,5.8
12.5,10.63,10.5
12.0,12.86,12.5
6.2,9.875,12.0
10.0,6.453,6.2
10.2,9.87,10.0
10.2,10.24,10.2
7.4,9.7,10.2
3.6,6.5,7.4
3.1999998,4.035,3.6
1.0,4.504,3.2
-1.3999996,0.883,1.0
0.3000002,0.5547,-1.4
-1.8999996,1.039,0.3
-2.6000004,-1.039,-1.9
-1.1000004,-0.5156,-2.6
2.5,-0.7344,-1.1
7.8,7.5,2.5
6.7,6.59,7.8
10.8,7.297,6.7
10.9,9.89,10.8
5.7,8.125,10.9
4.0,4.594,5.7
2.4,5.773,4.0
2.0000005,1.977,2.4
3.1999998,3.055,2.0
2.0999994,3.207,3.2
2.6999998,2.617,2.1
3.8000002,3.246,2.7
0.0,4.293,3.8
1.1000004,0.1953,0.0
6.3,2.543,1.1
12.5,7.195,6.3
10.5,9.664,12.5
13.5,9.586,10.5
12.6,11.14,13.5
8.2,7.652,12.6
5.5,5.78,8.2
4.1,5.59,5.5
2.7999997,4.305,4.1
6.9,2.941,2.8
8.7,7.57,6.9
7.3,8.016,8.7
1.3000002,6.305,7.3
-0.8000002,2.559,1.3
1.1000004,0.6953,-0.8
4.1,2.727,1.1
3.6,3.875,4.1
5.3,3.617,3.6
8.2,7.316,5.3
5.2,6.39,8.2
7.5,5.836,5.2
9.1,8.57,7.5
8.0,7.68,9.1
5.2,6.1,8.0
8.3,5.992,5.2
11.5,8.516,8.3
11.3,9.39,11.5
11.4,8.71,11.3
9.9,10.055,11.4
10.5,7.805,9.9
9.7,10.7,10.5
6.4,7.637,9.7
2.0000005,5.566,6.4
-0.8999996,1.695,2.0
1.1999998,0.02344,-0.9
7.4,4.793,1.2
8.0,7.766,7.4
6.7,7.75,8.0
7.2,6.04,6.7
6.6,8.03,7.2
3.1999998,5.73,6.6
4.9,4.543,3.2
7.3,5.79,4.9
8.9,8.04,7.3
6.9,8.45,8.9
3.8000002,5.727,6.9
4.9,4.58,3.8
8.4,6.742,4.9
7.4,8.516,8.4
8.9,7.188,7.4
10.8,9.34,8.9
8.3,10.164,10.8
1.5,6.57,8.3
-0.39999962,2.543,1.5
0.3000002,-0.09375,-0.4
4.4,3.062,0.3
5.4,6.758,4.4
6.4,3.781,5.4
8.8,6.953,6.4
8.1,7.336,8.8
7.6,6.81,8.1
7.2,6.188,7.6
5.7,8.125,7.2
0.19999981,5.176,5.7
0.39999962,0.04688,0.2
-0.6000004,1.305,0.4
-1.3999996,-0.0781,-0.6
-0.8999996,-0.9375,-1.4
3.9,0.3438,-0.9
8.5,6.58,3.9
8.0,7.258,8.5
9.5,7.17,8.0
10.0,9.22,9.5
10.8,9.2,10.0
11.7,9.65,10.8
8.6,10.31,11.7
7.1,6.9,8.6
8.6,7.82,7.1
6.8,8.234,8.6
7.3,7.293,6.8
9.2,8.56,7.3
6.3,8.09,9.2
7.1,6.33,6.3
11.3,9.33,7.1
9.0,9.81,11.3
6.2,8.7,9.0
4.9,5.902,6.2
2.9,4.27,4.9
5.6,3.64,2.9
11.8,6.68,5.6
12.3,11.05,11.8
14.4,10.68,12.3
14.5,12.414,14.4
12.1,12.6,14.5
9.9,10.336,12.1
11.2,9.55,9.9
12.5,10.63,11.2
12.1,10.72,12.5
9.8,10.77,12.1
9.6,9.625,9.8
10.3,10.49,9.6
6.5,7.594,10.3
7.0,7.062,6.5
8.1,8.55,7.0
7.4,7.164,8.1
12.0,8.98,7.4
10.8,11.94,12.0
7.9,9.766,10.8
7.0,7.156,7.9
7.3,8.39,7.0
9.0,8.016,7.3
11.1,9.71,9.0
14.1,11.49,11.1
13.1,14.08,14.1
13.0,10.805,13.1
13.1,13.46,13.0
13.8,12.8,13.1
15.0,12.29,13.8
12.9,14.77,15.0
12.3,11.24,12.9
11.4,11.664,12.3
10.7,9.99,11.4
10.4,11.41,10.7
10.0,11.305,10.4
10.2,10.516,10.0
9.9,10.484,10.2
8.3,9.4,9.9
6.9,7.594,8.3
8.3,7.32,6.9
7.9,9.445,8.3
9.1,8.79,7.9
10.8,9.59,9.1
13.8,11.47,10.8
12.6,12.516,13.8
11.9,12.01,12.6
11.6,11.92,11.9
10.2,10.62,11.6
12.4,10.53,10.2
12.6,11.8,12.4
14.2,12.734,12.6
13.4,14.39,14.2
14.7,12.95,13.4
15.9,14.03,14.7
17.4,15.875,15.9
17.1,16.0,17.4
15.0,15.0,17.1
14.4,13.66,15.0
16.7,13.555,14.4
19.7,15.79,16.7
17.3,18.58,19.7
15.0,14.81,17.3
19.9,15.16,15.0
18.3,19.05,19.9
19.1,16.6,18.3
19.1,17.48,19.1
19.0,17.11,19.1
14.9,17.39,19.0
14.8,14.27,14.9
15.2,13.78,14.8
13.7,15.79,15.2
14.4,14.34,13.7
13.6,14.28,14.4
13.4,14.08,13.6
14.0,13.734,13.4
14.3,14.58,14.0
14.9,14.59,14.3
17.1,14.16,14.9
19.2,18.1,17.1
21.8,17.8,19.2
19.8,21.05,21.8
20.7,16.5,19.8
21.9,20.22,20.7
22.4,20.81,21.9
21.2,20.42,22.4
21.8,21.05,21.2
17.7,20.75,21.8
16.3,16.89,17.7
15.6,17.83,16.3
13.1,16.19,15.6
14.4,13.53,13.1
13.2,15.74,14.4
13.7,13.8,13.2
14.8,15.11,13.7
15.8,15.85,14.8
17.9,16.36,15.8
17.1,17.81,17.9
16.4,16.19,17.1
16.7,16.0,16.4
19.3,16.95,16.7
21.5,19.69,19.3
20.5,20.9,21.5
20.4,19.12,20.5
19.8,19.34,20.4
17.5,19.67,19.8
15.5,17.28,17.5
15.6,15.22,15.5
18.1,18.11,15.6
22.4,19.38,18.1
24.4,22.6,22.4
19.6,20.34,24.4
16.6,18.92,19.6
17.5,17.1,16.6
19.1,19.06,17.5
19.0,19.81,19.1
21.8,17.81,19.0
22.9,22.28,21.8
22.8,19.25,22.9
18.6,21.92,22.8
17.5,17.73,18.6
17.7,18.33,17.5
18.0,18.34,17.7
19.9,18.34,18.0
22.0,20.38,19.9
22.3,21.94,22.0
22.5,21.5,22.3
21.9,22.1,22.5
20.9,20.8,21.9
19.5,20.19,20.9
19.3,19.53,19.5
20.5,19.4,19.3
23.0,21.03,20.5
22.7,22.1,23.0
20.9,20.31,22.7
21.4,20.31,20.9
21.3,21.56,21.4
17.6,20.05,21.3
18.1,17.22,17.6
20.2,20.0,18.1
23.2,20.1,20.2
25.1,22.69,23.2
22.7,23.1,25.1
21.0,21.0,22.7
21.5,20.5,21.0
22.5,21.44,21.5
21.6,21.1,22.5
22.9,20.56,21.6
19.3,22.53,22.9
21.1,18.67,19.3
22.8,21.33,21.1
22.4,21.2,22.8
19.8,21.62,22.4
19.7,18.19,19.8
20.4,18.88,19.7
20.5,20.34,20.4
19.2,19.56,20.5
18.3,17.75,19.2
18.9,19.11,18.3
18.3,17.9,18.9
18.6,18.95,18.3
19.8,19.05,18.6
19.7,20.34,19.8
18.7,18.44,19.7
19.0,19.11,18.7
18.4,18.4,19.0
18.1,17.9,18.4
18.3,17.67,18.1
20.3,18.61,18.3
22.0,20.45,20.3
24.4,21.08,22.0
23.8,23.28,24.4
21.9,20.77,23.8
22.1,20.44,21.9
21.7,21.62,22.1
19.8,20.16,21.7
19.0,19.08,19.8
19.5,18.83,19.0
19.7,19.4,19.5
21.1,19.72,19.7
17.9,21.02,21.1
18.6,17.56,17.9
20.7,19.12,18.6
19.7,20.14,20.7
18.3,18.38,19.7
19.1,17.9,18.3
19.9,19.9,19.1
21.0,19.1,19.9
23.0,21.25,21.0
21.0,21.12,23.0
16.7,20.7,21.0
16.8,16.78,16.7
15.0,16.61,16.8
16.0,14.81,15.0
14.8,17.67,16.0
16.5,15.56,14.8
15.4,17.78,16.5
15.5,15.28,15.4
17.5,15.9,15.5
20.4,18.08,17.5
18.8,19.38,20.4
20.4,18.16,18.8
16.8,18.97,20.4
15.8,15.98,16.8
16.4,15.516,15.8
16.5,16.28,16.4
17.0,14.8,16.5
16.4,17.44,17.0
16.0,15.64,16.4
15.7,15.445,16.0
13.3,15.45,15.7
10.7,12.3,13.3
8.3,10.41,10.7
8.0,9.0,8.3
8.0,8.4,8.0
9.3,9.195,8.0
11.4,10.7,9.3
12.7,12.58,11.4
11.3,11.94,12.7
12.9,12.07,11.3
16.8,13.97,12.9
15.0,15.984,16.8
13.7,13.56,15.0
14.1,13.164,13.7
14.0,14.555,14.1
13.4,14.95,14.0
13.7,13.13,13.4
12.0,12.67,13.7
15.2,12.49,12.0
15.0,15.66,15.2
15.8,13.61,15.0
14.5,15.42,15.8
13.1,13.36,14.5
13.0,11.805,13.1
13.9,12.68,13.0
16.3,14.33,13.9
15.0,15.11,16.3
16.7,14.17,15.0
14.1,15.34,16.7
16.9,13.28,14.1
12.9,15.7,16.9
7.0,11.07,12.9
5.7,7.42,7.0
9.8,7.047,5.7
10.9,13.05,9.8
6.3,9.23,10.9
6.5,7.168,6.3
10.5,9.79,6.5
7.5,8.625,10.5
6.2,6.242,7.5
7.2,7.14,6.2
9.7,7.19,7.2
6.5,9.34,9.7
5.4,5.15,6.5
2.2999997,7.07,5.4
5.6,4.332,2.3
8.9,6.93,5.6
3.0,9.51,8.9
-0.10000038,3.297,3.0
0.8999996,-0.2266,-0.1
2.5,1.711,0.9
7.0,4.812,2.5
5.4,7.4,7.0
3.5,3.977,5.4
6.0,5.0,3.5
6.9,7.08,6.0
8.9,6.914,6.9
8.3,8.92,8.9
5.6,6.438,8.3
4.6,4.74,5.6
8.2,6.24,4.6
6.4,6.05,8.2
9.4,7.86,6.4
5.2,7.85,9.4
1.6000004,4.094,5.2
5.8,3.094,1.6
9.1,7.54,5.8
7.7,6.36,9.1
7.7,6.836,7.7
12.8,6.855,7.7
10.8,9.71,12.8
7.4,6.97,10.8
7.9,6.754,7.4
4.2,6.445,7.9
1.5,3.137,4.2
2.0999994,0.914,1.5
11.3,4.695,2.1
10.2,10.41,11.3
0.19999981,6.633,10.2
1.1999998,2.164,0.2
5.3,4.703,1.2
8.4,6.766,5.3
8.2,8.26,8.4
12.5,7.445,8.2
13.7,10.43,12.5
10.2,11.62,13.7
6.6,6.76,10.2
1.3000002,4.95,6.6
3.6999998,2.645,1.3
8.9,5.934,3.7
3.8000002,3.75,3.5
2.1999998,4.84,3.8
4.1,3.496,2.2
7.2,5.516,4.1
8.5,8.39,7.2
4.9,8.02,8.5
3.3000002,4.027,4.9
3.6,5.605,3.3
4.2,4.414,3.6
4.3,3.39,4.2
8.2,6.074,4.3
10.6,7.992,8.2
10.0,9.59,10.6
7.7,9.586,10.0
0.6000004,6.46,7.7
1.3999996,1.758,0.6
6.9,1.18,1.4
6.1000004,6.492,6.9
3.3000002,5.977,6.1
8.2,3.508,3.3
7.6,7.953,8.2
9.1,8.086,7.6
6.4,8.47,9.1
9.3,8.23,6.4
10.6,9.93,9.3
10.8,9.39,10.6
10.8,9.555,10.8
11.8,11.24,10.8
12.1,10.76,11.8
10.8,10.56,12.1
9.1,10.1,10.8
9.4,7.805,9.1
12.3,10.4,9.4
11.3,10.89,12.3
12.5,10.08,11.3
9.8,11.13,12.5
7.0,7.83,9.8
7.9,7.848,7.0
11.4,9.26,7.9
11.3,11.95,11.4
12.2,10.41,11.3
9.8,11.555,12.2
10.0,9.35,9.8
11.0,11.16,10.0
9.2,10.2,11.0
9.9,9.45,9.2
8.8,9.4,9.9
6.4,7.113,8.8
7.9,7.914,6.4
10.9,9.44,7.9
9.7,10.16,10.9
9.5,8.37,9.7
10.5,8.92,9.5
11.3,11.8,10.5
11.9,11.35,11.3
11.6,11.35,11.9
9.5,10.05,11.6
12.1,10.26,9.5
13.1,10.82,12.1
14.7,12.83,13.1
16.2,14.266,14.7
11.9,15.03,16.2
7.1,10.67,11.9
5.9,7.0,7.1
9.8,6.047,5.9
8.1,9.695,9.8
9.5,9.06,8.1
10.0,9.89,9.5
9.1,9.766,10.0
8.4,9.72,9.1
6.7,7.88,8.4
7.4,6.516,6.7
8.6,8.875,7.4
7.2,9.08,8.6
5.1,7.78,7.2
3.9,5.79,5.1
5.8,4.13,3.9
7.1,8.47,5.8
7.1,8.4,7.1
7.3,7.28,7.1
8.8,8.39,7.3
9.7,9.35,8.8
15.6,11.62,9.7
16.6,15.86,15.6
9.8,14.14,16.6
10.1,9.06,9.8
13.4,11.74,10.1
15.5,12.94,13.4
17.9,15.56,15.5
19.2,16.52,17.9
17.9,17.34,19.2
19.4,15.11,17.9
18.3,17.7,19.4
13.3,16.48,18.3
11.3,11.7,13.3
11.4,10.41,11.3
15.3,12.2,11.4
12.6,15.91,15.3
11.6,11.85,12.6
12.4,11.91,11.6
14.9,13.37,12.4
12.3,15.83,14.9
14.2,11.414,12.3
15.9,15.34,14.2
16.3,13.63,15.9
18.1,16.03,16.3
13.9,17.77,18.1
13.7,13.22,13.9
12.4,14.555,13.7
14.8,12.31,12.4
15.7,15.38,14.8
15.9,15.47,15.7
15.5,15.82,15.9
18.1,14.48,15.5
14.6,17.98,18.1
17.2,13.766,14.6
14.6,17.94,17.2
15.7,14.2,14.6
18.3,16.28,15.7
18.9,18.6,18.3
20.7,19.25,18.9
22.9,19.81,20.7
17.0,20.86,22.9
16.6,17.16,17.0
14.4,16.47,16.6
14.4,15.766,14.4
15.0,15.36,14.4
15.1,14.22,15.0
20.6,17.02,15.1
17.1,20.55,20.6
15.0,16.33,17.1
14.3,15.26,15.0
13.6,15.53,14.3
14.3,13.586,13.6
17.1,16.25,14.3
17.9,17.88,17.1
19.3,18.47,17.9
20.0,19.34,19.3
22.1,19.86,20.0
20.2,21.88,22.1
17.4,18.38,20.2
18.5,16.77,17.4
17.5,18.88,18.5
19.0,17.61,17.5
24.600002,20.12,19.0
20.7,23.39,24.6
15.0,18.45,20.7
16.6,15.39,15.0
19.7,18.19,16.6
23.7,20.4,19.7
19.3,22.66,23.7
22.3,18.31,19.3
19.5,22.38,22.3
20.4,17.95,19.5
21.7,20.73,20.4
21.1,21.0,21.7
18.5,19.17,21.1
16.6,18.05,18.5
17.2,17.31,16.6
16.4,17.6,17.2
18.0,16.56,16.4
20.6,18.88,18.0
22.3,21.02,20.6
21.6,21.92,22.3
20.9,20.4,21.6
21.6,19.6,20.9
23.0,21.23,21.6
25.600002,23.02,23.0
22.2,23.62,25.6
18.8,19.97,22.2
18.2,18.28,18.8
19.2,18.38,18.2
21.0,19.9,19.2
22.6,21.06,21.0
23.7,22.34,22.6
24.4,22.73,23.7
21.5,22.9,24.4
23.5,20.75,21.5
24.5,23.28,23.5
21.9,21.9,24.5
24.3,20.81,21.9
25.3,24.0,24.3
20.6,22.88,25.3
19.7,19.06,20.6
22.6,19.95,19.7
26.9,23.0,22.6
25.3,23.56,26.9
23.2,23.22,25.3
24.3,21.53,23.2
23.8,23.53,24.3
23.5,21.28,23.8
22.8,22.56,23.5
20.1,20.88,22.8
18.6,19.88,20.1
19.8,18.9,18.6
18.0,20.0,19.8
18.9,17.38,18.0
20.9,20.06,18.9
21.3,20.6,20.9
19.5,20.12,21.3
18.7,18.48,19.5
19.6,19.0,18.7
22.5,18.89,19.6
22.3,22.22,22.5
22.9,21.14,22.3
20.1,21.39,22.9
17.6,18.25,20.1
18.8,17.02,17.6
19.4,19.28,18.8
20.4,18.44,19.4
20.1,20.36,20.4
19.4,18.42,20.1
19.5,19.78,19.4
19.2,19.17,19.5
17.5,17.9,19.2
16.9,17.03,17.5
16.6,15.87,16.9
16.9,17.92,16.6
17.5,17.02,16.9
19.6,17.44,17.5
16.7,19.5,19.6
15.4,16.1,16.7
16.6,15.2,15.4
18.1,17.38,16.6
20.7,18.1,18.1
16.2,19.83,20.7
16.2,15.695,16.2
12.6,16.77,16.2
13.3,13.59,12.6
12.9,13.85,13.3
12.0,12.26,12.9
11.2,12.4,12.0
11.6,11.58,11.2
14.7,13.3,11.6
11.1,15.375,14.7
12.3,11.37,11.1
13.2,14.016,12.3
16.7,13.984,13.2
16.5,16.69,16.7
15.7,15.58,16.5
15.7,15.29,15.7
15.6,15.22,15.7
16.4,14.64,15.6
16.3,16.84,16.4
16.5,15.45,16.3
16.8,16.67,16.5
15.9,15.445,16.8
13.7,15.38,15.9
8.5,11.79,13.7
7.6,8.984,8.5
9.2,7.383,7.6
11.7,11.07,9.2
14.8,13.36,11.7
16.9,14.59,14.8
18.3,15.78,16.9
17.0,16.8,18.3
15.8,14.78,17.0
17.0,14.984,15.8
17.4,16.38,17.0
15.7,16.5,17.4
13.5,13.92,15.7
13.9,12.75,13.5
14.2,14.77,13.9
12.0,12.92,14.2
14.2,12.4,12.0
15.3,14.79,14.2
14.0,14.45,15.3
12.4,13.055,14.0
12.8,12.28,12.4
10.9,12.42,12.8
8.9,9.68,10.9
10.8,10.9,8.9
12.0,8.96,10.8
14.6,13.1,12.0
13.4,12.984,14.6
12.6,12.7,13.4
15.6,12.54,12.6
16.0,14.516,15.6
11.2,14.29,16.0
10.5,10.02,11.2
10.5,9.45,10.5
12.0,11.43,10.5
13.2,10.66,12.0
11.7,13.16,13.2
13.3,11.29,11.7
11.2,12.98,13.3
12.1,9.84,11.2
10.6,13.05,12.1
8.3,9.04,10.6
10.6,9.414,8.3
14.1,12.7,10.6
12.5,12.53,14.1
13.4,11.42,12.5
13.2,13.516,13.4
11.9,10.516,13.2
10.9,12.05,11.9
8.6,10.21,10.9
9.8,7.582,8.6
10.9,9.32,9.8
9.9,11.21,10.9
7.3,7.684,9.9
7.2,6.19,7.3
9.2,9.62,7.2
8.1,7.79,9.2
9.5,8.29,8.1
8.0,9.3,9.5
8.9,7.79,8.0
10.6,9.266,8.9
12.3,10.6,10.6
12.4,11.57,12.3
10.0,10.44,12.4
7.5,8.03,10.0
8.1,7.414,7.5
12.3,9.51,8.1
13.0,11.14,12.3
13.0,10.24,13.0
11.0,10.71,13.0
8.7,9.08,11.0
7.9,6.547,8.7
9.1,8.17,7.9
5.6,8.555,9.1
3.4,5.06,5.6
7.2,4.586,3.4
5.6,8.48,7.2
7.0,5.773,5.6
7.3,7.383,7.0
3.1999998,5.883,7.3
0.6000004,3.113,3.2
1.1000004,1.852,0.6
1.3000002,1.453,1.1
6.2,2.016,1.3
9.2,8.27,6.2
9.3,9.39,9.2
9.3,7.78,9.3
11.1,9.734,9.3
8.6,10.18,11.1
4.7,6.633,8.6
3.3000002,3.992,4.7
-0.8999996,3.43,3.3
-2.6999998,-0.0547,-0.9
0.6000004,-1.344,-2.7
6.1000004,3.738,0.6
1.8999996,7.062,6.1
2.4,1.977,1.9
6.5,3.977,2.4
8.6,5.082,6.5
10.6,8.09,8.6
3.3000002,9.17,10.6
0.0,2.598,3.3
-0.39999962,2.238,0.0
0.19999981,1.703,-0.4
3.6,1.898,0.2
9.3,6.29,3.6
7.7,9.64,9.3
7.5,7.195,7.7
7.7,8.91,7.5
8.7,6.35,7.7
12.8,8.51,8.7
12.1,10.55,12.8
8.1,9.72,12.1
12.9,7.625,8.1
9.7,10.45,12.9
6.8,8.1,9.7
10.2,7.64,6.8
10.7,10.0,10.2
11.0,10.055,10.7
6.9,8.836,11.0
7.3,6.758,6.9
8.3,9.17,7.3
4.8,6.086,8.3
7.9,5.71,4.8
10.8,10.01,7.9
8.9,9.88,10.8
6.8,7.543,8.9
9.2,7.375,6.8
10.0,9.99,9.2
8.5,8.5,10.0
9.5,7.79,8.5
11.1,9.49,9.5
11.3,10.35,11.1
11.2,9.805,11.3
13.2,11.36,11.2
12.0,11.29,13.2
10.1,10.95,12.0
7.4,10.04,10.1
6.6,6.133,7.4
9.4,7.285,6.6
6.0,10.31,9.4
4.7,5.992,6.0
8.0,6.97,4.7
12.0,9.164,8.0
11.1,11.02,12.0
6.9,9.56,11.1
3.1,6.086,6.9
3.5,4.543,3.1
4.7,4.785,3.5
7.9,7.08,4.7
6.5,8.625,7.9
5.4,6.816,6.5
9.0,5.83,5.4
6.1000004,9.016,9.0
5.7,5.438,6.1
5.5,6.844,5.7
8.1,6.703,5.5
11.0,9.26,8.1
12.4,10.53,11.0
11.5,11.1,12.4
8.4,11.18,11.5
8.0,7.824,8.4
8.1,8.66,8.0
7.8,7.04,8.1
11.2,9.016,7.8
11.9,10.8,11.2
9.8,10.27,11.9
6.8,8.53,9.8
6.2,6.414,6.8
8.5,7.4,6.2
11.4,9.53,8.5
9.8,11.336,11.4
9.6,8.945,9.8
8.9,8.75,9.6
8.1,9.875,8.9
6.0,7.61,8.1
9.3,8.2,6.0
4.2,6.156,9.3
6.0,5.312,4.2
9.0,8.09,6.0
12.7,10.38,9.0
14.9,12.55,12.7
12.1,14.89,14.9
11.1,11.18,12.1
11.2,11.266,11.1
11.8,11.25,11.2
14.1,13.05,11.8
11.3,12.99,14.1
11.5,12.22,11.3
13.2,11.766,11.5
14.4,13.56,13.2
12.9,14.03,14.4
11.9,11.28,12.9
9.6,12.14,11.9
10.7,9.42,9.6
9.0,9.32,10.7
11.4,9.63,9.0
8.2,10.89,11.4
7.1,7.637,8.2
6.1000004,9.086,7.1
8.1,6.92,6.1
9.3,9.06,8.1
9.7,10.17,9.3
9.3,9.57,9.7
9.7,10.29,9.3
12.0,9.72,9.7
14.4,13.75,12.0
12.5,13.3,14.4
15.1,11.7,12.5
16.2,14.89,15.1
16.3,15.3,16.2
18.0,15.53,16.3
18.9,16.53,18.0
20.3,17.47,18.9
19.6,18.45,20.3
19.9,16.84,19.6
20.2,17.88,19.9
17.3,17.88,20.2
15.5,14.67,17.3
13.1,13.8,15.5
10.9,12.58,13.1
8.4,10.48,10.9
10.2,9.695,8.4
12.9,13.03,10.2
14.6,13.68,12.9
14.7,14.69,14.6
13.1,14.3,14.7
11.5,12.48,13.1
12.3,11.74,11.5
13.8,12.76,12.3
17.8,14.95,13.8
16.9,18.53,17.8
16.1,15.71,16.9
13.5,15.695,16.1
16.4,13.29,13.5
20.3,17.55,16.4
20.2,19.47,20.3
16.1,18.78,20.2
13.5,15.195,16.1
13.6,14.516,13.5
14.3,14.0,13.6
15.0,15.43,14.3
13.8,14.33,15.0
14.3,14.94,13.8
15.6,15.69,14.3
16.2,16.31,15.6
17.8,16.81,16.2
15.7,17.8,17.8
16.3,15.51,15.7
15.3,16.52,16.3
15.0,15.016,15.3
15.3,15.2,15.0
15.6,15.484,15.3
15.5,16.31,15.6
15.5,15.914,15.5
16.5,16.06,15.5
17.9,17.3,16.5
19.2,18.12,17.9
23.2,19.03,19.2
22.1,22.75,23.2
19.7,19.94,22.1
21.3,19.7,19.7
17.9,21.1,21.3
18.0,17.7,17.9
19.4,19.03,18.0
22.0,20.25,19.4
22.5,22.19,22.0
22.0,21.66,22.5
21.9,20.72,22.0
24.3,21.33,21.9
21.6,23.89,24.3
19.2,18.4,21.6
16.9,18.88,19.2
16.8,17.25,16.9
17.5,17.06,16.8
18.9,17.78,17.5
20.4,19.28,18.9
23.8,20.6,20.4
24.4,23.12,23.8
22.4,22.25,24.4
20.8,20.72,22.4
23.3,20.94,20.8
22.1,23.56,23.3
21.5,19.58,22.1
20.6,21.16,21.5
21.0,20.06,20.6
19.6,20.12,21.0
20.7,19.75,19.6
24.600002,21.14,20.7
24.3,23.44,24.6
23.0,22.12,24.3
21.0,21.1,23.0
20.8,20.56,21.0
21.6,21.44,20.8
25.5,22.08,21.6
20.3,24.38,25.5
19.4,18.88,20.3
21.8,19.67,19.4
25.2,22.16,21.8
24.1,23.56,25.2
22.8,21.33,24.1
23.6,21.44,22.8
24.9,22.72,23.6
23.2,23.53,24.9
23.0,20.81,23.2
21.9,21.69,23.0
19.7,20.53,21.9
17.9,19.03,19.7
18.8,17.75,17.9
20.9,18.97,18.8
23.7,21.38,20.9
23.5,21.56,23.7
21.8,21.47,23.5
21.5,20.75,21.8
19.8,20.56,21.5
19.2,18.72,19.8
19.9,19.67,19.2
21.0,20.6,19.9
20.2,20.94,21.0
20.7,19.72,20.2
21.4,20.06,20.7
20.8,21.03,21.4
21.0,19.75,20.8
22.3,20.62,21.0
19.3,20.52,22.3
17.9,17.06,19.3
19.6,18.55,17.9
19.1,19.03,19.6
17.1,19.06,19.1
15.2,16.05,17.1
16.0,17.03,15.2
15.9,16.66,16.0
15.4,16.94,15.9
15.1,15.82,15.4
14.3,16.69,15.1
15.6,14.41,14.3
15.4,15.516,15.6
19.6,16.16,15.4
20.1,19.78,19.6
17.8,19.16,20.1
17.8,16.42,17.8
17.3,18.64,17.8
16.8,17.4,17.3
14.7,16.61,16.8
14.4,14.69,14.7
14.8,14.81,14.4
14.5,15.766,14.8
15.3,14.95,14.5
14.6,15.12,15.3
14.7,14.58,14.6
14.8,14.97,14.7
14.8,15.06,14.8
13.8,13.92,14.8
12.1,12.86,13.8
13.4,12.266,12.1
14.3,14.81,13.4
11.0,14.336,14.3
9.8,10.1,11.0
12.6,11.266,9.8
14.2,14.875,12.6
11.3,11.63,14.2
14.2,12.195,11.3
18.4,15.625,14.2
18.7,17.05,18.4
19.0,17.5,18.7
18.4,17.73,19.0
14.2,16.56,18.4
13.7,12.79,14.2
16.8,15.08,13.7
17.4,17.12,16.8
16.7,16.84,17.4
16.2,16.42,16.7
16.2,16.53,16.2
15.6,15.836,16.2
15.5,15.08,15.6
15.8,15.67,15.5
14.5,15.234,15.8
13.2,12.34,14.5
15.4,14.375,13.2
16.3,14.97,15.4
16.0,16.39,16.3
12.1,13.26,16.0
9.5,10.66,12.1
10.6,10.695,9.5
14.6,12.98,10.6
16.5,14.125,14.6
16.0,16.23,16.5
18.5,14.625,16.0
17.2,16.72,18.5
17.7,14.95,17.2
15.0,16.19,17.7
13.6,13.78,15.0
11.8,11.51,13.6
14.1,12.1,11.8
8.7,13.24,14.1
6.2,7.6,8.7
7.5,9.2,6.2
2.7999997,6.242,7.5
3.1999998,3.547,2.8
3.8000002,4.67,3.2
3.6,5.06,3.8
6.4,4.824,3.6
12.5,9.6,6.4
15.3,11.66,12.5
12.6,13.086,15.3
8.3,9.46,12.6
8.5,7.758,8.3
12.3,9.734,8.5
14.1,12.375,12.3
11.0,12.16,14.1
3.8000002,8.36,11.0
0.10000038,3.371,3.8
5.6,1.469,0.1
11.7,8.64,5.6
11.1,10.76,11.7
9.5,9.5,11.1
6.3,6.984,9.5
8.3,7.0,6.3
7.7,8.61,8.3
5.8,6.055,7.7
7.2,6.97,5.8
6.1000004,7.316,7.2
9.2,6.625,6.1
9.9,8.98,9.2
10.7,9.18,9.9
13.3,9.914,10.7
9.9,10.984,13.3
2.0000005,6.43,9.9
2.5,2.578,2.0
2.6999998,3.84,2.5
5.4,4.25,2.7
6.1000004,6.375,5.4
6.6,6.438,6.1
4.7,6.445,6.6
2.1999998,4.777,4.7
1.3000002,2.348,2.2
-2.8999996,1.3125,1.3
-0.6000004,-2.61,-2.9
4.4,2.137,-0.6
4.0,4.71,4.4
6.1000004,4.59,4.0
6.5,7.32,6.1
6.6,5.82,6.5
9.2,7.85,6.6
14.5,9.68,9.2
12.6,11.53,14.5
12.8,8.69,12.6
13.4,10.77,12.8
6.7,10.56,13.4
-0.6000004,3.426,6.7
9.5,1.594,-0.6
9.8,10.13,9.5
10.6,7.867,9.8
10.5,9.1,10.6
11.7,9.086,10.5
9.9,10.06,11.7
5.9,6.6,9.9
6.1000004,6.72,5.9
7.3,6.54,6.1
7.5,6.477,7.3
8.4,8.01,7.5
8.2,7.25,8.4
9.7,9.12,8.2
8.8,7.895,9.7
8.8,6.8,8.8
8.0,9.25,8.8
7.5,6.54,8.0
7.7,7.35,7.5
7.8,8.65,7.7
7.1,7.69,7.8
8.1,7.902,7.1
6.3,6.875,8.1
6.1000004,5.95,6.3
7.3,7.305,6.1
7.1,5.863,7.3
9.5,8.71,7.1
8.8,8.56,9.5
8.3,7.42,8.8
8.6,8.766,8.3
8.3,7.047,8.6
7.9,7.47,8.3
9.1,8.48,7.9
9.2,7.68,9.1
9.4,9.29,9.2
6.1000004,6.92,9.4
5.8,7.125,6.1
8.3,7.64,5.8
7.2,7.945,8.3
2.2999997,5.195,7.2
3.1,2.238,2.3
7.1,5.29,3.1
7.8,7.645,7.1
5.9,8.42,7.8
5.3,4.465,5.9
6.7,7.695,5.3
7.1,6.305,6.7
9.6,7.24,7.1
8.9,9.38,9.6
3.1,6.36,8.9
2.5,3.668,3.1
2.9,1.406,2.5
8.0,6.6,2.9
7.5,7.742,8.0
5.6,7.703,7.5
0.0,4.215,5.6
-1.0,0.4219,0.0
-0.3000002,-1.75,-1.0
6.8,3.613,-0.3
7.7,7.48,6.8
8.0,6.02,7.7
6.4,9.38,8.0
3.9,5.117,6.4
4.4,4.66,3.9
4.9,5.65,4.4
5.8,6.53,4.9
5.8,6.785,5.8
3.1,3.633,5.8
4.4,4.926,3.1
2.0000005,3.316,4.4
3.0,2.402,2.0
3.6,4.35,3.0
8.4,5.094,3.6
10.3,8.54,8.4
8.5,9.445,10.3
3.6999998,8.25,8.5
4.9,3.258,3.7
8.9,6.97,4.9
8.0,8.88,8.9
8.4,7.266,8.0
6.7,7.734,8.4
5.8,4.777,6.7
6.7,6.695,5.8
10.4,7.43,6.7
11.9,10.75,10.4
11.2,10.19,11.9
12.8,10.55,11.2
15.6,12.89,12.8
14.1,13.89,15.6
14.8,12.28,14.1
14.0,13.94,14.8
11.2,12.305,14.0
8.2,9.26,11.2
6.6,7.1,8.2
6.2,6.258,6.6
8.4,7.055,6.2
11.1,10.11,8.4
5.2,8.12,11.1
3.1999998,5.637,5.2
4.7,3.8,3.2
7.3,7.254,4.7
9.1,8.62,7.3
8.4,9.266,9.1
7.9,8.08,8.4
9.9,8.836,7.9
11.1,10.78,9.9
13.0,11.97,11.1
13.4,12.87,13.0
12.5,13.61,13.4
12.0,12.83,12.5
13.2,12.56,12.0
13.1,12.586,13.2
11.1,13.19,13.1
12.1,9.96,11.1
15.4,12.336,12.1
16.6,15.11,15.4
17.4,15.51,16.6
14.8,14.42,17.4
12.3,12.36,14.8
11.0,11.555,12.3
10.6,10.01,11.0
12.8,10.945,10.6
13.6,13.586,12.8
13.3,13.18,13.6
13.9,12.94,13.3
11.5,13.36,13.9
12.5,10.65,11.5
9.0,12.64,12.5
11.2,9.84,9.0
12.0,10.9,11.2
17.1,13.44,12.0
18.2,16.67,17.1
15.3,16.66,18.2
14.8,14.58,15.3
13.5,15.19,14.8
12.2,13.06,13.5
11.4,12.734,12.2
10.7,11.48,11.4
9.6,10.305,10.7
12.7,11.64,9.6
16.7,13.99,12.7
17.5,17.4,16.7
16.1,14.8,17.5
15.4,14.81,16.1
13.2,13.34,15.4
13.3,13.82,13.2
12.4,13.61,13.3
14.2,11.94,12.4
18.1,15.59,14.2
17.2,17.81,18.1
17.1,15.25,17.2
16.7,16.53,17.1
16.2,16.34,16.7
15.9,15.375,16.2
19.4,15.5,15.9
24.1,19.81,19.4
16.1,22.03,24.1
14.3,15.42,16.1
13.2,15.195,14.3
14.6,14.125,13.2
18.1,16.06,14.6
22.9,18.95,18.1
25.9,21.88,22.9
25.2,22.88,25.9
19.2,22.38,25.2
21.3,18.39,19.2
19.6,21.61,21.3
21.1,19.5,19.6
21.0,20.94,21.1
22.4,20.22,21.0
21.8,21.88,22.4
24.0,21.53,21.8
25.1,22.94,24.0
23.6,23.12,25.1
22.2,22.48,23.6
20.4,21.25,22.2
19.7,19.92,20.4
15.8,19.42,19.7
16.5,16.0,15.8
15.3,16.66,16.5
15.4,15.66,15.3
16.1,16.88,15.4
17.3,17.3,16.1
17.6,17.97,17.3
18.8,18.58,17.6
18.1,18.62,18.8
18.3,18.33,18.1
16.3,18.03,18.3
16.7,16.64,16.3
19.8,17.39,16.7
20.9,20.38,19.8
18.5,19.9,20.9
16.9,17.34,18.5
13.5,16.83,16.9
15.4,14.1,13.5
16.0,16.67,15.4
15.7,16.88,16.0
18.6,17.12,15.7
18.7,19.72,18.6
19.5,18.02,18.7
23.3,20.31,19.5
24.7,22.56,23.3
25.399998,22.64,24.7
26.0,24.44,25.4
23.3,23.75,26.0
22.8,22.19,23.3
22.6,22.1,22.8
23.6,21.69,22.6
26.5,23.4,23.6
22.2,24.67,26.5
21.8,21.08,22.2
20.2,22.25,21.8
20.4,20.36,20.2
21.2,20.0,20.4
20.5,20.84,21.2
19.2,20.12,20.5
19.9,18.62,19.2
19.6,19.31,19.9
19.7,19.5,19.6
17.8,19.31,19.7
20.2,18.25,17.8
21.8,20.72,20.2
20.8,21.34,21.8
18.3,20.16,20.8
18.2,18.4,18.3
20.1,19.38,18.2
21.5,19.81,20.1
19.7,21.1,21.5
18.3,18.7,19.7
18.1,17.97,18.3
18.2,17.64,18.1
19.0,18.28,18.2
20.0,19.14,19.0
20.9,20.02,20.0
21.4,20.44,20.9
22.3,20.72,21.4
21.5,21.98,22.3
20.3,20.95,21.5
17.5,19.12,20.3
18.8,17.1,17.5
18.7,20.11,18.8
17.1,18.47,18.7
17.7,16.72,17.1
17.5,17.56,17.7
17.1,17.84,17.5
15.6,16.55,17.1
14.9,15.6,15.6
14.6,14.83,14.9
14.4,14.22,14.6
15.2,15.5,14.4
14.0,15.555,15.2
13.6,14.21,14.0
15.2,14.09,13.6
17.3,16.53,15.2
19.3,17.89,17.3
16.4,18.19,19.3
13.8,15.53,16.4
12.6,14.625,13.8
13.3,13.64,12.6
13.5,14.27,13.3
13.6,14.55,13.5
14.7,15.0,13.6
12.2,13.99,14.7
11.9,12.11,12.2
15.0,13.41,11.9
16.3,17.19,15.0
16.0,15.875,16.3
14.1,15.41,16.0
13.0,13.375,14.1
14.9,14.73,13.0
13.8,14.3,14.9
13.4,12.19,13.8
15.8,15.15,13.4
14.9,15.39,15.8
14.6,13.53,14.9
16.4,16.19,14.6
13.5,15.56,16.4
14.4,12.5,13.5
17.4,15.38,14.4
13.8,16.94,17.4
13.7,12.91,13.8
11.1,13.13,13.7
11.0,11.13,11.1
11.4,12.52,11.0
8.6,9.63,11.4
8.8,8.82,8.6
10.8,9.336,8.8
13.4,12.484,10.8
12.7,12.516,13.4
10.8,10.52,12.7
13.5,11.62,10.8
15.8,14.81,13.5
14.3,15.23,15.8
13.7,13.28,14.3
12.2,12.664,13.7
12.1,12.27,12.2
14.0,9.89,12.1
14.1,14.8,14.0
12.6,11.87,14.1
15.4,13.9,12.6
13.9,15.484,15.4
14.5,11.96,13.9
15.3,14.516,14.5
14.4,15.06,15.3
13.4,12.07,14.4
13.0,12.45,13.4
13.8,11.69,13.0
13.0,14.414,13.8
7.3,10.94,13.0
8.9,7.082,7.3
13.2,12.836,8.9
9.7,10.73,13.2
10.1,9.414,9.7
12.8,12.25,10.1
10.5,11.56,12.8
11.4,8.45,10.5
13.6,12.3,11.4
11.0,12.0,13.6
8.5,8.234,11.0
11.0,10.75,8.5
10.6,10.15,11.0
10.4,9.76,10.6
9.6,8.7,10.4
5.7,8.61,9.6
1.1999998,4.32,5.7
2.6000004,1.68,1.2
5.0,5.816,2.6
6.2,4.9,5.0
8.2,5.992,6.2
8.1,8.68,8.2
9.4,5.785,8.1
6.6,9.05,9.4
7.4,5.992,6.6
5.2,7.66,7.4
11.2,7.223,5.2
10.1,10.92,11.2
12.1,7.56,10.1
4.0,10.47,12.1
8.2,3.277,4.0
13.3,10.03,8.2
11.4,8.99,13.3
10.5,9.734,11.4
6.8,8.44,10.5
7.0,5.57,6.8
8.0,7.05,7.0
7.6,6.875,8.0
8.9,6.453,7.6
8.8,8.266,8.9
8.9,6.93,8.8
6.5,7.32,8.9
7.6,5.023,6.5
10.7,8.27,7.6
11.0,10.16,10.7
7.3,9.4,11.0
2.0999994,6.03,7.3
2.0000005,2.207,2.1
7.2,3.86,2.0
10.1,8.62,7.2
10.2,9.03,10.1
6.8,7.46,10.2
9.2,7.793,6.8
10.8,7.953,9.2
9.3,9.59,10.8
8.3,7.41,9.3
6.2,8.08,8.3
-1.8999996,4.312,6.2
-3.3999996,-1.531,-1.9
-3.3999996,-1.219,-3.4
-4.999999,-2.453,-3.4
-3.3000002,-3.969,-5.0
-1.3999996,-1.6875,-3.3
-1.8999996,-1.203,-1.4
-0.39999962,-1.75,-1.9
0.5,0.6562,-0.4
0.8000002,1.359,0.5
2.7999997,0.9297,0.8
0.8000002,3.594,2.8
0.10000038,1.164,0.8
3.5,0.758,0.1
6.1000004,5.61,3.5
2.6000004,6.008,6.1
5.3,3.184,2.6
5.4,6.64,5.3
3.6,5.57,5.4
4.6,5.285,3.6
4.4,5.582,4.6
6.7,5.48,4.4
8.1,8.43,6.7
6.8,6.08,8.1
8.3,8.086,6.8
8.4,6.695,8.3
10.9,7.7,8.4
10.2,9.41,10.9
11.4,8.96,10.2
10.7,10.164,11.4
10.3,9.69,10.7
8.0,7.336,10.3
5.1,7.07,8.0
2.1999998,5.156,5.1
3.1,1.359,2.2
4.9,5.95,3.1
8.5,6.406,4.9
9.7,8.64,8.5
6.5,8.39,9.7
4.9,7.836,6.5
3.1999998,3.8,4.9
8.4,4.28,3.2
4.3,7.668,8.4
5.8,4.32,4.3
6.6,7.066,5.8
5.7,6.85,6.6
7.9,6.617,5.7
11.7,9.88,7.9
12.6,9.81,11.7
10.9,10.766,12.6
12.5,10.45,10.9
7.7,12.125,12.5
6.7,5.605,7.7
9.3,9.42,6.7
10.3,9.41,9.3
8.7,8.836,10.3
11.0,9.445,8.7
9.8,10.97,11.0
10.2,7.54,9.8
9.7,10.914,10.2
12.6,9.86,9.7
15.2,12.18,12.6
12.0,12.6,15.2
8.0,9.555,12.0
11.4,8.85,8.0
10.2,10.836,11.4
9.8,9.95,10.2
12.5,9.4,9.8
12.4,11.94,12.5
11.8,12.16,12.4
10.7,10.23,11.8
10.2,9.72,10.7
9.5,9.59,10.2
11.2,10.0,9.5
11.8,12.08,11.2
11.5,10.56,11.8
12.4,11.76,11.5
10.8,11.84,12.4
10.9,10.54,10.8
12.8,10.96,10.9
11.7,11.8,12.8
11.3,9.97,11.7
11.9,12.664,11.3
10.7,11.76,11.9
9.0,8.74,10.7
7.9,8.914,9.0
8.5,9.016,7.9
8.9,8.484,8.5
10.2,10.27,8.9
9.2,10.47,10.2
10.0,8.53,9.2
11.6,10.4,10.0
9.7,11.92,11.6
7.9,8.84,9.7
8.6,8.055,7.9
10.3,9.94,8.6
10.7,10.28,10.3
13.7,11.445,10.7
14.2,13.14,13.7
10.9,11.95,14.2
9.7,9.38,10.9
12.7,11.23,9.7
14.7,13.59,12.7
15.0,14.09,14.7
14.0,13.98,15.0
13.1,13.83,14.0
13.0,12.2,13.1
10.8,12.914,13.0
10.1,9.52,10.8
10.8,10.016,10.1
13.3,11.18,10.8
14.2,12.91,13.3
13.3,13.375,14.2
12.6,11.76,13.3
11.4,12.34,12.6
12.6,11.66,11.4
9.7,11.57,12.6
8.2,9.445,9.7
9.5,8.39,8.2
12.5,10.2,9.5
14.9,13.93,12.5
13.8,13.75,14.9
13.3,13.34,13.8
14.3,13.28,13.3
13.3,15.17,14.3
13.0,11.66,13.3
16.8,14.11,13.0
20.5,16.88,16.8
18.0,19.12,20.5
18.8,15.88,18.0
15.4,17.4,18.8
10.4,13.875,15.4
7.7,9.99,10.4
9.7,8.09,7.7
13.0,12.38,9.7
14.3,12.984,13.0
12.7,13.81,14.3
13.5,13.3,12.7
14.5,14.55,13.5
14.9,12.73,14.5
17.7,14.72,14.9
18.5,17.34,17.7
14.9,15.59,18.5
17.6,13.85,14.9
19.5,17.8,17.6
16.1,17.44,19.5
14.6,15.74,16.1
15.7,14.14,14.6
20.6,17.1,15.7
21.4,19.58,20.6
19.6,20.4,21.4
22.5,18.88,19.6
23.0,21.34,22.5
22.5,21.38,23.0
22.7,20.66,22.5
23.1,22.12,22.7
19.7,21.69,23.1
15.3,18.67,19.7
16.6,15.17,15.3
18.3,17.61,16.6
17.5,18.78,18.3
19.4,17.47,17.5
23.8,19.61,19.4
21.5,22.06,23.8
19.6,17.38,21.5
23.6,19.25,19.6
22.7,22.81,23.6
21.6,19.95,22.7
20.0,20.78,21.6
19.9,19.12,20.0
18.3,19.5,19.9
18.5,17.0,18.3
16.6,19.88,18.5
16.3,16.16,16.6
17.1,17.44,16.3
16.5,18.2,17.1
17.7,16.12,16.5
15.4,18.3,17.7
14.9,15.484,15.4
15.6,15.22,14.9
15.7,16.31,15.6
15.4,15.88,15.7
15.0,16.05,15.4
13.7,14.375,15.0
13.3,14.45,13.7
13.8,14.234,13.3
15.0,14.58,13.8
16.5,15.98,15.0
14.3,17.16,16.5
15.4,14.51,14.3
14.6,16.31,15.4
15.1,15.61,14.6
16.2,15.41,15.1
19.8,17.95,16.2
20.9,20.38,19.8
19.0,20.56,20.9
19.6,18.38,19.0
19.5,19.12,19.6
20.5,18.47,19.5
20.6,21.52,20.5
21.2,19.61,20.6
21.1,20.12,21.2
20.4,21.28,21.1
18.6,19.12,20.4
17.6,17.98,18.6
17.8,16.3,17.6
19.5,19.03,17.8
20.6,19.73,19.5
21.4,20.12,20.6
22.0,21.33,21.4
21.7,20.75,22.0
19.6,20.1,21.7
20.0,19.45,19.6
21.0,20.12,20.0
22.0,21.19,21.0
22.7,21.16,22.0
22.1,21.78,22.7
20.4,20.17,22.1
18.1,19.05,20.4
20.0,17.95,18.1
23.2,20.36,20.0
22.2,22.42,23.2
19.8,21.22,22.2
19.8,19.64,19.8
19.6,19.75,19.8
23.0,19.88,19.6
25.1,22.06,23.0
23.3,22.5,25.1
20.2,20.72,23.3
21.7,19.72,20.2
22.8,22.25,21.7
24.8,21.03,22.8
23.3,23.64,24.8
22.4,21.17,23.3
22.0,21.27,22.4
23.1,21.53,22.0
23.2,21.66,23.1
24.0,22.33,23.2
23.2,22.27,24.0
24.1,21.62,23.2
24.9,22.81,24.1
25.5,23.31,24.9
20.4,23.89,25.5
20.5,19.27,20.4
18.5,20.8,20.5
15.8,18.03,18.5
17.7,15.11,15.8
19.9,18.22,17.7
19.6,20.0,19.9
16.6,18.97,19.6
17.1,16.7,16.6
17.1,17.06,17.1
18.3,17.81,17.1
19.1,18.38,18.3
19.0,19.12,19.1
17.6,18.44,19.0
16.1,16.98,17.6
17.4,16.77,16.1
18.4,17.97,17.4
18.7,18.33,18.4
18.4,19.22,18.7
15.1,18.62,18.4
11.8,13.336,15.1
12.5,13.42,11.8
16.5,14.484,12.5
18.9,18.0,16.5
18.8,18.75,18.9
19.5,17.83,18.8
19.0,19.56,19.5
18.3,18.69,19.0
18.3,17.28,18.3
18.4,17.27,18.3
19.0,17.97,18.4
19.6,19.06,19.0
17.5,17.94,19.6
17.6,17.03,17.5
17.3,17.64,17.6
17.9,17.81,17.3
18.1,17.81,17.9
17.0,18.03,18.1
15.9,16.38,17.0
16.2,16.73,15.9
17.1,16.88,16.2
17.2,16.38,17.1
18.2,17.97,17.2
17.7,17.9,18.2
18.0,15.69,17.7
18.8,17.19,18.0
18.8,18.4,18.8
19.8,18.69,18.8
15.7,18.56,19.8
11.0,14.16,15.7
8.8,11.4,11.0
11.4,8.55,8.8
15.0,14.95,11.4
15.3,13.28,15.0
18.2,15.84,15.3
17.1,17.06,18.2
18.6,16.14,17.1
19.2,17.1,18.6
16.2,16.22,19.2
15.9,15.23,16.2
10.3,13.07,15.9
7.3,8.6,10.3
10.1,7.832,7.3
12.0,11.56,10.1
8.4,11.83,12.0
2.4,7.707,8.4
2.0000005,4.035,2.4
1.5,4.406,2.0
1.3999996,2.059,1.5
5.7,2.785,1.4
12.2,8.59,5.7
13.8,13.12,12.2
11.8,11.7,13.8
11.0,11.94,11.8
12.1,10.28,11.0
13.2,12.31,12.1
11.8,12.45,13.2
9.8,10.29,11.8
8.6,8.34,9.8
8.2,8.03,8.6
10.0,7.85,8.2
11.2,9.9,10.0
11.4,10.01,11.2
11.0,10.49,11.4
12.2,10.55,11.0
13.5,12.625,12.2
12.3,11.984,13.5
11.4,9.95,12.3
9.4,10.305,11.4
8.1,7.527,9.4
7.6,7.65,8.1
8.4,9.19,7.6
10.6,9.984,8.4
11.7,10.33,10.6
10.7,11.03,11.7
11.9,9.59,10.7
10.1,11.09,11.9
9.6,8.69,10.1
10.6,9.04,9.6
8.6,10.24,10.6
2.6000004,7.76,8.6
1.0,3.281,2.6
0.8000002,4.12,1.0
-1.3999996,1.023,0.8
0.8999996,-0.4531,-1.4
9.3,2.32,0.9
10.0,9.96,9.3
11.2,8.664,10.0
13.5,10.1,11.2
8.2,11.46,13.5
2.7999997,5.234,8.2
2.5,3.414,2.8
2.9,4.164,2.5
-0.6000004,1.477,2.9
7.5,0.7734,-0.6
10.8,8.734,7.5
10.0,8.12,10.8
9.9,9.375,10.0
9.6,8.82,9.9
8.2,7.42,9.6
11.5,8.19,8.2
9.3,9.25,11.5
12.9,9.41,9.3
10.2,11.016,12.9
8.1,8.2,10.2
7.6,6.15,8.1
6.9,6.56,7.6
8.8,7.543,6.9
8.7,8.984,8.8
8.4,7.03,8.7
9.9,8.53,8.4
12.6,9.16,9.9
11.2,9.65,12.6
11.5,10.125,11.2
10.3,11.055,11.5
8.4,8.3,10.3
8.4,8.41,8.4
8.2,7.617,8.4
9.3,9.11,8.2
9.2,8.586,9.3
11.9,9.36,9.2
12.1,10.65,11.9
7.9,8.43,12.1
9.5,6.453,7.9
9.4,9.98,9.5
5.7,7.074,9.4
10.5,6.65,5.7
11.0,10.375,10.5
4.4,9.95,11.0
0.3000002,4.035,4.4
-0.39999962,3.96,0.3
-0.8000002,0.578,-0.4
1.6000004,1.047,-0.8
0.8999996,3.258,1.6
-0.6000004,0.867,0.9
2.7999997,1.898,-0.6
5.2,4.77,2.8
4.5,5.875,5.2
5.1,4.598,4.5
6.8,6.633,5.1
4.4,5.83,6.8
6.3,6.832,4.4
5.4,6.49,6.3
4.2,5.723,5.4
-0.8000002,3.172,4.2
0.5,-0.2578,-0.8
3.8000002,2.023,0.5
7.0,6.293,3.8
6.8,6.57,7.0
7.0,7.266,6.8
7.9,7.53,7.0
8.7,7.906,7.9
7.7,7.523,8.7
8.1,6.81,7.7
10.3,8.16,8.1
10.2,9.625,10.3
7.6,8.73,10.2
8.6,6.32,7.6
10.3,8.82,8.6
10.5,9.086,10.3
9.9,9.875,10.5
6.9,8.625,9.9
4.6,5.28,6.9
7.4,5.87,4.6
8.9,8.94,7.4
7.0,6.523,8.9
7.7,8.086,7.0
8.5,8.26,7.7
9.3,8.29,8.5
9.5,8.17,9.3
13.4,8.28,9.5
16.5,12.53,13.4
10.2,13.09,16.5
9.8,7.168,10.2
12.6,11.34,9.8
12.8,12.68,12.6
9.3,11.13,12.8
6.4,6.656,9.3
9.5,9.72,6.4
6.6,8.95,9.5
4.7,5.258,6.6
7.4,6.395,4.7
8.8,9.35,7.4
7.4,8.16,8.8
8.3,7.355,7.4
7.7,9.06,8.3
9.5,7.684,7.7
9.6,10.08,9.5
9.9,9.91,9.6
9.3,8.97,9.9
8.7,9.48,9.3
5.1,8.39,8.7
4.9,4.31,5.1
8.2,6.62,4.9
13.1,9.49,8.2
14.9,13.195,13.1
14.6,13.17,14.9
12.4,13.14,14.6
14.5,12.32,12.4
14.0,13.42,14.5
13.4,13.84,14.0
14.8,13.125,13.4
11.3,13.34,14.8
10.2,10.83,11.3
11.8,10.16,10.2
10.4,11.04,11.8
9.0,10.08,10.4
7.5,9.11,9.0
6.3,8.086,7.5
5.1,6.86,6.3
5.3,6.953,5.1
5.5,5.355,5.3
8.8,6.89,5.5
8.4,10.42,8.8
8.9,7.36,8.4
8.2,10.19,8.9
7.7,8.266,8.2
11.9,8.86,7.7
11.5,12.75,11.9
15.7,10.79,11.5
15.0,15.445,15.7
14.3,13.81,15.0
13.5,12.48,14.3
16.7,12.695,13.5
10.9,16.25,16.7
9.8,10.75,10.9
12.3,10.04,9.8
11.7,13.65,12.3
11.3,11.65,11.7
12.1,11.91,11.3
12.1,12.336,12.1
11.9,12.06,12.1
10.5,10.91,11.9
11.4,10.695,10.5
11.7,11.49,11.4
16.8,12.25,11.7
18.8,17.47,16.8
20.2,17.22,18.8
20.3,18.81,20.2
18.7,18.72,20.3
17.9,15.81,18.7
18.9,16.88,17.9
17.8,18.62,18.9
15.1,16.16,17.8
16.6,15.08,15.1
17.6,16.14,16.6
18.7,16.42,17.6
19.5,17.72,18.7
18.3,18.44,19.5
18.5,17.12,18.3
18.3,17.17,18.5
16.1,16.81,18.3
15.5,15.21,16.1
15.8,15.34,15.5
13.7,15.34,15.8
14.7,14.61,13.7
14.5,15.0,14.7
15.7,14.58,14.5
14.0,15.68,15.7
15.2,14.03,14.0
17.8,16.66,15.2
16.8,17.89,17.8
18.7,15.836,16.8
22.1,19.47,18.7
20.7,20.81,22.1
17.8,18.5,20.7
16.7,17.31,17.8
16.4,16.86,16.7
21.3,17.28,16.4
17.1,21.44,21.3
12.9,16.33,17.1
12.9,13.42,12.9
13.1,14.07,12.9
15.3,15.33,13.1
14.7,15.664,15.3
14.5,15.195,14.7
16.3,15.45,14.5
20.7,17.34,16.3
24.5,20.66,20.7
26.3,23.06,24.5
20.1,23.84,26.3
18.1,17.83,20.1
18.4,18.84,18.1
18.4,19.66,18.4
16.2,18.1,18.4
17.8,16.94,16.2
18.0,19.22,17.8
18.2,18.1,18.0
18.9,19.56,18.2
19.7,19.16,18.9
17.9,19.03,19.7
19.6,18.47,17.9
18.3,19.64,19.6
18.5,18.25,18.3
18.0,18.11,18.5
20.6,17.62,18.0
18.2,21.1,20.6
17.6,17.72,18.2
16.5,17.06,17.6
17.4,17.55,16.5
18.6,18.48,17.4
19.8,18.0,18.6
16.9,20.7,19.8
15.3,16.02,16.9
16.0,16.03,15.3
17.8,17.53,16.0
20.7,19.05,17.8
20.2,19.88,20.7
24.1,20.6,20.2
23.0,22.48,24.1
20.1,20.06,23.0
21.0,19.03,20.1
21.2,21.66,21.0
20.1,19.9,21.2
19.6,19.44,20.1
20.0,20.28,19.6
19.8,19.64,20.0
19.5,19.28,19.8
19.6,19.34,19.5
18.8,19.27,19.6
17.3,19.16,18.8
17.0,17.52,17.3
16.6,17.19,17.0
17.5,16.88,16.6
19.2,17.58,17.5
22.1,19.28,19.2
21.8,20.84,22.1
23.3,21.27,21.8
24.9,22.45,23.3
26.2,22.97,24.9
25.2,23.95,26.2
25.0,23.4,25.2
22.3,23.47,25.0
21.8,21.23,22.3
21.7,20.4,21.8
21.1,22.06,21.7
21.4,20.31,21.1
21.3,21.42,21.4
19.3,20.22,21.3
19.2,18.45,19.3
19.5,20.0,19.2
19.9,18.69,19.5
20.1,19.97,19.9
20.4,19.92,20.1
19.6,19.28,20.4
19.2,18.83,19.6
19.6,17.95,19.2
19.4,19.44,19.6
15.7,18.78,19.4
15.6,15.42,15.7
18.1,17.02,15.6
23.0,19.22,18.1
24.0,21.75,23.0
22.6,22.52,24.0
20.4,19.1,22.6
18.6,20.31,20.4
17.8,17.6,18.6
19.5,17.5,17.8
17.5,19.78,19.5
17.6,17.19,17.5
19.8,18.03,17.6
18.2,20.16,19.8
14.6,18.25,18.2
14.4,14.734,14.6
14.0,15.11,14.4
13.7,14.25,14.0
15.9,14.12,13.7
16.4,16.84,15.9
14.2,14.305,16.4
15.9,15.51,14.2
17.0,16.53,15.9
17.3,17.06,17.0
17.1,16.98,17.3
17.6,17.17,17.1
17.1,17.69,17.6
18.5,16.9,17.1
19.2,17.88,18.5
17.9,18.38,19.2
16.4,17.58,17.9
15.5,16.0,16.4
16.3,14.81,15.5
15.5,16.64,16.3
13.7,15.14,15.5
15.0,14.31,13.7
13.9,14.4,15.0
13.2,14.73,13.9
12.5,12.91,13.2
11.6,13.09,12.5
11.5,10.945,11.6
11.2,12.695,11.5
12.0,11.53,11.2
13.3,11.97,12.0
14.7,13.13,13.3
14.9,15.44,14.7
13.2,12.78,14.9
12.2,12.086,13.2
13.1,13.19,12.2
13.7,13.66,13.1
14.6,14.11,13.7
11.8,14.03,14.6
10.1,10.9,11.8
8.9,9.11,10.1
10.2,9.48,8.9
11.9,11.37,10.2
14.7,12.47,11.9
17.1,14.91,14.7
13.6,16.22,17.1
10.8,11.12,13.6
11.6,10.17,10.8
14.9,12.82,11.6
11.3,14.53,14.9
9.4,9.84,11.3
11.8,10.19,9.4
14.6,11.8,11.8
15.0,13.375,14.6
12.1,13.47,15.0
9.0,11.0,12.1
6.7,8.16,9.0
4.4,6.938,6.7
5.6,5.242,4.4
9.6,7.04,5.6
12.3,10.484,9.6
12.8,12.7,12.3
6.4,10.15,12.8
11.0,6.516,6.4
10.6,10.375,11.0
10.7,10.31,10.6
8.0,10.03,10.7
4.0,6.734,8.0
3.1,4.234,4.0
1.1999998,4.34,3.1
-1.3000002,0.9453,1.2
0.39999962,0.6094,-1.3
-2.5,0.922,0.4
-3.1999998,-1.258,-2.5
-0.8000002,-0.633,-3.2
2.6000004,-0.836,-0.8
8.3,7.5,2.6
7.9,6.863,8.3
11.1,7.72,7.9
11.1,10.266,11.1
5.9,8.21,11.1
4.0,4.53,5.9
2.0999994,5.754,4.0
2.0000005,1.922,2.1
3.1999998,2.926,2.0
2.6000004,3.21,3.2
2.6999998,2.746,2.6
4.8,3.191,2.7
0.6999998,4.766,4.8
2.1999998,0.4219,0.7
6.7,3.172,2.2
12.7,7.52,6.7
10.7,9.88,12.7
13.9,9.75,10.7
12.7,11.33,13.9
8.7,7.793,12.7
5.7,6.066,8.7
4.3,5.676,5.7
2.6999998,4.555,4.3
5.6,2.785,2.7
9.0,7.344,5.6
7.7,7.934,9.0
1.6999998,6.53,7.7
-0.6999998,2.656,1.7
1.3000002,0.6797,-0.7
4.7,2.914,1.3
3.1999998,4.11,4.7
5.4,3.508,3.2
8.5,7.348,5.4
5.4,6.4,8.5
7.0,5.94,5.4
8.8,8.48,7.0
7.3,7.56,8.8
5.0,5.703,7.3
8.6,5.812,5.0
11.5,8.43,8.6
11.0,9.16,11.5
10.5,8.66,11.0
9.9,9.69,10.5
10.1,7.812,9.9
10.2,10.56,10.1
6.8,7.93,10.2
2.1999998,5.71,6.8
-0.8000002,1.82,2.2
1.0,0.125,-0.8
8.1,4.543,1.0
8.6,7.914,8.1
6.3,7.76,8.6
7.4,5.973,6.3
7.3,8.055,7.4
3.8000002,5.88,7.3
4.7,4.87,3.8
6.8,5.793,4.7
8.7,8.0,6.8
7.8,8.44,8.7
4.4,5.938,7.8
5.8,5.01,4.4
9.1,7.117,5.8
7.4,8.75,9.1
9.5,7.816,7.4
11.0,9.72,9.5
9.0,10.4,11.0
2.0000005,6.918,9.0
-0.6000004,2.684,2.0
-0.5,-0.1094,-0.6
4.1,2.812,-0.5
4.9,6.414,4.1
6.0,3.531,4.9
8.6,6.844,6.0
8.2,7.2,8.6
8.1,6.89,8.2
7.6,6.35,8.1
6.2,8.29,7.6
0.10000038,5.426,6.2
0.6000004,-0.08594,0.1
-0.10000038,1.398,0.6
-1.3999996,0.1797,-0.1
-0.8999996,-0.961,-1.4
4.2,0.4922,-0.9
8.8,6.664,4.2
8.5,7.523,8.8
9.8,7.586,8.5
10.3,9.46,9.8
11.0,9.34,10.3
12.0,9.79,11.0
9.4,10.52,12.0
8.1,7.44,9.4
8.9,8.23,8.1
7.9,8.49,8.9
7.8,8.04,7.9
9.1,8.81,7.8
6.9,8.25,9.1
7.0,6.6,6.9
11.2,9.39,7.0
9.1,9.91,11.2
6.7,8.86,9.1
5.1,6.34,6.7
4.0,4.55,5.1
6.3,4.344,4.0
11.7,7.152,6.3
12.6,11.3,11.7
14.1,11.05,12.6
13.9,12.56,14.1
12.1,12.734,13.9
9.9,10.47,12.1
11.3,9.586,9.9
12.4,10.734,11.3
12.4,10.92,12.4
10.2,10.805,12.4
9.1,9.88,10.2
10.6,10.336,9.1
6.8,7.656,10.6
6.9,7.08,6.8
8.9,8.62,6.9
8.3,7.47,8.9
12.3,9.53,8.3
11.0,12.22,12.3
8.0,9.875,11.0
7.5,7.43,8.0
7.7,8.625,7.5
9.2,8.27,7.7
11.6,10.01,9.2
14.4,11.89,11.6
13.2,14.26,14.4
13.0,10.9,13.2
14.1,13.555,13.0
14.9,13.125,14.1
15.3,13.055,14.9
11.8,15.19,15.3
12.2,11.28,11.8
11.5,11.83,12.2
10.1,10.01,11.5
10.7,11.266,10.1
10.3,11.55,10.7
10.6,10.78,10.3
9.8,10.7,10.6
9.1,9.65,9.8
6.3,7.85,9.1
8.4,7.348,6.3
8.1,9.44,8.4
9.4,8.81,8.1
11.8,9.81,9.4
13.8,11.83,11.8
13.6,12.58,13.8
12.5,12.13,13.6
11.4,12.21,12.5
11.2,10.66,11.4
12.6,11.14,11.2
11.8,12.055,12.6
14.0,12.74,11.8
12.8,14.445,14.0
14.4,12.69,12.8
16.1,14.13,14.4
18.0,15.945,16.1
16.7,16.39,18.0
14.8,14.8,16.7
13.8,13.74,14.8
16.4,13.47,13.8
20.0,15.72,16.4
17.5,18.66,20.0
15.9,14.86,17.5
19.8,15.45,15.9
19.0,19.16,19.8
19.4,16.67,19.0
19.2,17.69,19.4
18.9,17.19,19.2
15.0,17.5,18.9
13.9,14.516,15.0
14.6,13.7,13.9
14.0,15.61,14.6
14.7,14.33,14.0
12.8,14.42,14.7
13.5,13.84,12.8
13.7,13.73,13.5
14.2,14.54,13.7
14.9,14.57,14.2
18.0,14.32,14.9
18.5,18.36,18.0
21.9,17.58,18.5
19.4,21.1,21.9
20.7,16.44,19.4
21.6,20.2,20.7
22.3,20.78,21.6
20.8,20.4,22.3
21.6,20.88,20.8
18.1,20.6,21.6
16.7,16.89,18.1
15.9,17.81,16.7
13.5,16.19,15.9
14.6,13.66,13.5
13.1,15.89,14.6
14.0,13.734,13.1
15.2,15.266,14.0
16.3,16.1,15.2
17.6,16.69,16.3
17.5,17.9,17.6
16.8,16.44,17.5
16.5,16.08,16.8
19.3,17.03,16.5
21.4,19.81,19.3
20.1,20.97,21.4
20.4,19.3,20.1
19.3,19.31,20.4
17.6,19.62,19.3
15.7,17.33,17.6
16.4,15.32,15.7
18.9,18.36,16.4
23.2,19.53,18.9
24.0,22.81,23.2
19.7,20.23,24.0
17.0,19.17,19.7
18.1,17.34,17.0
19.4,19.31,18.1
18.7,19.86,19.4
22.1,17.88,18.7
23.1,22.34,22.1
22.7,19.11,23.1
18.5,21.94,22.7
17.7,17.83,18.5
17.9,18.44,17.7
18.6,18.56,17.9
20.0,18.81,18.6
22.6,20.47,20.0
22.4,22.22,22.6
22.5,21.6,22.4
22.0,22.19,22.5
20.8,20.97,22.0
19.1,20.28,20.8
19.3,19.56,19.1
21.6,19.67,19.3
22.9,21.28,21.6
21.7,22.25,22.9
20.7,20.08,21.7
21.4,20.31,20.7
21.5,21.52,21.4
17.6,20.03,21.5
18.5,17.4,17.6
20.5,20.1,18.5
23.1,20.2,20.5
24.8,22.69,23.1
22.2,23.19,24.8
21.0,21.06,22.2
21.3,20.72,21.0
22.2,21.4,21.3
22.3,21.3,22.2
23.3,20.88,22.3
19.7,22.56,23.3
21.1,18.8,19.7
22.6,21.4,21.1
22.8,21.06,22.6
19.8,21.88,22.8
20.0,18.22,19.8
21.2,19.03,20.0
20.9,20.75,21.2
19.4,19.66,20.9
18.2,18.1,19.4
19.0,19.2,18.2
18.5,17.94,19.0
18.8,19.06,18.5
20.8,19.12,18.8
19.7,20.62,20.8
19.2,18.56,19.7
18.7,19.31,19.2
18.5,18.31,18.7
18.5,18.19,18.5
18.6,17.95,18.5
20.3,18.84,18.6
22.3,20.47,20.3
24.5,21.22,22.3
23.6,23.34,24.5
22.2,20.88,23.6
22.4,20.78,22.2
21.1,21.81,22.4
19.7,19.94,21.1
18.9,19.08,19.7
19.5,18.78,18.9
19.8,19.44,19.5
22.0,19.72,19.8
20.6,21.22,22.0
19.1,18.33,20.6
20.8,19.39,19.1
19.9,20.56,20.8
18.4,18.6,19.9
20.3,18.11,18.4
20.8,20.5,20.3
21.5,19.47,20.8
22.4,21.53,21.5
21.3,21.1,22.4
16.8,21.0,21.3
16.9,16.95,16.8
15.0,16.7,16.9
15.9,15.03,15.0
15.4,17.72,15.9
16.8,15.625,15.4
15.9,17.88,16.8
16.1,15.5,15.9
18.0,16.19,16.1
20.8,18.34,18.0
19.8,19.72,20.8
20.0,18.78,19.8
17.1,18.88,20.0
16.3,16.28,17.1
16.9,15.83,16.3
16.8,16.58,16.9
16.9,15.04,16.8
16.2,17.62,16.9
16.0,16.0,16.2
16.0,15.64,16.0
13.3,15.72,16.0
10.8,12.56,13.3
8.7,10.586,10.8
8.0,9.336,8.7
8.2,8.516,8.0
9.1,9.41,8.2
10.6,10.67,9.1
10.9,12.08,10.6
11.4,11.305,10.9
12.6,11.98,11.4
16.8,13.8,12.6
15.4,15.84,16.8
13.9,13.64,15.4
14.9,13.17,13.9
14.3,14.84,14.9
13.5,15.12,14.3
13.5,13.17,13.5
12.2,12.73,13.5
15.8,12.695,12.2
15.4,15.78,15.8
16.3,13.94,15.4
14.6,15.69,16.3
13.1,13.47,14.6
12.9,11.984,13.1
13.3,12.87,12.9
17.0,14.29,13.3
15.1,15.33,17.0
16.5,14.36,15.1
14.6,15.44,16.5
16.7,13.48,14.6
13.0,15.83,16.7
7.5,11.25,13.0
5.1,7.586,7.5
9.6,6.9,5.1
11.9,12.94,9.6
6.7,9.695,11.9
6.5,7.28,6.7
9.6,9.89,6.5
7.3,8.41,9.6
5.5,6.164,7.3
6.7,6.89,5.5
7.9,6.805,6.7
6.9,8.57,7.9
5.0,5.105,6.9
2.0999994,6.4,5.0
6.5,4.043,2.1
9.3,7.28,6.5
3.8000002,9.66,9.3
-0.10000038,3.582,3.8
0.6000004,-0.01563,-0.1
2.4,1.57,0.6
7.5,4.71,2.4
5.8,7.477,7.5
4.7,4.258,5.8
5.5,5.47,4.7
5.3,6.758,5.5
7.4,6.297,5.3
7.6,8.17,7.4
4.2,6.016,7.6
3.4,4.215,4.2
7.0,5.51,3.4
6.3,5.66,7.0
9.6,7.434,6.3
5.6,7.656,9.6
1.3999996,4.22,5.6
5.6,3.32,1.4
7.6,7.246,5.6
7.8,5.742,7.6
8.0,6.695,7.8
12.6,6.977,8.0
11.1,9.62,12.6
8.3,7.047,11.1
8.4,7.008,8.3
3.8000002,6.664,8.4
1.5,2.96,3.8
2.4,0.9297,1.5
11.1,4.746,2.4
10.3,10.19,11.1
0.39999962,6.51,10.3
1.8000002,2.023,0.4
5.1,5.324,1.8
8.7,6.438,5.1
8.2,8.26,8.7
12.4,7.406,8.2
13.8,10.31,12.4
10.7,11.47,13.8
7.1,6.953,10.7
1.8999996,5.156,7.1
3.8000002,2.625,1.9
8.9,6.07,3.8
4.2,3.457,3.6
2.2999997,4.797,4.2
4.5,3.371,2.3
7.5,5.992,4.5
8.3,8.57,7.5
4.7,7.97,8.3
3.1999998,4.055,4.7
3.5,5.27,3.2
4.2,4.305,3.5
4.1,3.86,4.2
7.9,5.977,4.1
10.4,7.85,7.9
9.8,9.625,10.4
7.5,9.36,9.8
0.5,6.406,7.5
1.3999996,1.508,0.5
6.9,1.945,1.4
6.3,6.312,6.9
3.4,6.188,6.3
8.0,3.184,3.4
7.5,7.742,8.0
8.8,8.06,7.5
6.3,7.79,8.8
9.4,7.555,6.3
10.5,9.9,9.4
10.6,9.016,10.5
10.8,9.625,10.6
12.2,11.19,10.8
12.1,10.47,12.2
10.9,10.29,12.1
8.6,10.2,10.9
9.2,7.816,8.6
12.0,10.53,9.2
11.4,10.81,12.0
12.7,10.33,11.4
9.5,11.09,12.7
6.8,7.668,9.5
8.1,7.703,6.8
11.7,9.15,8.1
11.3,12.21,11.7
12.3,10.38,11.3
9.5,12.08,12.3
9.5,9.14,9.5
10.3,10.49,9.5
8.6,9.45,10.3
9.2,9.055,8.6
8.1,9.0,9.2
6.2,6.6,8.1
7.6,7.664,6.2
10.5,9.305,7.6
9.3,9.914,10.5
9.2,8.34,9.3
10.6,8.55,9.2
11.7,11.61,10.6
12.1,11.336,11.7
11.2,11.34,12.1
9.5,9.69,11.2
12.2,10.555,9.5
13.2,11.3,12.2
15.0,12.984,13.2
16.1,14.39,15.0
11.6,15.14,16.1
6.8,10.29,11.6
5.6,6.46,6.8
9.5,5.934,5.6
7.8,9.53,9.5
9.2,8.945,7.8
9.6,9.83,9.2
8.6,9.05,9.6
8.0,9.04,8.6
6.5,7.695,8.0
7.0,6.297,6.5
8.2,8.734,7.0
6.9,9.01,8.2
4.7,7.26,6.9
3.6999998,5.598,4.7
5.6,4.03,3.7
6.8,8.52,5.6
6.7,8.06,6.8
6.9,6.727,6.7
8.5,8.3,6.9
9.8,8.85,8.5
15.9,11.61,9.8
16.6,15.484,15.9
9.5,14.14,16.6
9.7,8.59,9.5
13.2,11.62,9.7
15.5,13.16,13.2
18.1,15.34,15.5
19.5,16.5,18.1
18.0,17.38,19.5
19.5,15.625,18.0
18.5,17.75,19.5
13.4,16.62,18.5
10.8,11.664,13.4
10.8,10.086,10.8
15.4,11.875,10.8
12.5,15.8,15.4
11.2,11.97,12.5
12.1,11.51,11.2
14.6,12.99,12.1
12.3,15.63,14.6
14.2,11.125,12.3
16.0,15.41,14.2
16.2,13.59,16.0
18.2,15.86,16.2
14.0,17.53,18.2
13.7,13.06,14.0
12.1,14.17,13.7
14.7,12.37,12.1
15.6,15.66,14.7
15.6,15.61,15.6
15.4,15.41,15.6
18.0,14.64,15.4
14.2,18.0,18.0
17.1,13.37,14.2
14.2,17.88,17.1
15.4,13.83,14.2
18.3,15.95,15.4
18.7,18.47,18.3
20.8,18.66,18.7
23.1,20.02,20.8
17.3,21.06,23.1
16.3,16.77,17.3
14.1,16.28,16.3
13.7,15.55,14.1
14.3,14.81,13.7
14.9,14.1,14.3
20.7,16.64,14.9
17.0,20.38,20.7
14.4,16.12,17.0
13.9,14.984,14.4
13.0,15.55,13.9
13.8,13.01,13.0
16.8,15.875,13.8
17.5,17.53,16.8
19.1,18.12,17.5
20.0,18.72,19.1
22.0,19.62,20.0
20.2,21.78,22.0
17.0,18.16,20.2
18.2,16.75,17.0
17.1,18.9,18.2
18.9,17.4,17.1
24.8,19.81,18.9
20.8,23.38,24.8
14.6,18.08,20.8
16.1,15.195,14.6
19.4,17.86,16.1
23.7,20.02,19.4
19.2,22.75,23.7
22.5,18.1,19.2
19.5,22.12,22.5
20.5,18.22,19.5
21.8,20.72,20.5
21.1,21.4,21.8
18.1,19.6,21.1
16.1,17.69,18.1
16.6,17.31,16.1
15.9,17.47,16.6
17.9,16.56,15.9
20.8,18.73,17.9
22.6,20.88,20.8
21.7,21.86,22.6
20.7,20.77,21.7
21.5,19.62,20.7
23.1,21.38,21.5
25.9,22.94,23.1
22.2,23.98,25.9
18.4,20.22,22.2
17.8,18.38,18.4
18.7,18.31,17.8
20.8,19.88,18.7
22.4,20.94,20.8
23.7,22.06,22.4
24.4,22.84,23.7
21.3,23.4,24.4
23.5,20.5,21.3
24.600002,23.16,23.5
21.7,22.31,24.6
24.4,21.03,21.7
25.3,24.22,24.4
20.4,23.22,25.3
19.3,18.95,20.4
22.6,19.75,19.3
27.2,22.81,22.6
25.399998,23.75,27.2
23.1,23.28,25.4
24.4,21.81,23.1
23.8,23.75,24.4
23.4,21.53,23.8
23.0,22.4,23.4
19.9,21.36,23.0
18.2,19.66,19.9
19.5,18.77,18.2
17.6,20.16,19.5
18.6,16.84,17.6
20.9,19.9,18.6
21.3,20.31,20.9
19.0,20.44,21.3
18.2,18.44,19.0
19.8,18.88,18.2
22.9,19.56,19.8
22.8,22.22,22.9
22.9,21.62,22.8
19.8,21.69,22.9
17.1,18.67,19.8
18.3,17.16,17.1
18.9,19.08,18.3
20.4,18.38,18.9
19.8,20.55,20.4
19.2,18.66,19.8
19.5,19.47,19.2
19.1,19.4,19.5
17.1,17.88,19.1
16.4,17.14,17.1
16.5,16.28,16.4
16.7,17.67,16.5
17.2,17.06,16.7
19.7,17.8,17.2
16.5,19.9,19.7
15.1,15.77,16.5
16.2,14.81,15.1
17.8,17.28,16.2
20.7,18.4,17.8
16.0,19.9,20.7
16.1,15.484,16.0
12.2,16.83,16.1
12.9,13.05,12.2
12.6,13.64,12.9
11.6,12.086,12.6
10.7,11.95,11.6
11.2,10.92,10.7
14.4,13.125,11.2
10.8,15.125,14.4
12.1,10.88,10.8
13.1,13.88,12.1
16.6,13.5,13.1
16.4,16.0,16.6
15.5,15.45,16.4
15.5,15.17,15.5
15.5,15.14,15.5
16.4,14.625,15.5
16.2,16.6,16.4
16.4,15.13,16.2
16.6,16.84,16.4
15.6,15.26,16.6
13.3,15.5,15.6
8.2,11.516,13.3
7.9,8.53,8.2
9.6,7.387,7.9
12.1,11.266,9.6
15.2,13.47,12.1
17.1,14.94,15.2
18.3,16.03,17.1
17.0,16.69,18.3
15.8,14.875,17.0
17.2,15.016,15.8
17.5,16.31,17.2
15.5,16.6,17.5
13.5,13.555,15.5
14.1,12.87,13.5
14.1,14.91,14.1
11.9,13.05,14.1
14.0,12.52,11.9
15.3,14.66,14.0
13.7,14.38,15.3
12.1,12.69,13.7
12.6,11.97,12.1
10.6,12.266,12.6
8.8,9.54,10.6
10.5,10.805,8.8
11.7,8.91,10.5
14.5,12.91,11.7
13.5,12.516,14.5
12.7,12.51,13.5
15.8,12.83,12.7
16.2,14.484,15.8
11.1,14.34,16.2
10.3,10.12,11.1
10.5,9.15,10.3
12.1,11.57,10.5
13.3,10.95,12.1
11.7,13.06,13.3
12.9,11.125,11.7
10.8,12.95,12.9
12.1,9.4,10.8
10.4,12.875,12.1
8.5,8.79,10.4
10.5,9.51,8.5
13.9,12.66,10.5
12.3,12.41,13.9
13.2,10.97,12.3
13.1,13.53,13.2
12.4,10.16,13.1
11.0,11.95,12.4
8.8,10.35,11.0
10.3,7.703,8.8
11.2,10.15,10.3
10.2,11.43,11.2
7.7,8.3,10.2
7.2,6.46,7.7
9.2,9.47,7.2
8.3,7.82,9.2
9.9,8.56,8.3
8.4,9.375,9.9
9.3,8.21,8.4
11.0,9.69,9.3
12.6,10.836,11.0
12.2,11.92,12.6
9.9,10.664,12.2
7.6,8.08,9.9
8.2,7.656,7.6
12.3,9.414,8.2
12.6,11.31,12.3
13.1,10.04,12.6
11.4,10.78,13.1
9.1,9.055,11.4
7.7,6.895,9.1
8.6,7.89,7.7
5.4,8.35,8.6
3.3000002,4.72,5.4
7.0,4.754,3.3
5.5,8.46,7.0
6.8,5.953,5.5
7.0,7.375,6.8
3.0,6.03,7.0
0.39999962,2.777,3.0
1.0,1.594,0.4
1.3000002,1.367,1.0
6.0,1.953,1.3
9.1,8.31,6.0
9.4,9.65,9.1
9.6,7.484,9.4
10.8,9.67,9.6
8.2,10.05,10.8
4.4,6.695,8.2
2.9,4.062,4.4
-1.1999998,3.414,2.9
-2.5,-0.547,-1.2
0.8000002,-1.5625,-2.5
5.9,3.566,0.8
1.6999998,6.785,5.9
2.1999998,1.648,1.7
6.1000004,3.918,2.2
8.1,4.965,6.1
10.2,8.01,8.1
3.0,9.13,10.2
-0.10000038,2.434,3.0
-0.3000002,2.078,-0.1
0.5,1.57,-0.3
4.3,2.336,0.5
9.6,6.656,4.3
7.5,9.62,9.6
7.5,7.707,7.5
7.5,8.9,7.5
8.5,6.336,7.5
12.7,8.66,8.5
11.7,10.414,12.7
7.8,10.086,11.7
12.8,7.195,7.8
9.5,10.305,12.8
6.6,7.547,9.5
10.0,7.273,6.6
10.5,9.98,10.0
10.6,9.9,10.5
7.2,9.11,10.6
7.6,6.547,7.2
8.0,8.9,7.6
4.9,5.84,8.0
7.7,5.82,4.9
10.5,9.72,7.7
9.2,9.78,10.5
7.0,7.42,9.2
9.3,7.125,7.0
9.9,10.086,9.3
8.3,8.59,9.9
9.4,8.0,8.3
11.0,9.51,9.4
11.2,10.2,11.0
11.1,9.75,11.2
13.0,11.45,11.1
11.8,11.19,13.0
9.8,11.05,11.8
7.1,10.11,9.8
6.6,5.96,7.1
9.7,7.266,6.6
6.0,10.42,9.7
4.4,5.934,6.0
7.7,6.492,4.4
11.8,8.82,7.7
10.8,10.93,11.8
6.6,9.375,10.8
2.9,5.902,6.6
3.5,4.37,2.9
4.6,4.867,3.5
7.6,6.67,4.6
6.2,8.37,7.6
5.1,6.938,6.2
8.7,5.63,5.1
5.8,8.914,8.7
5.6,5.324,5.8
5.3,7.03,5.6
8.1,5.816,5.3
11.3,9.28,8.1
12.6,10.45,11.3
11.6,11.16,12.6
8.4,10.72,11.6
7.8,7.605,8.4
7.7,8.81,7.8
7.5,7.17,7.7
10.8,8.75,7.5
11.7,10.55,10.8
9.6,9.93,11.7
6.5,8.8,9.6
6.2,6.164,6.5
8.8,7.023,6.2
11.7,9.5,8.8
10.0,11.38,11.7
9.4,8.9,10.0
8.8,8.45,9.4
7.9,10.445,8.8
5.5,7.04,7.9
8.8,8.21,5.5
3.9,5.613,8.8
5.7,5.367,3.9
8.9,7.703,5.7
13.0,10.305,8.9
15.5,12.55,13.0
12.3,15.1,15.5
11.1,11.375,12.3
11.1,11.266,11.1
11.5,11.67,11.1
13.9,13.3,11.5
11.5,12.94,13.9
11.8,11.67,11.5
13.4,11.695,11.8
14.5,13.51,13.4
12.7,14.266,14.5
11.6,11.08,12.7
9.2,11.984,11.6
9.9,8.94,9.2
8.5,9.4,9.9
11.0,9.51,8.5
7.7,10.69,11.0
6.8,6.992,7.7
5.8,9.01,6.8
7.9,6.15,5.8
9.0,8.39,7.9
9.3,10.17,9.0
8.7,9.14,9.3
9.2,9.75,8.7
11.9,9.56,9.2
14.2,13.79,11.9
12.3,13.63,14.2
15.1,11.35,12.3
16.5,14.81,15.1
16.6,15.2,16.5
18.1,15.92,16.6
19.1,16.6,18.1
20.6,17.66,19.1
19.8,18.53,20.6
20.1,17.14,19.8
20.3,17.97,20.1
17.5,18.06,20.3
15.2,15.305,17.5
12.9,13.875,15.2
10.4,12.65,12.9
7.8,10.41,10.4
9.8,9.234,7.8
12.9,12.6,9.8
14.4,13.875,12.9
14.2,14.66,14.4
12.9,14.48,14.2
11.1,12.11,12.9
11.7,11.64,11.1
13.5,12.03,11.7
17.9,14.445,13.5
17.1,18.48,17.9
16.1,15.39,17.1
13.2,15.73,16.1
16.2,12.75,13.2
20.4,17.4,16.2
20.3,19.45,20.4
15.7,18.75,20.3
13.0,14.93,15.7
13.0,14.18,13.0
13.5,13.71,13.0
14.5,15.336,13.5
13.2,14.19,14.5
13.9,14.34,13.2
15.0,14.55,13.9
15.8,16.17,15.0
17.6,16.06,15.8
15.4,17.75,17.6
15.8,14.72,15.4
14.8,16.28,15.8
14.5,14.62,14.8
14.8,14.875,14.5
15.1,15.125,14.8
14.9,16.16,15.1
15.0,15.27,14.9
16.3,15.56,15.0
18.0,17.23,16.3
19.2,18.1,18.0
23.4,19.22,19.2
22.2,22.78,23.4
19.6,19.94,22.2
21.1,19.44,19.6
17.5,21.14,21.1
17.5,17.58,17.5
19.1,18.62,17.5
21.9,19.86,19.1
22.5,21.81,21.9
22.0,21.66,22.5
21.9,21.11,22.0
24.2,21.28,21.9
21.7,23.69,24.2
19.0,18.81,21.7
16.5,18.72,19.0
16.4,17.27,16.5
17.1,16.88,16.4
18.6,18.1,17.1
20.4,19.44,18.6
24.0,20.53,20.4
24.600002,23.19,24.0
22.3,22.0,24.6
20.5,20.72,22.3
23.3,20.72,20.5
22.1,23.34,23.3
21.2,19.9,22.1
20.3,21.34,21.2
20.6,20.16,20.3
19.4,20.0,20.6
20.6,19.73,19.4
24.9,20.97,20.6
24.8,23.52,24.9
23.2,22.3,24.8
20.6,21.83,23.2
20.4,20.34,20.6
21.9,21.14,20.4
26.0,21.97,21.9
