DATE,PRED_MEAN_C,PRED_STD_C,PRED_MIN_C,PRED_MAX_C,PRED_Q05_C,PRED_Q50_C,PRED_Q95_C
2000-01-01,3.510093,3.6848018,-9.9609375,10.34375,-3.386328,4.2148438,8.245705
2000-01-02,3.247832,3.5836873,-12.5703125,10.1953125,-3.5972655,3.8828125,7.8828125
2000-01-03,3.4201005,3.40468,-12.8828125,9.8671875,-3.3203125,4.185547,7.5859375
2000-01-04,3.2664583,3.2295496,-13.3671875,9.6953125,-3.261328,3.9960938,7.140625
2000-01-05,3.1688588,3.1400177,-13.6328125,9.6640625,-3.245703,3.859375,6.8671875
2000-01-06,3.1949973,2.999933,-13.8828125,9.71875,-3.03125,3.9023438,6.6210938
2000-01-07,3.1647184,3.0145514,-14.4296875,9.9453125,-3.076562,3.8359375,6.59375
2000-01-08,2.9898095,2.9725919,-14.7890625,9.984375,-3.2890625,3.65625,6.359375
2000-01-09,3.1136496,3.0434365,-14.8984375,10.171875,-3.2847655,3.796875,6.59375
2000-01-10,3.1605945,3.0683084,-15.1796875,10.2578125,-3.3203125,3.8710938,6.65625
2000-01-11,2.9577203,3.0660353,-15.3515625,10.4140625,-3.40625,3.5195312,6.5546875
2000-01-12,2.904389,3.0672112,-15.5546875,10.5859375,-3.526953,3.40625,6.4548836
2000-01-13,2.7056005,3.0682423,-15.6484375,10.7109375,-3.7066405,3.1640625,6.349415
2000-01-14,2.739227,3.052943,-15.5546875,10.78125,-3.6328125,3.3085938,6.296875
2000-01-15,2.8910139,3.0871909,-15.7734375,10.8046875,-3.620703,3.6054688,6.3394547
2000-01-16,2.7161288,3.100188,-15.8984375,10.953125,-3.855078,3.4296875,6.21875
2000-01-17,2.639891,3.1602683,-15.8984375,11.046875,-3.964453,3.2988281,6.1640625
2000-01-18,2.6206799,3.216623,-15.8515625,11.328125,-4.0390625,3.2148438,6.368946
2000-01-19,2.5945008,3.2505138,-15.7890625,11.4765625,-4.0894527,3.1640625,6.425392
2000-01-20,2.5621173,3.257998,-16.0,11.6328125,-4.1597652,3.1914062,6.375
2000-01-21,2.5556774,3.2982764,-16.0,11.765625,-4.25,3.2324219,6.30254
2000-01-22,2.3761241,3.3314865,-15.9921875,11.9296875,-4.4054685,2.953125,6.3046875
2000-01-23,2.2720542,3.347765,-16.09375,12.109375,-4.5078125,2.9101562,6.1171875
2000-01-24,2.1882553,3.3795922,-16.125,12.21875,-4.578125,2.7070312,6.2986336
2000-01-25,2.133886,3.4128656,-16.1875,12.375,-4.71875,2.6796875,6.234375
2000-01-26,2.0266547,3.4658432,-16.1875,12.4609375,-4.9523435,2.5351562,6.1523438
2000-01-27,1.8662188,3.4853253,-16.40625,12.5390625,-5.140625,2.4726562,5.953125
2000-01-28,1.7070194,3.5489902,-16.40625,12.625,-5.4375,2.296875,5.974415
2000-01-29,1.5841811,3.5653183,-16.5,12.78125,-5.5859375,2.1445312,5.911915
2000-01-30,1.4979758,3.593014,-16.5,12.9375,-5.75,2.1601562,5.818165
2000-01-31,1.3184574,3.566989,-16.65625,12.9765625,-5.859375,1.953125,5.599415
2000-02-01,1.1651173,3.6354196,-16.34375,13.109375,-6.0390625,1.75,5.6423836
2000-02-02,1.3841255,3.6557405,-16.1875,13.3125,-5.8117185,2.0390625,5.853321
2000-02-03,1.338342,3.675791,-16.5,13.3359375,-5.882031,2.0585938,5.8103523
2000-02-04,1.2872622,3.762352,-16.5625,13.484375,-6.0460935,2.0117188,5.8707047
2000-02-05,1.2395078,3.868749,-16.6875,13.6796875,-6.178906,1.8984375,6.0859375
2000-02-06,1.1847697,3.8498914,-16.625,13.7109375,-6.2335935,1.953125,5.878517
2000-02-07,1.0641977,3.8072178,-16.59375,13.671875,-6.3273435,1.828125,5.609375
2000-02-08,0.960385,3.8341906,-16.5625,13.765625,-6.4523435,1.6953125,5.6601562
2000-02-09,0.8529347,3.9267924,-16.53125,13.859375,-6.6554685,1.5546875,5.7773438
2000-02-10,0.74121964,3.926003,-16.46875,13.90625,-6.6640625,1.3203125,5.8707047
2000-02-11,0.7370682,3.974063,-16.46875,14.03125,-6.7562494,1.40625,5.837696
2000-02-12,0.6592026,4.0747857,-16.6875,14.078125,-6.9453125,1.296875,5.9609375
2000-02-13,0.46416217,4.087558,-16.84375,14.125,-7.1015625,1.0859375,5.8298836
2000-02-14,0.35041574,4.127194,-16.6875,14.171875,-7.1953125,0.90625,5.786915
2000-02-15,0.284064,4.173594,-16.6875,14.25,-7.3671875,0.890625,5.609375
2000-02-16,0.35319853,4.2083387,-16.4375,14.4375,-7.3273435,0.9765625,5.780861
2000-02-17,0.4953569,4.3419886,-16.53125,14.546875,-7.4296875,1.109375,6.09375
2000-02-18,0.30169344,4.3788233,-16.71875,14.578125,-7.6796875,0.890625,5.962696
2000-02-19,0.26314786,4.4344096,-16.65625,14.6796875,-7.8117185,0.9140625,5.953125
2000-02-20,0.25883803,4.510106,-16.78125,14.6875,-7.8585935,0.8203125,6.0742188
2000-02-21,0.09972626,4.4972982,-16.90625,14.765625,-7.9140625,0.734375,5.909767
2000-02-22,-0.017014617,4.4854527,-16.84375,14.859375,-7.9296875,0.5390625,5.925392
2000-02-23,-0.044484336,4.506831,-16.875,14.8359375,-7.9765625,0.5390625,5.9644547
2000-02-24,-0.092461474,4.5634956,-16.84375,14.9375,-8.1171875,0.515625,5.9289093
2000-02-25,-0.039171096,4.6137385,-16.875,15.03125,-8.0703125,0.609375,6.014847
2000-02-26,-0.19902763,4.6313376,-16.96875,15.0,-8.1640625,0.359375,5.984375
2000-02-27,-0.24730685,4.6985545,-16.9375,15.0078125,-8.249218,0.24609375,6.056057
2000-02-28,-0.27762055,4.733113,-16.75,15.046875,-8.2890625,0.234375,6.125
2000-02-29,-0.25561258,4.7555947,-16.84375,15.09375,-8.311718,0.2421875,6.077347
2000-03-01,-0.3638349,4.78394,-16.875,15.125,-8.4453125,0.140625,6.0742188
2000-03-02,-0.35787916,4.882866,-17.09375,15.1875,-8.5703125,0.09375,6.2478523
2000-03-03,-0.4445622,4.889252,-17.0625,15.203125,-8.639843,-0.0234375,6.2382812
2000-03-04,-0.4409312,4.908195,-17.0625,15.234375,-8.6640625,-0.0078125,6.269142
2000-03-05,-0.5120702,4.9036236,-17.03125,15.25,-8.6640625,-0.1484375,6.2382812
2000-03-06,-0.38009882,5.0270233,-17.1875,15.2890625,-8.6796875,0.03125,6.472267
2000-03-07,-0.33566424,5.0972457,-17.28125,15.3671875,-8.7265625,-0.0078125,6.7460938
2000-03-08,-0.23317216,5.216657,-17.09375,15.453125,-8.7734375,0.0859375,7.0429688
2000-03-09,-0.22982587,5.233456,-17.0625,15.46875,-8.6953125,-0.01171875,7.1445312
2000-03-10,-0.17368004,5.247179,-16.96875,15.515625,-8.599999,0.02734375,7.1736336
2000-03-11,-0.1393116,5.2764454,-16.96875,15.4921875,-8.5859375,0.0625,7.265625
2000-03-12,-0.18406367,5.3315625,-17.0,15.5078125,-8.7265625,-0.0390625,7.2830086
2000-03-13,-0.14206555,5.418176,-17.09375,15.546875,-8.858593,0.1171875,7.375
2000-03-14,-0.16447003,5.505889,-17.15625,15.5546875,-8.959374,-0.01953125,7.472267
2000-03-15,-0.08680152,5.6101694,-17.15625,15.578125,-9.0234375,0.0703125,7.5859375
2000-03-16,-0.19791047,5.611842,-17.1875,15.546875,-9.139843,-0.05078125,7.4978523
2000-03-17,-0.14408463,5.6678348,-17.15625,15.59375,-9.1640625,-0.015625,7.5759773
2000-03-18,-0.21622981,5.741277,-17.15625,15.578125,-9.2890625,-0.1640625,7.7457047
2000-03-19,-0.21894112,5.773935,-17.25,15.6015625,-9.3203125,-0.3046875,7.8611336
2000-03-20,0.04909902,5.8333874,-17.125,15.671875,-9.1796875,0.109375,8.1640625
2000-03-21,0.06275155,5.905785,-17.15625,15.78125,-9.2109375,0.0625,8.2578125
2000-03-22,0.11035551,5.9391413,-17.21875,15.765625,-9.264843,0.1328125,8.3125
2000-03-23,0.22692265,6.0014014,-17.3125,15.828125,-9.2734375,0.2734375,8.472267
2000-03-24,0.32707775,6.103216,-17.28125,15.8359375,-9.3046875,0.3359375,8.6796875
2000-03-25,0.42332584,6.1195884,-17.21875,15.7265625,-9.2265625,0.48046875,8.722267
2000-03-26,0.4853729,6.2162995,-17.34375,15.84375,-9.327343,0.546875,8.85508
2000-03-27,0.43934295,6.2513137,-17.34375,15.859375,-9.4296875,0.45703125,8.859375
2000-03-28,0.47199124,6.343638,-17.4375,15.828125,-9.514843,0.515625,8.921875
2000-03-29,0.5843627,6.4067726,-17.40625,15.828125,-9.4609375,0.6484375,9.140625
2000-03-30,0.8257142,6.492709,-17.25,15.859375,-9.3203125,0.8671875,9.515625
2000-03-31,0.9269189,6.5495505,-17.375,15.84375,-9.3359375,0.9609375,9.644142
2000-04-01,1.0618875,6.58921,-17.375,15.9296875,-9.311718,1.171875,9.671875
2000-04-02,1.1375524,6.6916924,-17.4375,15.96875,-9.3515625,1.2460938,9.8671875
2000-04-03,1.1445036,6.72676,-17.46875,16.125,-9.3828125,1.25,9.9375
2000-04-04,1.245041,6.8463054,-17.5,16.15625,-9.4296875,1.34375,10.125
2000-04-05,1.4955409,6.949332,-17.59375,16.25,-9.3984375,1.640625,10.4296875
2000-04-06,1.568992,7.0488396,-17.6875,16.203125,-9.4296875,1.7109375,10.578125
2000-04-07,1.6750238,7.083684,-17.6875,16.328125,-9.4296875,1.9570312,10.6328125
2000-04-08,1.7096332,7.1475906,-17.6875,16.265625,-9.4453125,1.90625,10.7421875
2000-04-09,1.7432718,7.1788282,-17.65625,16.234375,-9.4296875,1.9101562,10.8046875
2000-04-10,1.9385153,7.1952353,-17.59375,16.34375,-9.2734375,2.1699219,10.9375
2000-04-11,2.1138692,7.2712226,-17.5625,16.359375,-9.2734375,2.3828125,11.265625
2000-04-12,2.2575843,7.3729534,-17.46875,16.40625,-9.2890625,2.4902344,11.484375
2000-04-13,2.3482485,7.4356055,-17.5,16.578125,-9.2890625,2.6171875,11.625
2000-04-14,2.6086686,7.471129,-17.4375,16.53125,-9.1640625,2.9492188,11.859375
2000-04-15,2.8014562,7.523946,-17.5,16.640625,-9.1171875,3.1953125,11.96875
2000-04-16,2.8918939,7.615001,-17.53125,16.78125,-9.1484375,3.2617188,12.1484375
2000-04-17,2.960477,7.6382666,-17.59375,16.828125,-9.2109375,3.4179688,12.214455
2000-04-18,3.1121593,7.724896,-17.65625,16.984375,-9.2265625,3.5429688,12.4453125
2000-04-19,3.3196108,7.754855,-17.65625,17.015625,-9.1484375,3.8574219,12.5859375
2000-04-20,3.4605691,7.7513523,-17.75,17.265625,-9.0546875,4.0664062,12.59375
2000-04-21,3.6213224,7.8152776,-17.78125,17.421875,-9.0390625,4.3203125,12.765625
2000-04-22,3.8286166,7.8491983,-17.75,17.234375,-8.921093,4.5097656,12.9453125
2000-04-23,3.8220208,7.8635626,-17.78125,17.34375,-8.9921875,4.4746094,12.90625
2000-04-24,3.9062355,7.9053087,-17.9375,17.515625,-9.0078125,4.59375,13.0
2000-04-25,4.11217,7.970749,-17.90625,17.671875,-8.9921875,4.8945312,13.1875
2000-04-26,4.2090874,8.0486355,-18.0,17.84375,-9.0859375,5.046875,13.3515625
2000-04-27,4.4268265,8.119239,-18.03125,17.96875,-9.030468,5.2304688,13.59375
2000-04-28,4.6155553,8.157812,-18.09375,18.0,-8.9765625,5.4453125,13.765625
2000-04-29,4.7534204,8.179177,-18.09375,18.09375,-8.9140625,5.625,13.8984375
2000-04-30,4.9000773,8.19269,-18.15625,18.109375,-8.8984375,5.7734375,13.9921875
2000-05-01,5.0118623,8.257695,-18.125,18.296875,-8.9453125,5.8398438,14.125
2000-05-02,5.1141744,8.2389555,-18.03125,18.46875,-8.8828125,5.9570312,14.1484375
2000-05-03,5.259093,8.251431,-18.03125,18.625,-8.8359375,6.1523438,14.234375
2000-05-04,5.403242,8.328961,-18.125,18.8125,-8.8828125,6.2578125,14.4453125
2000-05-05,5.468398,8.373119,-18.15625,19.03125,-8.9453125,6.2890625,14.54258
2000-05-06,5.5759892,8.405387,-18.03125,19.125,-8.889843,6.3398438,14.671875
2000-05-07,5.8125477,8.376414,-17.96875,19.453125,-8.7109375,6.6171875,14.84375
2000-05-08,6.0156517,8.41477,-17.96875,19.671875,-8.6796875,6.796875,15.03125
2000-05-09,6.0625033,8.429519,-17.90625,19.875,-8.7578125,6.8203125,15.078125
2000-05-10,6.1586795,8.462559,-18.0,20.1875,-8.7734375,6.8945312,15.1953125
2000-05-11,6.3515162,8.474491,-18.03125,20.375,-8.6796875,7.0585938,15.375
2000-05-12,6.4984994,8.516575,-18.03125,20.65625,-8.6640625,7.1992188,15.534767
2000-05-13,6.6305065,8.511715,-18.03125,20.84375,-8.624218,7.2871094,15.675392
2000-05-14,6.743154,8.563173,-17.9375,20.96875,-8.6484375,7.40625,15.8125
2000-05-15,6.8766103,8.567726,-17.90625,21.265625,-8.5703125,7.501953,15.953125
2000-05-16,7.001142,8.59245,-17.8125,21.5,-8.5546875,7.6171875,16.0625
2000-05-17,7.117865,8.591417,-17.8125,21.734375,-8.5703125,7.6640625,16.1875
2000-05-18,7.2407265,8.653193,-17.90625,21.890625,-8.6015625,7.763672,16.34375
2000-05-19,7.4134936,8.704592,-17.875,22.125,-8.546093,7.9140625,16.5625
2000-05-20,7.491539,8.734326,-17.875,22.25,-8.5859375,7.9101562,16.65625
2000-05-21,7.678225,8.758516,-17.8125,22.375,-8.483593,8.1015625,16.84375
2000-05-22,7.830135,8.789457,-17.71875,22.59375,-8.4609375,8.238281,17.03125
2000-05-23,8.042152,8.821826,-17.75,22.78125,-8.3828125,8.410156,17.25
2000-05-24,8.225237,8.864163,-17.71875,22.875,-8.3984375,8.59375,17.46016
2000-05-25,8.407776,8.927868,-17.8125,23.03125,-8.3515625,8.7578125,17.71875
2000-05-26,8.436937,8.9788475,-17.875,23.234375,-8.4453125,8.7109375,17.80391
2000-05-27,8.494467,9.04447,-18.09375,23.265625,-8.4609375,8.7265625,17.96875
2000-05-28,8.6340885,9.093942,-18.25,23.4375,-8.4453125,8.7734375,18.171875
2000-05-29,8.872045,9.144497,-18.1875,23.53125,-8.3515625,9.003906,18.4375
2000-05-30,9.034405,9.163129,-18.34375,23.703125,-8.3046875,9.1015625,18.625
2000-05-31,9.147499,9.214774,-18.40625,23.796875,-8.3359375,9.191406,18.8125
2000-06-01,9.328134,9.265432,-18.34375,23.9375,-8.3046875,9.3125,19.0625
2000-06-02,9.329703,9.335332,-18.59375,23.984375,-8.4140625,9.269531,19.125
2000-06-03,9.48413,9.418041,-18.59375,24.03125,-8.3984375,9.328125,19.40625
2000-06-04,9.631487,9.45109,-18.59375,24.0625,-8.3515625,9.4609375,19.59375
2000-06-05,9.829816,9.49937,-18.625,24.109375,-8.296093,9.625,19.828125
2000-06-06,9.934097,9.556157,-18.5625,24.1875,-8.3203125,9.6875,20.0
2000-06-07,9.988375,9.657123,-18.53125,24.296875,-8.421093,9.65625,20.171875
2000-06-08,10.091706,9.695287,-18.75,24.296875,-8.374218,9.703125,20.328125
2000-06-09,10.310057,9.715458,-18.6875,24.34375,-8.217968,9.8828125,20.59375
2000-06-10,10.282824,9.778185,-18.875,24.40625,-8.4140625,9.7890625,20.640625
2000-06-11,10.439594,9.835559,-19.0,24.34375,-8.327343,9.941406,20.859375
2000-06-12,10.606305,9.885775,-19.0625,24.328125,-8.311718,10.0703125,21.109375
2000-06-13,10.663709,9.974388,-19.09375,24.296875,-8.3515625,10.046875,21.28125
2000-06-14,10.83361,10.024938,-19.21875,24.5,-8.311718,10.199219,21.53125
2000-06-15,10.87897,10.064829,-19.125,24.421875,-8.3359375,10.21875,21.65625
2000-06-16,10.997347,10.109544,-19.21875,24.40625,-8.358593,10.2734375,21.828125
2000-06-17,11.110159,10.141063,-19.25,24.34375,-8.3359375,10.359375,21.96875
2000-06-18,11.284281,10.18091,-19.28125,24.375,-8.2890625,10.542969,22.1875
2000-06-19,11.401426,10.24739,-19.25,24.46875,-8.3203125,10.652344,22.359375
2000-06-20,11.51321,10.268362,-19.28125,24.5,-8.264843,10.7265625,22.5
2000-06-21,11.467511,10.319128,-19.34375,24.515625,-8.4296875,10.65625,22.53125
2000-06-22,11.524289,10.36708,-19.4375,24.546875,-8.4609375,10.699219,22.65625
2000-06-23,11.6410675,10.4077835,-19.5,24.46875,-8.4609375,10.796875,22.84375
2000-06-24,11.703618,10.434444,-19.4375,24.34375,-8.530468,10.8359375,22.890625
2000-06-25,11.812557,10.455535,-19.5,24.46875,-8.4765625,10.957031,23.03125
2000-06-26,11.820515,10.501034,-19.5,24.546875,-8.577343,10.9296875,23.109375
2000-06-27,11.725039,10.528958,-19.625,24.5,-8.7421875,10.75,23.0625
2000-06-28,11.890899,10.533349,-19.59375,24.46875,-8.6328125,10.925781,23.21875
2000-06-29,11.958491,10.544103,-19.53125,24.40625,-8.592968,10.984375,23.28125
2000-06-30,11.965502,10.557832,-19.46875,24.421875,-8.671093,10.996094,23.28125
2000-07-01,12.043794,10.5535145,-19.40625,24.421875,-8.6328125,11.074219,23.375
2000-07-02,12.068086,10.5443,-19.46875,24.4375,-8.655468,11.109375,23.375
2000-07-03,11.979696,10.580036,-19.5625,24.46875,-8.749218,11.0,23.34375
2000-07-04,12.093141,10.584033,-19.4375,24.5,-8.6484375,11.1171875,23.46875
2000-07-05,12.09267,10.562926,-19.53125,24.46875,-8.7109375,11.09375,23.421875
2000-07-06,12.057588,10.580623,-19.53125,24.421875,-8.764843,11.078125,23.375
2000-07-07,12.147449,10.587964,-19.53125,24.4375,-8.6640625,11.1796875,23.46875
2000-07-08,12.229874,10.556314,-19.5,24.46875,-8.639843,11.316406,23.46875
2000-07-09,12.191427,10.550418,-19.59375,24.46875,-8.6796875,11.300781,23.39766
2000-07-10,12.2057085,10.57106,-19.5625,24.4375,-8.7421875,11.316406,23.4375
2000-07-11,12.219486,10.528417,-19.46875,24.4375,-8.6640625,11.371094,23.359375
2000-07-12,12.152769,10.551965,-19.46875,24.40625,-8.7421875,11.308594,23.3125
2000-07-13,12.145001,10.530411,-19.375,24.328125,-8.6953125,11.28125,23.296875
2000-07-14,12.059129,10.512112,-19.375,24.34375,-8.7734375,11.203125,23.15625
2000-07-15,12.17917,10.482683,-19.375,24.28125,-8.639843,11.359375,23.234375
2000-07-16,12.135872,10.479812,-19.5,24.328125,-8.6640625,11.3515625,23.1875
2000-07-17,12.037571,10.462226,-19.34375,24.25,-8.764843,11.234375,23.0625
2000-07-18,12.084949,10.4306555,-19.46875,24.21875,-8.6640625,11.296875,23.03125
2000-07-19,12.108871,10.419379,-19.53125,24.1875,-8.6796875,11.34375,23.03125
2000-07-20,12.055612,10.402693,-19.53125,24.1875,-8.671093,11.359375,22.9375
2000-07-21,12.015379,10.356544,-19.5625,24.1875,-8.6484375,11.386719,22.796875
2000-07-22,11.974543,10.350253,-19.53125,24.15625,-8.6640625,11.324219,22.75
2000-07-23,11.961694,10.308795,-19.53125,24.125,-8.624218,11.3203125,22.6875
2000-07-24,11.93942,10.271102,-19.53125,24.125,-8.577343,11.3203125,22.609375
2000-07-25,11.869801,10.261402,-19.59375,24.125,-8.655468,11.21875,22.515625
2000-07-26,11.945436,10.254096,-19.59375,24.078125,-8.5859375,11.3359375,22.609375
2000-07-27,11.896354,10.22716,-19.6875,24.09375,-8.6171875,11.3359375,22.46875
2000-07-28,11.891453,10.203044,-19.78125,24.0625,-8.5703125,11.359375,22.453125
2000-07-29,11.934238,10.171698,-19.78125,23.96875,-8.5546875,11.46875,22.40625
2000-07-30,11.779313,10.162268,-19.875,23.9375,-8.6171875,11.296875,22.265625
2000-07-31,11.653752,10.117699,-19.9375,23.90625,-8.6328125,11.152344,22.09375
2000-08-01,11.658395,10.081822,-19.9375,23.8125,-8.592968,11.1875,22.046875
2000-08-02,11.603996,10.044206,-20.03125,23.8125,-8.5859375,11.121094,21.9375
2000-08-03,11.549603,10.005413,-20.03125,23.78125,-8.561718,11.089844,21.8125
2000-08-04,11.469178,9.980158,-20.125,23.78125,-8.530468,11.015625,21.71875
2000-08-05,11.4363,9.941621,-20.15625,23.8125,-8.4140625,10.953125,21.65625
2000-08-06,11.413688,9.903933,-20.09375,23.78125,-8.3359375,10.9453125,21.59375
2000-08-07,11.387819,9.868901,-20.21875,23.703125,-8.3515625,10.9609375,21.53125
2000-08-08,11.305753,9.8687725,-20.25,23.609375,-8.436718,10.828125,21.4375
2000-08-09,11.324419,9.840522,-20.125,23.625,-8.3515625,10.8671875,21.421875
2000-08-10,11.181184,9.826603,-20.25,23.75,-8.4296875,10.671875,21.265625
2000-08-11,11.197778,9.798613,-20.3125,23.703125,-8.2890625,10.6953125,21.25
2000-08-12,11.085867,9.788783,-20.375,23.59375,-8.3515625,10.550781,21.15625
2000-08-13,11.112534,9.739154,-20.3125,23.625,-8.2421875,10.6015625,21.15625
2000-08-14,11.150611,9.679868,-20.375,23.59375,-8.155468,10.691406,21.109375
2000-08-15,11.00227,9.682543,-20.3125,23.625,-8.2734375,10.5078125,21.03125
2000-08-16,10.827148,9.665807,-20.375,23.546875,-8.280468,10.265625,20.875
2000-08-17,10.810068,9.632255,-20.375,23.46875,-8.1640625,10.203125,20.78125
2000-08-18,10.949207,9.573401,-20.3125,23.4375,-8.0078125,10.3984375,20.84375
2000-08-19,10.826721,9.544031,-20.15625,23.4375,-8.0546875,10.2890625,20.71875
2000-08-20,10.724877,9.530223,-20.28125,23.3125,-8.014843,10.1328125,20.640625
2000-08-21,10.757661,9.508988,-20.21875,23.21875,-7.8984375,10.136719,20.671875
2000-08-22,10.703067,9.479443,-20.375,23.28125,-7.8742185,10.109375,20.569534
2000-08-23,10.543962,9.425959,-20.34375,23.15625,-7.9679685,9.9609375,20.375
2000-08-24,10.477662,9.44298,-20.375,23.0625,-7.9523435,9.828125,20.390625
2000-08-25,10.60887,9.368739,-20.4375,23.0625,-7.6953125,10.0390625,20.421875
2000-08-26,10.551685,9.354102,-20.40625,23.0625,-7.7109375,10.0078125,20.328125
2000-08-27,10.369767,9.334456,-20.21875,22.9375,-7.7734375,9.78125,20.1875
2000-08-28,10.367672,9.311026,-19.9375,22.84375,-7.7109375,9.7734375,20.21875
2000-08-29,10.372581,9.254014,-19.71875,22.78125,-7.5859375,9.761719,20.15625
2000-08-30,10.269194,9.215707,-19.875,22.65625,-7.5929685,9.65625,20.03125
2000-08-31,10.185938,9.192821,-19.71875,22.5625,-7.5859375,9.558594,19.944534
2000-09-01,10.113026,9.1808195,-19.75,22.515625,-7.6015625,9.421875,19.90625
2000-09-02,10.154348,9.151239,-19.71875,22.46875,-7.4835935,9.453125,19.96875
2000-09-03,9.99503,9.101381,-19.59375,22.359375,-7.4609375,9.265625,19.71875
2000-09-04,9.989046,9.058579,-19.59375,22.265625,-7.3898435,9.265625,19.6875
2000-09-05,9.871558,9.014762,-19.53125,22.1875,-7.3671875,9.128906,19.59375
2000-09-06,9.777023,8.985339,-19.53125,22.078125,-7.3828125,8.972656,19.46875
2000-09-07,9.791635,8.936461,-19.4375,22.046875,-7.2265625,8.980469,19.453125
2000-09-08,9.739636,8.881762,-19.3125,21.921875,-7.1171875,8.9453125,19.359375
2000-09-09,9.609406,8.829934,-19.28125,21.8125,-7.1015625,8.8125,19.21875
2000-09-10,9.609666,8.785304,-19.125,21.765625,-7.0148435,8.8046875,19.1875
2000-09-11,9.596073,8.754493,-19.15625,21.71875,-6.9453125,8.8046875,19.15625
2000-09-12,9.368732,8.681555,-19.25,21.5625,-7.0078125,8.566406,18.875
2000-09-13,9.335724,8.629194,-19.34375,21.5,-6.9367185,8.5546875,18.75
2000-09-14,9.310337,8.605729,-19.3125,21.375,-6.8671875,8.515625,18.75
2000-09-15,9.172426,8.571261,-19.3125,21.359375,-6.8828125,8.3515625,18.65625
2000-09-16,8.957597,8.502423,-19.1875,21.1875,-6.8898435,8.0859375,18.375
2000-09-17,8.95418,8.4300995,-19.125,21.15625,-6.6328125,8.0859375,18.34375
2000-09-18,8.901664,8.380373,-18.8125,21.09375,-6.6171875,8.0234375,18.225784
2000-09-19,8.873002,8.31473,-18.65625,20.953125,-6.5546875,8.015625,18.125
2000-09-20,8.795954,8.2805805,-18.5625,20.921875,-6.5390625,7.9257812,18.046875
2000-09-21,8.773431,8.210455,-18.40625,20.90625,-6.4367185,7.921875,17.96875
2000-09-22,8.625803,8.194633,-18.4375,20.828125,-6.4679685,7.71875,17.84375
2000-09-23,8.6421995,8.133616,-18.40625,20.75,-6.4054685,7.7578125,17.80391
2000-09-24,8.559638,8.084864,-18.25,20.65625,-6.3515625,7.6953125,17.734375
2000-09-25,8.433593,8.016723,-18.21875,20.4375,-6.3203125,7.5371094,17.515625
2000-09-26,8.296008,7.936935,-18.0625,20.3125,-6.3046875,7.4296875,17.328125
2000-09-27,8.192728,7.8614297,-18.09375,20.1875,-6.21875,7.3222656,17.1875
2000-09-28,8.105168,7.766243,-18.0,19.96875,-6.1328125,7.28125,17.03125
2000-09-29,8.068907,7.6983604,-17.9375,19.9375,-6.078125,7.2617188,16.921875
2000-09-30,7.933813,7.6640253,-18.03125,19.8125,-6.109375,7.1328125,16.78125
2000-10-01,7.8140354,7.602136,-18.09375,19.65625,-6.100781,7.033203,16.609375
2000-10-02,7.667705,7.5471625,-18.125,19.546875,-6.085156,6.8632812,16.40625
2000-10-03,7.5018954,7.4669123,-18.125,19.375,-6.069531,6.671875,16.15625
2000-10-04,7.3468237,7.370228,-18.0,19.3125,-6.0,6.4941406,15.921875
2000-10-05,7.2905226,7.31085,-17.9375,19.234375,-5.9609375,6.46875,15.8125
2000-10-06,7.1778436,7.2554893,-17.90625,19.0625,-5.890625,6.330078,15.6328125
2000-10-07,7.041552,7.2198544,-17.96875,18.875,-5.890625,6.1640625,15.453125
2000-10-08,6.937972,7.171208,-18.03125,18.71875,-5.866406,6.0546875,15.316017
2000-10-09,6.918504,7.062684,-18.03125,18.703125,-5.678906,6.0742188,15.171875
2000-10-10,6.790947,7.027547,-18.125,18.515625,-5.663281,5.8867188,15.019142
2000-10-11,6.5919023,6.9705567,-17.9375,18.40625,-5.65625,5.671875,14.796875
2000-10-12,6.4180984,6.896844,-17.90625,18.265625,-5.6875,5.5097656,14.578125
2000-10-13,6.3164926,6.8342824,-17.84375,18.0,-5.5859375,5.3789062,14.487892
2000-10-14,6.2261105,6.7731876,-17.90625,17.90625,-5.53125,5.296875,14.28125
2000-10-15,6.08457,6.688076,-18.0,17.8125,-5.5234375,5.1757812,14.03125
2000-10-16,6.0055637,6.6479926,-17.96875,17.6875,-5.4921875,5.0976562,13.933205
2000-10-17,5.7814827,6.606698,-17.90625,17.625,-5.5078125,4.8007812,13.7421875
2000-10-18,5.7370405,6.546368,-17.84375,17.4375,-5.4375,4.8007812,13.640625
2000-10-19,5.8255453,6.498852,-18.0,17.265625,-5.225781,4.9335938,13.65625
2000-10-20,5.681228,6.463272,-18.0,17.109375,-5.2734375,4.732422,13.4921875
2000-10-21,5.473616,6.375349,-18.03125,17.0,-5.25,4.5078125,13.2265625
2000-10-22,5.4889264,6.334091,-18.03125,16.78125,-5.0773435,4.533203,13.265625
2000-10-23,5.438596,6.246424,-18.03125,16.71875,-4.9765625,4.5253906,13.125
2000-10-24,5.349153,6.2284093,-18.0,16.6875,-4.9835935,4.4140625,13.015625
2000-10-25,5.1120386,6.182186,-17.96875,16.625,-5.046875,4.15625,12.7421875
2000-10-26,5.0123167,6.0864015,-17.96875,16.5625,-4.9921875,4.0898438,12.503517
2000-10-27,4.9053187,6.0188847,-17.90625,16.34375,-4.90625,3.953125,12.390625
2000-10-28,4.7785916,5.927029,-17.8125,16.234375,-4.8585935,3.8652344,12.1796875
2000-10-29,4.6322775,5.902799,-17.78125,16.046875,-4.9609375,3.6992188,12.046875
2000-10-30,4.5915685,5.8514576,-17.84375,15.9375,-4.8515625,3.671875,11.9375
2000-10-31,4.500967,5.766433,-17.875,15.8671875,-4.7335935,3.5800781,11.776955
2000-11-01,4.494424,5.7200866,-17.84375,15.671875,-4.59375,3.5507812,11.75
2000-11-02,4.4373183,5.6576896,-17.84375,15.546875,-4.569531,3.5410156,11.6484375
2000-11-03,4.260505,5.642862,-17.8125,15.515625,-4.6328125,3.3242188,11.4765625
2000-11-04,4.0594087,5.5393553,-17.78125,15.3125,-4.671875,3.1875,11.09375
2000-11-05,3.9660394,5.4995785,-17.8125,15.234375,-4.6484375,3.0625,10.9921875
2000-11-06,3.8381343,5.4278913,-17.6875,15.125,-4.6128902,2.9453125,10.890625
2000-11-07,3.9444616,5.4566216,-17.75,15.078125,-4.4453125,2.9765625,11.03125
2000-11-08,3.8965151,5.376384,-17.875,15.046875,-4.34375,2.9550781,10.9609375
2000-11-09,3.7238116,5.342158,-17.84375,14.8125,-4.4296875,2.8125,10.7734375
2000-11-10,3.4721677,5.25997,-17.71875,14.6171875,-4.5390625,2.5625,10.359375
2000-11-11,3.4790986,5.2071447,-17.75,14.5625,-4.390625,2.5625,10.34375
2000-11-12,3.3125687,5.1366844,-17.75,14.6015625,-4.4296875,2.40625,10.0390625
2000-11-13,3.1214867,5.094157,-17.75,14.5625,-4.5390625,2.2148438,9.8046875
2000-11-14,3.0026155,5.0745783,-17.65625,14.40625,-4.578125,2.078125,9.6953125
2000-11-15,2.8640735,4.950779,-17.5,14.390625,-4.5078125,1.9765625,9.4375
2000-11-16,2.8196187,4.963258,-17.375,14.265625,-4.5390625,1.8867188,9.46875
2000-11-17,2.7996573,4.971032,-17.5625,14.09375,-4.46875,1.796875,9.5625
2000-11-18,2.6429765,4.855825,-17.6875,14.0703125,-4.453125,1.6992188,9.1796875
2000-11-19,2.5029917,4.7988243,-17.625,14.03125,-4.484375,1.5625,9.01133
2000-11-20,2.4517825,4.681078,-17.4375,13.984375,-4.390625,1.5625,8.65625
2000-11-21,2.294191,4.6029873,-17.375,13.9765625,-4.4210935,1.4140625,8.40625
2000-11-22,2.1411707,4.5265155,-17.3125,13.875,-4.46875,1.296875,8.1171875
2000-11-23,2.124962,4.498113,-17.25,13.7734375,-4.359375,1.234375,8.171875
2000-11-24,2.2875686,4.4930096,-17.3125,13.6640625,-4.1875,1.40625,8.362892
2000-11-25,2.1194391,4.4270654,-17.3125,13.703125,-4.234375,1.265625,8.0703125
2000-11-26,2.0727806,4.3928075,-17.375,13.75,-4.203125,1.2265625,8.0078125
2000-11-27,1.8412144,4.3519692,-17.375,13.6640625,-4.350781,0.96484375,7.75
2000-11-28,1.7411923,4.2439632,-17.15625,13.546875,-4.34375,0.921875,7.6171875
2000-11-29,1.6272414,4.1644874,-17.0625,13.46875,-4.3117185,0.8671875,7.34375
2000-11-30,1.7500545,4.2327156,-17.15625,13.4765625,-4.2265625,0.90625,7.4296875
2000-12-01,1.5592192,4.1767488,-17.1875,13.4375,-4.34375,0.7421875,7.1679688
2000-12-02,1.5988698,4.1445055,-17.28125,13.3515625,-4.25,0.78125,7.20879
2000-12-03,1.489336,4.076467,-17.15625,13.359375,-4.25,0.6796875,6.9921875
2000-12-04,1.4725871,4.009866,-17.09375,13.3515625,-4.1875,0.71875,6.9023438
2000-12-05,1.3477818,3.9713597,-17.0,13.359375,-4.265625,0.6171875,6.6640625
2000-12-06,1.1571487,3.9223313,-17.0625,13.234375,-4.375,0.40625,6.5
2000-12-07,1.372592,3.9107404,-17.0625,13.359375,-4.1328125,0.640625,6.6328125
2000-12-08,1.262695,3.858112,-17.25,13.421875,-4.1875,0.56640625,6.453125
2000-12-09,1.1098417,3.850116,-17.1875,13.359375,-4.3203125,0.40625,6.2382812
2000-12-10,0.9601955,3.7802298,-17.09375,13.296875,-4.375,0.28515625,6.0234375
2000-12-11,0.90334994,3.7470481,-17.09375,13.171875,-4.359375,0.2265625,5.9296875
2000-12-12,0.7007134,3.6585813,-17.03125,13.2265625,-4.46875,0.0625,5.5703125
2000-12-13,0.6740145,3.6547318,-16.96875,13.2109375,-4.453125,0.046875,5.53125
2000-12-14,0.67506254,3.642764,-17.0,13.171875,-4.4453125,0.0390625,5.5742188
2000-12-15,0.8383831,3.6458776,-17.0625,13.171875,-4.2960935,0.1875,5.765625
2000-12-16,0.80445015,3.6669157,-17.03125,13.234375,-4.34375,0.140625,5.775196
2000-12-17,0.7358641,3.5840755,-16.875,13.25,-4.3046875,0.1015625,5.5603523
2000-12-18,0.73747724,3.5999517,-16.96875,13.2109375,-4.3203125,0.125,5.6171875
2000-12-19,0.66474134,3.5537646,-17.0,13.203125,-4.3203125,0.06640625,5.4570312
2000-12-20,0.52455306,3.5146623,-17.0,13.140625,-4.4488277,-0.046875,5.2460938
2000-12-21,0.50218177,3.4948106,-17.0625,13.1484375,-4.4296875,-0.0625,5.1757812
2000-12-22,0.43960083,3.4650543,-17.0625,13.0,-4.484375,-0.0859375,5.11504
2000-12-23,0.34365562,3.4542913,-17.03125,12.984375,-4.59375,-0.15625,5.0507812
2000-12-24,0.23987147,3.4156218,-17.03125,13.09375,-4.6875,-0.2265625,4.8320312
2000-12-25,0.050143898,3.3916044,-17.03125,13.0390625,-4.8429685,-0.421875,4.6132812
2000-12-26,0.014910644,3.3786094,-17.09375,13.015625,-4.90625,-0.421875,4.618946
2000-12-27,-0.029760081,3.3308382,-17.03125,13.0390625,-4.8828125,-0.421875,4.3945312
2000-12-28,-0.13257122,3.3092673,-16.96875,13.03125,-5.015625,-0.515625,4.4023438
2000-12-29,-0.06347696,3.3414862,-16.78125,13.109375,-5.015625,-0.4609375,4.5546875
2000-12-30,-0.08053264,3.3510866,-16.8125,13.140625,-5.046875,-0.4765625,4.53125
2000-12-31,-0.069343835,3.366534,-16.75,13.046875,-5.0546875,-0.46875,4.4960938
2001-01-01,0.17742912,3.2806005,-16.75,13.21875,-4.6875,-0.140625,4.75
2001-01-02,-0.037060015,3.332348,-16.75,13.125,-5.015625,-0.3671875,4.5738297
2001-01-03,0.020899938,3.3058696,-16.84375,13.203125,-4.9523435,-0.28125,4.4492188
2001-01-04,-0.17989679,3.306998,-16.71875,13.1640625,-5.1796875,-0.4765625,4.2734375
2001-01-05,-0.25237605,3.3376846,-16.6875,13.109375,-5.3046875,-0.5546875,4.2851562
2001-01-06,-0.20581855,3.310647,-16.71875,13.0546875,-5.241406,-0.4765625,4.3298836
2001-01-07,-0.22215514,3.3565376,-16.65625,13.2109375,-5.359375,-0.484375,4.390625
2001-01-08,-0.4101306,3.3215244,-16.625,13.125,-5.5078125,-0.65625,4.0039062
2001-01-09,-0.2924704,3.3867316,-16.53125,13.1484375,-5.53125,-0.5390625,4.3455086
2001-01-10,-0.28203347,3.4199717,-16.53125,13.234375,-5.5625,-0.5546875,4.328125
2001-01-11,-0.48431775,3.4196422,-16.53125,13.203125,-5.78125,-0.73046875,4.2109375
2001-01-12,-0.53045624,3.4241462,-16.5,13.25,-5.8117185,-0.7734375,4.1015625
2001-01-13,-0.6983255,3.3938158,-16.4375,13.1015625,-5.9523435,-0.90625,4.0273438
2001-01-14,-0.6071174,3.354157,-16.28125,13.203125,-5.8046875,-0.84375,3.9140625
2001-01-15,-0.4658843,3.3934772,-16.21875,13.171875,-5.75,-0.6953125,3.9449234
2001-01-16,-0.65959233,3.401074,-16.21875,13.1640625,-5.9453125,-0.8984375,3.6835938
2001-01-17,-0.74206865,3.4692473,-16.1875,12.9921875,-6.1171875,-1.015625,3.8945312
2001-01-18,-0.7582453,3.5045438,-16.28125,13.09375,-6.2890625,-0.9609375,4.0546875
2001-01-19,-0.7962444,3.5531762,-16.25,13.1171875,-6.3898435,-1.03125,4.140625
2001-01-20,-0.84540224,3.5606952,-16.4375,13.109375,-6.4921875,-1.0625,4.0
2001-01-21,-0.87625575,3.625009,-16.5,13.0703125,-6.6796875,-1.0859375,4.1523438
2001-01-22,-1.0665398,3.659246,-16.46875,13.1015625,-6.9453125,-1.28125,4.1289062
2001-01-23,-1.1786102,3.6898842,-16.375,13.21875,-7.1085935,-1.390625,3.9431648
2001-01-24,-1.2534947,3.7190132,-16.5,13.109375,-7.2734375,-1.4375,4.0955086
2001-01-25,-1.3157697,3.7792187,-16.75,13.265625,-7.5234375,-1.4765625,4.0955086
2001-01-26,-1.4314554,3.8226845,-16.90625,13.21875,-7.7109375,-1.578125,4.0585938
2001-01-27,-1.5862617,3.8296862,-17.0625,13.25,-7.9296875,-1.7109375,3.775196
2001-01-28,-1.7258588,3.8895483,-17.125,13.265625,-8.1953125,-1.8359375,3.8515625
2001-01-29,-1.8399318,3.8904362,-16.9375,13.375,-8.3359375,-1.9257812,3.6580086
2001-01-30,-1.9117081,3.8988667,-16.90625,13.234375,-8.4296875,-1.9921875,3.6111336
2001-01-31,-2.0626066,3.8790586,-16.9375,13.3046875,-8.530468,-2.140625,3.2869148
2001-02-01,-2.1857913,3.9077795,-16.9375,13.2890625,-8.7109375,-2.2578125,3.400196
2001-02-02,-1.9866768,3.9518867,-16.65625,13.3359375,-8.6171875,-2.078125,3.6757812
2001-02-03,-2.0844424,3.9892905,-16.71875,13.421875,-8.7578125,-2.1171875,3.6328125
2001-02-04,-2.180113,4.080542,-16.96875,13.546875,-8.9921875,-2.203125,3.6171875
2001-02-05,-2.247486,4.1554317,-16.8125,13.46875,-9.171093,-2.3046875,3.8181648
2001-02-06,-2.3084722,4.155111,-16.90625,13.53125,-9.240624,-2.3554688,3.6953125
2001-02-07,-2.426286,4.149462,-17.0,13.453125,-9.3828125,-2.4609375,3.5
2001-02-08,-2.538415,4.1889887,-17.15625,13.5078125,-9.592968,-2.5703125,3.5390625
2001-02-09,-2.6483243,4.280322,-17.3125,13.5,-9.8671875,-2.671875,3.6367188
2001-02-10,-2.7371376,4.2858315,-17.1875,13.65625,-9.921093,-2.75,3.572071
2001-02-11,-2.7489655,4.3101506,-17.375,13.6640625,-10.0234375,-2.75,3.5212898
2001-02-12,-2.8363183,4.3895617,-17.5625,13.703125,-10.280468,-2.8359375,3.5078125
2001-02-13,-3.011184,4.4066744,-17.625,13.7265625,-10.4921875,-3.0,3.375
2001-02-14,-3.0990734,4.4273973,-17.5625,13.7265625,-10.592968,-3.0625,3.4353523
2001-02-15,-3.1523588,4.473255,-17.75,13.8046875,-10.733593,-3.1445312,3.4492188
2001-02-16,-3.0898433,4.506288,-17.65625,13.875,-10.7109375,-3.078125,3.484375
2001-02-17,-2.9932978,4.6338353,-17.8125,14.125,-10.8203125,-2.9726562,3.9900398
2001-02-18,-3.194878,4.662721,-17.90625,14.015625,-11.0390625,-3.1757812,3.874611
2001-02-19,-3.2112057,4.68516,-17.9375,14.0,-11.1171875,-3.2148438,3.915821
2001-02-20,-3.2081532,4.7510567,-17.84375,14.1484375,-11.2109375,-3.2109375,4.02129
2001-02-21,-3.3454843,4.7252,-17.65625,14.109375,-11.2265625,-3.359375,3.8667984
2001-02-22,-3.412181,4.7062626,-17.59375,14.1953125,-11.2421875,-3.40625,3.7869148
2001-02-23,-3.408276,4.706861,-17.59375,14.15625,-11.202343,-3.375,3.7166023
2001-02-24,-3.439751,4.755771,-17.6875,14.2734375,-11.2890625,-3.4296875,3.8337898
2001-02-25,-3.3945584,4.802771,-17.40625,14.265625,-11.2734375,-3.4140625,4.0078125
2001-02-26,-3.5312374,4.8069,-17.375,14.359375,-11.3671875,-3.5703125,3.8806648
2001-02-27,-3.5619535,4.8475924,-17.46875,14.296875,-11.4296875,-3.6171875,4.0273438
2001-02-28,-3.5788057,4.8626676,-17.5,14.34375,-11.4296875,-3.640625,4.0507812
2001-03-01,-3.550732,4.897308,-17.375,14.390625,-11.4453125,-3.59375,3.9431648
2001-03-02,-3.6463532,4.906765,-17.5625,14.5,-11.4765625,-3.671875,3.806446
2001-03-03,-3.6414871,4.975269,-17.71875,14.5078125,-11.5703125,-3.6796875,4.15625
2001-03-04,-3.6896114,4.9809723,-17.65625,14.546875,-11.5859375,-3.71875,4.159767
2001-03-05,-3.6442964,4.9710336,-17.53125,14.484375,-11.5078125,-3.6875,4.318165
2001-03-06,-3.6519065,4.9540725,-17.4375,14.53125,-11.436718,-3.734375,4.2769547
2001-03-07,-3.5086358,5.0112414,-17.5625,14.59375,-11.3984375,-3.5859375,4.5273438
2001-03-08,-3.4491675,5.054958,-17.5625,14.609375,-11.3828125,-3.5390625,4.8416023
2001-03-09,-3.351778,5.1121182,-17.3125,14.828125,-11.3515625,-3.453125,5.130665
2001-03-10,-3.3195698,5.107899,-17.1875,14.890625,-11.2421875,-3.4375,5.2421875
2001-03-11,-3.2377217,5.0888195,-17.03125,14.9375,-11.0546875,-3.3789062,5.322071
2001-03-12,-3.183756,5.1062284,-17.03125,14.953125,-11.0234375,-3.3671875,5.3984375
2001-03-13,-3.2252147,5.1401167,-16.90625,14.9921875,-11.0703125,-3.4140625,5.42754
2001-03-14,-3.2165918,5.223532,-16.84375,15.09375,-11.1640625,-3.4140625,5.5117188
2001-03-15,-3.2625527,5.30543,-16.90625,15.1875,-11.2734375,-3.5195312,5.733986
2001-03-16,-3.1918423,5.3396487,-16.84375,15.125,-11.2421875,-3.4609375,5.837696
2001-03-17,-3.2768285,5.3306236,-16.8125,15.1875,-11.249218,-3.5351562,5.7421875
2001-03-18,-3.2234058,5.369947,-16.8125,15.34375,-11.2421875,-3.5039062,5.8203125
2001-03-19,-3.2776604,5.409592,-16.75,15.4140625,-11.3515625,-3.59375,5.9921875
2001-03-20,-3.2556686,5.44001,-16.84375,15.375,-11.3515625,-3.5664062,6.103321
2001-03-21,-2.9996996,5.4740887,-16.71875,15.359375,-11.1171875,-3.328125,6.4041023
2001-03-22,-2.9901843,5.502522,-16.75,15.515625,-11.1015625,-3.3125,6.525196
2001-03-23,-2.9734926,5.5283337,-16.8125,15.5625,-11.092968,-3.3085938,6.6228523
2001-03-24,-2.87227,5.5861425,-16.90625,15.71875,-11.0390625,-3.21875,6.8394547
2001-03-25,-2.762258,5.623177,-16.875,15.6796875,-10.9609375,-3.125,7.078125
2001-03-26,-2.674486,5.6406655,-16.8125,15.703125,-10.8828125,-3.03125,7.21875
2001-03-27,-2.647592,5.7157245,-16.9375,15.78125,-10.9765625,-3.0,7.3125
2001-03-28,-2.6923797,5.763045,-16.9375,15.890625,-11.0390625,-3.0859375,7.3863297
2001-03-29,-2.6556814,5.7903624,-17.03125,15.859375,-11.0390625,-3.0546875,7.4648438
2001-03-30,-2.5370293,5.8031626,-17.0,15.859375,-10.9296875,-2.9257812,7.6927757
2001-03-31,-2.3059738,5.8450785,-16.8125,15.890625,-10.7421875,-2.6796875,8.0625
2001-04-01,-2.2228458,5.8787146,-16.90625,15.875,-10.6796875,-2.625,8.203125
2001-04-02,-2.1049135,5.9083304,-16.9375,15.953125,-10.5859375,-2.4765625,8.28125
2001-04-03,-2.0584185,5.979863,-16.96875,16.0,-10.6015625,-2.4140625,8.515625
2001-04-04,-2.0603056,6.018089,-17.0,16.140625,-10.639843,-2.4570312,8.659767
2001-04-05,-1.9714582,6.0709853,-17.0625,16.171875,-10.6171875,-2.3359375,8.890625
2001-04-06,-1.7587472,6.160748,-17.125,16.28125,-10.5390625,-2.0976562,9.276955
2001-04-07,-1.7220473,6.223493,-17.25,16.21875,-10.6015625,-2.046875,9.425392
2001-04-08,-1.6350385,6.234821,-17.21875,16.34375,-10.514843,-1.9375,9.452347
2001-04-09,-1.5904183,6.246457,-17.21875,16.265625,-10.4921875,-1.8515625,9.63633
2001-04-10,-1.5524458,6.242327,-17.15625,16.25,-10.4140625,-1.8203125,9.6796875
2001-04-11,-1.3582212,6.253895,-17.0625,16.34375,-10.2265625,-1.6054688,9.82383
2001-04-12,-1.1967334,6.3194633,-17.03125,16.359375,-10.1640625,-1.4140625,10.144142
2001-04-13,-1.0720698,6.3874288,-16.9375,16.40625,-10.1015625,-1.2265625,10.484375
2001-04-14,-0.99337417,6.432323,-16.96875,16.59375,-10.0859375,-1.1640625,10.66758
2001-04-15,-0.73407096,6.4818177,-16.9375,16.609375,-9.9140625,-0.86328125,10.9375
2001-04-16,-0.56757396,6.5239115,-17.0,16.765625,-9.8203125,-0.62109375,11.058205
2001-04-17,-0.50099474,6.597219,-17.03125,16.90625,-9.8515625,-0.5,11.3671875
2001-04-18,-0.46087155,6.632276,-17.09375,16.96875,-9.858593,-0.375,11.472267
2001-04-19,-0.31582657,6.715198,-17.125,17.09375,-9.8671875,-0.171875,11.765625
2001-04-20,-0.12245967,6.735628,-17.125,17.15625,-9.7265625,0.0703125,11.953125
2001-04-21,0.009097867,6.7567477,-17.21875,17.375,-9.639843,0.296875,12.015625
2001-04-22,0.16462442,6.7976403,-17.25,17.515625,-9.6015625,0.53515625,12.1875
2001-04-23,0.3727831,6.8227377,-17.1875,17.46875,-9.4296875,0.83203125,12.4453125
2001-04-24,0.3423138,6.833002,-17.25,17.640625,-9.4765625,0.84375,12.4375
2001-04-25,0.40901107,6.894088,-17.375,17.8125,-9.5234375,1.0078125,12.5625
2001-04-26,0.6078231,6.947469,-17.3125,17.9375,-9.4453125,1.28125,12.765625
2001-04-27,0.6710327,7.000896,-17.4375,18.09375,-9.5078125,1.40625,12.9453125
2001-04-28,0.88285434,7.050999,-17.46875,18.28125,-9.4296875,1.7304688,13.2109375
2001-04-29,1.0655873,7.0860033,-17.53125,18.3125,-9.342968,2.0039062,13.401955
2001-04-30,1.1979061,7.1146297,-17.53125,18.5,-9.2890625,2.2246094,13.546875
2001-05-01,1.3392692,7.1544795,-17.59375,18.625,-9.2734375,2.4257812,13.6875
2001-05-02,1.4438399,7.193884,-17.5625,18.828125,-9.2578125,2.6367188,13.828125
2001-05-03,1.5353924,7.1915402,-17.5,18.921875,-9.2109375,2.734375,13.796875
2001-05-04,1.6723785,7.218685,-17.5,19.140625,-9.1640625,2.9804688,13.953125
2001-05-05,1.810351,7.28382,-17.59375,19.359375,-9.1953125,3.1972656,14.1875
2001-05-06,1.8445722,7.326583,-17.65625,19.5625,-9.2265625,3.2421875,14.265625
2001-05-07,1.9379525,7.3497467,-17.5625,19.75,-9.2109375,3.3789062,14.425392
2001-05-08,2.1762993,7.3544774,-17.5,19.984375,-9.030468,3.6894531,14.53125
2001-05-09,2.3803713,7.3840857,-17.5,20.1875,-8.9765625,3.9453125,14.703125
2001-05-10,2.394568,7.4123263,-17.53125,20.375,-9.0078125,3.9960938,14.7421875
2001-05-11,2.480644,7.444384,-17.625,20.671875,-9.046093,4.1015625,14.859375
2001-05-12,2.6714356,7.472353,-17.625,20.84375,-8.952343,4.375,15.046875
2001-05-13,2.8016653,7.5135946,-17.65625,21.125,-8.952343,4.5390625,15.203125
2001-05-14,2.909602,7.5293403,-17.6875,21.28125,-8.8828125,4.6601562,15.3515625
2001-05-15,3.0112562,7.568971,-17.6875,21.40625,-8.8828125,4.78125,15.515625
2001-05-16,3.1351748,7.5733185,-17.59375,21.6875,-8.8515625,4.9101562,15.578125
2001-05-17,3.2402976,7.6079483,-17.71875,21.90625,-8.8359375,5.0429688,15.75
2001-05-18,3.329557,7.632591,-17.8125,22.125,-8.8515625,5.1640625,15.878517
2001-05-19,3.4381554,7.672641,-17.96875,22.25,-8.8359375,5.2910156,16.08516
2001-05-20,3.5950947,7.7073264,-18.0,22.46875,-8.8046875,5.4570312,16.296875
2001-05-21,3.626334,7.7455254,-17.96875,22.5625,-8.874218,5.4726562,16.40625
2001-05-22,3.7893689,7.7743583,-18.03125,22.6875,-8.8203125,5.6445312,16.569534
2001-05-23,3.9108875,7.8022966,-18.03125,22.890625,-8.8046875,5.7851562,16.694534
2001-05-24,4.099303,7.8420362,-18.09375,23.0625,-8.7421875,5.9726562,16.984375
2001-05-25,4.251096,7.877932,-18.03125,23.140625,-8.7578125,6.1503906,17.125
2001-05-26,4.4022236,7.9271207,-18.15625,23.28125,-8.7265625,6.283203,17.375
2001-05-27,4.3805556,7.9607544,-18.125,23.46875,-8.858593,6.2578125,17.484375
2001-05-28,4.4075704,7.9872737,-18.21875,23.484375,-8.8828125,6.25,17.625
2001-05-29,4.5184865,8.022543,-18.34375,23.625,-8.8671875,6.3691406,17.859375
2001-05-30,4.73588,8.060179,-18.25,23.703125,-8.7890625,6.5839844,18.15625
2001-05-31,4.855741,8.089403,-18.34375,23.859375,-8.780468,6.6972656,18.328125
2001-06-01,4.930077,8.130739,-18.375,23.9375,-8.858593,6.765625,18.5
2001-06-02,5.0856843,8.1675005,-18.40625,24.0625,-8.811718,6.9179688,18.75
2001-06-03,5.0393553,8.204322,-18.5,24.0625,-8.9765625,6.8496094,18.8125
2001-06-04,5.1700273,8.2514305,-18.46875,24.109375,-8.9609375,6.9257812,19.140625
2001-06-05,5.280381,8.269471,-18.46875,24.109375,-8.936718,7.044922,19.28125
2001-06-06,5.444311,8.305089,-18.5625,24.125,-8.9140625,7.21875,19.5
2001-06-07,5.4978395,8.351814,-18.5,24.1875,-9.0234375,7.2578125,19.65625
2001-06-08,5.510231,8.403231,-18.53125,24.28125,-9.1015625,7.2265625,19.84375
2001-06-09,5.575121,8.421643,-18.5625,24.25,-9.0859375,7.28125,20.0
2001-06-10,5.769846,8.446236,-18.71875,24.25,-8.9921875,7.4609375,20.3125
2001-06-11,5.6938896,8.488626,-18.71875,24.28125,-9.139843,7.3398438,20.375
2001-06-12,5.8262568,8.508328,-18.8125,24.203125,-9.0859375,7.466797,20.59375
2001-06-13,5.9602323,8.548241,-18.84375,24.15625,-9.0859375,7.59375,20.828125
2001-06-14,5.9811873,8.595082,-18.875,24.125,-9.155468,7.5703125,21.03125
2001-06-15,6.119262,8.625817,-18.9375,24.28125,-9.0859375,7.6796875,21.265625
2001-06-16,6.1187444,8.655239,-18.9375,24.1875,-9.1640625,7.65625,21.390625
2001-06-17,6.2133117,8.676679,-18.875,24.15625,-9.108593,7.734375,21.5625
2001-06-18,6.301235,8.693703,-18.90625,24.078125,-9.1171875,7.8320312,21.65625
2001-06-19,6.4480543,8.729416,-18.9375,24.15625,-9.061718,7.9882812,21.875
2001-06-20,6.5354977,8.780523,-19.0,24.234375,-9.1015625,8.0546875,22.0625
2001-06-21,6.615155,8.808939,-19.125,24.28125,-9.1015625,8.1328125,22.1875
2001-06-22,6.524076,8.842398,-19.25,24.3125,-9.249218,8.015625,22.25
2001-06-23,6.558744,8.859367,-19.46875,24.375,-9.2421875,8.03125,22.36641
2001-06-24,6.6617136,8.880365,-19.65625,24.34375,-9.2109375,8.140625,22.53125
2001-06-25,6.6996026,8.902733,-19.75,24.4375,-9.2265625,8.1953125,22.59375
2001-06-26,6.788156,8.928811,-19.96875,24.53125,-9.2421875,8.2890625,22.71875
2001-06-27,6.769902,8.962452,-19.96875,24.59375,-9.3203125,8.25,22.8125
2001-06-28,6.6395273,8.971059,-20.15625,24.59375,-9.4921875,8.09375,22.71875
2001-06-29,6.803135,8.972792,-20.1875,24.640625,-9.3203125,8.2578125,22.90625
2001-06-30,6.8693485,8.992322,-20.34375,24.59375,-9.3359375,8.328125,22.9375
2001-07-01,6.8623524,9.003088,-20.28125,24.640625,-9.3984375,8.3203125,22.96875
2001-07-02,6.9340453,9.005865,-20.34375,24.640625,-9.3203125,8.390625,23.03125
2001-07-03,6.9521585,9.007272,-20.375,24.65625,-9.2578125,8.3984375,23.03125
2001-07-04,6.840627,9.024587,-20.5,24.6875,-9.389843,8.253906,23.0
2001-07-05,6.957676,9.029183,-20.5,24.71875,-9.2890625,8.375,23.125
2001-07-06,6.951588,9.037935,-20.625,24.65625,-9.3046875,8.3828125,23.109375
2001-07-07,6.910077,9.042764,-20.6875,24.625,-9.358593,8.34375,23.0625
2001-07-08,7.01291,9.045818,-20.71875,24.640625,-9.2734375,8.453125,23.109375
2001-07-09,7.104145,9.048989,-20.71875,24.65625,-9.2265625,8.5625,23.15625
2001-07-10,7.0577645,9.073043,-20.875,24.65625,-9.3203125,8.519531,23.09375
2001-07-11,7.08529,9.075332,-20.9375,24.609375,-9.2890625,8.5546875,23.140625
2001-07-12,7.1026587,9.055903,-20.90625,24.609375,-9.2890625,8.609375,23.03125
2001-07-13,7.0350165,9.074223,-21.03125,24.5625,-9.3203125,8.5,23.0625
2001-07-14,7.029432,9.071044,-21.09375,24.515625,-9.342968,8.4921875,23.03125
2001-07-15,6.93986,9.061413,-21.40625,24.53125,-9.3515625,8.390625,22.9375
2001-07-16,7.080455,9.05586,-21.625,24.46875,-9.2421875,8.578125,22.99141
2001-07-17,7.043125,9.080511,-21.6875,24.53125,-9.311718,8.5546875,22.9375
2001-07-18,6.9522767,9.060222,-21.53125,24.453125,-9.3671875,8.472656,22.84375
2001-07-19,7.0209136,9.045711,-21.6875,24.40625,-9.3046875,8.53125,22.84375
2001-07-20,7.060488,9.054084,-21.78125,24.40625,-9.3046875,8.5859375,22.828125
2001-07-21,7.01456,9.057391,-21.71875,24.375,-9.3515625,8.546875,22.78125
2001-07-22,6.9892654,9.01991,-21.75,24.375,-9.3203125,8.535156,22.600784
2001-07-23,6.962495,9.015747,-21.71875,24.3125,-9.3359375,8.5,22.600784
2001-07-24,6.9662976,8.9954605,-21.53125,24.296875,-9.2734375,8.5,22.5
2001-07-25,6.964746,8.976618,-21.53125,24.28125,-9.2578125,8.5078125,22.4375
2001-07-26,6.9075665,8.965558,-21.625,24.28125,-9.2734375,8.457031,22.34375
2001-07-27,7.0122876,8.969892,-21.875,24.203125,-9.155468,8.5546875,22.40625
2001-07-28,6.986381,8.967032,-21.78125,24.203125,-9.2109375,8.5234375,22.296875
2001-07-29,7.0063396,8.955372,-21.78125,24.15625,-9.1953125,8.5625,22.28125
2001-07-30,7.0849495,8.943183,-21.8125,24.0625,-9.1328125,8.6640625,22.25
2001-07-31,6.940557,8.942155,-21.71875,24.03125,-9.202343,8.4921875,22.140625
2001-08-01,6.8197646,8.900601,-21.5625,24.03125,-9.2109375,8.359375,21.9375
2001-08-02,6.851602,8.867564,-21.5,23.90625,-9.124218,8.3984375,21.84375
2001-08-03,6.8116975,8.850668,-21.5,23.890625,-9.139843,8.3671875,21.71875
2001-08-04,6.777527,8.819289,-21.5625,23.84375,-9.1015625,8.3515625,21.625
2001-08-05,6.714831,8.798596,-21.53125,23.8125,-9.092968,8.285156,21.5625
2001-08-06,6.710314,8.773799,-21.34375,23.796875,-9.0234375,8.265625,21.5625
2001-08-07,6.7191606,8.743832,-21.03125,23.75,-8.9765625,8.265625,21.5
2001-08-08,6.712089,8.719728,-21.34375,23.65625,-8.9296875,8.2734375,21.4375
2001-08-09,6.6363287,8.714364,-21.46875,23.53125,-8.9921875,8.2265625,21.3125
2001-08-10,6.673745,8.695253,-21.46875,23.5625,-8.936718,8.2734375,21.28125
2001-08-11,6.532919,8.681311,-21.4375,23.640625,-9.0078125,8.1171875,21.125
2001-08-12,6.5835934,8.641929,-21.4375,23.5625,-8.889843,8.183594,21.109375
2001-08-13,6.4838276,8.630724,-21.5,23.4375,-8.9453125,8.0703125,21.03125
2001-08-14,6.541315,8.586248,-21.40625,23.46875,-8.827343,8.109375,21.0
2001-08-15,6.6057186,8.548942,-21.4375,23.4375,-8.7421875,8.203125,20.875
2001-08-16,6.460323,8.5348425,-21.46875,23.4375,-8.8359375,8.035156,20.725784
2001-08-17,6.284203,8.499907,-21.46875,23.375,-8.8828125,7.8359375,20.59375
2001-08-18,6.2909913,8.463727,-21.46875,23.28125,-8.7890625,7.8515625,20.625
2001-08-19,6.477609,8.425263,-21.28125,23.265625,-8.5390625,8.0625,20.6875
2001-08-20,6.3695035,8.398279,-21.25,23.25,-8.5703125,7.9453125,20.53125
2001-08-21,6.283566,8.366146,-21.1875,23.15625,-8.5390625,7.828125,20.49141
2001-08-22,6.3513594,8.329572,-21.1875,23.03125,-8.3828125,7.8984375,20.5
2001-08-23,6.305339,8.316956,-21.3125,23.109375,-8.4296875,7.859375,20.375
2001-08-24,6.138197,8.26314,-20.9375,22.96875,-8.483593,7.6972656,20.15625
2001-08-25,6.1002655,8.246195,-21.15625,22.90625,-8.4609375,7.6328125,20.21875
2001-08-26,6.2701797,8.204781,-21.1875,22.90625,-8.2890625,7.859375,20.28125
2001-08-27,6.228558,8.192943,-21.09375,22.90625,-8.3046875,7.7851562,20.1875
2001-08-28,6.0444455,8.16166,-20.9375,22.84375,-8.3515625,7.5625,20.0625
2001-08-29,6.081823,8.117549,-20.59375,22.78125,-8.2421875,7.5820312,20.109375
2001-08-30,6.1285167,8.059421,-20.53125,22.6875,-8.0703125,7.6210938,20.015625
2001-08-31,6.0337996,8.021954,-20.65625,22.65625,-8.0703125,7.5234375,19.875
2001-09-01,5.957934,7.9879794,-20.75,22.625,-8.0390625,7.421875,19.78125
2001-09-02,5.899958,7.9642563,-20.78125,22.59375,-8.0234375,7.3554688,19.78125
2001-09-03,5.983682,7.9295025,-20.75,22.53125,-7.8203125,7.421875,19.84375
2001-09-04,5.8340487,7.869263,-20.59375,22.53125,-7.8359375,7.2382812,19.53125
2001-09-05,5.8560076,7.8246484,-20.375,22.40625,-7.7804685,7.2734375,19.5
2001-09-06,5.7461047,7.7807326,-20.21875,22.375,-7.7421875,7.1289062,19.390625
2001-09-07,5.676729,7.726275,-20.1875,22.25,-7.6796875,7.046875,19.25
2001-09-08,5.7191534,7.6894617,-20.09375,22.21875,-7.5773435,7.0878906,19.34375
2001-09-09,5.693935,7.626979,-20.0,22.171875,-7.4609375,7.0273438,19.1875
2001-09-10,5.578742,7.566201,-20.15625,22.0625,-7.4296875,6.8671875,18.96875
2001-09-11,5.6133995,7.5176735,-19.84375,22.03125,-7.2804685,6.8984375,18.96875
2001-09-12,5.6271935,7.4853463,-19.75,21.96875,-7.2335935,6.9023438,18.9375
2001-09-13,5.3859816,7.419814,-19.90625,21.90625,-7.3046875,6.625,18.625
2001-09-14,5.381345,7.37006,-19.9375,21.9375,-7.2265625,6.6171875,18.5
2001-09-15,5.385454,7.336408,-19.90625,21.84375,-7.1796875,6.625,18.53125
2001-09-16,5.26133,7.287901,-20.15625,21.84375,-7.1640625,6.4609375,18.34375
2001-09-17,5.0510464,7.212718,-19.90625,21.65625,-7.2109375,6.2070312,18.125
2001-09-18,5.0932045,7.1283975,-19.53125,21.546875,-6.9921875,6.2265625,18.0625
2001-09-19,5.0692854,7.0718007,-19.34375,21.53125,-6.8671875,6.185547,17.96875
2001-09-20,5.066595,7.0184402,-19.1875,21.515625,-6.8273435,6.1601562,17.84375
2001-09-21,5.007204,6.9723177,-19.1875,21.375,-6.7890625,6.09375,17.765625
2001-09-22,5.0095763,6.911483,-19.125,21.375,-6.7023435,6.0859375,17.734375
2001-09-23,4.88003,6.8758154,-19.15625,21.328125,-6.7421875,5.8828125,17.59375
2001-09-24,4.931394,6.825028,-18.875,21.21875,-6.6328125,5.9609375,17.546875
2001-09-25,4.8691144,6.77558,-18.90625,21.15625,-6.5703125,5.8632812,17.5
2001-09-26,4.7547483,6.7159224,-18.75,21.09375,-6.5390625,5.751953,17.3125
2001-09-27,4.6347623,6.6383142,-18.4375,20.96875,-6.5234375,5.5976562,17.125
2001-09-28,4.5554814,6.5668306,-18.5625,20.875,-6.4296875,5.4960938,16.9375
2001-09-29,4.4921203,6.479496,-18.34375,20.71875,-6.3671875,5.4433594,16.703125
2001-09-30,4.491904,6.410616,-18.5625,20.625,-6.3046875,5.4335938,16.484375
2001-10-01,4.3679957,6.374949,-18.8125,20.546875,-6.3742185,5.314453,16.265625
2001-10-02,4.261566,6.3192377,-18.625,20.375,-6.3828125,5.1953125,16.0625
2001-10-03,4.125675,6.2522798,-18.5,20.28125,-6.3671875,5.0410156,15.8359375
2001-10-04,3.9743788,6.1710095,-18.40625,20.15625,-6.3359375,4.875,15.589455
2001-10-05,3.842304,6.0805645,-18.3125,20.0625,-6.2578125,4.6972656,15.421875
2001-10-06,3.8244653,6.015604,-18.15625,19.9375,-6.1484375,4.6640625,15.328125
2001-10-07,3.7296793,5.954825,-18.21875,19.8125,-6.1171875,4.5390625,15.140625
2001-10-08,3.6144905,5.8985524,-18.375,19.625,-6.1171875,4.4101562,14.984375
2001-10-09,3.5288353,5.8491435,-18.3125,19.5,-6.100781,4.314453,14.890625
2001-10-10,3.5321946,5.7623487,-18.125,19.4375,-5.9296875,4.296875,14.75
2001-10-11,3.4265504,5.714033,-18.21875,19.25,-5.890625,4.15625,14.65625
2001-10-12,3.2439768,5.6589904,-18.34375,19.15625,-5.9296875,3.921875,14.484375
2001-10-13,3.0992217,5.5856247,-17.90625,19.0,-5.9140625,3.7460938,14.328125
2001-10-14,3.0303516,5.522747,-17.84375,18.78125,-5.8203125,3.640625,14.26133
2001-10-15,2.966988,5.4466863,-17.8125,18.59375,-5.75,3.5703125,13.984375
2001-10-16,2.8415213,5.363214,-17.8125,18.515625,-5.75,3.4375,13.714455
2001-10-17,2.7923777,5.320037,-17.78125,18.375,-5.7109375,3.3789062,13.6484375
2001-10-18,2.5821788,5.2637234,-17.75,18.21875,-5.75,3.1054688,13.5
2001-10-19,2.5694094,5.1985435,-17.75,18.03125,-5.6328125,3.09375,13.3671875
2001-10-20,2.6882498,5.154955,-17.8125,17.8125,-5.46875,3.2285156,13.40625
2001-10-21,2.5460896,5.1027584,-17.8125,17.625,-5.4722652,3.0546875,13.265625
2001-10-22,2.358553,5.015257,-17.84375,17.46875,-5.46875,2.8144531,12.9921875
2001-10-23,2.4163587,4.9600883,-17.875,17.21875,-5.3125,2.8652344,12.90625
2001-10-24,2.3804238,4.9014063,-17.78125,17.078125,-5.234375,2.8046875,12.847267
2001-10-25,2.3101695,4.8730283,-17.71875,16.984375,-5.25,2.7148438,12.7734375
2001-10-26,2.080501,4.808097,-17.75,16.84375,-5.319531,2.4648438,12.38633
2001-10-27,2.0032792,4.740644,-17.75,16.765625,-5.2578125,2.3632812,12.25
2001-10-28,1.9240817,4.6669555,-17.8125,16.53125,-5.1796875,2.2617188,12.046875
2001-10-29,1.8115104,4.5986133,-17.75,16.328125,-5.1640625,2.125,11.859375
2001-10-30,1.6854426,4.553214,-17.71875,16.15625,-5.21875,1.96875,11.640625
2001-10-31,1.6637853,4.493451,-17.6875,16.015625,-5.109375,1.9335938,11.5546875
2001-11-01,1.5920378,4.415806,-17.6875,15.921875,-5.0,1.8476562,11.3671875
2001-11-02,1.6171069,4.3725476,-17.65625,15.921875,-4.8828125,1.8476562,11.41758
2001-11-03,1.577599,4.325644,-17.625,15.8515625,-4.8671875,1.7695312,11.2109375
2001-11-04,1.4244789,4.2921586,-17.59375,15.796875,-4.8828125,1.6015625,11.0625
2001-11-05,1.2440802,4.2278104,-17.5625,15.7109375,-4.9453125,1.421875,10.75
2001-11-06,1.1838402,4.195276,-17.59375,15.6640625,-4.921875,1.3359375,10.6875
2001-11-07,1.0849582,4.1424613,-17.46875,15.7265625,-4.897656,1.1953125,10.51133
2001-11-08,1.2256144,4.11831,-17.53125,15.609375,-4.703125,1.3046875,10.57383
2001-11-09,1.1753161,4.078388,-17.6875,15.65625,-4.6675777,1.2578125,10.456642
2001-11-10,1.0181077,4.042802,-17.65625,15.609375,-4.7578125,1.09375,10.217972
2001-11-11,0.79024875,3.9656694,-17.53125,15.5,-4.8359375,0.8515625,9.847267
2001-11-12,0.8362913,3.9174495,-17.59375,15.390625,-4.703125,0.890625,9.796875
2001-11-13,0.6896225,3.865361,-17.59375,15.4375,-4.7578125,0.7109375,9.534767
2001-11-14,0.5288076,3.8178456,-17.59375,15.453125,-4.8359375,0.546875,9.269142
2001-11-15,0.4377318,3.7794576,-17.53125,15.453125,-4.8359375,0.4375,9.109375
2001-11-16,0.33969605,3.6990144,-17.375,15.46875,-4.78125,0.34375,8.830864
2001-11-17,0.33170822,3.6917052,-17.375,15.390625,-4.7578125,0.296875,8.784767
2001-11-18,0.3325284,3.681837,-17.40625,15.265625,-4.678906,0.265625,8.796875
2001-11-19,0.18953171,3.6104448,-17.53125,15.28125,-4.71875,0.1171875,8.441017
2001-11-20,0.084692016,3.5607202,-17.46875,15.265625,-4.7421875,0.01953125,8.210159
2001-11-21,0.07062604,3.499351,-17.3125,15.25,-4.6640625,0.0078125,8.0703125
2001-11-22,-0.03763734,3.4336104,-17.28125,15.2578125,-4.6640625,-0.109375,7.7048836
2001-11-23,-0.15510403,3.3804069,-17.25,15.171875,-4.710156,-0.2265625,7.4392586
2001-11-24,-0.13947271,3.3649573,-17.25,15.1171875,-4.6328125,-0.2421875,7.493946
2001-11-25,0.040617578,3.3643036,-17.1875,15.046875,-4.4453125,-0.078125,7.6953125
2001-11-26,-0.114541344,3.3105845,-17.21875,15.109375,-4.5,-0.234375,7.3671875
2001-11-27,-0.13321213,3.308192,-17.28125,15.171875,-4.5035152,-0.265625,7.3351593
2001-11-28,-0.32826084,3.2716439,-17.3125,15.09375,-4.609375,-0.4765625,7.11504
2001-11-29,-0.37072214,3.2210445,-17.15625,15.0078125,-4.609375,-0.5078125,6.894142
2001-11-30,-0.43864992,3.1672094,-17.03125,14.96875,-4.5625,-0.5859375,6.6459007
2001-12-01,-0.3047254,3.1891408,-17.09375,15.0,-4.453125,-0.46875,6.8515625
2001-12-02,-0.48750332,3.1529782,-17.125,14.984375,-4.578125,-0.6484375,6.6228523
2001-12-03,-0.42585945,3.1276686,-17.21875,14.921875,-4.5,-0.5859375,6.6007843
2001-12-04,-0.5062938,3.080191,-17.125,14.953125,-4.484375,-0.671875,6.421875
2001-12-05,-0.49203902,3.0515292,-17.0,14.9375,-4.453125,-0.6484375,6.269142
2001-12-06,-0.59309524,3.021512,-16.90625,14.9609375,-4.5078125,-0.75390625,6.0546875
2001-12-07,-0.74369043,2.9849355,-16.96875,14.84375,-4.6171875,-0.921875,5.853321
2001-12-08,-0.50800365,2.966713,-17.03125,14.984375,-4.390625,-0.6875,5.987892
2001-12-09,-0.60893196,2.948196,-17.1875,15.015625,-4.4453125,-0.78125,5.7791023
2001-12-10,-0.7418321,2.9340572,-17.125,14.9765625,-4.578125,-0.90625,5.5486336
2001-12-11,-0.86222136,2.8958168,-17.0625,14.9375,-4.6171875,-1.03125,5.322071
2001-12-12,-0.89526695,2.8809652,-17.03125,14.828125,-4.6398435,-1.0703125,5.275196
2001-12-13,-1.052852,2.8354132,-16.9375,14.8984375,-4.7265625,-1.234375,4.9140625
2001-12-14,-1.0460714,2.8379056,-16.9375,14.875,-4.7265625,-1.2421875,4.9765625
2001-12-15,-1.0221758,2.81041,-16.90625,14.84375,-4.6875,-1.2265625,4.875
2001-12-16,-0.8594725,2.8157353,-16.9375,14.8515625,-4.5625,-1.0390625,5.0955086
2001-12-17,-0.90013117,2.847578,-16.96875,14.90625,-4.609375,-1.09375,5.1892586
2001-12-18,-0.94366384,2.7996237,-16.6875,14.90625,-4.59375,-1.1328125,4.9175797
2001-12-19,-0.92495906,2.8257124,-16.90625,14.875,-4.6328125,-1.1171875,5.025196
2001-12-20,-0.9742157,2.8031332,-16.78125,14.8671875,-4.6675777,-1.15625,4.880665
2001-12-21,-1.0914482,2.8009205,-16.84375,14.8125,-4.78125,-1.2890625,4.7144547
2001-12-22,-1.0970296,2.7770472,-16.90625,14.8203125,-4.7578125,-1.296875,4.64629
2001-12-23,-1.1453459,2.7764742,-17.03125,14.6796875,-4.8359375,-1.328125,4.540821
2001-12-24,-1.2271268,2.7893894,-16.9375,14.671875,-4.9523435,-1.40625,4.4605484
2001-12-25,-1.3126789,2.790859,-16.78125,14.765625,-5.046875,-1.484375,4.2830086
2001-12-26,-1.4663309,2.7674875,-16.75,14.7109375,-5.21875,-1.6484375,4.0330086
2001-12-27,-1.4774936,2.7747617,-16.8125,14.6875,-5.2890625,-1.6484375,3.9818382
2001-12-28,-1.5014694,2.7603815,-16.84375,14.7109375,-5.2734375,-1.65625,3.8298836
2001-12-29,-1.5776045,2.7641912,-16.71875,14.6875,-5.421875,-1.71875,3.7669945
2001-12-30,-1.4953163,2.7975333,-16.53125,14.75,-5.3984375,-1.6484375,3.9587898
2001-12-31,-1.5051659,2.81464,-16.5625,14.765625,-5.421875,-1.65625,3.9857445
2002-01-01,-1.49833,2.80075,-16.5,14.671875,-5.444531,-1.6367188,3.859375
2002-01-02,-1.5806531,2.8189619,-16.4375,14.625,-5.578125,-1.7109375,3.8632812
2002-01-03,-1.5106221,2.8069642,-16.53125,14.71875,-5.5078125,-1.640625,3.7109375
2002-01-04,-1.661418,2.8098974,-16.40625,14.6875,-5.7109375,-1.7734375,3.5603523
2002-01-05,-1.7027179,2.8372796,-16.40625,14.640625,-5.8046875,-1.8203125,3.6640625
2002-01-06,-1.6322355,2.842178,-16.46875,14.59375,-5.788281,-1.734375,3.6523438
2002-01-07,-1.6322328,2.8787963,-16.40625,14.734375,-5.875,-1.7265625,3.6640625
2002-01-08,-1.803019,2.8801372,-16.375,14.640625,-6.0546875,-1.890625,3.390625
2002-01-09,-1.672767,2.9290378,-16.375,14.65625,-6.0625,-1.7421875,3.6757812
2002-01-10,-1.6720428,2.9557145,-16.3125,14.71875,-6.1171875,-1.7578125,3.671875
2002-01-11,-1.8666725,2.9954653,-16.34375,14.6875,-6.3515625,-1.953125,3.5447273
2002-01-12,-1.9085897,3.0170515,-16.40625,14.7265625,-6.4296875,-1.9921875,3.431446
2002-01-13,-2.0498087,3.0150678,-16.40625,14.578125,-6.5859375,-2.140625,3.3164062
2002-01-14,-1.932588,2.9625304,-16.09375,14.6640625,-6.3742185,-2.0117188,3.25
2002-01-15,-1.7959462,2.9905062,-16.03125,14.6328125,-6.3046875,-1.875,3.3103523
2002-01-16,-1.9885505,3.009273,-16.09375,14.609375,-6.5304685,-2.0703125,3.0664062
2002-01-17,-2.07302,3.0579085,-16.25,14.4453125,-6.7578125,-2.140625,3.197071
2002-01-18,-2.0893424,3.1158457,-16.4375,14.53125,-6.9453125,-2.140625,3.2460938
2002-01-19,-2.130259,3.1585479,-16.40625,14.546875,-7.0546875,-2.1953125,3.3515625
2002-01-20,-2.1748276,3.1869552,-16.625,14.53125,-7.1328125,-2.2421875,3.3806648
2002-01-21,-2.2059476,3.2518344,-16.65625,14.484375,-7.3515625,-2.2578125,3.4570312
2002-01-22,-2.3908782,3.2827806,-16.625,14.5,-7.6085935,-2.4296875,3.2947273
2002-01-23,-2.5029037,3.319574,-16.53125,14.59375,-7.8046875,-2.5703125,3.249611
2002-01-24,-2.568857,3.3598566,-16.5,14.4765625,-7.9609375,-2.6171875,3.1423836
2002-01-25,-2.6398706,3.4317505,-16.875,14.609375,-8.1640625,-2.6796875,3.1892586
2002-01-26,-2.7695072,3.490877,-17.03125,14.546875,-8.3828125,-2.796875,3.1228523
2002-01-27,-2.9278579,3.5255954,-17.1875,14.5625,-8.6171875,-2.9570312,2.9236336
2002-01-28,-3.0682247,3.5748346,-17.25,14.578125,-8.8828125,-3.0976562,2.9101562
2002-01-29,-3.1776202,3.6199157,-17.0625,14.671875,-9.014843,-3.203125,2.7109375
2002-01-30,-3.2476022,3.6322212,-17.03125,14.515625,-9.0859375,-3.2851562,2.625
2002-01-31,-3.3789563,3.6543763,-17.0625,14.578125,-9.2421875,-3.4375,2.3515625
2002-02-01,-3.4827895,3.6804304,-17.28125,14.546875,-9.3828125,-3.5390625,2.3941422
2002-02-02,-3.292426,3.7198126,-17.03125,14.578125,-9.2578125,-3.359375,2.6523438
2002-02-03,-3.4054954,3.7962952,-17.28125,14.640625,-9.4921875,-3.4765625,2.4080086
2002-02-04,-3.517137,3.8653643,-17.625,14.734375,-9.6953125,-3.578125,2.425003
2002-02-05,-3.592262,3.9241135,-17.4375,14.640625,-9.8671875,-3.6484375,2.5742188
2002-02-06,-3.648935,3.9480252,-17.40625,14.671875,-9.9453125,-3.7382812,2.453125
2002-02-07,-3.7472146,3.9833267,-17.59375,14.59375,-10.077343,-3.8671875,2.3320312
2002-02-08,-3.8483386,4.042047,-17.8125,14.6015625,-10.3046875,-3.9375,2.1875
2002-02-09,-3.9592407,4.1179533,-18.0,14.5703125,-10.5703125,-4.0078125,2.1992188
2002-02-10,-4.0248466,4.1563416,-17.90625,14.65625,-10.6328125,-4.109375,2.2226562
2002-02-11,-4.0211315,4.186729,-18.03125,14.6328125,-10.6640625,-4.1484375,2.2457047
2002-02-12,-4.1012306,4.2618003,-18.21875,14.640625,-10.8671875,-4.2109375,2.2517586
2002-02-13,-4.249643,4.2978373,-18.34375,14.6171875,-11.0546875,-4.390625,2.1132812
2002-02-14,-4.318292,4.3379483,-18.4375,14.609375,-11.1640625,-4.453125,2.1363297
2002-02-15,-4.353833,4.3773193,-18.65625,14.6328125,-11.2421875,-4.5234375,2.265236
2002-02-16,-4.272885,4.429756,-18.65625,14.671875,-11.2265625,-4.4453125,2.40625
2002-02-17,-4.1874194,4.540192,-18.71875,14.84375,-11.3203125,-4.34375,2.6835938
2002-02-18,-4.376243,4.5778365,-18.65625,14.71875,-11.4765625,-4.5585938,2.5195312
2002-02-19,-4.379597,4.6017942,-18.65625,14.703125,-11.5234375,-4.5625,2.5173836
2002-02-20,-4.374673,4.6661506,-18.40625,14.796875,-11.6171875,-4.5625,2.6164093
2002-02-21,-4.488877,4.677211,-18.375,14.734375,-11.6796875,-4.7265625,2.4609375
2002-02-22,-4.523044,4.6868215,-18.28125,14.78125,-11.6796875,-4.75,2.3337898
2002-02-23,-4.4695225,4.71161,-18.3125,14.734375,-11.6015625,-4.7421875,2.4566422
2002-02-24,-4.459606,4.757003,-18.3125,14.796875,-11.624218,-4.75,2.4609375
2002-02-25,-4.4039526,4.798393,-18.09375,14.765625,-11.608593,-4.703125,2.5820312
2002-02-26,-4.521067,4.824409,-18.03125,14.828125,-11.749218,-4.828125,2.5173836
2002-02-27,-4.538731,4.8639407,-18.03125,14.7578125,-11.8046875,-4.8359375,2.5300827
2002-02-28,-4.533121,4.8890657,-18.03125,14.78125,-11.7890625,-4.8515625,2.5898438
2002-03-01,-4.4857364,4.9435997,-17.875,14.796875,-11.8046875,-4.8359375,2.7087898
2002-03-02,-4.550406,4.976606,-17.96875,14.8671875,-11.8671875,-4.90625,2.7460938
2002-03-03,-4.522469,5.0302258,-18.15625,14.859375,-11.9453125,-4.8671875,2.8085938
2002-03-04,-4.532694,5.044016,-18.03125,14.875,-11.9453125,-4.875,2.8025398
2002-03-05,-4.449778,5.0345597,-17.90625,14.8125,-11.8203125,-4.828125,2.8394547
2002-03-06,-4.413402,5.029821,-17.75,14.84375,-11.702343,-4.84375,2.915432
2002-03-07,-4.244199,5.066967,-17.84375,14.875,-11.6171875,-4.6875,3.103321
2002-03-08,-4.1631284,5.096903,-17.84375,14.875,-11.5703125,-4.5625,3.171486
2002-03-09,-4.062275,5.1382437,-17.59375,15.03125,-11.5234375,-4.46875,3.3455086
2002-03-10,-4.022199,5.1366944,-17.5,15.078125,-11.405468,-4.46875,3.3728523
2002-03-11,-3.9199557,5.12836,-17.34375,15.109375,-11.2421875,-4.390625,3.447071
2002-03-12,-3.8383594,5.145421,-17.25,15.125,-11.1640625,-4.3203125,3.5664062
2002-03-13,-3.8614573,5.182187,-17.15625,15.15625,-11.2421875,-4.3359375,3.6228523
2002-03-14,-3.8451407,5.2727056,-17.125,15.2265625,-11.296093,-4.3203125,3.7730484
2002-03-15,-3.8779845,5.340953,-17.125,15.2890625,-11.3984375,-4.375,3.8320312
2002-03-16,-3.7920146,5.359036,-17.15625,15.25,-11.327343,-4.28125,3.9705086
2002-03-17,-3.850435,5.3596563,-17.09375,15.3125,-11.3515625,-4.3046875,3.8650398
2002-03-18,-3.7777138,5.4052753,-17.125,15.4375,-11.3515625,-4.234375,4.0234375
2002-03-19,-3.814136,5.420696,-17.0625,15.5078125,-11.4140625,-4.25,4.0017586
2002-03-20,-3.7680721,5.449546,-17.03125,15.46875,-11.3828125,-4.1796875,4.040821
2002-03-21,-3.4922729,5.4923606,-16.90625,15.46875,-11.155468,-3.9453125,4.3416023
2002-03-22,-3.4730818,5.5132155,-16.9375,15.6171875,-11.1484375,-3.9140625,4.4584007
2002-03-23,-3.4450681,5.552624,-16.96875,15.6484375,-11.1484375,-3.8828125,4.5039062
2002-03-24,-3.3192246,5.604509,-17.0625,15.8046875,-11.0390625,-3.765625,4.6953125
2002-03-25,-3.1942687,5.614718,-17.03125,15.765625,-10.9296875,-3.6054688,4.8476562
2002-03-26,-3.0937748,5.638926,-16.96875,15.7890625,-10.889843,-3.4960938,4.92754
2002-03-27,-3.0599008,5.708661,-17.0625,15.875,-10.9453125,-3.4296875,5.093361
2002-03-28,-3.0929947,5.739628,-17.0625,15.984375,-11.0078125,-3.4257812,5.1267586
2002-03-29,-3.0433364,5.7549086,-17.15625,15.984375,-10.9296875,-3.40625,5.1615257
2002-03-30,-2.912318,5.7497725,-17.125,16.0,-10.8203125,-3.25,5.2517586
2002-03-31,-2.6719213,5.77427,-16.9375,16.0625,-10.6484375,-2.953125,5.452736
2002-04-01,-2.583305,5.800461,-17.0625,16.09375,-10.592968,-2.84375,5.581253
2002-04-02,-2.4620342,5.831154,-17.0625,16.203125,-10.4765625,-2.7265625,5.712696
2002-04-03,-2.4145818,5.8695483,-17.09375,16.25,-10.4921875,-2.59375,5.7826195
2002-04-04,-2.4108415,5.8953094,-17.125,16.40625,-10.546093,-2.5507812,5.796875
2002-04-05,-2.3267193,5.9255133,-17.15625,16.46875,-10.5078125,-2.4257812,5.890236
2002-04-06,-2.11888,6.005623,-17.25,16.578125,-10.4140625,-2.1757812,6.1835938
2002-04-07,-2.0861084,6.0531163,-17.375,16.5625,-10.467968,-2.078125,6.3103523
2002-04-08,-1.9960606,6.067208,-17.34375,16.71875,-10.3828125,-1.9296875,6.3550797
2002-04-09,-1.9496192,6.0445747,-17.34375,16.6875,-10.3203125,-1.828125,6.3394547
2002-04-10,-1.9113077,6.0340147,-17.28125,16.734375,-10.2578125,-1.7617188,6.3359375
2002-04-11,-1.7127848,6.048615,-17.21875,16.859375,-10.092968,-1.4726562,6.534767
2002-04-12,-1.5487646,6.092357,-17.15625,16.9375,-10.0390625,-1.2773438,6.655472
2002-04-13,-1.4276048,6.128461,-17.0625,17.046875,-9.9609375,-1.0703125,6.7613297
2002-04-14,-1.3581836,6.1505485,-17.09375,17.234375,-9.921093,-0.9453125,6.90625
2002-04-15,-1.1047299,6.1940613,-17.0625,17.25,-9.7578125,-0.6171875,7.108986
2002-04-16,-0.94391894,6.2408395,-17.125,17.40625,-9.7109375,-0.3515625,7.2769547
2002-04-17,-0.88678116,6.2673836,-17.15625,17.53125,-9.7421875,-0.234375,7.3294945
2002-04-18,-0.8650725,6.28744,-17.1875,17.59375,-9.7578125,-0.1328125,7.331253
2002-04-19,-0.7350546,6.3376684,-17.21875,17.71875,-9.7421875,0.109375,7.4882812
2002-04-20,-0.5498548,6.356061,-17.21875,17.78125,-9.5859375,0.38671875,7.609375
2002-04-21,-0.43212438,6.376438,-17.3125,17.96875,-9.5234375,0.58203125,7.728321
2002-04-22,-0.27839494,6.397101,-17.34375,18.109375,-9.452343,0.81640625,7.9228554
2002-04-23,-0.0788283,6.412139,-17.28125,18.0625,-9.3359375,1.1835938,8.1328125
2002-04-24,-0.13331282,6.403724,-17.3125,18.21875,-9.3984375,1.1679688,8.13633
2002-04-25,-0.08505966,6.4420424,-17.4375,18.375,-9.4296875,1.3203125,8.222267
2002-04-26,0.10022856,6.4857697,-17.40625,18.5,-9.3515625,1.6171875,8.41758
2002-04-27,0.14418927,6.517238,-17.5,18.640625,-9.3984375,1.7539062,8.5234375
2002-04-28,0.34248754,6.547654,-17.5,18.8125,-9.311718,2.0878906,8.73008
2002-04-29,0.50671196,6.5739775,-17.5625,18.84375,-9.2109375,2.3046875,8.9140625
2002-04-30,0.6203541,6.5902147,-17.5625,19.0,-9.1953125,2.4921875,8.984375
2002-05-01,0.7427822,6.617906,-17.625,19.09375,-9.1796875,2.7304688,9.159767
2002-05-02,0.8253355,6.6409845,-17.5625,19.296875,-9.1640625,2.8417969,9.280472
2002-05-03,0.89093894,6.637334,-17.46875,19.53125,-9.1171875,2.9472656,9.369926
2002-05-04,1.0107635,6.652646,-17.46875,19.71875,-9.077343,3.1992188,9.5390625
2002-05-05,1.1283791,6.696023,-17.5625,19.9375,-9.077343,3.3886719,9.625
2002-05-06,1.1319631,6.716232,-17.59375,20.125,-9.1171875,3.4648438,9.706642
2002-05-07,1.1998407,6.720363,-17.46875,20.1875,-9.1171875,3.5625,9.807426
2002-05-08,1.4167039,6.729877,-17.40625,20.46875,-8.9765625,3.8535156,9.983597
2002-05-09,1.603578,6.7604322,-17.375,20.65625,-8.8828125,4.0507812,10.1796875
2002-05-10,1.5954733,6.775848,-17.34375,20.8125,-8.983593,4.0664062,10.354301
2002-05-11,1.6632932,6.7908063,-17.40625,21.0625,-8.9921875,4.1757812,10.440239
2002-05-12,1.8350269,6.813476,-17.4375,21.21875,-8.8984375,4.3945312,10.521103
2002-05-13,1.9413912,6.838862,-17.46875,21.4375,-8.905468,4.53125,10.6484375
2002-05-14,2.0281634,6.8433137,-17.46875,21.578125,-8.8828125,4.625,10.678131
2002-05-15,2.1118035,6.860154,-17.59375,21.65625,-8.8828125,4.7460938,10.889847
2002-05-16,2.2115002,6.866323,-17.59375,21.90625,-8.8203125,4.8554688,11.019142
2002-05-17,2.297002,6.8818755,-17.6875,22.09375,-8.8515625,4.9316406,11.205086
2002-05-18,2.3637874,6.895926,-17.6875,22.28125,-8.8359375,4.9960938,11.241409
2002-05-19,2.4542983,6.915288,-17.6875,22.375,-8.8671875,5.125,11.331642
2002-05-20,2.5914712,6.934654,-17.71875,22.53125,-8.811718,5.267578,11.529694
2002-05-21,2.5960577,6.953154,-17.90625,22.609375,-8.8828125,5.2851562,11.556648
2002-05-22,2.7364028,6.9793043,-17.96875,22.6875,-8.8203125,5.4414062,11.713676
2002-05-23,2.837874,6.9994154,-18.0,22.84375,-8.827343,5.53125,11.772659
2002-05-24,3.0116975,7.0270386,-18.0625,23.0,-8.7734375,5.701172,11.943756
2002-05-25,3.1401033,7.059427,-18.03125,23.03125,-8.7734375,5.8632812,12.100784
2002-05-26,3.272376,7.092985,-18.125,23.125,-8.7734375,5.9726562,12.25
2002-05-27,3.225545,7.104533,-18.09375,23.28125,-8.8828125,5.8828125,12.296875
2002-05-28,3.2338076,7.1059103,-18.09375,23.28125,-8.905468,5.8828125,12.296097
2002-05-29,3.3279505,7.1204114,-18.21875,23.390625,-8.921093,5.953125,12.452347
2002-05-30,3.5297215,7.1474957,-18.25,23.453125,-8.827343,6.1503906,12.694534
2002-05-31,3.6258771,7.1792665,-18.28125,23.578125,-8.8671875,6.25,12.685165
2002-06-01,3.6837103,7.2012386,-18.28125,23.625,-8.8828125,6.3203125,12.859375
2002-06-02,3.8247397,7.225579,-18.40625,23.75,-8.8671875,6.4628906,13.03125
2002-06-03,3.7547019,7.2453904,-18.4375,23.75,-9.0234375,6.359375,13.09375
2002-06-04,3.8752131,7.2636356,-18.46875,23.75,-8.9921875,6.4765625,13.210159
2002-06-05,3.9641964,7.2820764,-18.4375,23.71875,-8.999218,6.5703125,13.397659
2002-06-06,4.112163,7.3075147,-18.5625,23.75,-8.9765625,6.7773438,13.4375
2002-06-07,4.1448245,7.347202,-18.5,23.796875,-9.1015625,6.798828,13.560165
2002-06-08,4.1397367,7.3693604,-18.53125,23.875,-9.2109375,6.7910156,13.6875
2002-06-09,4.187108,7.3758326,-18.59375,23.84375,-9.2109375,6.841797,13.753517
2002-06-10,4.370408,7.393616,-18.71875,23.859375,-9.1171875,7.046875,13.862114
2002-06-11,4.2725043,7.417199,-18.71875,23.890625,-9.3515625,6.904297,13.859375
2002-06-12,4.388927,7.425968,-18.8125,23.8125,-9.327343,7.0351562,13.921875
2002-06-13,4.5101213,7.456086,-18.875,23.78125,-9.3046875,7.1621094,14.109375
2002-06-14,4.517968,7.4729695,-18.96875,23.71875,-9.3671875,7.173828,14.144142
2002-06-15,4.638137,7.4963994,-19.125,23.90625,-9.3671875,7.28125,14.28125
2002-06-16,4.617701,7.5177283,-19.1875,23.84375,-9.4296875,7.2382812,14.272659
2002-06-17,4.7028637,7.526105,-19.25,23.796875,-9.389843,7.3085938,14.331642
2002-06-18,4.777003,7.5442224,-19.375,23.703125,-9.3671875,7.4003906,14.35508
2002-06-19,4.9122972,7.5754786,-19.46875,23.71875,-9.2890625,7.564453,14.491409
2002-06-20,4.9875593,7.614809,-19.53125,23.8125,-9.327343,7.6308594,14.65625
2002-06-21,5.0511923,7.641121,-19.59375,23.9375,-9.3828125,7.6953125,14.7421875
2002-06-22,4.939484,7.6613655,-19.6875,24.03125,-9.5234375,7.5859375,14.643364
2002-06-23,4.9633937,7.663545,-19.8125,24.078125,-9.5078125,7.59375,14.671875
2002-06-24,5.058947,7.677381,-19.96875,24.0625,-9.4296875,7.6972656,14.803909
2002-06-25,5.083683,7.6977715,-20.0,23.984375,-9.4296875,7.7382812,14.84375
2002-06-26,5.1608396,7.721829,-20.15625,24.15625,-9.3984375,7.8164062,14.889847
2002-06-27,5.1288295,7.739968,-20.15625,24.296875,-9.514843,7.7773438,14.921875
2002-06-28,4.9786563,7.7378826,-20.28125,24.1875,-9.6171875,7.626953,14.901955
2002-06-29,5.1355305,7.7383504,-20.28125,24.15625,-9.4765625,7.7851562,14.94883
2002-06-30,5.1975718,7.7619777,-20.375,24.125,-9.4609375,7.8554688,15.060944
2002-07-01,5.1809745,7.768313,-20.25,24.15625,-9.514843,7.8398438,15.140625
2002-07-02,5.2450533,7.770845,-20.28125,24.1875,-9.436718,7.9277344,15.237114
2002-07-03,5.2558613,7.7720366,-20.28125,24.234375,-9.4296875,7.935547,15.232819
2002-07-04,5.1306777,7.7755017,-20.34375,24.125,-9.5390625,7.7890625,15.203125
2002-07-05,5.245227,7.7780185,-20.28125,23.984375,-9.4296875,7.921875,15.352745
2002-07-06,5.2313123,7.7929935,-20.375,24.015625,-9.4296875,7.9257812,15.337898
2002-07-07,5.1813807,7.790797,-20.40625,24.0,-9.4765625,7.875,15.3164215
2002-07-08,5.2840037,7.799163,-20.40625,23.96875,-9.3984375,7.984375,15.456642
2002-07-09,5.3741856,7.8192945,-20.375,24.015625,-9.3828125,8.109375,15.475784
2002-07-10,5.3230405,7.8411784,-20.5,24.015625,-9.4296875,8.0546875,15.522659
2002-07-11,5.3499627,7.8421245,-20.5,23.96875,-9.405468,8.0859375,15.581642
2002-07-12,5.3609443,7.8409243,-20.5,23.96875,-9.3671875,8.109375,15.526176
2002-07-13,5.292138,7.843356,-20.59375,23.9375,-9.4140625,8.011719,15.510551
2002-07-14,5.285573,7.8350525,-20.59375,23.9375,-9.389843,8.0078125,15.522659
2002-07-15,5.1884065,7.8276553,-20.84375,24.0,-9.3984375,7.9140625,15.48008
2002-07-16,5.333061,7.829242,-21.03125,23.90625,-9.3359375,8.078125,15.53125
2002-07-17,5.296416,7.858575,-21.09375,23.90625,-9.4296875,8.046875,15.5390625
2002-07-18,5.1993065,7.8417373,-20.9375,23.84375,-9.4296875,7.96875,15.4375
2002-07-19,5.2711616,7.832401,-21.0625,23.796875,-9.3515625,8.0546875,15.491409
2002-07-20,5.312009,7.8508096,-21.15625,23.796875,-9.3359375,8.1171875,15.564461
2002-07-21,5.264547,7.8583145,-21.0625,23.75,-9.3671875,8.078125,15.515625
2002-07-22,5.237378,7.840158,-21.09375,23.78125,-9.3359375,8.046875,15.433205
2002-07-23,5.2164054,7.829654,-21.03125,23.75,-9.3203125,8.015625,15.409767
2002-07-24,5.223331,7.8165774,-20.8125,23.71875,-9.264843,8.03125,15.35508
2002-07-25,5.22246,7.806972,-20.8125,23.75,-9.2421875,8.03125,15.319534
2002-07-26,5.165665,7.798221,-20.875,23.671875,-9.2890625,7.9902344,15.203125
2002-07-27,5.2815166,7.801704,-21.125,23.609375,-9.186718,8.1171875,15.326569
2002-07-28,5.258698,7.8139763,-21.03125,23.65625,-9.217968,8.089844,15.331642
2002-07-29,5.2825084,7.8080177,-21.0,23.65625,-9.1328125,8.1328125,15.409767
2002-07-30,5.367863,7.8122725,-21.03125,23.515625,-9.1015625,8.203125,15.479301
2002-07-31,5.2237215,7.8054924,-20.9375,23.53125,-9.1953125,8.058594,15.370705
2002-08-01,5.098359,7.767602,-20.78125,23.53125,-9.217968,7.923828,15.25
2002-08-02,5.1335287,7.742213,-20.6875,23.46875,-9.1484375,7.9609375,15.126961
2002-08-03,5.0939918,7.7321467,-20.65625,23.4375,-9.1015625,7.9453125,15.063683
2002-08-04,5.0614996,7.7101693,-20.71875,23.34375,-9.0703125,7.9121094,14.972267
2002-08-05,5.0047493,7.6872344,-20.65625,23.34375,-9.0703125,7.857422,14.847267
2002-08-06,5.008875,7.6597633,-20.4375,23.28125,-8.9921875,7.8515625,14.875
2002-08-07,5.021983,7.636956,-20.125,23.3125,-8.905468,7.8515625,14.859375
2002-08-08,5.0171976,7.6208034,-20.375,23.15625,-8.9140625,7.8398438,14.82383
2002-08-09,4.9397945,7.616713,-20.5625,23.15625,-8.9609375,7.7617188,14.6875
2002-08-10,4.9823785,7.6079335,-20.53125,23.109375,-8.9140625,7.798828,14.671875
2002-08-11,4.8415565,7.5877237,-20.46875,23.09375,-8.9921875,7.6503906,14.46875
2002-08-12,4.898932,7.5565305,-20.46875,22.96875,-8.8671875,7.7265625,14.46875
2002-08-13,4.8024774,7.535803,-20.53125,22.9375,-8.905468,7.6054688,14.4375
2002-08-14,4.866968,7.5041623,-20.40625,22.96875,-8.7734375,7.671875,14.38633
2002-08-15,4.9363284,7.4902472,-20.4375,22.90625,-8.7109375,7.7402344,14.390625
2002-08-16,4.7899485,7.4725785,-20.46875,22.859375,-8.7734375,7.5976562,14.220711
2002-08-17,4.6141734,7.4223504,-20.5,22.84375,-8.8046875,7.375,14.037506
2002-08-18,4.631298,7.3779016,-20.46875,22.671875,-8.7265625,7.3847656,13.975784
2002-08-19,4.8331046,7.3571525,-20.28125,22.671875,-8.5078125,7.609375,14.088676
2002-08-20,4.7246056,7.33426,-20.21875,22.625,-8.561718,7.4765625,13.955864
2002-08-21,4.645274,7.286434,-20.15625,22.46875,-8.5078125,7.3515625,13.853523
2002-08-22,4.7247815,7.259083,-20.15625,22.65625,-8.374218,7.4296875,13.85508
2002-08-23,4.680863,7.2538114,-20.28125,22.65625,-8.4296875,7.3828125,13.734779
2002-08-24,4.5071015,7.2023273,-19.90625,22.40625,-8.4921875,7.205078,13.455864
2002-08-25,4.483391,7.166585,-20.125,22.59375,-8.4140625,7.1640625,13.370705
2002-08-26,4.6661057,7.147566,-20.15625,22.609375,-8.2578125,7.373047,13.421875
2002-08-27,4.629521,7.138884,-20.0625,22.59375,-8.264843,7.328125,13.362892
2002-08-28,4.445803,7.0918126,-19.90625,22.59375,-8.311718,7.109375,13.140625
2002-08-29,4.4962845,7.041426,-19.59375,22.65625,-8.1484375,7.1171875,13.085159
2002-08-30,4.552526,6.9928846,-19.53125,22.609375,-8.0234375,7.1640625,13.0078125
2002-08-31,4.4582167,6.955945,-19.65625,22.59375,-8.030468,7.0546875,12.884773
2002-09-01,4.3835998,6.919215,-19.75,22.65625,-8.0390625,6.9765625,12.765625
2002-09-02,4.3327975,6.8869977,-19.75,22.6875,-8.0078125,6.908203,12.736336
2002-09-03,4.4332066,6.850584,-19.71875,22.90625,-7.8515625,6.9765625,12.75
2002-09-04,4.280031,6.7992816,-19.59375,22.703125,-7.8742185,6.8046875,12.569534
2002-09-05,4.3118916,6.7566953,-19.375,22.65625,-7.7648435,6.8359375,12.48008
2002-09-06,4.204868,6.705886,-19.25,22.65625,-7.7421875,6.6777344,12.28125
2002-09-07,4.142177,6.6484427,-19.21875,22.46875,-7.7265625,6.5898438,12.109375
2002-09-08,4.200325,6.6078587,-19.125,22.421875,-7.6015625,6.640625,12.125
2002-09-09,4.182505,6.549414,-19.0625,22.328125,-7.5234375,6.59375,11.999222
2002-09-10,4.0715055,6.485936,-19.1875,22.09375,-7.4921875,6.4453125,11.839455
2002-09-11,4.120348,6.438751,-18.875,22.0625,-7.3984375,6.46875,11.808205
2002-09-12,4.1463294,6.4084296,-18.78125,22.03125,-7.3515625,6.470703,11.710159
2002-09-13,3.899922,6.3383656,-18.9375,21.6875,-7.3828125,6.203125,11.425392
2002-09-14,3.9067795,6.2978563,-19.03125,21.578125,-7.3117185,6.203125,11.245705
2002-09-15,3.9241061,6.259294,-19.0,21.578125,-7.2734375,6.1933594,11.112892
2002-09-16,3.8051767,6.2097445,-19.25,21.1875,-7.2648435,6.03125,10.964455
2002-09-17,3.5992055,6.1191745,-19.0625,20.65625,-7.2734375,5.7734375,10.691017
2002-09-18,3.6577637,6.0366592,-18.65625,20.484375,-7.0546875,5.78125,10.612892
2002-09-19,3.645036,5.981026,-18.5,20.390625,-6.9679685,5.7421875,10.514847
2002-09-20,3.6531928,5.939012,-18.40625,20.109375,-6.9140625,5.7148438,10.484375
2002-09-21,3.6024687,5.8873973,-18.4375,19.90625,-6.8515625,5.6367188,10.405472
2002-09-22,3.6165094,5.8335924,-18.375,19.9375,-6.7421875,5.609375,10.296875
2002-09-23,3.4979746,5.7827973,-18.4375,19.875,-6.7421875,5.4433594,10.171875
2002-09-24,3.5638502,5.7424827,-18.1875,19.78125,-6.6398435,5.5234375,10.128517
2002-09-25,3.5120375,5.693292,-18.21875,19.78125,-6.6085935,5.421875,10.0703125
2002-09-26,3.401754,5.6379533,-18.125,19.71875,-6.6015625,5.2871094,9.752739
2002-09-27,3.2882633,5.560341,-18.0,19.578125,-6.5703125,5.1308594,9.519142
2002-09-28,3.2184045,5.4908285,-18.09375,19.453125,-6.5078125,5.015625,9.397659
2002-09-29,3.1611588,5.419885,-18.0,19.28125,-6.4453125,4.9335938,9.186722
2002-09-30,3.1726673,5.3697014,-17.96875,19.25,-6.3515625,4.9335938,9.140625
2002-10-01,3.05564,5.3412743,-18.21875,19.125,-6.4140625,4.8046875,9.0
2002-10-02,2.9566462,5.2926817,-18.09375,18.96875,-6.4453125,4.6660156,8.8359375
2002-10-03,2.8263156,5.2251496,-18.125,18.875,-6.4296875,4.5117188,8.597267
2002-10-04,2.68132,5.1493874,-18.125,18.71875,-6.4140625,4.3203125,8.3984375
2002-10-05,2.562275,5.050221,-18.0,18.65625,-6.3046875,4.1484375,8.183205
2002-10-06,2.559889,4.9874763,-17.9375,18.546875,-6.2265625,4.1210938,8.100784
2002-10-07,2.473518,4.9290185,-17.90625,18.375,-6.194531,4.0039062,7.9335938
2002-10-08,2.3682785,4.8692393,-17.96875,18.171875,-6.203125,3.8769531,7.733597
2002-10-09,2.2957602,4.815047,-18.03125,18.0,-6.171875,3.78125,7.6328125
2002-10-10,2.3110726,4.749652,-17.96875,18.0,-6.0,3.7617188,7.6015625
2002-10-11,2.2194872,4.6915765,-18.0,17.8125,-5.984375,3.6132812,7.5234375
2002-10-12,2.0474176,4.630499,-17.9375,17.75,-6.0078125,3.40625,7.3259773
2002-10-13,1.918368,4.5478215,-17.90625,17.609375,-5.984375,3.234375,7.080864
2002-10-14,1.8652695,4.4813128,-17.84375,17.3125,-5.890625,3.1523438,6.993946
2002-10-15,1.8105983,4.4261084,-17.8125,17.125,-5.8515625,3.0546875,6.941017
2002-10-16,1.6966176,4.359428,-17.8125,17.03125,-5.8359375,2.9003906,6.7105484
2002-10-17,1.665892,4.3157964,-17.78125,16.84375,-5.765625,2.8632812,6.6632843
2002-10-18,1.4650558,4.240358,-17.75,16.734375,-5.8003902,2.625,6.421875
2002-10-19,1.4670393,4.1891136,-17.75,16.46875,-5.6953125,2.5976562,6.328125
2002-10-20,1.6005101,4.156709,-17.8125,16.21875,-5.5234375,2.7382812,6.4332047
2002-10-21,1.4651419,4.094416,-17.8125,15.9765625,-5.5234375,2.5625,6.2634773
2002-10-22,1.2900916,4.00665,-17.84375,15.84375,-5.4835935,2.34375,6.0173836
2002-10-23,1.3647084,3.9638426,-17.875,15.609375,-5.3628902,2.4101562,6.0390625
2002-10-24,1.3375877,3.9083614,-17.78125,15.59375,-5.2578125,2.3515625,5.946682
2002-10-25,1.2786248,3.8772666,-17.71875,15.6640625,-5.2648435,2.2617188,5.9197273
2002-10-26,1.0550003,3.8218122,-17.75,15.625,-5.3671875,1.9960938,5.6601562
2002-10-27,0.99461293,3.7674296,-17.75,15.5625,-5.3125,1.921875,5.5859375
2002-10-28,0.9279749,3.6961136,-17.8125,15.53125,-5.25,1.8164062,5.4236336
2002-10-29,0.82380414,3.6359653,-17.75,15.484375,-5.21875,1.6875,5.2613297
2002-10-30,0.7096115,3.5945785,-17.71875,15.46875,-5.2734375,1.546875,5.1171875
2002-10-31,0.6991149,3.5408528,-17.6875,15.46875,-5.1441402,1.5,5.072071
2002-11-01,0.6418207,3.4671452,-17.6875,15.4140625,-5.0546875,1.3984375,4.9257812
2002-11-02,0.68286204,3.4145122,-17.65625,15.3671875,-4.8828125,1.421875,4.9375
2002-11-03,0.65248275,3.3937495,-17.59375,15.3984375,-4.8671875,1.375,4.9041023
2002-11-04,0.511851,3.3530211,-17.53125,15.359375,-4.921875,1.1875,4.7460938
2002-11-05,0.3439573,3.306906,-17.53125,15.328125,-5.007031,1.0078125,4.536915
2002-11-06,0.29911086,3.2732797,-17.53125,15.234375,-4.9765625,0.953125,4.4921875
2002-11-07,0.21470435,3.2166734,-17.46875,15.125,-4.9375,0.84375,4.3710938
2002-11-08,0.36627924,3.1884773,-17.5,15.0703125,-4.71875,0.97265625,4.472267
2002-11-09,0.3183475,3.1537018,-17.5625,15.0625,-4.6875,0.90625,4.394142
2002-11-10,0.16934296,3.1288326,-17.53125,15.0859375,-4.7734375,0.7421875,4.1771507
2002-11-11,-0.045058902,3.0728407,-17.5,15.046875,-4.8671875,0.5,3.9037132
2002-11-12,0.018094245,3.0291607,-17.4375,14.953125,-4.71875,0.5390625,3.8824234
2002-11-13,-0.12105189,2.991952,-17.46875,14.9296875,-4.7769527,0.375,3.728321
2002-11-14,-0.2672089,2.9679873,-17.4375,14.84375,-4.8828125,0.2109375,3.5664062
2002-11-15,-0.34481937,2.9291558,-17.53125,14.765625,-4.8359375,0.1171875,3.4431648
2002-11-16,-0.42680007,2.8712552,-17.375,14.71875,-4.8125,0.0078125,3.322071
2002-11-17,-0.4225771,2.8513477,-17.375,14.671875,-4.7734375,0.0,3.3242188
2002-11-18,-0.41710433,2.8237286,-17.34375,14.578125,-4.7265625,-0.0234375,3.3416023
2002-11-19,-0.5548008,2.7853305,-17.375,14.640625,-4.7578125,-0.1875,3.125
2002-11-20,-0.6452271,2.75144,-17.40625,14.5,-4.7769527,-0.2890625,3.009571
2002-11-21,-0.6449956,2.7198083,-17.3125,14.59375,-4.71875,-0.3125,2.9882812
2002-11-22,-0.73328626,2.6839752,-17.28125,14.546875,-4.71875,-0.40625,2.875
2002-11-23,-0.83425486,2.656716,-17.25,14.4921875,-4.7578125,-0.53125,2.7396507
2002-11-24,-0.8073258,2.6279695,-17.25,14.40625,-4.703125,-0.5234375,2.753128
2002-11-25,-0.6252709,2.6178918,-17.1875,14.359375,-4.5078125,-0.34375,2.8820343
2002-11-26,-0.77382684,2.582338,-17.21875,14.28125,-4.59375,-0.5078125,2.7144547
2002-11-27,-0.78387284,2.5840027,-17.25,14.28125,-4.578125,-0.5390625,2.7070312
2002-11-28,-0.9675752,2.549316,-17.3125,14.140625,-4.71875,-0.7421875,2.4921875
2002-11-29,-0.99142694,2.527316,-17.15625,14.140625,-4.71875,-0.7734375,2.4804688
2002-11-30,-1.0434631,2.5021884,-17.03125,14.15625,-4.703125,-0.83984375,2.3863297
2002-12-01,-0.90309286,2.5098546,-17.0625,14.0703125,-4.578125,-0.703125,2.5195312
2002-12-02,-1.0816513,2.488143,-17.0625,14.078125,-4.71875,-0.90234375,2.3554688
2002-12-03,-1.0119838,2.4690402,-17.0625,13.9375,-4.609375,-0.84375,2.374611
2002-12-04,-1.0816329,2.4456484,-17.03125,13.921875,-4.6171875,-0.92578125,2.2421875
2002-12-05,-1.0570107,2.4393463,-17.0,13.90625,-4.59375,-0.90625,2.2609406
2002-12-06,-1.1508452,2.4248369,-16.90625,13.7578125,-4.6328125,-1.015625,2.1480484
2002-12-07,-1.2855456,2.4023511,-16.96875,13.671875,-4.7421875,-1.15625,2.04356
2002-12-08,-1.0419282,2.4027815,-16.90625,13.6953125,-4.5234375,-0.90625,2.2226562
2002-12-09,-1.1363716,2.4038851,-17.09375,13.734375,-4.5625,-1.0234375,2.1150398
2002-12-10,-1.262757,2.403564,-17.03125,13.6484375,-4.694531,-1.1640625,2.0234375
2002-12-11,-1.3723428,2.3783026,-16.96875,13.484375,-4.7578125,-1.28125,1.8433609
2002-12-12,-1.398539,2.3683064,-16.9375,13.4140625,-4.7578125,-1.296875,1.7673836
2002-12-13,-1.5402554,2.3563595,-16.84375,13.40625,-4.8515625,-1.4765625,1.65625
2002-12-14,-1.523819,2.3508263,-16.84375,13.21875,-4.8359375,-1.4453125,1.640625
2002-12-15,-1.4905018,2.339047,-16.8125,13.140625,-4.796875,-1.4140625,1.6554718
2002-12-16,-1.3274703,2.337861,-16.875,13.09375,-4.678906,-1.234375,1.7578125
2002-12-17,-1.3708726,2.3609693,-16.90625,13.1328125,-4.7265625,-1.28125,1.7335968
2002-12-18,-1.4068936,2.3404226,-16.6875,13.09375,-4.703125,-1.34375,1.6832047
2002-12-19,-1.3829329,2.3632522,-16.84375,13.015625,-4.7769527,-1.3203125,1.7265625
2002-12-20,-1.4244599,2.3537614,-16.71875,12.96875,-4.7734375,-1.3671875,1.6328125
2002-12-21,-1.5348924,2.365626,-16.8125,12.984375,-4.90625,-1.4921875,1.5859375
2002-12-22,-1.5346757,2.3518512,-16.875,12.8125,-4.8671875,-1.4960938,1.5703125
2002-12-23,-1.5758208,2.367247,-17.0,12.75,-4.9453125,-1.5078125,1.5304718
2002-12-24,-1.6522367,2.3874962,-16.9375,12.71875,-5.0859375,-1.6015625,1.4765625
2002-12-25,-1.7308424,2.4072094,-16.78125,12.703125,-5.1710935,-1.6875,1.4410172
2002-12-26,-1.8725892,2.397256,-16.75,12.515625,-5.3125,-1.828125,1.296875
2002-12-27,-1.8763509,2.4164612,-16.8125,12.3984375,-5.4140625,-1.828125,1.3003922
2002-12-28,-1.8919984,2.425064,-16.875,12.4609375,-5.421875,-1.84375,1.265625
2002-12-29,-1.9585701,2.433657,-16.6875,12.328125,-5.5859375,-1.90625,1.2300797
2002-12-30,-1.8724573,2.4603572,-16.40625,12.3671875,-5.5625,-1.796875,1.3160172
2002-12-31,-1.8811504,2.4808326,-16.4375,12.3828125,-5.6015625,-1.8125,1.3515625
2003-01-01,-1.8735337,2.4831061,-16.375,12.25,-5.5816402,-1.8085938,1.3125
2003-01-02,-1.952415,2.503524,-16.34375,12.2578125,-5.7109375,-1.8984375,1.3003922
2003-01-03,-1.8792474,2.5247624,-16.4375,12.328125,-5.6242185,-1.8398438,1.421875
2003-01-04,-2.0214875,2.5354831,-16.34375,12.3046875,-5.8515625,-1.96875,1.2925797
2003-01-05,-2.0581076,2.5545714,-16.40625,12.2734375,-5.9609375,-1.9921875,1.234375
2003-01-06,-1.9851909,2.5762355,-16.46875,12.2578125,-5.9453125,-1.9101562,1.359375
2003-01-07,-1.9827579,2.6188984,-16.34375,12.4375,-6.0035152,-1.9179688,1.4332047
2003-01-08,-2.1474483,2.640627,-16.40625,12.375,-6.21875,-2.0859375,1.3515625
2003-01-09,-2.0132036,2.6814628,-16.40625,12.421875,-6.203125,-1.9296875,1.4914093
2003-01-10,-2.0137157,2.7166414,-16.34375,12.515625,-6.2421875,-1.9296875,1.53125
2003-01-11,-2.2075553,2.7550943,-16.4375,12.515625,-6.5078125,-2.1367188,1.4332047
2003-01-12,-2.2471426,2.7894042,-16.375,12.578125,-6.5390625,-2.1914062,1.4921875
2003-01-13,-2.3823383,2.792413,-16.25,12.4375,-6.6953125,-2.3203125,1.3359375
2003-01-14,-2.2571645,2.7602901,-15.9609375,12.5625,-6.5234375,-2.2109375,1.46875
2003-01-15,-2.1172273,2.805028,-15.9609375,12.546875,-6.4140625,-2.109375,1.765625
2003-01-16,-2.303857,2.8382516,-16.03125,12.546875,-6.6328125,-2.3046875,1.6875
2003-01-17,-2.3869708,2.8664768,-15.9453125,12.390625,-6.8359375,-2.3554688,1.5703125
2003-01-18,-2.403461,2.932579,-16.15625,12.5078125,-7.0374994,-2.34375,1.546875
2003-01-19,-2.4451766,2.9662845,-16.125,12.546875,-7.1640625,-2.3984375,1.5625
2003-01-20,-2.4866228,2.993774,-16.3125,12.546875,-7.2421875,-2.4375,1.6640625
2003-01-21,-2.5156515,3.0557437,-16.40625,12.5234375,-7.4765625,-2.4453125,1.671875
2003-01-22,-2.6951475,3.0952837,-16.5,12.5625,-7.7265625,-2.625,1.4765625
2003-01-23,-2.8050768,3.1278162,-16.4375,12.703125,-7.8671875,-2.7421875,1.40625
2003-01-24,-2.8649604,3.1796284,-16.625,12.6015625,-8.0546875,-2.8046875,1.40625
2003-01-25,-2.934666,3.2526922,-16.6875,12.7734375,-8.2734375,-2.859375,1.421875
2003-01-26,-3.0635042,3.315267,-16.75,12.734375,-8.4921875,-3.0,1.421875
2003-01-27,-3.2181628,3.3635473,-16.96875,12.78125,-8.7265625,-3.15625,1.3515625
2003-01-28,-3.3548665,3.410365,-17.125,12.8125,-8.9453125,-3.296875,1.265625
2003-01-29,-3.4574373,3.4717002,-17.1875,12.984375,-9.108593,-3.40625,1.2265625
2003-01-30,-3.5205796,3.4944153,-17.34375,12.8125,-9.1953125,-3.4726562,1.3160172
2003-01-31,-3.6415873,3.53429,-17.46875,12.921875,-9.3515625,-3.625,1.3082047
2003-02-01,-3.7388384,3.5584579,-17.4375,12.9453125,-9.4921875,-3.7265625,1.2457047
2003-02-02,-3.5450728,3.6041539,-17.125,13.015625,-9.3828125,-3.53125,1.5625
2003-02-03,-3.653742,3.7023416,-17.21875,13.1484375,-9.6015625,-3.6640625,1.6285172
2003-02-04,-3.7624812,3.7689764,-17.53125,13.3125,-9.8203125,-3.78125,1.5625
2003-02-05,-3.8369043,3.8186326,-17.34375,13.2421875,-9.9609375,-3.859375,1.5234375
2003-02-06,-3.8870733,3.8586922,-17.375,13.3046875,-10.0078125,-3.9375,1.6328125
2003-02-07,-3.9749198,3.9033637,-17.4375,13.2265625,-10.1484375,-4.046875,1.71875
2003-02-08,-4.064066,3.9779375,-17.5625,13.28125,-10.3828125,-4.1328125,1.7222672
2003-02-09,-4.1688585,4.0488915,-17.6875,13.265625,-10.6015625,-4.2070312,1.5582047
2003-02-10,-4.223382,4.0834274,-17.5625,13.4375,-10.655468,-4.28125,1.5234375
2003-02-11,-4.20956,4.1261005,-17.71875,13.4453125,-10.655468,-4.3046875,1.7265625
2003-02-12,-4.2814994,4.2000675,-17.875,13.484375,-10.8515625,-4.3671875,1.7066422
2003-02-13,-4.418218,4.2391787,-17.90625,13.5078125,-10.983593,-4.5390625,1.6875
2003-02-14,-4.479001,4.282615,-17.8125,13.5078125,-11.1015625,-4.59375,1.6171875
2003-02-15,-4.5062947,4.3239665,-17.96875,13.59375,-11.1640625,-4.6328125,1.7066422
2003-02-16,-4.415929,4.382905,-17.875,13.6640625,-11.1484375,-4.5546875,1.8671875
2003-02-17,-4.327056,4.488313,-18.0,13.921875,-11.217968,-4.46875,2.0113297
2003-02-18,-4.507995,4.532778,-18.0625,13.8125,-11.342968,-4.6640625,1.9882812
2003-02-19,-4.502048,4.564852,-18.09375,13.796875,-11.405468,-4.6484375,2.0269547
2003-02-20,-4.4894934,4.6324153,-17.96875,13.953125,-11.4609375,-4.65625,2.0976562
2003-02-21,-4.5899634,4.65375,-17.78125,13.90625,-11.5078125,-4.78125,2.1171875
2003-02-22,-4.6128054,4.6716976,-17.6875,14.0,-11.514843,-4.78125,2.0695343
2003-02-23,-4.540811,4.702155,-17.6875,13.9609375,-11.4140625,-4.7578125,2.2539062
2003-02-24,-4.518367,4.7406754,-17.78125,14.078125,-11.4296875,-4.7578125,2.28125
2003-02-25,-4.4524436,4.7933273,-17.40625,14.078125,-11.3984375,-4.71875,2.4335938
2003-02-26,-4.5577345,4.822738,-17.375,14.1796875,-11.5234375,-4.828125,2.358986
2003-02-27,-4.565561,4.858987,-17.34375,14.125,-11.5546875,-4.8125,2.34375
2003-02-28,-4.5472655,4.8894653,-17.25,14.1640625,-11.561718,-4.8125,2.4648438
2003-03-01,-4.489362,4.9421353,-17.03125,14.203125,-11.5390625,-4.7421875,2.5742188
2003-03-02,-4.5409675,4.983373,-17.0625,14.3125,-11.6015625,-4.78125,2.5742188
2003-03-03,-4.501159,5.0347366,-17.15625,14.328125,-11.6640625,-4.7421875,2.6289062
2003-03-04,-4.4969015,5.0556207,-17.09375,14.359375,-11.6640625,-4.7265625,2.6367188
2003-03-05,-4.4008904,5.056184,-16.9375,14.3046875,-11.5390625,-4.6484375,2.671875
2003-03-06,-4.3553658,5.053894,-16.71875,14.359375,-11.4140625,-4.6328125,2.7574234
2003-03-07,-4.174406,5.091609,-16.78125,14.421875,-11.2734375,-4.5,2.9960938
2003-03-08,-4.0829763,5.122188,-16.65625,14.4375,-11.2421875,-4.359375,3.040821
2003-03-09,-3.9762495,5.1626153,-16.5,14.65625,-11.1796875,-4.2890625,3.2105484
2003-03-10,-3.9284534,5.1626506,-16.375,14.734375,-11.092968,-4.234375,3.2382812
2003-03-11,-3.8221056,5.1528897,-16.3125,14.78125,-10.9453125,-4.1796875,3.3398438
2003-03-12,-3.7328045,5.1676807,-16.4375,14.796875,-10.8671875,-4.0703125,3.4392586
2003-03-13,-3.747154,5.202389,-16.5,14.84375,-10.9296875,-4.078125,3.4335938
2003-03-14,-3.7209058,5.2870398,-16.625,14.9453125,-11.0078125,-4.046875,3.5759773
2003-03-15,-3.745948,5.348168,-16.65625,15.046875,-11.1171875,-4.0507812,3.5894547
2003-03-16,-3.6508558,5.3674173,-16.65625,14.984375,-11.0390625,-3.9375,3.7009773
2003-03-17,-3.705696,5.3640933,-16.71875,15.046875,-11.0859375,-3.9960938,3.608986
2003-03-18,-3.6231575,5.409957,-16.6875,15.203125,-11.0546875,-3.90625,3.7457047
2003-03-19,-3.6543348,5.417832,-16.6875,15.28125,-11.1328125,-3.875,3.6445312
2003-03-20,-3.6032093,5.4453654,-16.75,15.2421875,-11.1328125,-3.796875,3.6835938
2003-03-21,-3.3143702,5.5022,-16.625,15.234375,-10.8984375,-3.5234375,4.1289062
2003-03-22,-3.2925825,5.513247,-16.65625,15.390625,-10.8828125,-3.4609375,4.1054688
2003-03-23,-3.2615173,5.5483174,-16.71875,15.4375,-10.9140625,-3.4257812,4.171875
2003-03-24,-3.128437,5.598889,-16.8125,15.609375,-10.8203125,-3.2773438,4.353321
2003-03-25,-2.999051,5.608792,-16.75,15.5625,-10.7109375,-3.109375,4.453125
2003-03-26,-2.8947575,5.632984,-16.6875,15.5859375,-10.6484375,-2.9726562,4.6132812
2003-03-27,-2.857893,5.6927032,-16.84375,15.671875,-10.7109375,-2.8671875,4.6445312
2003-03-28,-2.8895547,5.71449,-16.90625,15.7890625,-10.7890625,-2.859375,4.6015625
2003-03-29,-2.83881,5.7295465,-16.90625,15.765625,-10.7109375,-2.7890625,4.6445312
2003-03-30,-2.707186,5.727591,-16.875,15.765625,-10.6015625,-2.6210938,4.7886734
2003-03-31,-2.4621494,5.7548757,-16.78125,15.796875,-10.4296875,-2.359375,5.068165
2003-04-01,-2.3720787,5.7721148,-16.8125,15.78125,-10.3828125,-2.1953125,5.1523438
2003-04-02,-2.2514002,5.80108,-16.8125,15.8671875,-10.2890625,-2.0390625,5.2695312
2003-04-03,-2.2039042,5.830688,-16.84375,15.90625,-10.2890625,-1.9296875,5.3238297
2003-04-04,-2.2045221,5.844342,-16.875,16.0625,-10.3203125,-1.8789062,5.2851562
2003-04-05,-2.1238644,5.8717,-16.9375,16.09375,-10.2890625,-1.7226562,5.3671875
2003-04-06,-1.9170344,5.9436417,-16.96875,16.1875,-10.1953125,-1.46875,5.6484375
2003-04-07,-1.889665,5.975514,-17.15625,16.140625,-10.2265625,-1.3242188,5.6601562
2003-04-08,-1.8055942,5.987774,-17.03125,16.25,-10.1953125,-1.171875,5.728321
2003-04-09,-1.7647436,5.9632235,-17.0625,16.1875,-10.1484375,-1.0742188,5.7070312
2003-04-10,-1.7340828,5.948983,-17.0,16.15625,-10.1171875,-0.9921875,5.7109375
2003-04-11,-1.5380385,5.9637012,-16.90625,16.265625,-9.9453125,-0.7734375,5.89629
2003-04-12,-1.3746315,6.0025907,-16.84375,16.34375,-9.8828125,-0.515625,6.103321
2003-04-13,-1.255637,6.032636,-16.84375,16.46875,-9.8203125,-0.33203125,6.222267
2003-04-14,-1.1931927,6.0439377,-16.84375,16.671875,-9.7890625,-0.21875,6.2300797
2003-04-15,-0.9436812,6.0879097,-16.84375,16.6875,-9.6328125,0.1328125,6.5330086
2003-04-16,-0.787289,6.12769,-16.71875,16.84375,-9.5859375,0.3515625,6.6697273
2003-04-17,-0.7363179,6.141289,-16.78125,17.0,-9.6015625,0.4921875,6.7148438
2003-04-18,-0.72583747,6.1531396,-16.78125,17.0625,-9.6328125,0.59375,6.6853523
2003-04-19,-0.60440964,6.1917157,-16.84375,17.1875,-9.6015625,0.8359375,6.8125
2003-04-20,-0.42726249,6.2116857,-16.8125,17.25,-9.5078125,1.1015625,6.9765625
2003-04-21,-0.3195472,6.2214456,-16.84375,17.46875,-9.4296875,1.3359375,7.0798836
2003-04-22,-0.17355683,6.239267,-16.84375,17.609375,-9.3671875,1.5,7.171875
2003-04-23,0.017995918,6.255087,-16.8125,17.5625,-9.2265625,1.8125,7.380665
2003-04-24,-0.051030427,6.230233,-16.84375,17.734375,-9.3046875,1.7929688,7.243946
2003-04-25,-0.014847462,6.2631826,-16.9375,17.90625,-9.3671875,1.8359375,7.234375
2003-04-26,0.16150993,6.3031936,-16.90625,18.03125,-9.2890625,2.1132812,7.3767586
2003-04-27,0.19458748,6.3250365,-17.03125,18.1875,-9.3359375,2.1875,7.3828125
2003-04-28,0.38303837,6.351973,-17.0625,18.375,-9.2265625,2.5117188,7.556446
2003-04-29,0.5362201,6.3737144,-16.96875,18.40625,-9.1796875,2.734375,7.697071
2003-04-30,0.6383212,6.3859544,-16.96875,18.578125,-9.1015625,2.890625,7.7890625
2003-05-01,0.7499356,6.409264,-17.0,18.6875,-9.1015625,3.0703125,7.8984375
2003-05-02,0.82132024,6.4260664,-16.9375,18.875,-9.1015625,3.2148438,7.9449234
2003-05-03,0.87305397,6.4137673,-16.96875,19.125,-9.0703125,3.3222656,7.9197273
2003-05-04,0.98054653,6.4262953,-17.0,19.3125,-9.0234375,3.484375,8.0078125
2003-05-05,1.0886894,6.4609427,-17.09375,19.5625,-9.030468,3.6894531,8.109375
2003-05-06,1.0804169,6.471633,-17.21875,19.78125,-9.1015625,3.6933594,8.04258
2003-05-07,1.1366035,6.4717507,-17.3125,19.859375,-9.1171875,3.7890625,8.0625
2003-05-08,1.3431534,6.4821367,-17.3125,20.171875,-8.9296875,4.0253906,8.234375
2003-05-09,1.520188,6.510531,-17.28125,20.375,-8.8671875,4.2109375,8.421875
2003-05-10,1.5013217,6.514305,-17.3125,20.546875,-8.9296875,4.2109375,8.3671875
2003-05-11,1.5580062,6.5235763,-17.34375,20.84375,-8.9296875,4.3046875,8.40625
2003-05-12,1.7195575,6.5468135,-17.4375,21.015625,-8.8828125,4.501953,8.5859375
2003-05-13,1.8178341,6.5655355,-17.53125,21.28125,-8.8515625,4.6015625,8.6640625
2003-05-14,1.8952262,6.567064,-17.5,21.4375,-8.827343,4.6953125,8.714455
2003-05-15,1.9703406,6.575456,-17.625,21.546875,-8.8203125,4.7734375,8.765625
2003-05-16,2.0606039,6.581942,-17.59375,21.8125,-8.7890625,4.8691406,8.859375
2003-05-17,2.1386898,6.5865836,-17.71875,22.03125,-8.7734375,4.9609375,8.90625
2003-05-18,2.1965296,6.5972166,-17.71875,22.21875,-8.811718,5.0117188,8.94883
2003-05-19,2.2800255,6.6150236,-17.78125,22.359375,-8.8203125,5.0976562,9.0390625
2003-05-20,2.4104807,6.633086,-17.84375,22.5625,-8.780468,5.2578125,9.1796875
2003-05-21,2.4085443,6.6433544,-17.90625,22.65625,-8.874218,5.2421875,9.140625
2003-05-22,2.5433762,6.6658187,-17.96875,22.78125,-8.8359375,5.4160156,9.222267
2003-05-23,2.6388013,6.6863275,-18.03125,22.96875,-8.8515625,5.5117188,9.3125
2003-05-24,2.8090804,6.71207,-18.09375,23.125,-8.7734375,5.6972656,9.5
2003-05-25,2.9321244,6.7432685,-18.03125,23.203125,-8.8046875,5.8476562,9.6328125
2003-05-26,3.059812,6.77327,-18.15625,23.328125,-8.7890625,5.9765625,9.7890625
2003-05-27,3.0070214,6.77673,-18.125,23.5,-8.8984375,5.8828125,9.706642
2003-05-28,3.0098972,6.7739816,-18.15625,23.515625,-8.967968,5.8535156,9.691017
2003-05-29,3.100264,6.7876234,-18.28125,23.65625,-8.983593,5.9375,9.796875
2003-05-30,3.2986717,6.8143625,-18.25,23.75,-8.8828125,6.1484375,10.0
2003-05-31,3.3898878,6.840853,-18.34375,23.890625,-8.8828125,6.2578125,10.089455
2003-06-01,3.4417245,6.858892,-18.375,23.96875,-8.9140625,6.3359375,10.1640625
2003-06-02,3.5781507,6.88342,-18.4375,24.09375,-8.8828125,6.4765625,10.3515625
2003-06-03,3.503328,6.894004,-18.5,24.109375,-9.0546875,6.3867188,10.2421875
2003-06-04,3.6200948,6.906689,-18.5,24.15625,-9.0078125,6.5039062,10.409767
2003-06-05,3.7023735,6.926699,-18.46875,24.15625,-9.0234375,6.609375,10.4765625
2003-06-06,3.8446329,6.955619,-18.59375,24.1875,-8.9765625,6.7734375,10.683205
2003-06-07,3.8720517,6.989471,-18.5,24.25,-9.0390625,6.8222656,10.683205
2003-06-08,3.8609328,7.0050263,-18.53125,24.328125,-9.1640625,6.798828,10.6875
2003-06-09,3.9020286,7.0085487,-18.5625,24.296875,-9.1484375,6.8828125,10.737892
2003-06-10,4.0800056,7.026721,-18.75,24.3125,-9.0390625,7.0625,10.8984375
2003-06-11,3.9746118,7.039443,-18.75,24.34375,-9.2109375,6.96875,10.79258
2003-06-12,4.08325,7.049548,-18.84375,24.28125,-9.139843,7.1015625,10.9140625
2003-06-13,4.19844,7.078387,-18.875,24.234375,-9.1015625,7.21875,11.0703125
2003-06-14,4.1990757,7.089792,-18.90625,24.1875,-9.1640625,7.265625,11.112892
2003-06-15,4.311734,7.110607,-18.90625,24.328125,-9.139843,7.375,11.2421875
2003-06-16,4.282647,7.12589,-18.96875,24.234375,-9.2109375,7.3671875,11.21875
2003-06-17,4.3602357,7.13078,-18.90625,24.203125,-9.1484375,7.4414062,11.300392
2003-06-18,4.427343,7.149153,-18.9375,24.125,-9.1328125,7.513672,11.375
2003-06-19,4.5561213,7.1807685,-19.09375,24.125,-9.1015625,7.65625,11.57383
2003-06-20,4.6236076,7.216864,-19.21875,24.1875,-9.1640625,7.7128906,11.6875
2003-06-21,4.6783423,7.241839,-19.3125,24.234375,-9.1484375,7.78125,11.79258
2003-06-22,4.558343,7.2537923,-19.4375,24.28125,-9.296093,7.671875,11.66758
2003-06-23,4.5741663,7.254156,-19.625,24.328125,-9.2890625,7.6953125,11.71875
2003-06-24,4.6619678,7.2685175,-19.78125,24.25,-9.2578125,7.7851562,11.839455
2003-06-25,4.6787724,7.2897816,-19.84375,24.1875,-9.2890625,7.8359375,11.831642
2003-06-26,4.7496567,7.3144774,-20.0625,24.296875,-9.2421875,7.904297,11.96875
2003-06-27,4.710968,7.3303866,-20.0625,24.375,-9.2734375,7.875,11.9296875
2003-06-28,4.5526114,7.3197355,-20.25,24.3125,-9.421093,7.7128906,11.7421875
2003-06-29,4.7025943,7.325771,-20.28125,24.234375,-9.2890625,7.8554688,11.8984375
2003-06-30,4.7585526,7.3508105,-20.375,24.25,-9.296093,7.9101562,12.0078125
2003-07-01,4.7353373,7.3581805,-20.3125,24.25,-9.3203125,7.890625,11.9921875
2003-07-02,4.794882,7.3621197,-20.375,24.28125,-9.2421875,7.953125,12.0546875
2003-07-03,4.800186,7.365157,-20.375,24.3125,-9.2578125,7.966797,12.0625
2003-07-04,4.669141,7.3613067,-20.5,24.234375,-9.3359375,7.828125,11.90625
2003-07-05,4.7781672,7.368976,-20.53125,24.09375,-9.2890625,7.9453125,12.03125
2003-07-06,4.758725,7.3860216,-20.625,24.078125,-9.311718,7.9296875,12.01133
2003-07-07,4.703995,7.383201,-20.71875,24.03125,-9.311718,7.875,11.9375
2003-07-08,4.8031516,7.3934197,-20.75,24.03125,-9.233593,7.984375,12.0859375
2003-07-09,4.8874865,7.421725,-20.71875,24.0625,-9.2109375,8.0859375,12.183205
2003-07-10,4.8313937,7.4436393,-20.875,24.03125,-9.280468,8.0390625,12.1953125
2003-07-11,4.8546014,7.444934,-20.90625,24.03125,-9.3515625,8.0703125,12.21875
2003-07-12,4.8602815,7.4513288,-20.90625,23.96875,-9.2734375,8.0859375,12.203125
2003-07-13,4.7884264,7.451052,-21.03125,23.9375,-9.3203125,8.03125,12.15625
2003-07-14,4.778671,7.443073,-21.0625,23.9375,-9.2890625,8.003906,12.159767
2003-07-15,4.6772394,7.4354973,-21.375,23.84375,-9.3671875,7.9101562,12.078125
2003-07-16,4.8202786,7.4444942,-21.59375,23.890625,-9.271874,8.078125,12.1796875
2003-07-17,4.7795887,7.476546,-21.65625,23.84375,-9.3203125,8.046875,12.19883
2003-07-18,4.67874,7.461299,-21.5,23.8125,-9.3828125,7.9453125,12.058205
2003-07-19,4.749063,7.4560995,-21.6875,23.78125,-9.2734375,8.03125,12.109375
2003-07-20,4.7868705,7.4821444,-21.75,23.75,-9.2890625,8.09375,12.175392
2003-07-21,4.7385764,7.4881487,-21.6875,23.75,-9.327343,8.0703125,12.15625
2003-07-22,4.7097006,7.4749837,-21.6875,23.75,-9.2890625,8.0234375,12.1171875
2003-07-23,4.6884923,7.4646125,-21.65625,23.765625,-9.280468,7.9960938,12.097267
2003-07-24,4.6950793,7.4544106,-21.46875,23.75,-9.2109375,8.0,12.10508
2003-07-25,4.6946025,7.447894,-21.46875,23.765625,-9.2265625,7.9921875,12.125
2003-07-26,4.637726,7.4403486,-21.5625,23.71875,-9.264843,7.953125,12.053909
2003-07-27,4.756501,7.4500613,-21.8125,23.59375,-9.1328125,8.0625,12.171875
2003-07-28,4.735267,7.46258,-21.71875,23.625,-9.1484375,8.0546875,12.1796875
2003-07-29,4.760803,7.4573936,-21.71875,23.609375,-9.1328125,8.0625,12.1875
2003-07-30,4.8468966,7.4686904,-21.71875,23.59375,-9.1015625,8.1484375,12.3125
2003-07-31,4.703539,7.458958,-21.65625,23.625,-9.1953125,7.984375,12.1953125
2003-08-01,4.579951,7.4178534,-21.5,23.53125,-9.2109375,7.8359375,12.046875
2003-08-02,4.618436,7.4004793,-21.46875,23.53125,-9.1328125,7.8847656,12.046875
2003-08-03,4.583602,7.3937593,-21.4375,23.46875,-9.1328125,7.859375,11.953125
2003-08-04,4.556479,7.3733954,-21.5,23.5,-9.124218,7.8359375,11.878517
2003-08-05,4.506114,7.348166,-21.46875,23.46875,-9.1171875,7.765625,11.776955
2003-08-06,4.5164647,7.3212957,-21.25,23.4375,-9.0546875,7.765625,11.796875
2003-08-07,4.534164,7.2992845,-20.9375,23.484375,-8.9921875,7.763672,11.7890625
2003-08-08,4.5326858,7.288734,-21.25,23.34375,-8.952343,7.7597656,11.776955
2003-08-09,4.460513,7.2847776,-21.375,23.375,-8.999218,7.716797,11.6953125
2003-08-10,4.5083117,7.2797847,-21.375,23.390625,-8.9453125,7.765625,11.709381
2003-08-11,4.371284,7.2582526,-21.34375,23.3125,-9.0234375,7.6210938,11.5703125
2003-08-12,4.435034,7.231576,-21.34375,23.21875,-8.9140625,7.6777344,11.581642
2003-08-13,4.3445516,7.208588,-21.40625,23.203125,-8.952343,7.578125,11.5078125
2003-08-14,4.4153504,7.178206,-21.3125,23.21875,-8.8046875,7.625,11.53125
2003-08-15,4.4892554,7.173259,-21.34375,23.21875,-8.749218,7.7070312,11.620705
2003-08-16,4.346761,7.1506166,-21.34375,23.21875,-8.8671875,7.5507812,11.472267
2003-08-17,4.1761827,7.095051,-21.40625,23.15625,-8.858593,7.3535156,11.2421875
2003-08-18,4.2006145,7.053314,-21.375,23.109375,-8.7734375,7.375,11.203125
2003-08-19,4.4098716,7.0429425,-21.1875,23.125,-8.5703125,7.59375,11.3984375
2003-08-20,4.3068705,7.014929,-21.125,23.109375,-8.6015625,7.4609375,11.28125
2003-08-21,4.2326093,6.96419,-21.0625,23.015625,-8.5703125,7.357422,11.15625
2003-08-22,4.319414,6.937698,-21.0625,22.953125,-8.4140625,7.4335938,11.2578125
2003-08-23,4.280994,6.93419,-21.21875,23.0,-8.4453125,7.3808594,11.265625
2003-08-24,4.1105204,6.8807325,-20.8125,22.9375,-8.4921875,7.2109375,10.9375
2003-08-25,4.094204,6.842317,-21.03125,22.875,-8.405468,7.1796875,10.921097
2003-08-26,4.283186,6.8326554,-21.0625,22.84375,-8.2421875,7.361328,11.0390625
2003-08-27,4.2512627,6.8228407,-21.0,22.875,-8.2421875,7.3125,11.0546875
2003-08-28,4.0703115,6.76969,-20.8125,22.84375,-8.2890625,7.1171875,10.8203125
2003-08-29,4.1273355,6.7188516,-20.5,22.78125,-8.139843,7.1171875,10.8515625
2003-08-30,4.1887693,6.677659,-20.40625,22.6875,-8.0078125,7.1601562,10.889847
2003-08-31,4.10002,6.638949,-20.5625,22.65625,-8.0234375,7.0625,10.776955
2003-09-01,4.031029,6.601663,-20.65625,22.625,-8.0234375,6.9785156,10.6484375
2003-09-02,3.986969,6.567986,-20.6875,22.59375,-7.9992185,6.90625,10.550392
2003-09-03,4.096205,6.5336266,-20.625,22.53125,-7.8273435,6.9628906,10.683205
2003-09-04,3.9456818,6.480505,-20.5,22.53125,-7.8898435,6.7890625,10.4921875
2003-09-05,3.9839401,6.440562,-20.28125,22.40625,-7.7734375,6.8242188,10.453125
2003-09-06,3.88125,6.388325,-20.15625,22.375,-7.7734375,6.685547,10.35508
2003-09-07,3.8228588,6.3326993,-20.125,22.25,-7.7492185,6.5859375,10.2421875
2003-09-08,3.8881774,6.292538,-20.0,22.21875,-7.5859375,6.626953,10.253517
2003-09-09,3.8731046,6.236524,-19.9375,22.171875,-7.4921875,6.5859375,10.210159
2003-09-10,3.7648857,6.1710095,-20.0625,22.078125,-7.4765625,6.4296875,10.0703125
2003-09-11,3.8199213,6.1250434,-19.75,22.046875,-7.3273435,6.4609375,10.0703125
2003-09-12,3.851401,6.098829,-19.65625,21.96875,-7.2578125,6.4648438,10.10508
2003-09-13,3.606879,6.024646,-19.8125,21.90625,-7.3515625,6.1835938,9.7421875
2003-09-14,3.6183481,5.9879055,-19.875,21.9375,-7.2734375,6.1796875,9.7265625
2003-09-15,3.643204,5.953589,-19.8125,21.84375,-7.1796875,6.189453,9.714455
2003-09-16,3.5274913,5.903022,-20.0625,21.84375,-7.1953125,6.0273438,9.566017
2003-09-17,3.323726,5.810151,-19.84375,21.65625,-7.1953125,5.765625,9.245705
2003-09-18,3.3862958,5.73637,-19.4375,21.546875,-6.9453125,5.7734375,9.265625
2003-09-19,3.377867,5.679563,-19.28125,21.53125,-6.8671875,5.7265625,9.234375
2003-09-20,3.3901713,5.6390486,-19.09375,21.515625,-6.7890625,5.7089844,9.21875
2003-09-21,3.3427038,5.588392,-19.09375,21.375,-6.7804685,5.6171875,9.125
2003-09-22,3.361969,5.538964,-19.0625,21.375,-6.6640625,5.5820312,9.120705
2003-09-23,3.2477372,5.4872017,-19.09375,21.3125,-6.6953125,5.4375,8.9921875
2003-09-24,3.3190894,5.454675,-18.8125,21.1875,-6.5703125,5.4921875,9.04258
2003-09-25,3.2723582,5.4068627,-18.875,21.15625,-6.5234375,5.3828125,9.0234375
2003-09-26,3.1667984,5.3513656,-18.6875,21.09375,-6.5390625,5.2539062,8.8046875
2003-09-27,3.05667,5.275924,-18.40625,20.96875,-6.5234375,5.0898438,8.625
2003-09-28,2.9910119,5.208376,-18.53125,20.875,-6.4453125,4.9882812,8.4609375
2003-09-29,2.9373798,5.1425805,-18.3125,20.71875,-6.3984375,4.8945312,8.34375
2003-09-30,2.9525168,5.098374,-18.53125,20.625,-6.3046875,4.8867188,8.308205
2003-10-01,2.8397264,5.072651,-18.75,20.546875,-6.3742185,4.7421875,8.171875
2003-10-02,2.746739,5.030009,-18.5625,20.375,-6.3828125,4.6191406,8.050392
2003-10-03,2.6201305,4.9640718,-18.4375,20.28125,-6.3742185,4.4570312,7.7791023
2003-10-04,2.47672,4.887979,-18.34375,20.15625,-6.3359375,4.265625,7.5703125
2003-10-05,2.35846,4.7903366,-18.25,20.0625,-6.2734375,4.109375,7.3515625
2003-10-06,2.3579268,4.735119,-18.09375,19.9375,-6.1640625,4.078125,7.331642
2003-10-07,2.2739654,4.6787786,-18.125,19.8125,-6.1484375,3.9414062,7.1757812
2003-10-08,2.1733713,4.624237,-18.28125,19.625,-6.1484375,3.8066406,7.056446
2003-10-09,2.1056354,4.573629,-18.25,19.515625,-6.109375,3.71875,6.962696
2003-10-10,2.124131,4.512787,-18.0625,19.4375,-5.96875,3.6933594,6.9140625
2003-10-11,2.0353127,4.4536486,-18.1875,19.265625,-5.9140625,3.5585938,6.7890625
2003-10-12,1.8656131,4.389182,-18.28125,19.15625,-5.9453125,3.3496094,6.5798836
2003-10-13,1.7390256,4.315367,-17.90625,19.0,-5.9296875,3.15625,6.3884773
2003-10-14,1.6906512,4.2511725,-17.84375,18.78125,-5.8429685,3.0800781,6.316017
2003-10-15,1.6384571,4.1986914,-17.8125,18.59375,-5.796875,2.9941406,6.2166023
2003-10-16,1.5259604,4.137223,-17.8125,18.515625,-5.75,2.8359375,6.0582047
2003-10-17,1.4987506,4.0968027,-17.78125,18.359375,-5.6953125,2.7871094,5.993946
2003-10-18,1.3005443,4.023316,-17.75,18.21875,-5.7265625,2.5429688,5.74004
2003-10-19,1.3051527,3.9825857,-17.75,18.03125,-5.640625,2.5117188,5.7048836
2003-10-20,1.4432878,3.9595144,-17.8125,17.8125,-5.453125,2.6523438,5.8632812
2003-10-21,1.3103857,3.899914,-17.8125,17.625,-5.46875,2.4648438,5.6835938
2003-10-22,1.1367041,3.8148525,-17.84375,17.46875,-5.4375,2.25,5.3671875
2003-10-23,1.2148509,3.77821,-17.875,17.21875,-5.2734375,2.3007812,5.474415
2003-10-24,1.1912913,3.7244124,-17.78125,17.078125,-5.1796875,2.234375,5.3923836
2003-10-25,1.1345959,3.6936932,-17.75,16.984375,-5.1640625,2.171875,5.3242188
2003-10-26,0.9119155,3.6406372,-17.75,16.84375,-5.2578125,1.90625,5.0546875
2003-10-27,0.85309625,3.590701,-17.75,16.78125,-5.210156,1.8046875,4.9375
2003-10-28,0.7891758,3.522364,-17.8125,16.546875,-5.109375,1.7265625,4.790821
2003-10-29,0.687299,3.4680908,-17.75,16.34375,-5.109375,1.5859375,4.6484375
2003-10-30,0.5756147,3.4286506,-17.71875,16.15625,-5.140625,1.453125,4.5117188
2003-10-31,0.5673232,3.3808978,-17.6875,16.015625,-5.046875,1.3984375,4.453125
2003-11-01,0.5122179,3.3148646,-17.6875,15.921875,-4.9453125,1.3125,4.3515625
2003-11-02,0.5549825,3.2676897,-17.65625,15.921875,-4.78125,1.3515625,4.3632812
2003-11-03,0.5244607,3.2456214,-17.59375,15.8515625,-4.788281,1.3125,4.3238297
2003-11-04,0.3840568,3.206017,-17.53125,15.796875,-4.819531,1.125,4.15625
2003-11-05,0.21744844,3.1624944,-17.53125,15.71875,-4.890625,0.9375,3.96875
2003-11-06,0.17495199,3.131839,-17.53125,15.671875,-4.8671875,0.8671875,3.8867188
2003-11-07,0.09239316,3.0799463,-17.46875,15.734375,-4.8316402,0.7578125,3.7478523
2003-11-08,0.24751614,3.0594902,-17.5,15.625,-4.6171875,0.890625,3.9140625
2003-11-09,0.20191783,3.0282712,-17.5625,15.6640625,-4.609375,0.8359375,3.84375
2003-11-10,0.05451059,3.0006452,-17.53125,15.625,-4.71875,0.671875,3.6484375
2003-11-11,-0.15817192,2.9483254,-17.5,15.515625,-4.8125,0.421875,3.375
2003-11-12,-0.092802264,2.9138293,-17.46875,15.3984375,-4.6398435,0.46875,3.4414062
2003-11-13,-0.2305118,2.8752105,-17.46875,15.4453125,-4.703125,0.3203125,3.2421875
2003-11-14,-0.3757941,2.8543153,-17.46875,15.46875,-4.78125,0.1328125,3.0916023
2003-11-15,-0.45132628,2.8206887,-17.53125,15.46875,-4.7769527,0.0234375,2.9726562
2003-11-16,-0.5304977,2.7659009,-17.375,15.484375,-4.7335935,-0.0859375,2.8125
2003-11-17,-0.5242999,2.7506332,-17.375,15.3984375,-4.703125,-0.1015625,2.8572273
2003-11-18,-0.5164839,2.7284477,-17.34375,15.28125,-4.6328125,-0.1015625,2.9140625
2003-11-19,-0.6524259,2.6891065,-17.46875,15.28125,-4.6875,-0.2734375,2.6597672
2003-11-20,-0.7399923,2.6629348,-17.40625,15.2734375,-4.7222652,-0.3828125,2.5976562
2003-11-21,-0.7380747,2.6305587,-17.3125,15.2578125,-4.6328125,-0.375,2.5273438
2003-11-22,-0.82422584,2.6028578,-17.28125,15.265625,-4.6640625,-0.4921875,2.40625
2003-11-23,-0.9239924,2.5747964,-17.25,15.1875,-4.703125,-0.625,2.2773438
2003-11-24,-0.89518833,2.5511942,-17.25,15.125,-4.6328125,-0.609375,2.3359375
2003-11-25,-0.7120598,2.544312,-17.1875,15.0546875,-4.4453125,-0.421875,2.5
2003-11-26,-0.85909504,2.5104005,-17.21875,15.109375,-4.5390625,-0.5859375,2.2925797
2003-11-27,-0.8685037,2.5091455,-17.25,15.171875,-4.5148435,-0.6015625,2.296875
2003-11-28,-1.0494797,2.4822793,-17.3125,15.1015625,-4.6484375,-0.8046875,2.0898438
2003-11-29,-1.0711907,2.4627168,-17.15625,15.015625,-4.6128902,-0.84375,2.078125
2003-11-30,-1.1209476,2.439446,-17.03125,14.96875,-4.59375,-0.9140625,2.0113297
2003-12-01,-0.97965604,2.446829,-17.09375,15.0,-4.5,-0.765625,2.1697273
2003-12-02,-1.1572716,2.4226484,-17.125,14.984375,-4.59375,-0.9609375,1.9335938
2003-12-03,-1.0862566,2.4109654,-17.25,14.921875,-4.5,-0.90625,2.0078125
2003-12-04,-1.1541879,2.3848228,-17.15625,14.953125,-4.5234375,-0.984375,1.8824234
2003-12-05,-1.1277137,2.3794303,-17.0,14.9375,-4.5,-0.9609375,1.9019547
2003-12-06,-1.2190944,2.37181,-16.90625,14.9609375,-4.5390625,-1.0703125,1.8003922
2003-12-07,-1.3503889,2.3514588,-16.96875,14.84375,-4.6398435,-1.2265625,1.671875
2003-12-08,-1.1060678,2.3546655,-17.0625,14.984375,-4.4210935,-0.9453125,1.8945312
2003-12-09,-1.2000018,2.355498,-17.21875,15.015625,-4.5,-1.0742188,1.8125
2003-12-10,-1.3249627,2.3569748,-17.15625,14.9765625,-4.6171875,-1.2148438,1.6875
2003-12-11,-1.4312706,2.337404,-17.0625,14.9375,-4.6875,-1.3320312,1.5425797
2003-12-12,-1.4544214,2.325693,-17.03125,14.828125,-4.703125,-1.3515625,1.4878922
2003-12-13,-1.5947309,2.3133442,-16.9375,14.890625,-4.796875,-1.5234375,1.3550797
2003-12-14,-1.5767922,2.3170326,-16.96875,14.875,-4.796875,-1.5,1.3707047
2003-12-15,-1.5410054,2.3071747,-16.9375,14.8359375,-4.7421875,-1.484375,1.3984375
2003-12-16,-1.376689,2.3063827,-16.96875,14.84375,-4.6484375,-1.28125,1.546875
2003-12-17,-1.4196984,2.3251305,-17.0,14.8984375,-4.703125,-1.34375,1.5035172
2003-12-18,-1.4550319,2.3032317,-16.71875,14.90625,-4.6875,-1.390625,1.421875
2003-12-19,-1.4290553,2.3316035,-16.9375,14.875,-4.7222652,-1.3515625,1.5078125
2003-12-20,-1.4691817,2.320926,-16.8125,14.859375,-4.7648435,-1.3984375,1.4296875
2003-12-21,-1.5775639,2.3308725,-16.875,14.8125,-4.8742185,-1.515625,1.3515625
2003-12-22,-1.5754895,2.323532,-16.9375,14.8125,-4.8359375,-1.53125,1.3550797
2003-12-23,-1.6155199,2.3368375,-17.0625,14.671875,-4.9375,-1.5546875,1.3238297
2003-12-24,-1.691161,2.3563843,-17.0,14.6640625,-5.046875,-1.640625,1.2734375
2003-12-25,-1.7685626,2.3778007,-16.84375,14.7578125,-5.1484375,-1.7109375,1.2300797
2003-12-26,-1.9080093,2.3720918,-16.8125,14.703125,-5.3046875,-1.8515625,1.078125
2003-12-27,-1.90922,2.3911283,-16.84375,14.6875,-5.3671875,-1.84375,1.125
2003-12-28,-1.9241164,2.3956828,-16.90625,14.703125,-5.3828125,-1.8671875,1.0972672
2003-12-29,-1.9891275,2.4083452,-16.71875,14.6875,-5.53125,-1.9101562,1.046875
2003-12-30,-1.9017897,2.4342844,-16.5,14.75,-5.5234375,-1.828125,1.15625
2003-12-31,-1.9097321,2.452483,-16.53125,14.765625,-5.5625,-1.84375,1.125
2004-01-01,-1.9010943,2.4579847,-16.46875,14.6640625,-5.53125,-1.8320312,1.171875
2004-01-02,-1.9789603,2.4763308,-16.40625,14.625,-5.65625,-1.90625,1.1171875
2004-01-03,-1.904471,2.4986634,-16.5,14.71875,-5.578125,-1.8515625,1.296875
2004-01-04,-2.0439286,2.514765,-16.40625,14.6875,-5.8203125,-1.9765625,1.1328125
2004-01-05,-2.0785725,2.5366404,-16.4375,14.640625,-5.9453125,-2.0078125,1.125
2004-01-06,-2.0042174,2.5563977,-16.5,14.59375,-5.90625,-1.921875,1.2457047
2004-01-07,-2.001484,2.5982304,-16.40625,14.734375,-5.96875,-1.921875,1.296875
2004-01-08,-2.164782,2.619317,-16.40625,14.640625,-6.1484375,-2.0859375,1.1988297
2004-01-09,-2.0295262,2.66133,-16.40625,14.65625,-6.1554685,-1.9453125,1.4019547
2004-01-10,-2.0296526,2.6963265,-16.34375,14.71875,-6.1875,-1.953125,1.421875
2004-01-11,-2.2224402,2.7316782,-16.4375,14.6875,-6.4296875,-2.125,1.3203125
2004-01-12,-2.2618747,2.7646425,-16.40625,14.71875,-6.4992185,-2.171875,1.3316422
2004-01-13,-2.3957574,2.7704432,-16.40625,14.578125,-6.6328125,-2.3046875,1.203125
2004-01-14,-2.2691095,2.7442691,-16.09375,14.65625,-6.4609375,-2.2109375,1.3515625
2004-01-15,-2.1283267,2.7886772,-16.03125,14.625,-6.3515625,-2.09375,1.671875
2004-01-16,-2.3134875,2.823199,-16.125,14.609375,-6.6015625,-2.2734375,1.6050797
2004-01-17,-2.395006,2.8532372,-16.3125,14.4453125,-6.8046875,-2.3671875,1.4800797
2004-01-18,-2.4101682,2.9198866,-16.5,14.53125,-6.9765625,-2.34375,1.4835968
2004-01-19,-2.4501953,2.9568856,-16.46875,14.5390625,-7.1015625,-2.3984375,1.5191422
2004-01-20,-2.4899726,2.9863214,-16.65625,14.5234375,-7.1640625,-2.4375,1.5859375
2004-01-21,-2.5180004,3.0457063,-16.71875,14.46875,-7.3828125,-2.4453125,1.6171875
2004-01-22,-2.6962812,3.0855763,-16.6875,14.484375,-7.6796875,-2.625,1.4332047
2004-01-23,-2.804603,3.1212444,-16.59375,14.5859375,-7.8046875,-2.734375,1.3671875
2004-01-24,-2.8625214,3.173285,-16.5625,14.46875,-7.9921875,-2.8046875,1.3515625
2004-01-25,-2.9304469,3.2468824,-16.9375,14.609375,-8.2109375,-2.8515625,1.3984375
2004-01-26,-3.057202,3.3106186,-17.0625,14.546875,-8.4609375,-2.9609375,1.390625
2004-01-27,-3.2091355,3.3613365,-17.25,14.5625,-8.6796875,-3.109375,1.328125
2004-01-28,-3.3437946,3.4118898,-17.3125,14.5703125,-8.9140625,-3.2578125,1.2222672
2004-01-29,-3.445386,3.4683325,-17.125,14.6640625,-9.1015625,-3.328125,1.203125
2004-01-30,-3.5058787,3.4943595,-17.0625,14.515625,-9.171093,-3.4296875,1.25
2004-01-31,-3.6245494,3.5350695,-17.09375,14.5625,-9.3046875,-3.5546875,1.2613297
2004-02-01,-3.7192001,3.562302,-17.0625,14.546875,-9.4296875,-3.6523438,1.2265625
2004-02-02,-3.5232542,3.6088316,-16.78125,14.578125,-9.3203125,-3.4765625,1.46875
2004-02-03,-3.6306458,3.7062023,-16.875,14.640625,-9.5234375,-3.5859375,1.59375
2004-02-04,-3.7368016,3.7759042,-17.09375,14.734375,-9.7578125,-3.6875,1.546875
2004-02-05,-3.80853,3.8293986,-16.84375,14.640625,-9.8671875,-3.7578125,1.5035172
2004-02-06,-3.8552303,3.8722377,-16.6875,14.671875,-9.9453125,-3.859375,1.6675797
2004-02-07,-3.9389837,3.9201362,-16.8125,14.59375,-10.1015625,-3.96875,1.7421875
2004-02-08,-4.0244365,3.9971402,-16.90625,14.6015625,-10.3203125,-4.0234375,1.7730484
2004-02-09,-4.126401,4.068302,-17.0,14.5703125,-10.5859375,-4.078125,1.5894547
2004-02-10,-4.179883,4.1013107,-16.78125,14.65625,-10.6015625,-4.1757812,1.5816422
2004-02-11,-4.162274,4.1493783,-16.9375,14.6328125,-10.624218,-4.2109375,1.8046875
2004-02-12,-4.2312512,4.2260714,-16.9375,14.640625,-10.8203125,-4.2890625,1.7851562
2004-02-13,-4.364463,4.2670374,-16.90625,14.609375,-10.9453125,-4.4296875,1.7673836
2004-02-14,-4.4222918,4.311233,-16.84375,14.609375,-11.0546875,-4.5234375,1.71875
2004-02-15,-4.444631,4.3572326,-17.03125,14.6328125,-11.139843,-4.578125,1.7947273
2004-02-16,-4.3509192,4.4138613,-17.0,14.671875,-11.108593,-4.4765625,1.9765625
2004-02-17,-4.2587337,4.5238748,-17.0625,14.84375,-11.1953125,-4.4140625,2.1132812
2004-02-18,-4.434502,4.5725713,-17.03125,14.71875,-11.342968,-4.59375,2.0898438
2004-02-19,-4.4246054,4.6043725,-17.03125,14.7109375,-11.3671875,-4.5625,2.1328125
2004-02-20,-4.4085855,4.6733727,-16.8125,14.796875,-11.4453125,-4.5703125,2.1796875
2004-02-21,-4.5050735,4.697458,-16.78125,14.734375,-11.4921875,-4.671875,2.227932
2004-02-22,-4.526589,4.7146306,-16.6875,14.78125,-11.4921875,-4.6875,2.1523438
2004-02-23,-4.453068,4.744841,-16.71875,14.734375,-11.4453125,-4.6640625,2.3828125
2004-02-24,-4.4289737,4.787129,-16.6875,14.796875,-11.436718,-4.671875,2.4019547
2004-02-25,-4.357217,4.845431,-16.53125,14.765625,-11.4296875,-4.6171875,2.5546875
2004-02-26,-4.458851,4.873118,-16.65625,14.828125,-11.5703125,-4.71875,2.483986
2004-02-27,-4.4622645,4.910542,-16.65625,14.7578125,-11.5703125,-4.71875,2.4648438
2004-02-28,-4.439999,4.9422126,-16.46875,14.78125,-11.5703125,-4.71875,2.609375
2004-02-29,-4.3772063,4.996427,-16.53125,14.796875,-11.5390625,-4.65625,2.6835938
2004-03-01,-4.4266467,5.035949,-16.59375,14.8671875,-11.624218,-4.703125,2.6835938
2004-03-02,-4.382276,5.08883,-16.625,14.859375,-11.655468,-4.65625,2.734375
2004-03-03,-4.3757505,5.109219,-16.65625,14.875,-11.6484375,-4.625,2.7539062
2004-03-04,-4.278614,5.1092715,-16.59375,14.8125,-11.530468,-4.5625,2.7851562
2004-03-05,-4.231574,5.107925,-16.59375,14.84375,-11.4296875,-4.5546875,2.868946
2004-03-06,-4.0466037,5.1510687,-16.6875,14.875,-11.3046875,-4.375,3.109375
2004-03-07,-3.9524696,5.1815987,-16.59375,14.875,-11.2734375,-4.25,3.1523438
2004-03-08,-3.8431153,5.2244725,-16.75,15.03125,-11.1796875,-4.15625,3.3298836
2004-03-09,-3.7936642,5.226299,-16.625,15.078125,-11.1015625,-4.1171875,3.3494148
2004-03-10,-3.6857045,5.2169957,-16.53125,15.109375,-10.9296875,-4.0234375,3.4392586
2004-03-11,-3.5940213,5.2320623,-16.625,15.125,-10.8515625,-3.9453125,3.5429688
2004-03-12,-3.605869,5.2664876,-16.71875,15.15625,-10.8984375,-3.921875,3.5546875
2004-03-13,-3.5745997,5.351237,-16.84375,15.2265625,-10.9609375,-3.875,3.671875
2004-03-14,-3.594691,5.412435,-16.875,15.296875,-11.0703125,-3.890625,3.7148438
2004-03-15,-3.49558,5.43356,-16.875,15.25,-11.0078125,-3.7578125,3.8359375
2004-03-16,-3.5510874,5.42579,-16.9375,15.3203125,-11.0390625,-3.7890625,3.7265625
2004-03-17,-3.4661345,5.4717326,-16.90625,15.4453125,-11.014843,-3.7109375,3.8945312
2004-03-18,-3.4948862,5.479747,-16.90625,15.515625,-11.0390625,-3.6875,3.7695312
2004-03-19,-3.4414485,5.504156,-16.96875,15.46875,-11.0390625,-3.5625,3.78125
2004-03-20,-3.1488059,5.5617537,-16.84375,15.4765625,-10.8203125,-3.2851562,4.2382812
2004-03-21,-3.126617,5.572018,-16.875,15.625,-10.8046875,-3.21875,4.1679688
2004-03-22,-3.0946026,5.608013,-16.9375,15.65625,-10.8203125,-3.1367188,4.2382812
2004-03-23,-2.9582977,5.6588697,-17.03125,15.8125,-10.7265625,-2.953125,4.4140625
2004-03-24,-2.826718,5.6716175,-16.96875,15.765625,-10.6171875,-2.8320312,4.5269547
2004-03-25,-2.721531,5.6926155,-16.9375,15.7890625,-10.5546875,-2.65625,4.6367188
2004-03-26,-2.6810322,5.7525535,-17.0625,15.8828125,-10.6171875,-2.5390625,4.693165
2004-03-27,-2.7097576,5.775063,-17.0625,15.9921875,-10.6796875,-2.5117188,4.6601562
2004-03-28,-2.6561513,5.7913237,-17.125,16.0,-10.6640625,-2.4453125,4.718361
2004-03-29,-2.523642,5.789531,-17.09375,16.015625,-10.5390625,-2.2734375,4.831642
2004-03-30,-2.2757227,5.817536,-16.90625,16.078125,-10.3515625,-1.984375,5.1072273
2004-03-31,-2.185544,5.832081,-17.0,16.09375,-10.2890625,-1.8242188,5.1892586
2004-04-01,-2.063512,5.860898,-17.03125,16.203125,-10.2109375,-1.65625,5.3103523
2004-04-02,-2.0151255,5.8899455,-17.0625,16.25,-10.2421875,-1.5742188,5.3671875
2004-04-03,-2.0152957,5.9026484,-17.09375,16.40625,-10.2578125,-1.4609375,5.3164062
2004-04-04,-1.9328628,5.932368,-17.15625,16.46875,-10.2421875,-1.3164062,5.4179688
2004-04-05,-1.724192,6.0019565,-17.21875,16.578125,-10.1328125,-1.0234375,5.6697273
2004-04-06,-1.6959298,6.0332484,-17.34375,16.5625,-10.1796875,-0.890625,5.7226562
2004-04-07,-1.6124804,6.0444503,-17.3125,16.71875,-10.1484375,-0.796875,5.74004
2004-04-08,-1.5734688,6.021381,-17.3125,16.703125,-10.092968,-0.6953125,5.7205086
2004-04-09,-1.5443556,6.0073657,-17.28125,16.734375,-10.0703125,-0.625,5.71875
2004-04-10,-1.3473704,6.021097,-17.1875,16.859375,-9.9140625,-0.3515625,5.884571
2004-04-11,-1.1812884,6.0602493,-17.15625,16.9375,-9.8359375,-0.1015625,6.109375
2004-04-12,-1.0609437,6.091305,-17.0625,17.046875,-9.7734375,0.0859375,6.2695312
2004-04-13,-0.99867,6.102173,-17.09375,17.234375,-9.7421875,0.2421875,6.3085938
2004-04-14,-0.7481057,6.144205,-17.0625,17.25,-9.6015625,0.54296875,6.5798836
2004-04-15,-0.5915201,6.1807337,-17.125,17.40625,-9.5234375,0.81640625,6.7084007
2004-04-16,-0.54151756,6.195917,-17.15625,17.546875,-9.5234375,0.93359375,6.7734375
2004-04-17,-0.53345746,6.2058725,-17.1875,17.59375,-9.5703125,1.015625,6.71875
2004-04-18,-0.4121994,6.2454934,-17.21875,17.71875,-9.5546875,1.2304688,6.84375
2004-04-19,-0.2353567,6.264328,-17.21875,17.78125,-9.4296875,1.484375,6.9921875
2004-04-20,-0.13094783,6.2708945,-17.3125,17.984375,-9.389843,1.6757812,7.0738297
2004-04-21,0.012966207,6.290598,-17.34375,18.125,-9.2890625,1.90625,7.1875
2004-04-22,0.20310368,6.3056364,-17.3125,18.0625,-9.1640625,2.1523438,7.3828125
2004-04-23,0.13158242,6.2787967,-17.34375,18.21875,-9.2265625,2.2011719,7.2460938
2004-04-24,0.16528745,6.3109136,-17.46875,18.375,-9.2734375,2.3164062,7.2457047
2004-04-25,0.3409159,6.3490443,-17.4375,18.5,-9.1953125,2.5742188,7.3884773
2004-04-26,0.373084,6.3716683,-17.53125,18.640625,-9.2265625,2.671875,7.39629
2004-04-27,0.55929905,6.39492,-17.53125,18.8125,-9.1484375,2.9492188,7.5859375
2004-04-28,0.7092103,6.416545,-17.59375,18.84375,-9.0703125,3.1953125,7.70879
2004-04-29,0.8082747,6.42912,-17.59375,19.015625,-9.0390625,3.3203125,7.80254
2004-04-30,0.91700643,6.4499807,-17.65625,19.125,-9.0078125,3.46875,7.9257812
2004-05-01,0.9867246,6.4670997,-17.59375,19.328125,-9.0078125,3.5878906,7.9414062
2004-05-02,1.0361261,6.4539094,-17.5,19.546875,-8.9765625,3.6796875,7.9414062
2004-05-03,1.1409653,6.4657245,-17.5,19.71875,-8.9453125,3.8632812,8.015625
2004-05-04,1.2469815,6.4996614,-17.59375,19.9375,-8.9453125,4.001953,8.140625
2004-05-05,1.237777,6.5114374,-17.625,20.125,-9.0234375,4.001953,8.07383
2004-05-06,1.292553,6.5126014,-17.5,20.1875,-9.0078125,4.1054688,8.058205
2004-05-07,1.4979951,6.522472,-17.4375,20.484375,-8.8671875,4.3359375,8.25
2004-05-08,1.6729392,6.5503216,-17.4375,20.65625,-8.7890625,4.5390625,8.4140625
2004-05-09,1.6525629,6.5543423,-17.375,20.8125,-8.8828125,4.5078125,8.359375
2004-05-10,1.7074494,6.5628805,-17.4375,21.0625,-8.8828125,4.5839844,8.3671875
2004-05-11,1.8671484,6.587374,-17.46875,21.21875,-8.7890625,4.7539062,8.546875
2004-05-12,1.9640129,6.6067896,-17.46875,21.453125,-8.7734375,4.8652344,8.640625
2004-05-13,2.0401788,6.609335,-17.46875,21.59375,-8.749218,4.9375,8.703125
2004-05-14,2.114233,6.6184645,-17.53125,21.671875,-8.717968,4.9921875,8.75
2004-05-15,2.2032394,6.6236444,-17.53125,21.90625,-8.6953125,5.080078,8.8046875
2004-05-16,2.279732,6.630719,-17.625,22.09375,-8.6953125,5.1660156,8.8828125
2004-05-17,2.3362632,6.641619,-17.625,22.28125,-8.7265625,5.2382812,8.933205
2004-05-18,2.418317,6.6584816,-17.625,22.375,-8.7265625,5.3359375,8.9921875
2004-05-19,2.5467768,6.678077,-17.6875,22.53125,-8.6953125,5.4453125,9.13633
2004-05-20,2.543905,6.68794,-17.84375,22.609375,-8.733593,5.4433594,9.1015625
2004-05-21,2.6779878,6.708465,-17.90625,22.6875,-8.6796875,5.5742188,9.1875
2004-05-22,2.7719772,6.729381,-17.9375,22.84375,-8.7265625,5.6640625,9.296875
2004-05-23,2.941008,6.756437,-18.03125,23.0,-8.6640625,5.828125,9.4921875
2004-05-24,3.063993,6.787483,-17.96875,23.03125,-8.6640625,5.9726562,9.609375
2004-05-25,3.1908913,6.8180666,-18.09375,23.125,-8.6484375,6.0859375,9.784767
2004-05-26,3.137635,6.8244934,-18.03125,23.296875,-8.7734375,6.0078125,9.7265625
2004-05-27,3.1398053,6.820826,-18.03125,23.28125,-8.8359375,6.017578,9.71875
2004-05-28,3.2291412,6.8368306,-18.125,23.390625,-8.827343,6.1015625,9.8203125
2004-05-29,3.4272704,6.8659277,-18.1875,23.453125,-8.7421875,6.3125,10.03125
2004-05-30,3.5193598,6.892187,-18.21875,23.59375,-8.749218,6.419922,10.089455
2004-05-31,3.5714304,6.91025,-18.21875,23.640625,-8.7734375,6.4765625,10.171875
2004-06-01,3.7075636,6.9355884,-18.34375,23.75,-8.7578125,6.611328,10.3359375
2004-06-02,3.6324155,6.94762,-18.375,23.75,-8.8828125,6.5390625,10.25
2004-06-03,3.7483737,6.96034,-18.4375,23.765625,-8.8671875,6.640625,10.41758
2004-06-04,3.830139,6.98147,-18.40625,23.75,-8.8671875,6.732422,10.48008
2004-06-05,3.9726274,7.0108,-18.5,23.75,-8.8359375,6.921875,10.651955
2004-06-06,4.0009007,7.045302,-18.4375,23.796875,-8.9296875,6.9726562,10.659767
2004-06-07,3.9898064,7.0624995,-18.46875,23.890625,-9.0234375,6.9609375,10.6796875
2004-06-08,4.0305705,7.067221,-18.5,23.859375,-9.0234375,7.017578,10.69883
2004-06-09,4.208872,7.0837774,-18.65625,23.875,-8.8984375,7.203125,10.90625
2004-06-10,4.1039047,7.097897,-18.65625,23.90625,-9.1015625,7.091797,10.765625
2004-06-11,4.2130075,7.1092505,-18.75,23.84375,-9.0390625,7.205078,10.894142
2004-06-12,4.328521,7.137462,-18.78125,23.796875,-8.9921875,7.3359375,11.0390625
2004-06-13,4.3289247,7.1487703,-18.84375,23.75,-9.046093,7.3203125,11.066017
2004-06-14,4.4414177,7.170847,-18.78125,23.9375,-9.0078125,7.4296875,11.206642
2004-06-15,4.413449,7.186375,-18.875,23.84375,-9.0546875,7.4140625,11.214455
2004-06-16,4.4908032,7.188392,-18.84375,23.8125,-9.0234375,7.498047,11.28125
2004-06-17,4.556855,7.2032723,-18.8125,23.703125,-8.9765625,7.59375,11.3828125
2004-06-18,4.683941,7.2339087,-18.875,23.71875,-8.936718,7.716797,11.534767
2004-06-19,4.7504487,7.270269,-18.875,23.8125,-8.928124,7.810547,11.640625
2004-06-20,4.8049493,7.293283,-18.84375,23.9375,-8.921093,7.8945312,11.73008
2004-06-21,4.683767,7.3039784,-18.90625,24.03125,-9.0703125,7.796875,11.640625
2004-06-22,4.697607,7.3029475,-19.0,24.078125,-9.0859375,7.8164062,11.640625
2004-06-23,4.782924,7.3160048,-19.15625,24.0625,-9.030468,7.9179688,11.722267
2004-06-24,4.798231,7.3342314,-19.21875,23.984375,-9.0390625,7.955078,11.765625
2004-06-25,4.8669405,7.3560247,-19.375,24.125,-9.0078125,8.015625,11.831642
2004-06-26,4.8254743,7.3705587,-19.375,24.296875,-9.1015625,7.9960938,11.816017
2004-06-27,4.664396,7.3571506,-19.53125,24.1875,-9.2265625,7.8339844,11.640625
2004-06-28,4.81078,7.360652,-19.53125,24.15625,-9.0703125,7.9902344,11.765625
2004-06-29,4.86331,7.3833385,-19.625,24.125,-9.014843,8.0625,11.878517
2004-06-30,4.8369665,7.389067,-19.53125,24.15625,-9.0546875,8.0390625,11.88633
2004-07-01,4.8924265,7.390515,-19.5625,24.1875,-8.936718,8.078125,11.928909
2004-07-02,4.8933873,7.3896456,-19.59375,24.25,-8.9140625,8.1015625,11.9375
2004-07-03,4.757414,7.3840117,-19.6875,24.15625,-8.9921875,7.9609375,11.8203125
2004-07-04,4.8616924,7.3887167,-19.65625,24.03125,-8.8984375,8.0859375,11.941017
2004-07-05,4.8374968,7.405584,-19.75,24.0625,-8.967968,8.078125,11.921875
2004-07-06,4.77808,7.4016814,-19.8125,24.03125,-8.9921875,8.03125,11.8671875
2004-07-07,4.8733215,7.4103312,-19.8125,23.984375,-8.8828125,8.1484375,11.972267
2004-07-08,4.953751,7.436462,-19.75,24.03125,-8.858593,8.25,12.026955
2004-07-09,4.8934526,7.454849,-19.875,24.03125,-8.9609375,8.1796875,12.0625
2004-07-10,4.911174,7.4573,-19.90625,24.0,-8.9609375,8.203125,12.04258
2004-07-11,4.912946,7.462066,-19.875,23.96875,-8.9609375,8.21875,12.034767
2004-07-12,4.836391,7.4618597,-19.9375,23.96875,-9.0078125,8.15625,11.960159
2004-07-13,4.822333,7.454988,-19.96875,23.9375,-8.9921875,8.140625,11.956642
2004-07-14,4.717393,7.446491,-20.21875,23.84375,-9.0546875,8.0390625,11.8671875
2004-07-15,4.8562365,7.454066,-20.375,23.890625,-8.9453125,8.2109375,11.98008
2004-07-16,4.81191,7.4845862,-20.40625,23.859375,-9.0234375,8.1484375,12.0078125
2004-07-17,4.706684,7.4691505,-20.25,23.796875,-9.0546875,8.0703125,11.847267
2004-07-18,4.773069,7.4646807,-20.375,23.671875,-8.9921875,8.15625,11.890625
2004-07-19,4.8081775,7.490181,-20.4375,23.65625,-9.0234375,8.203125,11.96875
2004-07-20,4.7568407,7.4968724,-20.375,23.65625,-9.0390625,8.1640625,11.90625
2004-07-21,4.7251663,7.4843006,-20.375,23.65625,-9.046093,8.1171875,11.88633
2004-07-22,4.7008333,7.4753985,-20.3125,23.65625,-9.0546875,8.1015625,11.85508
2004-07-23,4.7052746,7.464467,-20.09375,23.59375,-8.9921875,8.1015625,11.839455
2004-07-24,4.7025423,7.4575953,-20.0625,23.578125,-8.983593,8.078125,11.8359375
2004-07-25,4.6432943,7.449038,-20.125,23.46875,-8.9921875,8.0390625,11.78125
2004-07-26,4.7592416,7.4569273,-20.34375,23.375,-8.9296875,8.1640625,11.890625
2004-07-27,4.7352195,7.468923,-20.1875,23.34375,-8.9609375,8.15625,11.85508
2004-07-28,4.757945,7.4643908,-20.15625,23.296875,-8.889843,8.171875,11.890625
2004-07-29,4.841256,7.47659,-20.15625,23.28125,-8.8515625,8.2578125,12.003517
2004-07-30,4.696292,7.465394,-20.0625,23.25,-8.9765625,8.0859375,11.8515625
2004-07-31,4.570656,7.4257936,-19.90625,23.125,-8.9921875,7.9453125,11.675392
2004-08-01,4.607462,7.4085493,-19.8125,23.0625,-8.9296875,7.9726562,11.73008
2004-08-02,4.5704203,7.401327,-19.75,23.03125,-8.9296875,7.953125,11.6875
2004-08-03,4.540227,7.3812613,-19.8125,23.046875,-8.9609375,7.921875,11.6171875
2004-08-04,4.4874387,7.35829,-19.75,22.9375,-8.921093,7.857422,11.558205
2004-08-05,4.4961023,7.3308487,-19.53125,22.9375,-8.858593,7.84375,11.578125
2004-08-06,4.5129232,7.3084726,-19.40625,22.90625,-8.7890625,7.8554688,11.581642
2004-08-07,4.5093994,7.2958465,-19.53125,22.703125,-8.8046875,7.8515625,11.54258
2004-08-08,4.43484,7.292798,-19.65625,22.71875,-8.8828125,7.78125,11.452347
2004-08-09,4.4816003,7.286525,-19.625,22.6875,-8.8515625,7.828125,11.460159
2004-08-10,4.3435082,7.265164,-19.5625,22.671875,-8.9140625,7.685547,11.3046875
2004-08-11,4.4062786,7.239788,-19.5625,22.546875,-8.796093,7.7421875,11.34375
2004-08-12,4.3154836,7.217558,-19.625,22.46875,-8.8359375,7.6171875,11.25
2004-08-13,4.386953,7.186426,-19.53125,22.4375,-8.717968,7.6875,11.28125
2004-08-14,4.460036,7.178743,-19.53125,22.46875,-8.6328125,7.763672,11.335159
2004-08-15,4.3173027,7.1557665,-19.53125,22.453125,-8.6953125,7.6015625,11.1796875
2004-08-16,4.146174,7.098378,-19.5625,22.3125,-8.7109375,7.4140625,10.941017
2004-08-17,4.170226,7.0580983,-19.53125,22.203125,-8.6328125,7.40625,10.91758
2004-08-18,4.3796487,7.048912,-19.34375,22.203125,-8.3984375,7.6210938,11.097267
2004-08-19,4.27791,7.0193725,-19.3125,22.15625,-8.436718,7.5,11.015625
2004-08-20,4.2042155,6.967756,-19.28125,22.0625,-8.4296875,7.3828125,10.90625
2004-08-21,4.291125,6.9429073,-19.28125,22.0625,-8.2890625,7.453125,10.984375
2004-08-22,4.255218,6.9371963,-19.40625,22.015625,-8.3203125,7.40625,11.003517
2004-08-23,4.085896,6.8883243,-19.1875,22.03125,-8.3515625,7.236328,10.7421875
2004-08-24,4.0728865,6.8529177,-19.25,22.0,-8.311718,7.1796875,10.7265625
2004-08-25,4.265418,6.840435,-19.3125,21.90625,-8.1171875,7.390625,10.875
2004-08-26,4.2355895,6.8286924,-19.21875,21.890625,-8.1328125,7.3398438,10.85508
2004-08-27,4.0559363,6.7768126,-19.21875,21.78125,-8.202343,7.125,10.683205
2004-08-28,4.11456,6.7284923,-19.125,21.71875,-8.0234375,7.1328125,10.75
2004-08-29,4.178052,6.684471,-19.0625,21.59375,-7.8984375,7.173828,10.808205
2004-08-30,4.0909243,6.645679,-18.875,21.625,-7.9140625,7.064453,10.6953125
2004-08-31,4.024337,6.609735,-18.96875,21.65625,-7.9140625,6.9746094,10.566017
2004-09-01,3.9831493,6.5771027,-19.0,21.671875,-7.9140625,6.9140625,10.4765625
2004-09-02,4.094022,6.540837,-18.96875,21.640625,-7.7421875,6.9960938,10.628517
2004-09-03,3.9450731,6.486567,-18.90625,21.5625,-7.8046875,6.8066406,10.421875
2004-09-04,3.984981,6.4459195,-18.875,21.59375,-7.6796875,6.84375,10.378517
2004-09-05,3.8838727,6.391566,-18.71875,21.5625,-7.6554685,6.7109375,10.284767
2004-09-06,3.826717,6.3361683,-18.6875,21.484375,-7.6398435,6.6171875,10.171875
2004-09-07,3.894217,6.2949347,-18.6875,21.375,-7.4921875,6.6523438,10.203125
2004-09-08,3.8808835,6.2373214,-18.375,21.265625,-7.3828125,6.59375,10.15625
2004-09-09,3.7744055,6.170785,-18.5625,21.265625,-7.3671875,6.453125,10.0
2004-09-10,3.8310816,6.123748,-18.28125,21.25,-7.2734375,6.484375,10.0390625
2004-09-11,3.8643787,6.098359,-18.21875,21.15625,-7.1796875,6.498047,10.0625
2004-09-12,3.622314,6.0207005,-18.40625,20.9375,-7.2734375,6.2089844,9.683205
2004-09-13,3.6347506,5.98493,-18.53125,20.9375,-7.1640625,6.1914062,9.65625
2004-09-14,3.66137,5.9518886,-18.46875,20.90625,-7.0859375,6.203125,9.6875
2004-09-15,3.5478444,5.8981357,-18.6875,20.71875,-7.0859375,6.046875,9.546875
2004-09-16,3.3438582,5.8053813,-18.53125,20.53125,-7.1015625,5.796875,9.234375
2004-09-17,3.4064028,5.7337046,-18.21875,20.421875,-6.8828125,5.8046875,9.272659
2004-09-18,3.3993568,5.6763434,-18.09375,20.21875,-6.8046875,5.7617188,9.25
2004-09-19,3.4132369,5.6335864,-18.03125,20.15625,-6.7265625,5.7421875,9.23008
2004-09-20,3.3675141,5.5852537,-18.09375,20.03125,-6.6953125,5.6601562,9.159767
2004-09-21,3.3878992,5.533097,-18.03125,19.921875,-6.6015625,5.6328125,9.159767
2004-09-22,3.2744548,5.4800105,-18.0,19.84375,-6.5546875,5.4628906,9.01133
2004-09-23,3.3456736,5.44577,-18.0625,19.71875,-6.4523435,5.5195312,9.0703125
2004-09-24,3.299255,5.3985147,-18.03125,19.6875,-6.4140625,5.435547,9.050392
2004-09-25,3.1949315,5.340482,-18.125,19.625,-6.4140625,5.2773438,8.828125
2004-09-26,3.085316,5.2670665,-18.0,19.453125,-6.3828125,5.138672,8.6484375
2004-09-27,3.0199893,5.199585,-18.09375,19.328125,-6.3046875,5.015625,8.495705
2004-09-28,2.9665527,5.1329703,-18.0,19.125,-6.2734375,4.9023438,8.359375
2004-09-29,2.9819434,5.088635,-17.9375,19.078125,-6.203125,4.890625,8.34375
2004-09-30,2.8695889,5.060489,-18.03125,18.9375,-6.2734375,4.7695312,8.203125
2004-10-01,2.7756987,5.017501,-18.09375,18.734375,-6.2648435,4.6367188,8.112892
2004-10-02,2.6491199,4.952688,-18.125,18.625,-6.2578125,4.4609375,7.8550797
2004-10-03,2.5048714,4.8783545,-18.125,18.4375,-6.2265625,4.279297,7.6072273
2004-10-04,2.3853848,4.778954,-18.0,18.34375,-6.1554685,4.0859375,7.375
2004-10-05,2.3837578,4.722424,-17.9375,18.21875,-6.0546875,4.0410156,7.34375
2004-10-06,2.2995062,4.6663585,-17.90625,18.015625,-6.0234375,3.9160156,7.1988297
2004-10-07,2.1978536,4.6129904,-17.96875,17.78125,-6.0078125,3.7792969,7.0447273
2004-10-08,2.1302986,4.5637574,-18.03125,17.59375,-6.0,3.6757812,6.9332047
2004-10-09,2.1488757,4.501396,-17.96875,17.578125,-5.8515625,3.671875,6.89629
2004-10-10,2.0593803,4.440011,-18.0,17.359375,-5.8003902,3.5390625,6.759571
2004-10-11,1.8884405,4.3750715,-17.9375,17.25,-5.866406,3.3125,6.5546875
2004-10-12,1.7604464,4.3003564,-17.90625,17.078125,-5.8359375,3.1523438,6.3710938
2004-10-13,1.7111211,4.2346606,-17.84375,16.78125,-5.75,3.0625,6.296875
2004-10-14,1.6583694,4.181573,-17.8125,16.59375,-5.7265625,2.9726562,6.1892586
2004-10-15,1.545389,4.1211095,-17.8125,16.46875,-5.7023435,2.8066406,5.9921875
2004-10-16,1.5181298,4.0812273,-17.78125,16.34375,-5.647656,2.765625,5.9609375
2004-10-17,1.318325,4.005406,-17.75,16.3125,-5.6875,2.5273438,5.6992188
2004-10-18,1.3223971,3.9669316,-17.75,16.15625,-5.6171875,2.515625,5.67754
2004-10-19,1.4604763,3.944698,-17.8125,16.015625,-5.421875,2.65625,5.8238297
2004-10-20,1.3273948,3.8859499,-17.8125,15.890625,-5.4375,2.4726562,5.64629
2004-10-21,1.1527493,3.8011553,-17.84375,15.8203125,-5.4140625,2.2617188,5.3416023
2004-10-22,1.2305493,3.7657433,-17.875,15.6328125,-5.25,2.3085938,5.4570312
2004-10-23,1.2063848,3.7099957,-17.78125,15.609375,-5.1796875,2.2695312,5.390625
2004-10-24,1.1490152,3.6768384,-17.75,15.6015625,-5.1640625,2.1875,5.306057
2004-10-25,0.92555815,3.6230156,-17.75,15.546875,-5.2648435,1.921875,5.0429688
2004-10-26,0.8656241,3.571634,-17.75,15.4921875,-5.1953125,1.8320312,4.8828125
2004-10-27,0.800799,3.5037465,-17.8125,15.3046875,-5.132031,1.7265625,4.7773438
2004-10-28,0.698136,3.4483428,-17.75,15.203125,-5.09375,1.5859375,4.6228523
2004-10-29,0.58515996,3.4079957,-17.71875,15.0078125,-5.116406,1.453125,4.45879
2004-10-30,0.5763966,3.3591676,-17.6875,14.890625,-5.03125,1.4140625,4.409767
2004-10-31,0.5199427,3.2942917,-17.6875,14.8203125,-4.921875,1.3125,4.328125
2004-11-01,0.5618026,3.243194,-17.6875,14.609375,-4.7734375,1.34375,4.3476562
2004-11-02,0.5300823,3.2159781,-17.6875,14.46875,-4.7265625,1.296875,4.3046875
2004-11-03,0.38847995,3.174185,-17.65625,14.40625,-4.8125,1.1171875,4.1640625
2004-11-04,0.22063994,3.1282134,-17.625,14.1875,-4.8828125,0.9140625,3.9453125
2004-11-05,0.17783745,3.0972605,-17.65625,14.078125,-4.828125,0.859375,3.8632812
2004-11-06,0.096073925,3.0496154,-17.53125,13.9296875,-4.828125,0.75390625,3.7070312
2004-11-07,0.25101843,3.0276613,-17.59375,13.84375,-4.6171875,0.8671875,3.8923836
2004-11-08,0.20437048,2.9923866,-17.71875,13.8125,-4.5625,0.8125,3.822071
2004-11-09,0.05624692,2.9636154,-17.6875,13.59375,-4.671875,0.640625,3.6210938
2004-11-10,-0.15650746,2.910934,-17.59375,13.4140625,-4.7492185,0.4140625,3.3728523
2004-11-11,-0.09135776,2.8764818,-17.625,13.328125,-4.6171875,0.44140625,3.4296875
2004-11-12,-0.22909334,2.8344593,-17.625,13.3359375,-4.6675777,0.2890625,3.234375
2004-11-13,-0.37499604,2.8113348,-17.625,13.2578125,-4.7335935,0.125,3.0546875
2004-11-14,-0.44987428,2.778706,-17.53125,13.09375,-4.7421875,0.03125,2.96875
2004-11-15,-0.5289071,2.723298,-17.375,13.0703125,-4.6875,-0.0859375,2.790821
2004-11-16,-0.52296126,2.707798,-17.375,12.9375,-4.671875,-0.1015625,2.8476562
2004-11-17,-0.5159472,2.6833653,-17.46875,12.7578125,-4.609375,-0.1015625,2.8945312
2004-11-18,-0.651997,2.6438375,-17.5625,12.734375,-4.6640625,-0.2578125,2.671875
2004-11-19,-0.7393305,2.6199062,-17.53125,12.6953125,-4.703125,-0.3828125,2.6015625
2004-11-20,-0.73725414,2.5841753,-17.375,12.65625,-4.6171875,-0.375,2.4921875
2004-11-21,-0.8231008,2.5570388,-17.3125,12.640625,-4.6328125,-0.4921875,2.4101562
2004-11-22,-0.9231691,2.5264587,-17.25,12.5390625,-4.671875,-0.625,2.2539062
2004-11-23,-0.8948752,2.5034792,-17.25,12.4375,-4.59375,-0.6171875,2.306446
2004-11-24,-0.7122126,2.4967465,-17.25,12.328125,-4.4296875,-0.4296875,2.530861
2004-11-25,-0.8594923,2.461491,-17.28125,12.375,-4.5,-0.6015625,2.3003922
2004-11-26,-0.8688113,2.459889,-17.3125,12.4375,-4.5,-0.625,2.2882843
2004-11-27,-1.0497072,2.4339938,-17.34375,12.359375,-4.609375,-0.8203125,2.0816422
2004-11-28,-1.0708255,2.4152992,-17.15625,12.25,-4.59375,-0.84765625,2.1132812
2004-11-29,-1.1205282,2.390369,-17.0625,12.1796875,-4.59375,-0.9140625,2.0234375
2004-11-30,-0.9794788,2.3974986,-17.15625,12.203125,-4.453125,-0.7734375,2.171875
2004-12-01,-1.1573063,2.3717766,-17.1875,12.171875,-4.578125,-0.96875,1.9509773
2004-12-02,-1.0856086,2.3636138,-17.28125,12.09375,-4.5,-0.921875,2.0191422
2004-12-03,-1.1531494,2.3361557,-17.1875,12.109375,-4.5078125,-1.0039062,1.9019547
2004-12-04,-1.1273295,2.3301272,-17.0,12.109375,-4.484375,-0.96875,1.921875
2004-12-05,-1.2183733,2.324253,-16.90625,12.1328125,-4.5546875,-1.078125,1.8515625
2004-12-06,-1.348829,2.307941,-16.96875,12.015625,-4.6484375,-1.2265625,1.6953125
2004-12-07,-1.1044097,2.30918,-17.0625,12.1640625,-4.4054685,-0.96875,1.9140625
2004-12-08,-1.1980234,2.308419,-17.21875,12.234375,-4.46875,-1.078125,1.8476562
2004-12-09,-1.3231419,2.3091428,-17.15625,12.1953125,-4.59375,-1.1992188,1.7265625
2004-12-10,-1.4293147,2.291381,-17.09375,12.1484375,-4.6554685,-1.328125,1.5859375
2004-12-11,-1.452603,2.2816694,-17.0625,12.0234375,-4.671875,-1.3398438,1.546875
2004-12-12,-1.5924417,2.2702081,-16.96875,12.1015625,-4.7734375,-1.5078125,1.4609375
2004-12-13,-1.5744699,2.2718565,-16.96875,12.09375,-4.7648435,-1.5,1.4296875
2004-12-14,-1.5384626,2.2651515,-16.9375,12.0703125,-4.7265625,-1.46875,1.46875
2004-12-15,-1.3740709,2.2661495,-16.96875,12.09375,-4.578125,-1.28125,1.609375
2004-12-16,-1.4170344,2.2834601,-17.0,12.1640625,-4.6328125,-1.3515625,1.5625
2004-12-17,-1.4525516,2.2646253,-16.71875,12.1953125,-4.6242185,-1.3828125,1.4921875
2004-12-18,-1.4257394,2.2958145,-16.9375,12.171875,-4.6640625,-1.3515625,1.5390625
2004-12-19,-1.4655083,2.287153,-16.8125,12.1796875,-4.671875,-1.3984375,1.5078125
2004-12-20,-1.5734594,2.298492,-16.875,12.140625,-4.8125,-1.5234375,1.4175797
2004-12-21,-1.5709234,2.290522,-16.9375,12.1640625,-4.78125,-1.5390625,1.375
2004-12-22,-1.6105517,2.3077593,-17.0625,12.0234375,-4.8671875,-1.5546875,1.3550797
2004-12-23,-1.6858597,2.3285882,-17.0,12.03125,-5.0,-1.6171875,1.328125
2004-12-24,-1.7631186,2.348967,-16.84375,12.15625,-5.125,-1.6992188,1.2890625
2004-12-25,-1.9022763,2.346868,-16.8125,12.109375,-5.25,-1.8398438,1.1753922
2004-12-26,-1.9027998,2.3682656,-16.84375,12.109375,-5.3125,-1.8359375,1.1832047
2004-12-27,-1.917164,2.370957,-16.90625,12.1484375,-5.3125,-1.8515625,1.140625
2004-12-28,-1.981608,2.3884454,-16.71875,12.15625,-5.4921875,-1.8984375,1.0972672
2004-12-29,-1.8939677,2.4137871,-16.46875,12.25,-5.4375,-1.8203125,1.1875
2004-12-30,-1.9012538,2.431497,-16.5,12.296875,-5.46875,-1.8359375,1.21875
2004-12-31,-1.8920426,2.4383383,-16.4375,12.21875,-5.453125,-1.8203125,1.2222672
2005-01-01,-1.6157233,2.4484534,-16.5,12.421875,-5.1640625,-1.5546875,1.59375
2005-01-02,-1.821697,2.4755654,-16.4375,12.34375,-5.4375,-1.75,1.390625
2005-01-03,-1.7643467,2.4955847,-16.5,12.4375,-5.4140625,-1.7109375,1.5078125
2005-01-04,-1.9432093,2.5106785,-16.40625,12.40625,-5.671875,-1.8828125,1.3160172
2005-01-05,-1.9925302,2.5330107,-16.40625,12.359375,-5.796875,-1.9296875,1.296875
2005-01-06,-1.9328837,2.553428,-16.4375,12.328125,-5.796875,-1.8671875,1.3628922
2005-01-07,-1.9396241,2.5939944,-16.375,12.5,-5.859375,-1.8515625,1.4289093
2005-01-08,-2.108334,2.6167166,-16.34375,12.4375,-6.0546875,-2.0507812,1.3203125
2005-01-09,-1.9774522,2.658635,-16.34375,12.4765625,-6.0546875,-1.8945312,1.453125
2005-01-10,-1.9775071,2.6930668,-16.3125,12.5703125,-6.078125,-1.9023438,1.5191422
2005-01-11,-2.1724946,2.7295306,-16.40625,12.5625,-6.3359375,-2.0859375,1.4019547
2005-01-12,-2.2125664,2.761177,-16.3125,12.625,-6.4140625,-2.1484375,1.4296875
2005-01-13,-2.347607,2.7689846,-16.1875,12.484375,-6.5617185,-2.2734375,1.2847672
2005-01-14,-2.2228096,2.7437897,-16.03125,12.6015625,-6.3828125,-2.1914062,1.4140625
2005-01-15,-2.0829327,2.7867525,-15.9765625,12.5859375,-6.2421875,-2.078125,1.7421875
2005-01-16,-2.2718744,2.822493,-15.9765625,12.59375,-6.4765625,-2.2734375,1.6796875
2005-01-17,-2.355823,2.8530312,-15.9921875,12.4375,-6.7023435,-2.3515625,1.5625
2005-01-18,-2.3731282,2.9220464,-16.25,12.5546875,-6.8984375,-2.3203125,1.5078125
2005-01-19,-2.4152763,2.9582415,-16.28125,12.5859375,-7.0078125,-2.3671875,1.59375
2005-01-20,-2.4559863,2.9893844,-16.5,12.59375,-7.0859375,-2.4296875,1.6597672
2005-01-21,-2.48534,3.047537,-16.53125,12.5625,-7.2734375,-2.4257812,1.6753922
2005-01-22,-2.664859,3.0899205,-16.5,12.609375,-7.5546875,-2.5976562,1.5078125
2005-01-23,-2.7721648,3.1230004,-16.4375,12.7421875,-7.7109375,-2.71875,1.4453125
2005-01-24,-2.8301902,3.1779106,-16.4375,12.6484375,-7.9140625,-2.78125,1.4609375
2005-01-25,-2.8969705,3.252044,-16.75,12.8203125,-8.1171875,-2.8359375,1.46875
2005-01-26,-3.0199325,3.315858,-16.75,12.78125,-8.3515625,-2.953125,1.4453125
2005-01-27,-3.1695135,3.366204,-16.9375,12.828125,-8.5703125,-3.109375,1.3828125
2005-01-28,-3.3003852,3.4202774,-16.90625,12.859375,-8.7890625,-3.234375,1.328125
2005-01-29,-3.3991206,3.4750614,-16.84375,13.015625,-8.9765625,-3.3359375,1.2925797
2005-01-30,-3.4550407,3.5023646,-17.03125,12.8515625,-9.0390625,-3.40625,1.3125
2005-01-31,-3.5696988,3.5421743,-17.15625,12.953125,-9.202343,-3.5429688,1.390625
2005-02-01,-3.6624308,3.571014,-17.15625,12.9765625,-9.3203125,-3.625,1.328125
2005-02-02,-3.464238,3.6189234,-16.84375,13.0390625,-9.2109375,-3.4648438,1.609375
2005-02-03,-3.5691056,3.7143543,-16.9375,13.171875,-9.4296875,-3.5703125,1.6953125
2005-02-04,-3.6732657,3.7860823,-17.28125,13.3359375,-9.6171875,-3.671875,1.6328125
2005-02-05,-3.7432332,3.8430262,-17.09375,13.265625,-9.764843,-3.75,1.6050797
2005-02-06,-3.7888918,3.8844805,-17.15625,13.328125,-9.7890625,-3.8320312,1.7265625
2005-02-07,-3.8720055,3.9314992,-17.25,13.25,-9.9296875,-3.9296875,1.7886734
2005-02-08,-3.9569986,4.0075297,-17.375,13.3046875,-10.171093,-3.9921875,1.8398438
2005-02-09,-4.0567923,4.0820317,-17.53125,13.296875,-10.4296875,-4.0625,1.6441422
2005-02-10,-4.109167,4.117236,-17.40625,13.4609375,-10.467968,-4.1328125,1.640625
2005-02-11,-4.090497,4.165832,-17.59375,13.46875,-10.4453125,-4.1835938,1.8277359
2005-02-12,-4.157994,4.243527,-17.75,13.5078125,-10.6484375,-4.25,1.8203125
2005-02-13,-4.2908216,4.2857213,-17.8125,13.53125,-10.8046875,-4.3984375,1.8003922
2005-02-14,-4.347494,4.33132,-17.71875,13.53125,-10.9296875,-4.46875,1.7773438
2005-02-15,-4.369499,4.3781576,-17.90625,13.6171875,-10.9609375,-4.5390625,1.8476562
2005-02-16,-4.2744775,4.4380684,-17.8125,13.6875,-10.9453125,-4.4453125,2.0191422
2005-02-17,-4.180042,4.5479674,-17.9375,13.9453125,-11.0234375,-4.3359375,2.1445312
2005-02-18,-4.354431,4.5993214,-18.03125,13.828125,-11.1640625,-4.5234375,2.125
2005-02-19,-4.3427353,4.63197,-18.09375,13.8125,-11.2109375,-4.5078125,2.1753922
2005-02-20,-4.324575,4.702038,-18.0,13.96875,-11.2734375,-4.5078125,2.234375
2005-02-21,-4.4204745,4.7247906,-17.8125,13.921875,-11.3515625,-4.6328125,2.268753
2005-02-22,-4.4405937,4.745032,-17.75,14.015625,-11.3515625,-4.6328125,2.2070312
2005-02-23,-4.365872,4.777986,-17.78125,13.984375,-11.2734375,-4.609375,2.4080086
2005-02-24,-4.3400083,4.821884,-17.875,14.09375,-11.2734375,-4.6171875,2.462696
2005-02-25,-4.266393,4.8814473,-17.5,14.09375,-11.264843,-4.578125,2.5976562
2005-02-26,-4.3670235,4.9072704,-17.5,14.1953125,-11.3671875,-4.6796875,2.5195312
2005-02-27,-4.36894,4.947403,-17.46875,14.1328125,-11.4296875,-4.6640625,2.5070343
2005-02-28,-4.3450866,4.980441,-17.375,14.171875,-11.4140625,-4.6640625,2.6445312
2005-03-01,-4.279946,5.0355268,-17.1875,14.21875,-11.3828125,-4.59375,2.734375
2005-03-02,-4.327698,5.0768223,-17.25,14.328125,-11.4609375,-4.6484375,2.7460938
2005-03-03,-4.281038,5.1317086,-17.34375,14.34375,-11.5703125,-4.578125,2.8125
2005-03-04,-4.2733197,5.1547594,-17.28125,14.375,-11.5546875,-4.5703125,2.8046875
2005-03-05,-4.1744795,5.157494,-17.15625,14.3125,-11.4296875,-4.4765625,2.8650398
2005-03-06,-4.1271234,5.156656,-16.9375,14.3671875,-11.3046875,-4.4609375,2.9453125
2005-03-07,-3.9405916,5.2015076,-17.03125,14.4375,-11.1953125,-4.28125,3.21875
2005-03-08,-3.8457074,5.2331104,-16.9375,14.453125,-11.155468,-4.1328125,3.2791023
2005-03-09,-3.733571,5.277638,-16.71875,14.671875,-11.1015625,-4.0429688,3.484375
2005-03-10,-3.6822646,5.279143,-16.375,14.7421875,-11.0078125,-3.9921875,3.46875
2005-03-11,-3.5729704,5.2712936,-16.28125,14.7890625,-10.8359375,-3.8984375,3.578125
2005-03-12,-3.4802744,5.288017,-16.40625,14.8125,-10.7578125,-3.8125,3.6679688
2005-03-13,-3.4908361,5.3223124,-16.5,14.8515625,-10.8203125,-3.8046875,3.665821
2005-03-14,-3.4561846,5.4066386,-16.59375,14.953125,-10.8671875,-3.7578125,3.796875
2005-03-15,-3.4732316,5.471157,-16.625,15.046875,-10.9765625,-3.7578125,3.8359375
2005-03-16,-3.3712249,5.4942183,-16.65625,15.0,-10.9296875,-3.6523438,3.9335938
2005-03-17,-3.4257083,5.4875064,-16.6875,15.0625,-10.952343,-3.65625,3.8611336
2005-03-18,-3.339274,5.532982,-16.65625,15.21875,-10.9296875,-3.5664062,4.0
2005-03-19,-3.367554,5.541846,-16.65625,15.2890625,-10.999218,-3.5585938,3.9644547
2005-03-20,-3.312703,5.570085,-16.71875,15.25,-11.0078125,-3.453125,3.9861336
2005-03-21,-3.017248,5.6272993,-16.59375,15.2421875,-10.7578125,-3.1796875,4.3416023
2005-03-22,-2.992824,5.6386294,-16.625,15.40625,-10.7578125,-3.0976562,4.3125
2005-03-23,-2.958406,5.6750197,-16.71875,15.453125,-10.7578125,-3.0546875,4.36504
2005-03-24,-2.8197236,5.7282095,-16.8125,15.6171875,-10.6953125,-2.8671875,4.5390625
2005-03-25,-2.685985,5.7442164,-16.75,15.578125,-10.5703125,-2.71875,4.6853523
2005-03-26,-2.579465,5.7640195,-16.6875,15.59375,-10.5078125,-2.5429688,4.77129
2005-03-27,-2.5366852,5.8236375,-16.8125,15.6796875,-10.5859375,-2.4570312,4.8554688
2005-03-28,-2.5630772,5.8500834,-16.8125,15.796875,-10.6640625,-2.4101562,4.8007812
2005-03-29,-2.5079029,5.866405,-16.875,15.765625,-10.6015625,-2.3515625,4.8671875
2005-03-30,-2.373856,5.8662186,-16.84375,15.765625,-10.483593,-2.140625,5.0117188
2005-03-31,-2.1237874,5.896568,-16.65625,15.796875,-10.3203125,-1.84375,5.280861
2005-04-01,-2.0308318,5.9135866,-16.78125,15.78125,-10.249218,-1.65625,5.3671875
2005-04-02,-1.9058784,5.9419785,-16.78125,15.8671875,-10.1796875,-1.4804688,5.4978523
2005-04-03,-1.8548677,5.9736075,-16.84375,15.90625,-10.1953125,-1.359375,5.5507812
2005-04-04,-1.8542134,5.9842563,-16.875,16.0625,-10.2265625,-1.28125,5.515625
2005-04-05,-1.7690538,6.0165877,-16.90625,16.09375,-10.1953125,-1.1289062,5.628517
2005-04-06,-1.5560952,6.087571,-16.9375,16.1875,-10.0859375,-0.8125,5.9140625
2005-04-07,-1.5236448,6.1222477,-17.0625,16.140625,-10.1484375,-0.7109375,5.947071
2005-04-08,-1.4376122,6.132036,-17.03125,16.25,-10.0703125,-0.56640625,5.9648438
2005-04-09,-1.3982763,6.1100235,-17.03125,16.1875,-10.0390625,-0.44140625,5.9332047
2005-04-10,-1.3692847,6.094952,-16.96875,16.15625,-10.014843,-0.40625,5.9414062
2005-04-11,-1.170742,6.107702,-16.875,16.28125,-9.8359375,-0.125,6.1015625
2005-04-12,-1.0029138,6.1478896,-16.8125,16.359375,-9.7578125,0.140625,6.337696
2005-04-13,-0.87893707,6.180701,-16.6875,16.46875,-9.702343,0.3515625,6.4705086
2005-04-14,-0.8143955,6.192061,-16.71875,16.671875,-9.6484375,0.4921875,6.5173836
2005-04-15,-0.5614863,6.2336617,-16.625,16.6875,-9.5234375,0.8515625,6.7890625
2005-04-16,-0.40192991,6.2702594,-16.6875,16.84375,-9.4296875,1.078125,6.9140625
2005-04-17,-0.34903678,6.290532,-16.71875,17.0,-9.4609375,1.2109375,7.009571
2005-04-18,-0.3374985,6.2993426,-16.78125,17.0625,-9.5234375,1.3125,6.962696
2005-04-19,-0.21434934,6.3390446,-16.78125,17.1875,-9.467968,1.5273438,7.08379
2005-04-20,-0.036346447,6.356432,-16.75,17.265625,-9.3671875,1.78125,7.2265625
2005-04-21,0.07031724,6.363563,-16.84375,17.484375,-9.3203125,1.9921875,7.296875
2005-04-22,0.21596366,6.3838224,-16.84375,17.625,-9.2578125,2.2382812,7.4175797
2005-04-23,0.4080029,6.400479,-16.78125,17.578125,-9.1015625,2.46875,7.640625
2005-04-24,0.33859828,6.376393,-16.8125,17.75,-9.1953125,2.5,7.5039062
2005-04-25,0.375139,6.406697,-16.9375,17.90625,-9.2265625,2.6367188,7.505665
2005-04-26,0.55237067,6.444256,-16.875,18.046875,-9.1796875,2.8945312,7.6384773
2005-04-27,0.5860169,6.4687405,-16.9375,18.203125,-9.2109375,3.0195312,7.640625
2005-04-28,0.7739015,6.495388,-16.9375,18.375,-9.1171875,3.2578125,7.831642
2005-04-29,0.92687786,6.516249,-16.96875,18.40625,-9.0703125,3.4765625,7.947071
2005-04-30,1.027487,6.5263386,-16.9375,18.578125,-9.030468,3.6210938,8.046875
2005-05-01,1.1375982,6.54866,-17.0,18.6875,-8.9921875,3.796875,8.15625
2005-05-02,1.2084584,6.5664997,-16.9375,18.90625,-8.9921875,3.9140625,8.1953125
2005-05-03,1.2589802,6.5542793,-16.84375,19.15625,-8.9609375,4.0117188,8.1640625
2005-05-04,1.3647487,6.565248,-16.9375,19.34375,-8.9296875,4.15625,8.25
2005-05-05,1.4725224,6.6008415,-17.0625,19.578125,-8.9453125,4.3085938,8.3984375
2005-05-06,1.4650823,6.6134543,-17.1875,19.78125,-9.0078125,4.298828,8.347267
2005-05-07,1.5199916,6.6163316,-17.28125,19.875,-8.9921875,4.3632812,8.401955
2005-05-08,1.7254801,6.623794,-17.28125,20.1875,-8.8203125,4.5976562,8.5546875
2005-05-09,1.9013467,6.6509557,-17.28125,20.390625,-8.7734375,4.8046875,8.7421875
2005-05-10,1.8827794,6.657809,-17.28125,20.5625,-8.8359375,4.8085938,8.703125
2005-05-11,1.9383917,6.666803,-17.28125,20.84375,-8.842968,4.8671875,8.69883
2005-05-12,2.0978675,6.6881733,-17.40625,21.03125,-8.7734375,5.03125,8.8828125
2005-05-13,2.194182,6.706902,-17.46875,21.28125,-8.7734375,5.1210938,9.019142
2005-05-14,2.2699535,6.7093606,-17.46875,21.4375,-8.7265625,5.2070312,9.0859375
2005-05-15,2.3435388,6.7220984,-17.59375,21.546875,-8.7265625,5.2617188,9.171875
2005-05-16,2.4329963,6.725637,-17.59375,21.8125,-8.671093,5.3476562,9.23008
2005-05-17,2.5094316,6.7326155,-17.6875,22.03125,-8.6640625,5.404297,9.339455
2005-05-18,2.5663917,6.741485,-17.6875,22.234375,-8.6640625,5.4589844,9.342972
2005-05-19,2.648239,6.757579,-17.71875,22.359375,-8.6796875,5.5253906,9.484375
2005-05-20,2.7758365,6.7752914,-17.78125,22.5625,-8.6640625,5.654297,9.651955
2005-05-21,2.77278,6.7862687,-17.875,22.671875,-8.733593,5.6367188,9.597267
2005-05-22,2.9060414,6.808239,-17.9375,22.78125,-8.6796875,5.7929688,9.722267
2005-05-23,3.0000494,6.8283553,-17.96875,22.96875,-8.6796875,5.8671875,9.816017
2005-05-24,3.168899,6.8519206,-18.03125,23.140625,-8.6328125,6.046875,10.015625
2005-05-25,3.291243,6.8819036,-18.0,23.21875,-8.624218,6.1601562,10.159767
2005-05-26,3.417765,6.9133244,-18.125,23.34375,-8.6015625,6.279297,10.328125
2005-05-27,3.3650014,6.919813,-18.0625,23.53125,-8.717968,6.203125,10.2890625
2005-05-28,3.3665166,6.919212,-18.15625,23.53125,-8.7421875,6.1875,10.296875
2005-05-29,3.4555967,6.9323916,-18.3125,23.65625,-8.764843,6.2734375,10.346489
2005-05-30,3.65233,6.9612913,-18.21875,23.75,-8.6640625,6.4648438,10.589455
2005-05-31,3.7443066,6.987112,-18.375,23.90625,-8.6640625,6.5566406,10.6796875
2005-06-01,3.796215,7.0056944,-18.4375,23.96875,-8.6953125,6.6132812,10.760551
2005-06-02,3.932468,7.0270863,-18.375,24.109375,-8.6640625,6.765625,10.8671875
2005-06-03,3.8566518,7.043774,-18.59375,24.125,-8.827343,6.671875,10.8125
2005-06-04,3.972344,7.0576873,-18.59375,24.15625,-8.8046875,6.767578,11.0
2005-06-05,4.0546885,7.079717,-18.59375,24.15625,-8.7890625,6.8945312,11.0546875
2005-06-06,4.197746,7.1051545,-18.59375,24.1875,-8.7265625,7.0625,11.186722
2005-06-07,4.2255883,7.142481,-18.53125,24.25,-8.827343,7.09375,11.234375
2005-06-08,4.215571,7.161382,-18.5,24.34375,-8.921093,7.09375,11.21875
2005-06-09,4.2564483,7.165759,-18.71875,24.3125,-8.9140625,7.1484375,11.234375
2005-06-10,4.4339933,7.179063,-18.65625,24.34375,-8.7890625,7.3359375,11.41758
2005-06-11,4.329415,7.199315,-18.78125,24.375,-8.9921875,7.2421875,11.359375
2005-06-12,4.438945,7.2091136,-18.9375,24.296875,-8.9296875,7.3632812,11.409767
2005-06-13,4.5546336,7.237717,-19.0,24.25,-8.8828125,7.4921875,11.546875
2005-06-14,4.555879,7.2501006,-19.0625,24.21875,-8.9609375,7.4921875,11.616409
2005-06-15,4.668209,7.26888,-19.15625,24.375,-8.9140625,7.640625,11.7265625
2005-06-16,4.639225,7.287202,-19.0625,24.28125,-9.0078125,7.6171875,11.714455
2005-06-17,4.715794,7.2897134,-19.125,24.234375,-8.9453125,7.689453,11.8125
2005-06-18,4.7814045,7.3032436,-19.15625,24.15625,-8.8984375,7.765625,11.890625
2005-06-19,4.9082956,7.334436,-19.1875,24.15625,-8.8828125,7.9101562,12.034767
2005-06-20,4.976031,7.3697524,-19.15625,24.21875,-8.8515625,7.9921875,12.171875
2005-06-21,5.0310993,7.390623,-19.1875,24.234375,-8.8828125,8.0546875,12.284767
2005-06-22,4.9098587,7.403596,-19.28125,24.25,-8.983593,7.966797,12.21875
2005-06-23,4.9225063,7.4029,-19.34375,24.3125,-8.9296875,7.9648438,12.225784
2005-06-24,5.007776,7.4163656,-19.40625,24.25,-8.8828125,8.078125,12.3359375
2005-06-25,5.02324,7.4363823,-19.46875,24.1875,-8.8828125,8.125,12.370705
2005-06-26,5.092078,7.455604,-19.6875,24.296875,-8.8671875,8.203125,12.44883
2005-06-27,5.050859,7.46882,-19.6875,24.375,-8.8984375,8.171875,12.35508
2005-06-28,4.8892956,7.4633904,-19.84375,24.3125,-9.0078125,8.0078125,12.245705
2005-06-29,5.035388,7.4658957,-19.875,24.234375,-8.8828125,8.15625,12.394142
2005-06-30,5.088466,7.4888773,-19.96875,24.25,-8.8359375,8.2265625,12.456642
2005-07-01,5.0623465,7.494887,-19.90625,24.25,-8.8671875,8.203125,12.433205
2005-07-02,5.117406,7.4985976,-19.9375,24.28125,-8.8359375,8.25,12.484375
2005-07-03,5.118394,7.494477,-19.9375,24.3125,-8.7890625,8.261719,12.441017
2005-07-04,4.981528,7.494648,-20.0625,24.234375,-8.921093,8.125,12.370705
2005-07-05,5.0855227,7.502746,-20.0625,24.09375,-8.8359375,8.2265625,12.464455
2005-07-06,5.063026,7.5192323,-20.15625,24.09375,-8.858593,8.203125,12.495705
2005-07-07,5.0045276,7.520204,-20.21875,24.0625,-8.8984375,8.140625,12.456642
2005-07-08,5.099489,7.5327153,-20.25,24.203125,-8.8203125,8.25,12.589455
2005-07-09,5.181566,7.557056,-20.21875,24.234375,-8.7890625,8.3515625,12.6484375
2005-07-10,5.1218095,7.5797977,-20.375,24.296875,-8.8515625,8.296875,12.644142
2005-07-11,5.1408367,7.583271,-20.40625,24.28125,-8.811718,8.3125,12.671875
2005-07-12,5.1432757,7.588135,-20.375,24.25,-8.8203125,8.324219,12.632034
2005-07-13,5.0673995,7.590828,-20.5,24.28125,-8.8828125,8.25,12.625
2005-07-14,5.0536075,7.5822077,-20.5625,24.25,-8.842968,8.230469,12.609375
2005-07-15,4.948081,7.578718,-20.84375,24.1875,-8.889843,8.128906,12.558205
2005-07-16,5.0869136,7.585538,-21.03125,24.25,-8.7421875,8.296875,12.639847
2005-07-17,5.0437493,7.614723,-21.0625,24.21875,-8.8359375,8.2578125,12.6640625
2005-07-18,4.9386063,7.6026707,-20.90625,24.15625,-8.8984375,8.171875,12.526955
2005-07-19,5.005411,7.598578,-21.0625,24.15625,-8.8359375,8.25,12.59375
2005-07-20,5.041428,7.6234417,-21.125,24.1875,-8.8359375,8.2890625,12.671875
2005-07-21,4.990334,7.6287546,-21.0625,24.109375,-8.8984375,8.25,12.627739
2005-07-22,4.9573884,7.6170664,-21.09375,24.109375,-8.8984375,8.2265625,12.589455
2005-07-23,4.932033,7.6114173,-21.03125,24.125,-8.889843,8.199219,12.592194
2005-07-24,4.935982,7.602033,-20.84375,24.203125,-8.8828125,8.203125,12.59375
2005-07-25,4.93326,7.5952587,-20.84375,24.109375,-8.874218,8.1796875,12.53125
2005-07-26,4.874408,7.589806,-20.96875,24.15625,-8.8828125,8.140625,12.5078125
2005-07-27,4.9914813,7.596867,-21.21875,24.125,-8.8359375,8.265625,12.585159
2005-07-28,4.968689,7.6106796,-21.09375,24.109375,-8.8828125,8.2421875,12.581642
2005-07-29,4.9922414,7.6056933,-21.09375,24.0625,-8.8359375,8.265625,12.600784
2005-07-30,5.076049,7.617375,-21.125,24.015625,-8.7734375,8.359375,12.675392
2005-07-31,4.932485,7.6080713,-21.03125,23.9375,-8.8671875,8.1875,12.578125
2005-08-01,4.807102,7.5727983,-20.875,23.890625,-8.9296875,8.0390625,12.421875
2005-08-02,4.8446774,7.553874,-20.8125,23.875,-8.8203125,8.078125,12.4140625
2005-08-03,4.809166,7.5477467,-20.8125,23.875,-8.8828125,8.0546875,12.359375
2005-08-04,4.7803216,7.5279627,-20.90625,23.84375,-8.8828125,8.03125,12.245705
2005-08-05,4.7281384,7.5051785,-20.875,23.8125,-8.8828125,7.970703,12.19883
2005-08-06,4.738258,7.476619,-20.65625,23.75,-8.8046875,7.955078,12.2421875
2005-08-07,4.7560463,7.4559393,-20.375,23.6875,-8.7421875,7.9609375,12.253517
2005-08-08,4.7562933,7.4402537,-20.71875,23.609375,-8.7421875,7.9648438,12.214455
2005-08-09,4.684241,7.440231,-20.84375,23.625,-8.796093,7.90625,12.125
2005-08-10,4.732807,7.434088,-20.84375,23.625,-8.7421875,7.9492188,12.1171875
2005-08-11,4.5973496,7.415334,-20.8125,23.5625,-8.811718,7.8046875,12.003517
2005-08-12,4.662139,7.390164,-20.84375,23.609375,-8.7109375,7.8671875,12.007034
2005-08-13,4.5737286,7.3695235,-20.9375,23.53125,-8.7578125,7.7558594,11.964455
2005-08-14,4.647085,7.3343015,-20.8125,23.484375,-8.6015625,7.828125,11.972267
2005-08-15,4.722959,7.326174,-20.84375,23.40625,-8.5390625,7.8984375,12.03125
2005-08-16,4.5830965,7.303076,-20.875,23.21875,-8.6171875,7.748047,11.84375
2005-08-17,4.4137435,7.2509756,-20.9375,23.15625,-8.6640625,7.546875,11.640625
2005-08-18,4.4400635,7.2115483,-20.9375,23.125,-8.5859375,7.5546875,11.573051
2005-08-19,4.6518865,7.194371,-20.78125,23.125,-8.3671875,7.7773438,11.69883
2005-08-20,4.5499287,7.1675806,-20.75,23.109375,-8.421093,7.6484375,11.6328125
2005-08-21,4.477303,7.119126,-20.6875,23.0,-8.3984375,7.5351562,11.538284
2005-08-22,4.566954,7.087256,-20.71875,22.9375,-8.2578125,7.609375,11.550392
2005-08-23,4.5312176,7.0824566,-20.875,23.0,-8.2890625,7.5625,11.5390625
2005-08-24,4.3621635,7.0347495,-20.5,22.9375,-8.3515625,7.390625,11.284767
2005-08-25,4.348241,6.9965377,-20.75,22.875,-8.2734375,7.3359375,11.206642
2005-08-26,4.539066,6.9843884,-20.8125,22.84375,-8.0859375,7.546875,11.359375
2005-08-27,4.511124,6.969885,-20.71875,22.875,-8.1328125,7.5078125,11.32383
2005-08-28,4.3321176,6.9193788,-20.59375,22.84375,-8.155468,7.296875,11.097267
2005-08-29,4.388505,6.86992,-20.28125,22.78125,-8.0234375,7.3046875,11.120705
2005-08-30,4.450964,6.8194056,-20.21875,22.6875,-7.8984375,7.34375,11.1171875
2005-08-31,4.36229,6.78489,-20.375,22.671875,-7.9210935,7.234375,11.01133
2005-09-01,4.294591,6.7462044,-20.46875,22.640625,-7.9140625,7.140625,10.9140625
2005-09-02,4.2507787,6.715732,-20.5,22.59375,-7.8828125,7.078125,10.842972
2005-09-03,4.3588834,6.6787086,-20.46875,22.53125,-7.7109375,7.1308594,10.984375
2005-09-04,4.208823,6.628625,-20.375,22.53125,-7.7265625,6.9570312,10.784767
2005-09-05,4.2482767,6.581386,-20.15625,22.40625,-7.6242185,6.9960938,10.75
2005-09-06,4.14386,6.5324173,-20.0,22.375,-7.6015625,6.8515625,10.644142
2005-09-07,4.084715,6.4774933,-19.96875,22.25,-7.5703125,6.7539062,10.5546875
2005-09-08,4.1495657,6.431363,-19.90625,22.21875,-7.4296875,6.796875,10.5234375
2005-09-09,4.1326275,6.375721,-19.8125,22.171875,-7.3359375,6.7539062,10.515625
2005-09-10,4.022144,6.314319,-19.96875,22.0625,-7.3046875,6.5859375,10.3671875
2005-09-11,4.076152,6.26353,-19.71875,22.03125,-7.2109375,6.6015625,10.347267
2005-09-12,4.1072397,6.2339096,-19.59375,21.96875,-7.1015625,6.6015625,10.359375
2005-09-13,3.8620453,6.163721,-19.75,21.90625,-7.1484375,6.3359375,10.046875
2005-09-14,3.872002,6.1228247,-19.84375,21.9375,-7.1015625,6.328125,10.003517
2005-09-15,3.895291,6.084227,-19.8125,21.84375,-7.0304685,6.3203125,10.0
2005-09-16,3.7767692,6.033123,-20.0625,21.84375,-7.0148435,6.1601562,9.85508
2005-09-17,3.5689442,5.9460073,-19.84375,21.640625,-7.0234375,5.921875,9.550392
2005-09-18,3.628163,5.869269,-19.46875,21.546875,-6.8359375,5.921875,9.546875
2005-09-19,3.615527,5.8112445,-19.3125,21.53125,-6.7421875,5.8535156,9.5
2005-09-20,3.6255794,5.767883,-19.15625,21.515625,-6.6867185,5.8339844,9.4921875
2005-09-21,3.5753481,5.720115,-19.15625,21.375,-6.6484375,5.734375,9.421875
2005-09-22,3.5929515,5.6642466,-19.125,21.375,-6.5546875,5.703125,9.394142
2005-09-23,3.4752707,5.6122313,-19.15625,21.328125,-6.5546875,5.5546875,9.296875
2005-09-24,3.543518,5.576259,-18.875,21.203125,-6.4609375,5.609375,9.35508
2005-09-25,3.4932837,5.5270305,-18.9375,21.15625,-6.4140625,5.4902344,9.347267
2005-09-26,3.3864222,5.4649467,-18.78125,21.09375,-6.4140625,5.3515625,9.097267
2005-09-27,3.2715993,5.3891935,-18.5,20.96875,-6.3671875,5.1914062,8.890625
2005-09-28,3.2015004,5.3225994,-18.65625,20.875,-6.3046875,5.0703125,8.737892
2005-09-29,3.143965,5.251025,-18.4375,20.734375,-6.2421875,4.9765625,8.6015625
2005-09-30,3.1542673,5.206779,-18.65625,20.640625,-6.1484375,4.9726562,8.5859375
2005-10-01,3.0396008,5.1785197,-18.875,20.5625,-6.1875,4.8359375,8.4609375
2005-10-02,2.9433274,5.131927,-18.6875,20.375,-6.210156,4.703125,8.32383
2005-10-03,2.811799,5.068058,-18.59375,20.28125,-6.21875,4.548828,8.07383
2005-10-04,2.6637893,4.995009,-18.5,20.171875,-6.203125,4.3671875,7.8355484
2005-10-05,2.539642,4.9004755,-18.4375,20.0625,-6.1171875,4.1777344,7.6267586
2005-10-06,2.534383,4.842768,-18.25,19.9375,-6.0390625,4.1367188,7.6171875
2005-10-07,2.4464746,4.786064,-18.3125,19.8125,-6.0,4.0117188,7.441017
2005-10-08,2.3415434,4.7338605,-18.46875,19.625,-6.0078125,3.8867188,7.2734375
2005-10-09,2.2706702,4.6765532,-18.4375,19.515625,-5.9609375,3.7695312,7.1519547
2005-10-10,2.2841177,4.6178718,-18.25,19.4375,-5.8203125,3.7382812,7.1363297
2005-10-11,2.192111,4.5573773,-18.375,19.265625,-5.796875,3.6171875,6.999611
2005-10-12,2.0183623,4.493035,-18.46875,19.15625,-5.8429685,3.3925781,6.8125
2005-10-13,1.8865434,4.418588,-17.90625,19.0,-5.8359375,3.2226562,6.5976562
2005-10-14,1.8339943,4.3519616,-17.84375,18.78125,-5.78125,3.1367188,6.546875
2005-10-15,1.7784175,4.2955623,-17.8125,18.59375,-5.6910152,3.0585938,6.4488297
2005-10-16,1.6617686,4.237675,-17.8125,18.515625,-5.671875,2.9003906,6.234375
2005-10-17,1.6308775,4.1980343,-17.78125,18.359375,-5.6328125,2.8398438,6.161915
2005-10-18,1.4288226,4.119623,-17.75,18.21875,-5.6875,2.5820312,5.9392586
2005-10-19,1.4295695,4.077385,-17.75,18.015625,-5.578125,2.5742188,5.9332047
2005-10-20,1.5647086,4.0493064,-17.8125,17.8125,-5.421875,2.6992188,6.0625
2005-10-21,1.429408,3.9916306,-17.8125,17.625,-5.444531,2.5195312,5.868557
2005-10-22,1.2512732,3.9116242,-17.84375,17.46875,-5.421875,2.3164062,5.59375
2005-10-23,1.32709,3.870075,-17.875,17.21875,-5.2734375,2.3359375,5.6601562
2005-10-24,1.3002244,3.8172817,-17.78125,17.078125,-5.1953125,2.296875,5.6015625
2005-10-25,1.2407758,3.7859383,-17.78125,16.984375,-5.1640625,2.21875,5.5195312
2005-10-26,1.0149568,3.7341287,-17.78125,16.84375,-5.2578125,1.9492188,5.269142
2005-10-27,0.9528055,3.6842854,-17.78125,16.78125,-5.1796875,1.8769531,5.1207047
2005-10-28,0.88584524,3.617258,-17.8125,16.546875,-5.116406,1.75,4.96875
2005-10-29,0.7801901,3.5567985,-17.8125,16.34375,-5.0703125,1.625,4.8142586
2005-10-30,0.66522306,3.5176268,-17.75,16.15625,-5.109375,1.46875,4.6697273
2005-10-31,0.65419066,3.4700568,-17.71875,16.015625,-4.9921875,1.453125,4.650196
2005-11-01,0.5968309,3.4073088,-17.6875,15.921875,-4.890625,1.3515625,4.53125
2005-11-02,0.63701886,3.3546507,-17.65625,15.921875,-4.7734375,1.3515625,4.5078125
2005-11-03,0.6036996,3.3284752,-17.59375,15.8515625,-4.7578125,1.296875,4.509571
2005-11-04,0.46035782,3.289224,-17.53125,15.796875,-4.796875,1.1328125,4.3298836
2005-11-05,0.2915736,3.2472417,-17.53125,15.7109375,-4.8828125,0.9375,4.1228523
2005-11-06,0.24746837,3.216365,-17.53125,15.6640625,-4.828125,0.875,4.0507812
2005-11-07,0.1639472,3.1669748,-17.46875,15.7265625,-4.828125,0.765625,3.921486
2005-11-08,0.31722328,3.141905,-17.5,15.609375,-4.609375,0.890625,4.1050797
2005-11-09,0.269767,3.1097276,-17.5625,15.65625,-4.569531,0.828125,4.0134773
2005-11-10,0.1210665,3.0824902,-17.5625,15.609375,-4.6875,0.6484375,3.7890625
2005-11-11,-0.09280345,3.0309582,-17.5,15.5,-4.7578125,0.4140625,3.5525398
2005-11-12,-0.029375853,2.9939187,-17.53125,15.390625,-4.6171875,0.46875,3.59375
2005-11-13,-0.16823569,2.958989,-17.53125,15.4375,-4.6640625,0.3046875,3.4570312
2005-11-14,-0.31503242,2.9388955,-17.53125,15.453125,-4.7421875,0.1171875,3.2460938
2005-11-15,-0.39136383,2.904692,-17.5625,15.453125,-4.7335935,0.03125,3.1519547
2005-11-16,-0.47188225,2.853392,-17.46875,15.46875,-4.710156,-0.0703125,2.9960938
2005-11-17,-0.4670662,2.8328094,-17.375,15.390625,-4.6875,-0.0625,3.046875
2005-11-18,-0.45990762,2.8115897,-17.4375,15.265625,-4.6328125,-0.09765625,3.0976562
2005-11-19,-0.5963318,2.7703273,-17.5,15.28125,-4.6875,-0.2421875,2.8884773
2005-11-20,-0.68460864,2.744483,-17.40625,15.265625,-4.7265625,-0.359375,2.8003922
2005-11-21,-0.68357754,2.7138827,-17.375,15.25,-4.6398435,-0.36328125,2.7460938
2005-11-22,-0.76989216,2.688799,-17.28125,15.2578125,-4.6554685,-0.4765625,2.640236
2005-11-23,-0.87079287,2.657281,-17.25,15.1796875,-4.694531,-0.5859375,2.4921875
2005-11-24,-0.84286505,2.633116,-17.25,15.1171875,-4.609375,-0.5703125,2.5130882
2005-11-25,-0.6610985,2.6238112,-17.1875,15.046875,-4.3984375,-0.390625,2.6796875
2005-11-26,-0.8085973,2.5883014,-17.21875,15.109375,-4.46875,-0.5546875,2.4804688
2005-11-27,-0.81847036,2.5881011,-17.25,15.171875,-4.46875,-0.5703125,2.4648438
2005-11-28,-0.9993903,2.5637624,-17.3125,15.09375,-4.578125,-0.7734375,2.268753
2005-11-29,-1.0209975,2.5478733,-17.15625,15.015625,-4.5625,-0.8125,2.2847672
2005-11-30,-1.0708436,2.5226836,-17.03125,14.96875,-4.578125,-0.875,2.2457047
2005-12-01,-0.93024945,2.5216093,-17.125,15.0,-4.4296875,-0.71875,2.3394547
2005-12-02,-1.1084648,2.4997754,-17.09375,14.984375,-4.5625,-0.9140625,2.1523438
2005-12-03,-1.0375808,2.4889634,-17.125,14.921875,-4.484375,-0.859375,2.197071
2005-12-04,-1.1062305,2.459569,-17.09375,14.953125,-4.5,-0.9453125,2.0816422
2005-12-05,-1.0802938,2.4543002,-17.0625,14.9375,-4.453125,-0.92578125,2.1054688
2005-12-06,-1.1719264,2.4477866,-16.96875,14.9609375,-4.5234375,-1.0117188,2.0269547
2005-12-07,-1.3033208,2.4291003,-17.0,14.84375,-4.6171875,-1.1640625,1.921875
2005-12-08,-1.0588583,2.4292378,-17.0,14.984375,-4.359375,-0.9140625,2.087696
2005-12-09,-1.152422,2.4306407,-17.09375,15.015625,-4.4367185,-1.03125,2.0773468
2005-12-10,-1.2767731,2.4348774,-17.09375,14.9765625,-4.578125,-1.15625,1.9644547
2005-12-11,-1.3829563,2.4142895,-17.0,14.9375,-4.6171875,-1.265625,1.8125
2005-12-12,-1.4067041,2.3994787,-17.0,14.828125,-4.6484375,-1.2890625,1.7613297
2005-12-13,-1.5474899,2.3866458,-16.9375,14.890625,-4.7421875,-1.4453125,1.640625
2005-12-14,-1.5297751,2.3902872,-16.84375,14.875,-4.7265625,-1.4375,1.640625
2005-12-15,-1.4938879,2.3793402,-16.84375,14.8359375,-4.6640625,-1.40625,1.6484375
2005-12-16,-1.3291928,2.3783922,-16.9375,14.84375,-4.5625,-1.2460938,1.8082047
2005-12-17,-1.3721082,2.3939133,-16.90625,14.90625,-4.609375,-1.28125,1.7378922
2005-12-18,-1.4077837,2.375414,-16.71875,14.90625,-4.59375,-1.3203125,1.6753922
2005-12-19,-1.3812152,2.4034982,-16.84375,14.875,-4.6640625,-1.296875,1.7300797
2005-12-20,-1.4211231,2.3913743,-16.8125,14.8671875,-4.6675777,-1.3515625,1.6632843
2005-12-21,-1.5294224,2.401881,-16.84375,14.8125,-4.796875,-1.4453125,1.5972672
2005-12-22,-1.5269994,2.393444,-16.90625,14.8203125,-4.7578125,-1.4609375,1.5546875
2005-12-23,-1.5666294,2.4084928,-17.0,14.6796875,-4.8671875,-1.5,1.5460968
2005-12-24,-1.6418654,2.4293823,-16.9375,14.671875,-5.0,-1.59375,1.4957047
2005-12-25,-1.7192693,2.451809,-16.84375,14.765625,-5.109375,-1.6640625,1.4488297
2005-12-26,-1.8581046,2.4486015,-16.8125,14.703125,-5.2734375,-1.8203125,1.3707047
2005-12-27,-1.8587523,2.4686518,-16.84375,14.6875,-5.34375,-1.8203125,1.40625
2005-12-28,-1.8732897,2.4683237,-16.84375,14.7109375,-5.3125,-1.828125,1.3046875
2005-12-29,-1.9382653,2.4839807,-16.71875,14.6875,-5.4765625,-1.875,1.34375
2005-12-30,-1.850762,2.5099463,-16.53125,14.75,-5.46875,-1.7929688,1.4253922
2005-12-31,-1.8578105,2.5302339,-16.5625,14.765625,-5.4835935,-1.8125,1.4375
2006-01-01,-1.848538,2.5347674,-16.5,14.6640625,-5.46875,-1.7890625,1.4132843
2006-01-02,-1.9262037,2.5521836,-16.4375,14.625,-5.6015625,-1.8671875,1.453125
2006-01-03,-1.8510195,2.573779,-16.5,14.71875,-5.5234375,-1.8046875,1.4757843
2006-01-04,-1.9904748,2.5909479,-16.40625,14.6875,-5.7421875,-1.9375,1.375
2006-01-05,-2.024747,2.613371,-16.40625,14.640625,-5.8515625,-1.9765625,1.4332047
2006-01-06,-1.9497573,2.6334903,-16.46875,14.59375,-5.8359375,-1.890625,1.5269547
2006-01-07,-1.9457935,2.677955,-16.40625,14.734375,-5.90625,-1.8828125,1.6242218
2006-01-08,-2.108257,2.698295,-16.375,14.640625,-6.09375,-2.0546875,1.4800797
2006-01-09,-1.9719983,2.742339,-16.4375,14.65625,-6.0625,-1.921875,1.671875
2006-01-10,-1.9707023,2.7767348,-16.375,14.71875,-6.1328125,-1.90625,1.6894608
2006-01-11,-2.1622765,2.815659,-16.4375,14.6875,-6.3984375,-2.09375,1.6328125
2006-01-12,-2.2006507,2.8465147,-16.4375,14.7265625,-6.4992185,-2.140625,1.5972672
2006-01-13,-2.3337774,2.8548758,-16.4375,14.578125,-6.6171875,-2.2734375,1.4722672
2006-01-14,-2.2063494,2.8279583,-16.0625,14.6640625,-6.4140625,-2.1640625,1.5660172
2006-01-15,-2.0649002,2.8686273,-15.9765625,14.6328125,-6.2890625,-2.046875,1.8203125
2006-01-16,-2.2489638,2.9047503,-16.15625,14.609375,-6.5390625,-2.2265625,1.75
2006-01-17,-2.3298392,2.9344735,-16.3125,14.4453125,-6.7421875,-2.3125,1.65625
2006-01-18,-2.3429737,3.0074933,-16.5,14.53125,-6.9453125,-2.28125,1.6832047
2006-01-19,-2.3806489,3.0439346,-16.46875,14.546875,-7.0390625,-2.34375,1.7265625
2006-01-20,-2.4192557,3.0745668,-16.6875,14.53125,-7.1328125,-2.3828125,1.7773438
2006-01-21,-2.4464173,3.1310885,-16.71875,14.484375,-7.3273435,-2.390625,1.765625
2006-01-22,-2.62313,3.1742845,-16.6875,14.5,-7.6015625,-2.5625,1.6484375
2006-01-23,-2.729961,3.2091703,-16.59375,14.59375,-7.7578125,-2.6835938,1.59375
2006-01-24,-2.7866642,3.2631996,-16.59375,14.4765625,-7.9140625,-2.734375,1.580864
2006-01-25,-2.8532743,3.3376622,-16.96875,14.609375,-8.1328125,-2.796875,1.625
2006-01-26,-2.9779048,3.4019754,-17.09375,14.546875,-8.3984375,-2.90625,1.5660172
2006-01-27,-3.127994,3.4535396,-17.28125,14.5625,-8.6328125,-3.0546875,1.5078125
2006-01-28,-3.2611115,3.5062644,-17.3125,14.578125,-8.8671875,-3.1992188,1.4410172
2006-01-29,-3.3602638,3.563963,-17.125,14.671875,-9.0390625,-3.2890625,1.484375
2006-01-30,-3.4186254,3.5887742,-17.09375,14.5234375,-9.124218,-3.375,1.4523468
2006-01-31,-3.5365036,3.6280382,-17.125,14.578125,-9.280468,-3.5273438,1.4453125
2006-02-01,-3.629926,3.6573927,-17.09375,14.546875,-9.421093,-3.609375,1.3828125
2006-02-02,-3.4322057,3.7035096,-16.8125,14.578125,-9.3046875,-3.4296875,1.6875
2006-02-03,-3.537453,3.7994635,-16.90625,14.640625,-9.483593,-3.5507812,1.7535172
2006-02-04,-3.6407142,3.8735673,-17.125,14.7421875,-9.7421875,-3.6484375,1.703125
2006-02-05,-3.7090282,3.9337754,-16.84375,14.640625,-9.8671875,-3.71875,1.7257843
2006-02-06,-3.7547119,3.972271,-16.71875,14.671875,-9.8984375,-3.7890625,1.7570343
2006-02-07,-3.837778,4.016274,-16.84375,14.59375,-10.0703125,-3.8828125,1.8203125
2006-02-08,-3.9218636,4.0941043,-16.9375,14.6015625,-10.3046875,-3.96875,1.859375
2006-02-09,-4.0202756,4.170426,-17.03125,14.5703125,-10.5546875,-4.0234375,1.7066422
2006-02-10,-4.071491,4.2059183,-16.875,14.65625,-10.5859375,-4.1015625,1.7265625
2006-02-11,-4.0515337,4.254886,-16.96875,14.6328125,-10.5546875,-4.15625,1.9019547
2006-02-12,-4.118064,4.3329735,-16.96875,14.640625,-10.7421875,-4.2265625,1.8962898
2006-02-13,-4.2500706,4.374949,-16.90625,14.6171875,-10.905468,-4.375,1.859375
2006-02-14,-4.306526,4.4192033,-16.84375,14.609375,-11.0234375,-4.4140625,1.8046875
2006-02-15,-4.3276005,4.4658465,-17.03125,14.640625,-11.0859375,-4.5,1.9292984
2006-02-16,-4.2317276,4.523994,-16.8125,14.671875,-11.0546875,-4.3984375,2.0898438
2006-02-17,-4.1363397,4.634803,-16.78125,14.84375,-11.1328125,-4.3046875,2.2226562
2006-02-18,-4.31036,4.6874514,-16.78125,14.71875,-11.3046875,-4.5,2.197071
2006-02-19,-4.298246,4.7193303,-16.75,14.7109375,-11.3515625,-4.484375,2.25
2006-02-20,-4.2797995,4.7872434,-16.75,14.796875,-11.421093,-4.46875,2.3085938
2006-02-21,-4.3747897,4.811025,-16.78125,14.734375,-11.4609375,-4.609375,2.3554688
2006-02-22,-4.393909,4.831444,-16.59375,14.78125,-11.467968,-4.609375,2.28125
2006-02-23,-4.319914,4.861247,-16.59375,14.734375,-11.3984375,-4.609375,2.4488297
2006-02-24,-4.2932167,4.906759,-16.5625,14.796875,-11.374218,-4.578125,2.5195312
2006-02-25,-4.218754,4.9639764,-16.5625,14.765625,-11.3671875,-4.5390625,2.6753922
2006-02-26,-4.3193207,4.9888234,-16.6875,14.828125,-11.4765625,-4.625,2.5976562
2006-02-27,-4.320973,5.0280213,-16.71875,14.765625,-11.5234375,-4.6171875,2.593361
2006-02-28,-4.296469,5.059862,-16.53125,14.78125,-11.5234375,-4.59375,2.71875
2006-03-01,-4.2318377,5.1126566,-16.5625,14.796875,-11.4921875,-4.5625,2.7869148
2006-03-02,-4.279796,5.1536,-16.6875,14.8671875,-11.5546875,-4.59375,2.7851562
2006-03-03,-4.233185,5.2076254,-16.78125,14.859375,-11.6015625,-4.5625,2.8138695
2006-03-04,-4.2257524,5.229187,-16.75,14.875,-11.6015625,-4.5078125,2.8767586
2006-03-05,-4.1271696,5.229717,-16.65625,14.8125,-11.4765625,-4.46875,2.884182
2006-03-06,-4.0800576,5.2281437,-16.625,14.84375,-11.3671875,-4.453125,3.009571
2006-03-07,-3.893938,5.271781,-16.8125,14.875,-11.2578125,-4.3046875,3.2361336
2006-03-08,-3.798966,5.3028708,-16.8125,14.875,-11.2265625,-4.1953125,3.3082047
2006-03-09,-3.686433,5.346829,-16.78125,15.03125,-11.1484375,-4.1054688,3.5347672
2006-03-10,-3.635185,5.3477516,-16.6875,15.078125,-11.0703125,-4.046875,3.515625
2006-03-11,-3.5254862,5.338656,-16.59375,15.109375,-10.905468,-3.9296875,3.6306648
2006-03-12,-3.43275,5.354415,-16.75,15.125,-10.8203125,-3.8320312,3.7109375
2006-03-13,-3.4431062,5.388393,-16.75,15.15625,-10.8828125,-3.8125,3.7222672
2006-03-14,-3.4093578,5.471224,-16.84375,15.2265625,-10.9296875,-3.7578125,3.8806648
2006-03-15,-3.427014,5.5347943,-16.90625,15.2890625,-11.0390625,-3.7695312,3.90625
2006-03-16,-3.3247929,5.5571632,-16.90625,15.25,-10.967968,-3.6484375,4.0234375
2006-03-17,-3.379865,5.5501256,-16.9375,15.3125,-10.9921875,-3.65625,3.9175797
2006-03-18,-3.2937346,5.5947747,-16.9375,15.4375,-10.9609375,-3.5507812,4.05254
2006-03-19,-3.3214376,5.6038623,-16.9375,15.5078125,-11.0390625,-3.546875,3.96875
2006-03-20,-3.267201,5.6311917,-17.0,15.46875,-11.0390625,-3.4296875,4.046875
2006-03-21,-2.9719691,5.6847506,-16.875,15.46875,-10.7890625,-3.1835938,4.3984375
2006-03-22,-2.9473588,5.697791,-16.90625,15.6171875,-10.7734375,-3.0976562,4.3728523
2006-03-23,-2.9134543,5.733941,-16.96875,15.6484375,-10.7890625,-3.0234375,4.4236336
2006-03-24,-2.7761366,5.7858515,-17.0625,15.8046875,-10.6796875,-2.859375,4.5916023
2006-03-25,-2.6436582,5.799412,-17.0,15.765625,-10.5859375,-2.6992188,4.6953125
2006-03-26,-2.536938,5.8184233,-16.9375,15.7890625,-10.5078125,-2.5390625,4.796875
2006-03-27,-2.4950087,5.878468,-17.0625,15.875,-10.6015625,-2.4140625,4.8671875
2006-03-28,-2.522278,5.9031334,-17.0625,15.984375,-10.6640625,-2.4140625,4.853321
2006-03-29,-2.4680257,5.918574,-17.15625,15.9921875,-10.6015625,-2.3164062,4.884571
2006-03-30,-2.3343964,5.9174023,-17.125,16.0,-10.4921875,-2.140625,5.0273438
2006-03-31,-2.0851777,5.9454923,-16.9375,16.0625,-10.3046875,-1.8203125,5.296486
2006-04-01,-1.9934677,5.9628716,-17.03125,16.09375,-10.2578125,-1.65625,5.3611336
2006-04-02,-1.869729,5.988136,-17.0625,16.203125,-10.1640625,-1.4960938,5.4921875
2006-04-03,-1.8193747,6.020867,-17.09375,16.25,-10.1640625,-1.3632812,5.5273438
2006-04-04,-1.8190347,6.032256,-17.125,16.40625,-10.2109375,-1.28125,5.4921875
2006-04-05,-1.7354313,6.061541,-17.15625,16.46875,-10.1796875,-1.1171875,5.5859375
2006-04-06,-1.5238924,6.131859,-17.25,16.578125,-10.1015625,-0.82421875,5.84375
2006-04-07,-1.4927877,6.16525,-17.34375,16.5625,-10.1484375,-0.69921875,5.875
2006-04-08,-1.4080803,6.175076,-17.3125,16.71875,-10.092968,-0.53125,5.9296875
2006-04-09,-1.369269,6.153233,-17.3125,16.6875,-10.0546875,-0.4140625,5.9179688
2006-04-10,-1.3410612,6.138017,-17.28125,16.734375,-10.0078125,-0.328125,5.925392
2006-04-11,-1.1428841,6.1517024,-17.1875,16.859375,-9.8515625,-0.08203125,6.0703125
2006-04-12,-0.97642624,6.1877246,-17.15625,16.9375,-9.7890625,0.203125,6.2890625
2006-04-13,-0.854523,6.218788,-17.0625,17.046875,-9.7109375,0.421875,6.4453125
2006-04-14,-0.79137695,6.231379,-17.09375,17.234375,-9.7109375,0.5703125,6.5017586
2006-04-15,-0.5395249,6.2699513,-17.0625,17.25,-9.5390625,0.91796875,6.753517
2006-04-16,-0.38131943,6.3051786,-17.125,17.40625,-9.4921875,1.1992188,6.875
2006-04-17,-0.33013934,6.3246975,-17.15625,17.53125,-9.4921875,1.3515625,6.9548836
2006-04-18,-0.3197723,6.3337703,-17.1875,17.59375,-9.546093,1.40625,6.909767
2006-04-19,-0.19815096,6.3725014,-17.21875,17.71875,-9.5234375,1.6328125,7.0582047
2006-04-20,-0.021543609,6.388717,-17.21875,17.78125,-9.4296875,1.875,7.197071
2006-04-21,0.084080726,6.3967137,-17.3125,17.984375,-9.3828125,2.0820312,7.2734375
2006-04-22,0.22789368,6.4164076,-17.34375,18.125,-9.2890625,2.2519531,7.3984375
2006-04-23,0.41821554,6.4301643,-17.28125,18.0625,-9.1328125,2.5117188,7.6111336
2006-04-24,0.3479998,6.4071927,-17.3125,18.21875,-9.2421875,2.5078125,7.5017586
2006-04-25,0.3829128,6.4373326,-17.46875,18.375,-9.2890625,2.6035156,7.4644547
2006-04-26,0.5588844,6.473648,-17.40625,18.5,-9.2109375,2.8691406,7.5798836
2006-04-27,0.5915011,6.497755,-17.5,18.65625,-9.2421875,2.9707031,7.6171875
2006-04-28,0.77800876,6.523272,-17.5,18.8125,-9.1484375,3.2460938,7.7890625
2006-04-29,0.92929655,6.5448403,-17.5625,18.84375,-9.092968,3.46875,7.9488297
2006-04-30,1.0284079,6.554503,-17.5625,19.0,-9.0546875,3.5957031,8.04258
2006-05-01,1.1372073,6.576688,-17.625,19.09375,-9.0078125,3.7792969,8.120705
2006-05-02,1.2066679,6.593672,-17.5625,19.296875,-9.0234375,3.8808594,8.1640625
2006-05-03,1.2562038,6.5821543,-17.46875,19.53125,-8.9921875,3.9707031,8.15625
2006-05-04,1.3607231,6.5936203,-17.46875,19.71875,-8.9453125,4.111328,8.26133
2006-05-05,1.4671961,6.628854,-17.5625,19.9375,-8.9609375,4.2578125,8.38633
2006-05-06,1.4587641,6.6412477,-17.59375,20.125,-9.0234375,4.2714844,8.34375
2006-05-07,1.5126839,6.642867,-17.46875,20.1875,-9.0078125,4.3320312,8.3359375
2006-05-08,1.7176428,6.6507006,-17.40625,20.46875,-8.8671875,4.578125,8.546875
2006-05-09,1.8920707,6.6781216,-17.40625,20.65625,-8.7734375,4.7753906,8.71875
2006-05-10,1.8727902,6.685368,-17.375,20.796875,-8.8671875,4.7695312,8.675392
2006-05-11,1.9279007,6.6945653,-17.4375,21.0625,-8.8671875,4.828125,8.6875
2006-05-12,2.086606,6.7159066,-17.46875,21.21875,-8.7734375,4.9765625,8.816017
2006-05-13,2.1829324,6.7363005,-17.46875,21.4375,-8.7734375,5.0878906,8.941017
2006-05-14,2.2589462,6.737989,-17.46875,21.578125,-8.7578125,5.1640625,8.972267
2006-05-15,2.3323097,6.74977,-17.53125,21.65625,-8.7578125,5.28125,9.0546875
2006-05-16,2.4212258,6.7545133,-17.5625,21.90625,-8.7109375,5.3398438,9.1328125
2006-05-17,2.4979572,6.7636585,-17.65625,22.09375,-8.7109375,5.3789062,9.2578125
2006-05-18,2.555143,6.772927,-17.65625,22.265625,-8.6953125,5.4570312,9.296875
2006-05-19,2.6369143,6.789857,-17.65625,22.375,-8.7109375,5.5234375,9.3671875
2006-05-20,2.7654903,6.809209,-17.6875,22.53125,-8.6640625,5.638672,9.530472
2006-05-21,2.7637248,6.8206964,-17.84375,22.609375,-8.7265625,5.6328125,9.5
2006-05-22,2.8974993,6.8394732,-17.90625,22.6875,-8.6640625,5.8046875,9.578125
2006-05-23,2.9916635,6.861893,-17.9375,22.84375,-8.6796875,5.875,9.6796875
2006-05-24,3.160796,6.8879914,-18.03125,23.0,-8.6171875,6.046875,9.88633
2006-05-25,3.2848248,6.9171147,-17.96875,23.03125,-8.5703125,6.1640625,10.046875
2006-05-26,3.4121525,6.948309,-18.09375,23.125,-8.5703125,6.2734375,10.237892
2006-05-27,3.3600554,6.95618,-18.03125,23.28125,-8.6796875,6.2089844,10.151955
2006-05-28,3.3630135,6.954827,-18.03125,23.28125,-8.6953125,6.1914062,10.1875
2006-05-29,3.4532645,6.968632,-18.15625,23.390625,-8.717968,6.283203,10.32383
2006-05-30,3.6512713,6.9964886,-18.21875,23.453125,-8.639843,6.4648438,10.5859375
2006-05-31,3.7441256,7.0224447,-18.21875,23.578125,-8.6328125,6.580078,10.66758
2006-06-01,3.7969196,7.0412545,-18.3125,23.625,-8.6796875,6.6210938,10.76133
2006-06-02,3.9339764,7.0643716,-18.34375,23.75,-8.6484375,6.7578125,10.921875
2006-06-03,3.8596938,7.080824,-18.375,23.75,-8.8046875,6.6757812,10.878517
2006-06-04,3.9762762,7.094792,-18.4375,23.75,-8.7734375,6.7773438,11.0
2006-06-05,4.059599,7.1160336,-18.4375,23.71875,-8.7578125,6.9023438,11.04258
2006-06-06,4.2040772,7.140811,-18.53125,23.75,-8.7421875,7.076172,11.183205
2006-06-07,4.233027,7.1757436,-18.59375,23.78125,-8.8203125,7.1171875,11.233597
2006-06-08,4.222627,7.195825,-18.46875,23.875,-8.921093,7.0996094,11.253517
2006-06-09,4.264396,7.2008147,-18.53125,23.84375,-8.921093,7.15625,11.29258
2006-06-10,4.443073,7.2137065,-18.65625,23.859375,-8.8046875,7.3515625,11.463676
2006-06-11,4.3389125,7.2330017,-18.65625,23.890625,-8.9609375,7.2460938,11.41758
2006-06-12,4.449126,7.24133,-18.75,23.8125,-8.8828125,7.357422,11.484375
2006-06-13,4.5651093,7.2693443,-18.8125,23.78125,-8.8515625,7.4882812,11.6171875
2006-06-14,4.5664053,7.2819967,-18.875,23.71875,-8.905468,7.4960938,11.659767
2006-06-15,4.6798034,7.3019576,-18.8125,23.90625,-8.8671875,7.626953,11.784767
2006-06-16,4.652157,7.3184905,-18.90625,23.84375,-8.9140625,7.6171875,11.784767
2006-06-17,4.728836,7.3215604,-18.90625,23.84375,-8.8671875,7.6875,11.838676
2006-06-18,4.7951756,7.3338904,-18.84375,23.96875,-8.858593,7.7890625,11.839455
2006-06-19,4.9224167,7.3635607,-18.90625,23.96875,-8.780468,7.9160156,12.015625
2006-06-20,4.990426,7.399333,-18.90625,24.0,-8.842968,8.0078125,12.125
2006-06-21,5.046152,7.4185944,-18.90625,24.03125,-8.8359375,8.078125,12.140625
2006-06-22,4.924965,7.432199,-18.9375,24.03125,-8.9609375,7.9765625,12.0625
2006-06-23,4.938475,7.431796,-18.96875,24.078125,-8.9453125,7.984375,12.097267
2006-06-24,5.024626,7.4427123,-19.0625,24.0625,-8.9140625,8.0625,12.259773
2006-06-25,5.0406046,7.462035,-19.03125,24.03125,-8.9609375,8.1015625,12.296875
2006-06-26,5.1099596,7.479803,-19.125,24.125,-8.905468,8.167969,12.359375
2006-06-27,5.0689583,7.4938636,-19.28125,24.296875,-8.9453125,8.140625,12.34375
2006-06-28,4.9080796,7.484933,-19.125,24.1875,-9.1015625,7.984375,12.171875
2006-06-29,5.0543222,7.4842267,-19.1875,24.15625,-8.9765625,8.15625,12.32383
2006-06-30,5.1073384,7.504694,-19.25,24.125,-8.9453125,8.2265625,12.370705
2006-07-01,5.0807095,7.5104804,-19.09375,24.15625,-8.9921875,8.1875,12.347267
2006-07-02,5.1356583,7.5121765,-19.0625,24.203125,-8.8984375,8.261719,12.3828125
2006-07-03,5.137453,7.5075855,-19.09375,24.25,-8.8828125,8.2734375,12.390625
2006-07-04,5.001424,7.5032783,-19.15625,24.15625,-9.0078125,8.128906,12.3125
2006-07-05,5.1052537,7.5063996,-19.21875,24.03125,-8.936718,8.234375,12.390625
2006-07-06,5.082425,7.5202184,-19.1875,24.0625,-8.9609375,8.2265625,12.40625
2006-07-07,5.0236135,7.517013,-19.21875,24.03125,-8.967968,8.171875,12.362114
2006-07-08,5.1184983,7.5242095,-19.25,23.984375,-8.8828125,8.2734375,12.5234375
2006-07-09,5.199879,7.5456266,-19.28125,24.03125,-8.842968,8.3828125,12.550392
2006-07-10,5.139969,7.5640774,-19.3125,24.03125,-8.8984375,8.34375,12.550392
2006-07-11,5.1587176,7.565419,-19.3125,24.0,-8.8828125,8.3515625,12.597267
2006-07-12,5.161473,7.568224,-19.40625,23.96875,-8.874218,8.375,12.600784
2006-07-13,5.0857134,7.5655003,-19.46875,23.9375,-8.9609375,8.3046875,12.550392
2006-07-14,5.071233,7.5541553,-19.4375,23.9375,-8.8828125,8.2734375,12.578125
2006-07-15,4.965414,7.5462995,-19.53125,23.84375,-8.9453125,8.171875,12.472267
2006-07-16,5.1036754,7.550218,-19.5625,23.890625,-8.8203125,8.3359375,12.6015625
2006-07-17,5.060243,7.5780478,-19.59375,23.859375,-8.936718,8.3125,12.597267
2006-07-18,4.954404,7.563925,-19.46875,23.796875,-8.9765625,8.2109375,12.4375
2006-07-19,5.0210214,7.555535,-19.625,23.671875,-8.8828125,8.296875,12.487892
2006-07-20,5.0562973,7.57746,-19.6875,23.65625,-8.8828125,8.3515625,12.546875
2006-07-21,5.003972,7.583204,-19.625,23.65625,-8.952343,8.3125,12.484375
2006-07-22,4.97089,7.569548,-19.625,23.65625,-8.9765625,8.28125,12.440239
2006-07-23,4.944597,7.560318,-19.5625,23.640625,-8.967968,8.25,12.3828125
2006-07-24,4.947428,7.5465717,-19.34375,23.59375,-8.9296875,8.25,12.366409
2006-07-25,4.942261,7.538031,-19.3125,23.5625,-8.8828125,8.2265625,12.3671875
2006-07-26,4.881858,7.5290494,-19.375,23.453125,-8.9296875,8.1796875,12.222267
2006-07-27,4.996166,7.5338726,-19.59375,23.375,-8.8203125,8.296875,12.359375
2006-07-28,4.9704895,7.5451627,-19.46875,23.328125,-8.827343,8.28125,12.34375
2006-07-29,4.991018,7.539561,-19.4375,23.28125,-8.8046875,8.3046875,12.328125
2006-07-30,5.072191,7.5487137,-19.4375,23.265625,-8.7734375,8.375,12.421875
2006-07-31,4.925345,7.5385075,-19.3125,23.21875,-8.8828125,8.203125,12.2890625
2006-08-01,4.7960143,7.498782,-19.21875,23.109375,-8.9453125,8.0703125,12.089455
2006-08-02,4.829661,7.4784636,-19.28125,23.046875,-8.8515625,8.09375,12.097267
2006-08-03,4.7900267,7.469862,-19.3125,23.03125,-8.8671875,8.0625,12.046875
2006-08-04,4.756153,7.448579,-19.28125,23.03125,-8.8359375,8.046875,11.96875
2006-08-05,4.699842,7.424072,-19.21875,22.9375,-8.8359375,7.9882812,11.890625
2006-08-06,4.70513,7.3946276,-19.21875,22.9375,-8.7578125,7.9765625,11.901955
2006-08-07,4.7174644,7.3737035,-19.21875,22.90625,-8.702343,7.9765625,11.921097
2006-08-08,4.713253,7.3581634,-19.3125,22.6875,-8.6796875,7.96875,11.859375
2006-08-09,4.636729,7.355312,-19.3125,22.71875,-8.764843,7.888672,11.769142
2006-08-10,4.680387,7.3484797,-19.28125,22.6875,-8.6953125,7.9453125,11.769142
2006-08-11,4.5395646,7.3287177,-19.40625,22.65625,-8.8046875,7.796875,11.609375
2006-08-12,4.5990763,7.3018093,-19.40625,22.53125,-8.7109375,7.8652344,11.63633
2006-08-13,4.5058937,7.280666,-19.375,22.46875,-8.7734375,7.734375,11.534767
2006-08-14,4.5739264,7.2466135,-19.34375,22.421875,-8.6328125,7.8085938,11.581642
2006-08-15,4.6446223,7.239601,-19.375,22.46875,-8.561718,7.8964844,11.6484375
2006-08-16,4.500487,7.2160974,-19.34375,22.4375,-8.6328125,7.732422,11.495705
2006-08-17,4.327143,7.161874,-19.3125,22.28125,-8.6640625,7.5253906,11.265625
2006-08-18,4.3491774,7.120615,-19.3125,22.1875,-8.5859375,7.5234375,11.23008
2006-08-19,4.555603,7.1066713,-19.28125,22.1875,-8.405468,7.75,11.40625
2006-08-20,4.4500766,7.079682,-19.28125,22.125,-8.4296875,7.6132812,11.328125
2006-08-21,4.3738904,7.0280538,-19.3125,21.96875,-8.3828125,7.4921875,11.203125
2006-08-22,4.4593625,6.997472,-19.15625,21.90625,-8.2421875,7.5625,11.265625
2006-08-23,4.420053,6.993305,-19.1875,21.9375,-8.2890625,7.5078125,11.284767
2006-08-24,4.2476187,6.945226,-19.28125,21.78125,-8.3671875,7.341797,11.034767
2006-08-25,4.2312384,6.907429,-19.375,21.71875,-8.327343,7.2734375,11.0078125
2006-08-26,4.4193625,6.896567,-19.3125,21.625,-8.1328125,7.484375,11.1328125
2006-08-27,4.388709,6.8841887,-19.3125,21.65625,-8.1015625,7.4375,11.15625
2006-08-28,4.2075863,6.8322144,-19.4375,21.609375,-8.1953125,7.234375,10.953125
2006-08-29,4.2620945,6.785267,-19.34375,21.5,-8.0859375,7.2109375,10.995705
2006-08-30,4.3231115,6.7360163,-19.28125,21.34375,-7.9140625,7.2617188,11.015625
2006-08-31,4.232223,6.698873,-19.15625,21.34375,-7.9140625,7.1484375,10.9140625
2006-09-01,4.162602,6.6592093,-19.21875,21.328125,-7.9140625,7.0507812,10.79258
2006-09-02,4.1168723,6.6290555,-19.3125,21.28125,-7.9609375,6.9765625,10.71875
2006-09-03,4.2243233,6.5934763,-19.21875,21.203125,-7.7492185,7.0390625,10.859375
2006-09-04,4.073127,6.5427313,-19.28125,21.234375,-7.7890625,6.875,10.628517
2006-09-05,4.1116557,6.497481,-19.28125,21.078125,-7.6953125,6.8984375,10.60508
2006-09-06,4.007002,6.44662,-19.1875,21.015625,-7.6796875,6.7539062,10.453125
2006-09-07,3.9470537,6.3916464,-19.15625,20.9375,-7.6328125,6.6445312,10.375
2006-09-08,4.011403,6.349128,-19.1875,20.859375,-7.4921875,6.701172,10.397659
2006-09-09,3.9947286,6.294076,-18.875,20.90625,-7.3984375,6.640625,10.3359375
2006-09-10,3.8858402,6.230164,-18.875,20.84375,-7.3828125,6.498047,10.1953125
2006-09-11,3.9400592,6.183714,-18.875,20.84375,-7.2734375,6.5234375,10.2109375
2006-09-12,3.9725094,6.1555567,-18.8125,20.8125,-7.1796875,6.5234375,10.245705
2006-09-13,3.7283924,6.0829225,-18.875,20.5625,-7.2734375,6.2695312,9.9140625
2006-09-14,3.7394474,6.042879,-18.8125,20.5,-7.1640625,6.2578125,9.862892
2006-09-15,3.7634919,6.00801,-18.90625,20.390625,-7.1015625,6.2460938,9.859375
2006-09-16,3.6474068,5.9591384,-18.78125,20.40625,-7.0929685,6.0859375,9.7578125
2006-09-17,3.441678,5.866019,-18.78125,20.21875,-7.1171875,5.828125,9.4375
2006-09-18,3.502396,5.7918286,-18.65625,20.109375,-6.8984375,5.8203125,9.453125
2006-09-19,3.4927297,5.7348356,-18.75,20.09375,-6.8203125,5.765625,9.4375
2006-09-20,3.504372,5.692381,-18.65625,20.046875,-6.7421875,5.7597656,9.41758
2006-09-21,3.4560552,5.644026,-18.65625,19.96875,-6.6796875,5.6601562,9.3203125
2006-09-22,3.4746394,5.5900445,-18.65625,19.921875,-6.5546875,5.6347656,9.3125
2006-09-23,3.3594959,5.537833,-18.65625,19.828125,-6.5929685,5.4882812,9.1796875
2006-09-24,3.4294913,5.5016274,-18.71875,19.75,-6.4609375,5.5273438,9.19883
2006-09-25,3.381254,5.453337,-18.59375,19.65625,-6.4140625,5.4257812,9.171875
2006-09-26,3.2759929,5.3927155,-18.5625,19.625,-6.4140625,5.2890625,8.921875
2006-09-27,3.1645668,5.31743,-18.53125,19.4375,-6.3828125,5.125,8.76133
2006-09-28,3.0976582,5.2507377,-18.4375,19.3125,-6.3046875,5.015625,8.616409
2006-09-29,3.0429087,5.182907,-18.46875,19.125,-6.2421875,4.9335938,8.4921875
2006-09-30,3.0562584,5.1395245,-18.625,19.0625,-6.171875,4.9277344,8.464455
2006-10-01,2.9433966,5.1117563,-18.4375,18.921875,-6.2492185,4.8007812,8.34375
2006-10-02,2.8490956,5.06536,-18.65625,18.71875,-6.2265625,4.6601562,8.214455
2006-10-03,2.7203608,5.0014687,-18.625,18.59375,-6.2578125,4.5,7.9666023
2006-10-04,2.5740895,4.9269605,-18.625,18.40625,-6.2648435,4.3164062,7.728321
2006-10-05,2.4527345,4.8305492,-18.375,18.3125,-6.1875,4.1523438,7.478321
2006-10-06,2.4492838,4.7744846,-18.28125,18.1875,-6.0546875,4.0976562,7.4705086
2006-10-07,2.3637266,4.7167125,-18.28125,17.984375,-6.0234375,3.9628906,7.316017
2006-10-08,2.2601488,4.6643734,-18.34375,17.75,-6.0390625,3.828125,7.17754
2006-10-09,2.190652,4.608325,-18.46875,17.5625,-5.984375,3.7382812,7.0894547
2006-10-10,2.2057226,4.5487638,-18.375,17.546875,-5.8550777,3.71875,6.974415
2006-10-11,2.1155827,4.491395,-18.34375,17.3125,-5.8046875,3.5976562,6.849415
2006-10-12,1.943419,4.4243793,-18.40625,17.203125,-5.8550777,3.3554688,6.6835938
2006-10-13,1.8137474,4.3510394,-18.40625,17.03125,-5.8003902,3.1953125,6.472267
2006-10-14,1.7629219,4.2851343,-18.34375,16.734375,-5.7265625,3.0996094,6.394142
2006-10-15,1.7094831,4.2293,-18.125,16.5625,-5.671875,3.0292969,6.3142586
2006-10-16,1.5946342,4.17008,-18.1875,16.4375,-5.65625,2.8671875,6.0976562
2006-10-17,1.5656354,4.129785,-18.15625,16.359375,-5.6015625,2.8203125,6.066017
2006-10-18,1.3644861,4.052497,-18.0625,16.328125,-5.640625,2.5625,5.818165
2006-10-19,1.367259,4.009416,-18.03125,16.171875,-5.538281,2.5429688,5.8238297
2006-10-20,1.5034008,3.9831517,-18.125,16.03125,-5.3671875,2.6640625,5.9289093
2006-10-21,1.3694731,3.9259255,-18.125,15.8984375,-5.3671875,2.5,5.7265625
2006-10-22,1.1934068,3.8415718,-18.15625,15.828125,-5.34375,2.28125,5.4605484
2006-10-23,1.2697958,3.802508,-18.125,15.640625,-5.1988277,2.3164062,5.5351562
2006-10-24,1.2438295,3.7500937,-18.125,15.609375,-5.125,2.2695312,5.483986
2006-10-25,1.1854367,3.7164285,-18.09375,15.6015625,-5.0894527,2.1679688,5.4179688
2006-10-26,0.9614161,3.6638021,-18.09375,15.546875,-5.1953125,1.921875,5.1736336
2006-10-27,0.90080094,3.6142955,-18.03125,15.484375,-5.125,1.8203125,5.025196
2006-10-28,0.83527803,3.5442262,-17.96875,15.296875,-5.046875,1.7265625,4.8828125
2006-10-29,0.73140305,3.4866662,-17.84375,15.203125,-5.03125,1.6015625,4.724415
2006-10-30,0.6177372,3.44837,-17.8125,15.0,-5.0703125,1.46875,4.597267
2006-10-31,0.6086429,3.4010627,-17.875,14.875,-4.9453125,1.4140625,4.5486336
2006-11-01,0.55185616,3.3354197,-17.90625,14.8125,-4.8671875,1.3164062,4.42754
2006-11-02,0.59273595,3.2858334,-17.875,14.609375,-4.7578125,1.3515625,4.4453125
2006-11-03,0.56087303,3.2576318,-17.84375,14.4609375,-4.71875,1.296875,4.415821
2006-11-04,0.41852832,3.2186284,-17.8125,14.390625,-4.78125,1.1171875,4.2226562
2006-11-05,0.2504569,3.1743,-17.75,14.171875,-4.8515625,0.921875,4.0330086
2006-11-06,0.2069724,3.1436987,-17.78125,14.0546875,-4.8515625,0.8671875,3.9431648
2006-11-07,0.12431447,3.0906818,-17.65625,13.90625,-4.78125,0.7421875,3.8085938
2006-11-08,0.2773872,3.0635054,-17.6875,13.828125,-4.609375,0.8671875,4.0078125
2006-11-09,0.23090273,3.0326746,-17.8125,13.796875,-4.5460935,0.8046875,3.8867188
2006-11-10,0.08255093,3.0041401,-17.78125,13.578125,-4.6171875,0.640625,3.6953125
2006-11-11,-0.13047712,2.9513404,-17.625,13.390625,-4.7421875,0.40625,3.4236336
2006-11-12,-0.066375844,2.9140222,-17.65625,13.296875,-4.59375,0.4453125,3.484375
2006-11-13,-0.20484632,2.875306,-17.625,13.3125,-4.6328125,0.2890625,3.3337898
2006-11-14,-0.3512375,2.8520873,-17.625,13.234375,-4.7578125,0.125,3.1697273
2006-11-15,-0.4272364,2.8163748,-17.53125,13.09375,-4.7734375,0.03125,3.0585938
2006-11-16,-0.5074358,2.7622178,-17.375,13.0703125,-4.7421875,-0.0859375,2.9023438
2006-11-17,-0.5023725,2.7449436,-17.375,12.9375,-4.694531,-0.1015625,2.9375
2006-11-18,-0.496337,2.7175815,-17.40625,12.7578125,-4.6171875,-0.11328125,2.9765625
2006-11-19,-0.63314027,2.6759658,-17.5,12.734375,-4.671875,-0.2578125,2.749611
2006-11-20,-0.7210838,2.6511962,-17.4375,12.6953125,-4.703125,-0.359375,2.671875
2006-11-21,-0.7199177,2.618152,-17.3125,12.65625,-4.609375,-0.3828125,2.5898438
2006-11-22,-0.8065265,2.590566,-17.28125,12.6484375,-4.6484375,-0.4921875,2.483986
2006-11-23,-0.9075468,2.5589752,-17.25,12.5390625,-4.703125,-0.609375,2.3359375
2006-11-24,-0.8795756,2.5368237,-17.25,12.4375,-4.609375,-0.59765625,2.3828125
2006-11-25,-0.6976949,2.5276814,-17.1875,12.328125,-4.4140625,-0.421875,2.5625
2006-11-26,-0.8454212,2.491281,-17.21875,12.375,-4.5078125,-0.5859375,2.3359375
2006-11-27,-0.85547465,2.4881604,-17.25,12.4375,-4.5,-0.609375,2.3863297
2006-11-28,-1.0372243,2.4617639,-17.3125,12.359375,-4.6171875,-0.8203125,2.1601562
2006-11-29,-1.0595063,2.445054,-17.15625,12.25,-4.609375,-0.84375,2.1697273
2006-11-30,-1.1097261,2.4205735,-17.03125,12.1796875,-4.578125,-0.921875,2.1011734
2006-12-01,-0.9691512,2.4228404,-17.0625,12.203125,-4.484375,-0.78125,2.25
2006-12-02,-1.147895,2.396351,-17.0625,12.171875,-4.578125,-0.9609375,2.015625
2006-12-03,-1.0773708,2.3858058,-17.0625,12.09375,-4.5078125,-0.90625,2.0625
2006-12-04,-1.1458806,2.3561203,-17.03125,12.109375,-4.5234375,-0.984375,1.921875
2006-12-05,-1.1205868,2.352087,-17.0,12.109375,-4.5035152,-0.96875,1.9509773
2006-12-06,-1.2122805,2.3429308,-16.90625,12.1328125,-4.5582027,-1.0703125,1.859375
2006-12-07,-1.3437895,2.3241408,-16.96875,12.015625,-4.6328125,-1.2265625,1.7378922
2006-12-08,-1.1000916,2.3228996,-16.90625,12.1640625,-4.4140625,-0.96875,1.9257812
2006-12-09,-1.1945235,2.324432,-17.03125,12.234375,-4.484375,-1.0859375,1.8433609
2006-12-10,-1.3201226,2.325149,-16.96875,12.1953125,-4.609375,-1.2148438,1.7578125
2006-12-11,-1.426928,2.3017788,-16.90625,12.1484375,-4.671875,-1.328125,1.609375
2006-12-12,-1.4507052,2.291662,-16.875,12.0234375,-4.6875,-1.359375,1.5546875
2006-12-13,-1.5914482,2.2753985,-16.8125,12.1015625,-4.796875,-1.515625,1.4488297
2006-12-14,-1.5744505,2.276383,-16.84375,12.09375,-4.7734375,-1.5,1.4410172
2006-12-15,-1.5391486,2.2696514,-16.78125,12.0703125,-4.710156,-1.484375,1.4644547
2006-12-16,-1.3746703,2.2697394,-16.84375,12.09375,-4.609375,-1.2890625,1.5703125
2006-12-17,-1.4177254,2.2866113,-16.875,12.171875,-4.6484375,-1.34375,1.5113297
2006-12-18,-1.4536759,2.2657216,-16.6875,12.1953125,-4.6328125,-1.3828125,1.5
2006-12-19,-1.4277055,2.2952409,-16.84375,12.171875,-4.671875,-1.359375,1.5234375
2006-12-20,-1.468089,2.285283,-16.71875,12.1796875,-4.710156,-1.40625,1.4609375
2006-12-21,-1.5771626,2.2933223,-16.78125,12.140625,-4.8316402,-1.5078125,1.375
2006-12-22,-1.5751294,2.285698,-16.84375,12.171875,-4.7734375,-1.5234375,1.3828125
2006-12-23,-1.6151111,2.302678,-16.96875,12.03125,-4.890625,-1.5390625,1.3394547
2006-12-24,-1.6906947,2.322144,-16.90625,12.03125,-5.0,-1.625,1.3238297
2006-12-25,-1.7682198,2.3423934,-16.78125,12.15625,-5.125,-1.6953125,1.2890625
2006-12-26,-1.9078426,2.3392198,-16.75,12.109375,-5.2734375,-1.828125,1.1554718
2006-12-27,-1.9089108,2.3594613,-16.8125,12.109375,-5.359375,-1.828125,1.234375
2006-12-28,-1.923891,2.3608613,-16.84375,12.1484375,-5.34375,-1.859375,1.1441422
2006-12-29,-1.9888929,2.3770504,-16.71875,12.15625,-5.4921875,-1.90625,1.15625
2006-12-30,-1.9019635,2.4026847,-16.53125,12.25,-5.4375,-1.8125,1.2265625
2006-12-31,-1.9100627,2.41959,-16.5625,12.296875,-5.4835935,-1.828125,1.2457047
2007-01-01,-1.901518,2.426534,-16.5,12.21875,-5.460156,-1.828125,1.2222672
2007-01-02,-1.9794333,2.4465744,-16.46875,12.1953125,-5.6015625,-1.9140625,1.2066422
2007-01-03,-1.9053264,2.4675288,-16.53125,12.3125,-5.53125,-1.84375,1.3359375
2007-01-04,-2.0448925,2.4843755,-16.4375,12.3125,-5.7421875,-1.984375,1.1796875
2007-01-05,-2.079146,2.508867,-16.4375,12.28125,-5.859375,-2.0039062,1.1640625
2007-01-06,-2.0047336,2.530581,-16.5,12.265625,-5.8515625,-1.921875,1.2769547
2007-01-07,-2.0016973,2.5718572,-16.4375,12.4453125,-5.90625,-1.9179688,1.3628922
2007-01-08,-2.1645975,2.5935364,-16.40625,12.3828125,-6.1171875,-2.0976562,1.234375
2007-01-09,-2.0291355,2.6373212,-16.40625,12.4296875,-6.09375,-1.9335938,1.4175797
2007-01-10,-2.029096,2.6734905,-16.34375,12.53125,-6.1484375,-1.953125,1.4921875
2007-01-11,-2.2218175,2.708115,-16.4375,12.5234375,-6.4140625,-2.140625,1.3785172
2007-01-12,-2.2607987,2.7397585,-16.375,12.5859375,-6.4765625,-2.1875,1.375
2007-01-13,-2.39451,2.747489,-16.25,12.453125,-6.5703125,-2.3125,1.2421875
2007-01-14,-2.2673972,2.7224052,-16.09375,12.5703125,-6.3828125,-2.21875,1.3828125
2007-01-15,-2.1262746,2.7674224,-16.0625,12.5546875,-6.2648435,-2.09375,1.6832047
2007-01-16,-2.310935,2.80177,-16.0625,12.5625,-6.5148435,-2.3046875,1.5972672
2007-01-17,-2.3920078,2.8327224,-16.0625,12.40625,-6.6953125,-2.3828125,1.5035172
2007-01-18,-2.406655,2.900224,-16.28125,12.515625,-6.8984375,-2.34375,1.4609375
2007-01-19,-2.4461327,2.9359417,-16.21875,12.546875,-6.9679685,-2.4023438,1.5347672
2007-01-20,-2.485582,2.968068,-16.40625,12.5546875,-7.0390625,-2.453125,1.6171875
2007-01-21,-2.5128257,3.0277224,-16.46875,12.53125,-7.2421875,-2.4765625,1.6285172
2007-01-22,-2.6904128,3.0679212,-16.4375,12.5703125,-7.5234375,-2.6328125,1.4609375
2007-01-23,-2.7976787,3.1007688,-16.34375,12.703125,-7.6640625,-2.7578125,1.3984375
2007-01-24,-2.855181,3.1542997,-16.34375,12.609375,-7.8515625,-2.8046875,1.3984375
2007-01-25,-2.9222229,3.227727,-16.71875,12.78125,-8.0546875,-2.8789062,1.4332047
2007-01-26,-3.0476794,3.2892735,-16.84375,12.7421875,-8.3046875,-2.984375,1.359375
2007-01-27,-3.1986978,3.339395,-17.03125,12.78125,-8.5234375,-3.1484375,1.3082047
2007-01-28,-3.332627,3.393141,-17.09375,12.8125,-8.7421875,-3.2890625,1.2570343
2007-01-29,-3.43339,3.4463058,-16.9375,12.984375,-8.9296875,-3.3632812,1.203125
2007-01-30,-3.4927297,3.472415,-17.15625,12.8046875,-8.9765625,-3.4453125,1.2769547
2007-01-31,-3.6104062,3.5128543,-17.4375,12.921875,-9.124218,-3.59375,1.2578125
2007-02-01,-3.7052085,3.540124,-17.6875,12.9453125,-9.2578125,-3.6875,1.21875
2007-02-02,-3.508437,3.5895007,-17.46875,13.015625,-9.1484375,-3.515625,1.515625
2007-02-03,-3.6140616,3.6862864,-17.71875,13.1484375,-9.4140625,-3.6484375,1.609375
2007-02-04,-3.7189388,3.7552238,-18.03125,13.3125,-9.6171875,-3.7421875,1.515625
2007-02-05,-3.7894306,3.8096051,-17.875,13.2421875,-9.7421875,-3.8164062,1.4644547
2007-02-06,-3.8352962,3.8527024,-17.90625,13.3046875,-9.811718,-3.8984375,1.609375
2007-02-07,-3.9173524,3.900605,-18.09375,13.2265625,-9.9765625,-4.0039062,1.671875
2007-02-08,-4.0018687,3.9770103,-18.34375,13.28125,-10.1953125,-4.0703125,1.6953125
2007-02-09,-4.101804,4.0491915,-18.46875,13.265625,-10.4453125,-4.1484375,1.5625
2007-02-10,-4.154128,4.083881,-18.4375,13.4375,-10.4921875,-4.2304688,1.5546875
2007-02-11,-4.1356697,4.1343927,-18.5625,13.4453125,-10.4921875,-4.28125,1.7457047
2007-02-12,-4.203413,4.212174,-18.8125,13.484375,-10.671093,-4.34375,1.7421875
2007-02-13,-4.335804,4.2528477,-18.90625,13.5078125,-10.8203125,-4.484375,1.7109375
2007-02-14,-4.3921137,4.298273,-19.03125,13.5078125,-10.9609375,-4.5546875,1.65625
2007-02-15,-4.4136353,4.345737,-19.28125,13.59375,-10.9765625,-4.6171875,1.75
2007-02-16,-4.3186364,4.40591,-19.25,13.6640625,-10.9453125,-4.5390625,1.9371109
2007-02-17,-4.2247863,4.5156927,-19.34375,13.921875,-11.0390625,-4.4453125,2.0738297
2007-02-18,-4.398997,4.5649724,-19.28125,13.8125,-11.1953125,-4.6328125,2.015625
2007-02-19,-4.387329,4.5972285,-19.3125,13.796875,-11.2421875,-4.609375,2.0834007
2007-02-20,-4.369471,4.666677,-19.0625,13.953125,-11.3203125,-4.609375,2.1423836
2007-02-21,-4.465579,4.6893845,-19.125,13.90625,-11.3671875,-4.7265625,2.1875
2007-02-22,-4.4859247,4.708417,-19.03125,14.0,-11.3828125,-4.7421875,2.1054688
2007-02-23,-4.4115176,4.741392,-19.09375,13.9609375,-11.2734375,-4.7109375,2.3242188
2007-02-24,-4.385145,4.7872024,-19.125,14.078125,-11.2890625,-4.6875,2.4019547
2007-02-25,-4.311402,4.846213,-18.875,14.0703125,-11.2578125,-4.6484375,2.5429688
2007-02-26,-4.412177,4.87082,-18.8125,14.171875,-11.3828125,-4.734375,2.4353523
2007-02-27,-4.414984,4.9089923,-18.875,14.109375,-11.4453125,-4.7265625,2.4257812
2007-02-28,-4.3912306,4.942005,-18.875,14.15625,-11.4296875,-4.703125,2.5386734
2007-03-01,-4.3262672,4.9975166,-18.6875,14.203125,-11.389843,-4.6640625,2.6675797
2007-03-02,-4.3746037,5.037053,-18.875,14.3125,-11.4609375,-4.71875,2.6640625
2007-03-03,-4.328608,5.0911016,-19.0,14.328125,-11.530468,-4.6328125,2.6992188
2007-03-04,-4.32121,5.112488,-18.90625,14.359375,-11.5078125,-4.6328125,2.71875
2007-03-05,-4.221977,5.1169047,-18.78125,14.3046875,-11.3828125,-4.5390625,2.765625
2007-03-06,-4.175057,5.1139746,-18.65625,14.359375,-11.2890625,-4.5,2.8572273
2007-03-07,-3.9885297,5.159995,-18.75,14.421875,-11.186718,-4.359375,3.134571
2007-03-08,-3.8937714,5.1909156,-18.71875,14.4375,-11.1484375,-4.25,3.1892586
2007-03-09,-3.7825167,5.234037,-18.4375,14.65625,-11.0390625,-4.1523438,3.3494148
2007-03-10,-3.7326763,5.234284,-18.34375,14.734375,-10.9765625,-4.1015625,3.3767586
2007-03-11,-3.62429,5.2268105,-18.15625,14.78125,-10.8203125,-3.96875,3.5017586
2007-03-12,-3.5313482,5.2448297,-18.15625,14.796875,-10.749218,-3.8867188,3.5798836
2007-03-13,-3.5422955,5.2767305,-18.03125,14.84375,-10.8046875,-3.8828125,3.5507812
2007-03-14,-3.508662,5.3592057,-17.96875,14.9375,-10.8828125,-3.8320312,3.703125
2007-03-15,-3.5271266,5.4212475,-18.03125,15.0390625,-10.9609375,-3.8359375,3.7109375
2007-03-16,-3.4248233,5.445538,-17.96875,14.984375,-10.8984375,-3.7109375,3.8203125
2007-03-17,-3.479429,5.4371157,-17.90625,15.046875,-10.952343,-3.7226562,3.7539062
2007-03-18,-3.3932364,5.481665,-17.9375,15.203125,-10.9296875,-3.6132812,3.884571
2007-03-19,-3.4214292,5.4887166,-17.875,15.28125,-10.9765625,-3.59375,3.7712898
2007-03-20,-3.3670118,5.5157657,-17.8125,15.2421875,-10.9453125,-3.484375,3.8238297
2007-03-21,-3.0714214,5.575972,-17.46875,15.234375,-10.7109375,-3.2226562,4.2517586
2007-03-22,-3.0476956,5.5853925,-17.4375,15.390625,-10.7109375,-3.1328125,4.1914062
2007-03-23,-3.014633,5.621641,-17.28125,15.4375,-10.7109375,-3.0507812,4.2617188
2007-03-24,-2.8773942,5.6746984,-17.03125,15.6015625,-10.6328125,-2.8828125,4.4570312
2007-03-25,-2.744938,5.689328,-16.90625,15.5625,-10.5390625,-2.71875,4.572071
2007-03-26,-2.6384752,5.7112465,-16.71875,15.578125,-10.4921875,-2.578125,4.7009773
2007-03-27,-2.5969229,5.7675385,-16.8125,15.671875,-10.5546875,-2.4335938,4.7460938
2007-03-28,-2.623677,5.7940593,-16.8125,15.7890625,-10.608593,-2.421875,4.7009773
2007-03-29,-2.5695539,5.808837,-16.90625,15.765625,-10.6015625,-2.3359375,4.7421875
2007-03-30,-2.435248,5.8101263,-16.875,15.765625,-10.4765625,-2.140625,4.8945312
2007-03-31,-2.186237,5.839576,-16.6875,15.796875,-10.2890625,-1.8242188,5.130665
2007-04-01,-2.094777,5.855364,-16.78125,15.78125,-10.2109375,-1.65625,5.2048836
2007-04-02,-1.9714246,5.883748,-16.78125,15.8671875,-10.1328125,-1.46875,5.337696
2007-04-03,-1.921403,5.914906,-16.84375,15.90625,-10.1796875,-1.328125,5.39629
2007-04-04,-1.9209676,5.9254646,-16.875,16.0625,-10.1796875,-1.2539062,5.3515625
2007-04-05,-1.8371878,5.9555283,-16.90625,16.09375,-10.1796875,-1.0507812,5.4353523
2007-04-06,-1.6254652,6.026855,-16.96875,16.1875,-10.0703125,-0.78515625,5.7148438
2007-04-07,-1.5945346,6.060168,-17.0625,16.140625,-10.1171875,-0.65234375,5.7148438
2007-04-08,-1.5094362,6.071271,-17.03125,16.25,-10.0859375,-0.4921875,5.796875
2007-04-09,-1.4708998,6.047793,-17.03125,16.1875,-10.030468,-0.40234375,5.775196
2007-04-10,-1.4434924,6.0300045,-16.96875,16.15625,-9.9765625,-0.32421875,5.7734375
2007-04-11,-1.2460507,6.044657,-16.875,16.265625,-9.8203125,-0.0703125,5.921875
2007-04-12,-1.079483,6.084459,-16.84375,16.34375,-9.7578125,0.20703125,6.1541023
2007-04-13,-0.9574246,6.116297,-16.71875,16.453125,-9.6953125,0.39453125,6.3046875
2007-04-14,-0.89392865,6.127418,-16.75,16.65625,-9.6796875,0.5546875,6.3515625
2007-04-15,-0.6423937,6.17057,-16.65625,16.671875,-9.5234375,0.84375,6.6111336
2007-04-16,-0.48481095,6.205633,-16.71875,16.828125,-9.4609375,1.109375,6.7322273
2007-04-17,-0.4337987,6.2244196,-16.75,16.984375,-9.4765625,1.2890625,6.8046875
2007-04-18,-0.424796,6.2330427,-16.78125,17.046875,-9.5234375,1.3515625,6.765625
2007-04-19,-0.30425313,6.270103,-16.8125,17.171875,-9.5078125,1.59375,6.8863297
2007-04-20,-0.12828548,6.2894826,-16.78125,17.234375,-9.421093,1.8085938,7.0507812
2007-04-21,-0.02314528,6.29725,-16.84375,17.453125,-9.3359375,2.0,7.1445312
2007-04-22,0.1200852,6.3173304,-16.84375,17.59375,-9.296093,2.1992188,7.2634773
2007-04-23,0.30913475,6.331706,-16.78125,17.546875,-9.155468,2.5039062,7.4375
2007-04-24,0.23656426,6.3054905,-16.8125,17.71875,-9.2421875,2.5351562,7.3125
2007-04-25,0.2702618,6.3341823,-16.9375,17.875,-9.2734375,2.625,7.2929688
2007-04-26,0.44489905,6.37095,-16.875,18.015625,-9.2109375,2.8789062,7.431446
2007-04-27,0.47561675,6.3928347,-16.9375,18.171875,-9.2578125,2.96875,7.46875
2007-04-28,0.66071224,6.4187837,-16.9375,18.34375,-9.1640625,3.2148438,7.6267586
2007-04-29,0.8107309,6.438761,-16.96875,18.375,-9.1015625,3.4433594,7.75
2007-04-30,0.90820354,6.4503155,-16.9375,18.5625,-9.0703125,3.5957031,7.8671875
2007-05-01,1.0159698,6.471093,-17.0,18.65625,-9.0546875,3.71875,7.9609375
2007-05-02,1.0840981,6.4852223,-16.9375,18.875,-9.0390625,3.8144531,7.993946
2007-05-03,1.1314667,6.471909,-16.84375,19.125,-8.999218,3.8925781,7.984375
2007-05-04,1.2343205,6.482382,-16.9375,19.328125,-8.9765625,4.048828,8.050392
2007-05-05,1.3391443,6.516943,-17.0625,19.5625,-8.9765625,4.1660156,8.183205
2007-05-06,1.328717,6.5259423,-17.1875,19.78125,-9.0234375,4.2089844,8.140625
2007-05-07,1.3812045,6.525412,-17.28125,19.875,-8.9921875,4.265625,8.140625
2007-05-08,1.5843003,6.5335164,-17.28125,20.1875,-8.842968,4.4941406,8.34375
2007-05-09,1.7568916,6.559669,-17.28125,20.375,-8.7734375,4.689453,8.5234375
2007-05-10,1.735626,6.5635443,-17.28125,20.5625,-8.8203125,4.6972656,8.456642
2007-05-11,1.7889847,6.5689454,-17.28125,20.84375,-8.8203125,4.7617188,8.4765625
2007-05-12,1.9465572,6.591443,-17.40625,21.03125,-8.7578125,4.939453,8.6484375
2007-05-13,2.041645,6.609686,-17.46875,21.28125,-8.7421875,5.0429688,8.75
2007-05-14,2.1158488,6.611285,-17.46875,21.4375,-8.717968,5.1191406,8.796875
2007-05-15,2.1878924,6.6193795,-17.59375,21.546875,-8.7109375,5.1757812,8.859375
2007-05-16,2.274982,6.6214767,-17.59375,21.8125,-8.671093,5.2539062,8.913284
2007-05-17,2.3493183,6.6276784,-17.6875,22.03125,-8.6640625,5.314453,8.9921875
2007-05-18,2.404868,6.6366487,-17.6875,22.234375,-8.6640625,5.3671875,9.03125
2007-05-19,2.485908,6.6528187,-17.6875,22.375,-8.6640625,5.4433594,9.1328125
2007-05-20,2.6126695,6.669842,-17.71875,22.5625,-8.6484375,5.5742188,9.253517
2007-05-21,2.6081145,6.6782856,-17.875,22.671875,-8.717968,5.5546875,9.2109375
2007-05-22,2.7399268,6.6975517,-17.9375,22.78125,-8.6640625,5.7089844,9.3125
2007-05-23,2.8319638,6.7179127,-18.0,22.96875,-8.6796875,5.7929688,9.3984375
2007-05-24,2.9993489,6.742439,-18.0625,23.140625,-8.6171875,5.9609375,9.558205
2007-05-25,3.1205173,6.7706375,-18.0,23.21875,-8.5703125,6.109375,9.671875
2007-05-26,3.2452803,6.8014555,-18.125,23.34375,-8.5546875,6.234375,9.859375
2007-05-27,3.1909485,6.8051925,-18.0625,23.53125,-8.6640625,6.1601562,9.7734375
2007-05-28,3.1915429,6.802144,-18.125,23.53125,-8.7421875,6.125,9.769142
2007-05-29,3.2796824,6.8148475,-18.28125,23.65625,-8.7421875,6.2128906,9.890625
2007-05-30,3.4751477,6.8431253,-18.21875,23.75,-8.6328125,6.4121094,10.120705
2007-05-31,3.565295,6.868997,-18.34375,23.890625,-8.6484375,6.5117188,10.1640625
2007-06-01,3.6163023,6.886735,-18.375,23.96875,-8.6953125,6.5742188,10.21875
2007-06-02,3.7515597,6.909186,-18.375,24.09375,-8.6484375,6.71875,10.3671875
2007-06-03,3.6749809,6.9202595,-18.5625,24.109375,-8.796093,6.6445312,10.2421875
2007-06-04,3.7895553,6.935078,-18.5625,24.15625,-8.8046875,6.7382812,10.433205
2007-06-05,3.871057,6.9556923,-18.5625,24.15625,-8.7734375,6.84375,10.515625
2007-06-06,4.0132346,6.9835663,-18.5625,24.1875,-8.7265625,6.984375,10.65625
2007-06-07,4.040623,7.0161295,-18.5,24.25,-8.8203125,7.0625,10.6796875
2007-06-08,4.0289783,7.0338135,-18.46875,24.328125,-8.8984375,7.0429688,10.671875
2007-06-09,4.069784,7.0368075,-18.6875,24.296875,-8.9140625,7.0859375,10.7109375
2007-06-10,4.247547,7.0526767,-18.65625,24.3125,-8.7890625,7.265625,10.9296875
2007-06-11,4.142375,7.068072,-18.78125,24.34375,-8.9453125,7.1796875,10.796875
2007-06-12,4.2516623,7.078242,-18.90625,24.28125,-8.8828125,7.296875,10.90625
2007-06-13,4.368134,7.106778,-18.96875,24.234375,-8.858593,7.4296875,11.0390625
2007-06-14,4.3698792,7.1206193,-19.0,24.1875,-8.9296875,7.453125,11.097267
2007-06-15,4.4839005,7.1394587,-19.09375,24.328125,-8.8828125,7.560547,11.2265625
2007-06-16,4.455787,7.154957,-18.96875,24.234375,-8.9765625,7.5625,11.175392
2007-06-17,4.5332446,7.159258,-19.09375,24.203125,-8.905468,7.640625,11.28125
2007-06-18,4.6009994,7.1742716,-19.09375,24.125,-8.8984375,7.736328,11.3515625
2007-06-19,4.7297373,7.206014,-19.125,24.125,-8.858593,7.8945312,11.5
2007-06-20,4.798634,7.243444,-19.09375,24.1875,-8.889843,7.9570312,11.6328125
2007-06-21,4.855654,7.2641544,-19.09375,24.21875,-8.8828125,8.0390625,11.7109375
2007-06-22,4.7356915,7.2743373,-19.15625,24.25,-9.0234375,7.9296875,11.6171875
2007-06-23,4.7501116,7.2736874,-19.25,24.3125,-8.9921875,7.9453125,11.612892
2007-06-24,4.837454,7.2873516,-19.3125,24.25,-8.9453125,8.042969,11.714455
2007-06-25,4.854642,7.3071227,-19.25,24.15625,-8.9609375,8.078125,11.71875
2007-06-26,4.925028,7.3261294,-19.3125,24.28125,-8.9296875,8.15625,11.828125
2007-06-27,4.8846936,7.3405294,-19.3125,24.375,-8.9921875,8.1171875,11.8046875
2007-06-28,4.7238607,7.3272815,-19.46875,24.3125,-9.1015625,7.9746094,11.5859375
2007-06-29,4.8698845,7.3314843,-19.46875,24.234375,-8.9609375,8.1171875,11.7421875
2007-06-30,4.924095,7.3553696,-19.59375,24.25,-8.9140625,8.1875,11.82383
2007-07-01,4.8985586,7.359753,-19.53125,24.25,-8.9453125,8.171875,11.84375
2007-07-02,4.9541945,7.362062,-19.59375,24.28125,-8.8515625,8.234375,11.9140625
2007-07-03,4.9556394,7.3594694,-19.65625,24.3125,-8.8515625,8.265625,11.90625
2007-07-04,4.8195896,7.3521066,-19.78125,24.234375,-8.9296875,8.1171875,11.808205
2007-07-05,4.922961,7.3584247,-19.78125,24.09375,-8.8515625,8.25,11.890625
2007-07-06,4.8993573,7.3743296,-19.9375,24.078125,-8.8359375,8.2109375,11.875
2007-07-07,4.840163,7.3705173,-20.03125,24.03125,-8.8515625,8.1640625,11.8359375
2007-07-08,4.9343505,7.380947,-20.09375,24.03125,-8.764843,8.2578125,11.933205
2007-07-09,5.0156884,7.406821,-20.0625,24.0625,-8.6953125,8.3671875,12.0625
2007-07-10,4.954992,7.426221,-20.21875,24.03125,-8.7578125,8.3046875,12.03125
2007-07-11,4.9733057,7.4285398,-20.28125,24.03125,-8.8203125,8.3203125,12.092972
2007-07-12,4.974733,7.4340515,-20.3125,23.96875,-8.811718,8.34375,12.078125
2007-07-13,4.897564,7.433297,-20.4375,23.9375,-8.874218,8.265625,12.019142
2007-07-14,4.8819313,7.4233704,-20.5,23.9375,-8.8515625,8.2421875,12.0078125
2007-07-15,4.774374,7.4163213,-20.8125,23.84375,-8.8984375,8.1484375,11.890625
2007-07-16,4.912,7.4270554,-21.03125,23.890625,-8.7734375,8.2890625,12.046875
2007-07-17,4.867777,7.4563565,-21.09375,23.859375,-8.8203125,8.261719,12.0859375
2007-07-18,4.760593,7.441764,-20.96875,23.8125,-8.8828125,8.1875,11.90625
2007-07-19,4.8262806,7.4387918,-21.15625,23.796875,-8.8515625,8.21875,11.964455
2007-07-20,4.860487,7.4615436,-21.25,23.8125,-8.8359375,8.2890625,12.003517
2007-07-21,4.806611,7.4689035,-21.25,23.75,-8.905468,8.234375,11.921875
2007-07-22,4.7724447,7.457496,-21.28125,23.75,-8.9140625,8.21875,11.8671875
2007-07-23,4.74595,7.449065,-21.25,23.765625,-8.8984375,8.1953125,11.8515625
2007-07-24,4.7477264,7.438211,-21.0625,23.75,-8.8671875,8.1875,11.870705
2007-07-25,4.742119,7.4336786,-21.09375,23.765625,-8.858593,8.15625,11.875
2007-07-26,4.6820784,7.425708,-21.25,23.71875,-8.905468,8.128906,11.784767
2007-07-27,4.7965426,7.435307,-21.5,23.65625,-8.8046875,8.25,11.890625
2007-07-28,4.771759,7.448764,-21.4375,23.703125,-8.842968,8.21875,11.9296875
2007-07-29,4.7940784,7.4455566,-21.46875,23.703125,-8.827343,8.238281,11.928909
2007-07-30,4.876749,7.458181,-21.46875,23.6875,-8.7578125,8.3359375,12.03125
2007-07-31,4.7305846,7.449552,-21.40625,23.609375,-8.8671875,8.1640625,11.964455
2007-08-01,4.603138,7.4092274,-21.25,23.53125,-8.8828125,8.03125,11.7734375
2007-08-02,4.6389647,7.3917165,-21.25,23.515625,-8.7890625,8.046875,11.776955
2007-08-03,4.6015654,7.3848624,-21.25,23.46875,-8.8046875,8.0234375,11.722267
2007-08-04,4.569948,7.36697,-21.34375,23.5,-8.7734375,8.015625,11.647659
2007-08-05,4.5162573,7.343696,-21.3125,23.46875,-8.780468,7.9296875,11.6015625
2007-08-06,4.524423,7.3160605,-21.125,23.453125,-8.7265625,7.9257812,11.6171875
2007-08-07,4.5395794,7.295787,-20.8125,23.484375,-8.6640625,7.921875,11.6015625
2007-08-08,4.5375113,7.283273,-21.15625,23.34375,-8.6953125,7.9140625,11.60508
2007-08-09,4.463735,7.2809,-21.34375,23.375,-8.7578125,7.84375,11.51133
2007-08-10,4.5097666,7.2745647,-21.34375,23.390625,-8.717968,7.90625,11.534767
2007-08-11,4.370933,7.2540894,-21.3125,23.3125,-8.7890625,7.7539062,11.3359375
2007-08-12,4.433558,7.228814,-21.3125,23.21875,-8.702343,7.8046875,11.3984375
2007-08-13,4.343132,7.207906,-21.40625,23.203125,-8.7421875,7.6914062,11.3359375
2007-08-14,4.4148116,7.175833,-21.3125,23.21875,-8.6015625,7.75,11.328125
2007-08-15,4.487858,7.1724586,-21.375,23.21875,-8.5234375,7.828125,11.390625
2007-08-16,4.3467646,7.1489353,-21.40625,23.21875,-8.6015625,7.65625,11.217972
2007-08-17,4.177023,7.093605,-21.4375,23.171875,-8.6640625,7.4648438,10.9921875
2007-08-18,4.20229,7.051836,-21.4375,23.125,-8.5859375,7.484375,10.9921875
2007-08-19,4.411265,7.040808,-21.25,23.125,-8.3515625,7.6933594,11.1328125
2007-08-20,4.3074284,7.01412,-21.21875,23.109375,-8.3828125,7.5703125,11.078125
2007-08-21,4.233948,6.961931,-21.15625,23.015625,-8.3515625,7.4472656,10.953125
2007-08-22,4.3218493,6.9330845,-21.1875,22.9375,-8.2421875,7.5097656,11.046875
2007-08-23,4.283928,6.9289083,-21.3125,23.0,-8.280468,7.46875,10.984375
2007-08-24,4.1139693,6.879633,-20.9375,22.9375,-8.3515625,7.3125,10.765625
2007-08-25,4.099264,6.840237,-21.15625,22.875,-8.3203125,7.2421875,10.714455
2007-08-26,4.288619,6.834441,-21.21875,23.0,-8.124218,7.4433594,10.878517
2007-08-27,4.259727,6.82106,-21.125,22.875,-8.1328125,7.3984375,10.8515625
2007-08-28,4.0807076,6.7686067,-20.96875,22.84375,-8.2109375,7.2109375,10.65625
2007-08-29,4.1387615,6.7204785,-20.65625,22.8125,-8.077343,7.1992188,10.675392
2007-08-30,4.2011395,6.673281,-20.59375,22.6875,-7.9296875,7.2265625,10.714455
2007-08-31,4.112315,6.6355586,-20.71875,22.75,-7.9453125,7.1328125,10.5703125
2007-09-01,4.044335,6.5955367,-20.8125,22.640625,-7.9453125,7.0546875,10.4375
2007-09-02,4.000881,6.5641203,-20.8125,22.59375,-7.9140625,6.984375,10.35508
2007-09-03,4.1105366,6.531382,-20.78125,22.53125,-7.7890625,7.03125,10.5390625
2007-09-04,3.9611385,6.4799037,-20.65625,22.53125,-7.8046875,6.845703,10.3046875
2007-09-05,4.002086,6.4334087,-20.40625,22.40625,-7.7109375,6.8789062,10.28125
2007-09-06,3.898221,6.3817344,-20.28125,22.375,-7.6953125,6.734375,10.1484375
2007-09-07,3.8410983,6.3285375,-20.25,22.328125,-7.6171875,6.6484375,10.026955
2007-09-08,3.9093032,6.2876472,-20.15625,22.21875,-7.5078125,6.6875,10.066017
2007-09-09,3.8950727,6.233135,-20.0625,22.21875,-7.4140625,6.6328125,10.015625
2007-09-10,3.7880425,6.170123,-20.1875,22.1875,-7.3984375,6.4902344,9.8515625
2007-09-11,3.8451731,6.123153,-19.875,22.171875,-7.2734375,6.4941406,9.875
2007-09-12,3.8791573,6.0976305,-19.75,22.15625,-7.2023435,6.4921875,9.9296875
2007-09-13,3.636131,6.024705,-19.9375,21.90625,-7.2648435,6.2421875,9.59375
2007-09-14,3.6497936,5.984563,-20.0,21.9375,-7.1796875,6.234375,9.546875
2007-09-15,3.6758037,5.9505877,-19.9375,21.84375,-7.1484375,6.2265625,9.54258
2007-09-16,3.5606601,5.9002004,-20.15625,21.84375,-7.1484375,6.0703125,9.4296875
2007-09-17,3.3566952,5.8083987,-19.9375,21.65625,-7.1328125,5.828125,9.1484375
2007-09-18,3.4196017,5.735929,-19.53125,21.546875,-6.9296875,5.8203125,9.1796875
2007-09-19,3.4113472,5.6789513,-19.375,21.53125,-6.8515625,5.7617188,9.159767
2007-09-20,3.4242933,5.6374683,-19.21875,21.53125,-6.7578125,5.7226562,9.144142
2007-09-21,3.3771849,5.5896583,-19.21875,21.375,-6.7421875,5.65625,9.0625
2007-09-22,3.3981583,5.540008,-19.15625,21.375,-6.6242185,5.6328125,9.0703125
2007-09-23,3.2841918,5.4862223,-19.1875,21.328125,-6.6171875,5.4726562,8.921875
2007-09-24,3.355483,5.4521036,-18.90625,21.203125,-6.5078125,5.5195312,8.984375
2007-09-25,3.3086853,5.405134,-18.9375,21.15625,-6.4367185,5.423828,8.956642
2007-09-26,3.2046943,5.3453836,-18.75,21.09375,-6.4140625,5.267578,8.734375
2007-09-27,3.0937603,5.269461,-18.46875,20.96875,-6.3984375,5.125,8.53125
2007-09-28,3.0284886,5.203681,-18.59375,20.875,-6.3203125,5.0117188,8.421875
2007-09-29,2.9753556,5.1369643,-18.375,20.71875,-6.2734375,4.9375,8.3515625
2007-09-30,2.9899852,5.095101,-18.59375,20.625,-6.171875,4.9160156,8.3203125
2007-10-01,2.8779647,5.065902,-18.8125,20.546875,-6.2265625,4.7734375,8.1796875
2007-10-02,2.784785,5.0216613,-18.625,20.375,-6.2421875,4.6210938,8.0546875
2007-10-03,2.656951,4.957082,-18.5,20.28125,-6.2222652,4.4960938,7.816017
2007-10-04,2.511803,4.884502,-18.4375,20.15625,-6.2265625,4.3085938,7.5703125
2007-10-05,2.3926306,4.790686,-18.34375,20.0625,-6.1328125,4.1367188,7.328125
2007-10-06,2.3908525,4.7339168,-18.15625,19.9375,-6.0390625,4.0878906,7.328125
2007-10-07,2.3067007,4.6804223,-18.21875,19.8125,-6.0,3.9707031,7.165821
2007-10-08,2.205732,4.6280856,-18.375,19.625,-5.96875,3.8457031,7.009571
2007-10-09,2.137942,4.574796,-18.3125,19.5,-5.9453125,3.7265625,6.921875
2007-10-10,2.1550045,4.5169787,-18.125,19.4375,-5.8203125,3.703125,6.8476562
2007-10-11,2.0662644,4.460871,-18.21875,19.25,-5.78125,3.5800781,6.7421875
2007-10-12,1.89568,4.394235,-18.34375,19.15625,-5.8046875,3.3515625,6.52129
2007-10-13,1.7669511,4.3229666,-17.90625,19.0,-5.796875,3.1914062,6.328125
2007-10-14,1.7173588,4.2587795,-17.84375,18.78125,-5.7109375,3.09375,6.2673836
2007-10-15,1.6647279,4.2049356,-17.8125,18.59375,-5.678906,3.015625,6.1853523
2007-10-16,1.5507939,4.1477623,-17.8125,18.5,-5.671875,2.8671875,6.0039062
2007-10-17,1.5238277,4.110105,-17.78125,18.34375,-5.6015625,2.8046875,5.968361
2007-10-18,1.3242753,4.034203,-17.75,18.21875,-5.6328125,2.5625,5.74004
2007-10-19,1.3278573,3.9923599,-17.75,18.015625,-5.5625,2.5273438,5.7109375
2007-10-20,1.4649773,3.9700131,-17.8125,17.8125,-5.3984375,2.6523438,5.859375
2007-10-21,1.3317446,3.9127984,-17.8125,17.609375,-5.421875,2.4882812,5.6697273
2007-10-22,1.1566504,3.8303475,-17.84375,17.453125,-5.3828125,2.28125,5.380665
2007-10-23,1.2343067,3.793161,-17.875,17.203125,-5.2578125,2.3085938,5.5
2007-10-24,1.2101864,3.7437685,-17.78125,17.0625,-5.1710935,2.2617188,5.4197273
2007-10-25,1.1527442,3.7117238,-17.71875,16.96875,-5.1554685,2.1875,5.328125
2007-10-26,0.9293996,3.660284,-17.75,16.828125,-5.234375,1.9140625,5.0625
2007-10-27,0.868606,3.6131086,-17.75,16.765625,-5.1796875,1.8320312,4.9236336
2007-10-28,0.80399567,3.5434737,-17.8125,16.53125,-5.09375,1.71875,4.8046875
2007-10-29,0.701301,3.4873269,-17.75,16.328125,-5.080859,1.578125,4.6207047
2007-10-30,0.5884091,3.449425,-17.71875,16.140625,-5.109375,1.453125,4.487892
2007-10-31,0.57992256,3.404685,-17.6875,16.015625,-5.046875,1.4140625,4.4570312
2007-11-01,0.5244563,3.3413746,-17.6875,15.921875,-4.9375,1.3125,4.3359375
2007-11-02,0.5664592,3.292479,-17.65625,15.921875,-4.796875,1.3359375,4.375
2007-11-03,0.5340948,3.2661812,-17.65625,15.859375,-4.78125,1.2734375,4.337696
2007-11-04,0.39277753,3.2297106,-17.625,15.796875,-4.8316402,1.078125,4.14629
2007-11-05,0.22483209,3.1852343,-17.59375,15.71875,-4.90625,0.90625,3.9431648
2007-11-06,0.18160863,3.1556134,-17.625,15.671875,-4.8671875,0.86328125,3.884571
2007-11-07,0.09903757,3.104573,-17.5,15.734375,-4.8125,0.7421875,3.7357445
2007-11-08,0.25296956,3.0802307,-17.5625,15.625,-4.6484375,0.859375,3.931446
2007-11-09,0.20641601,3.049068,-17.6875,15.6640625,-4.5625,0.796875,3.828125
2007-11-10,0.058696818,3.0237086,-17.65625,15.625,-4.6484375,0.62109375,3.634571
2007-11-11,-0.15399005,2.9703252,-17.5625,15.515625,-4.7578125,0.375,3.3572273
2007-11-12,-0.08948361,2.9355323,-17.625,15.3984375,-4.6242185,0.421875,3.4275398
2007-11-13,-0.22773533,2.8983996,-17.59375,15.4453125,-4.6640625,0.265625,3.2539062
2007-11-14,-0.37417862,2.8783085,-17.59375,15.46875,-4.78125,0.0703125,3.0660172
2007-11-15,-0.44910857,2.8447256,-17.53125,15.46875,-4.78125,0.0,2.9648438
2007-11-16,-0.5284017,2.7934668,-17.375,15.484375,-4.71875,-0.1328125,2.8025398
2007-11-17,-0.5225889,2.775001,-17.375,15.390625,-4.6875,-0.125,2.853321
2007-11-18,-0.5157944,2.7506952,-17.4375,15.28125,-4.6328125,-0.140625,2.8945312
2007-11-19,-0.65213287,2.711,-17.5625,15.28125,-4.694531,-0.3046875,2.65625
2007-11-20,-0.7394529,2.6855354,-17.5,15.2734375,-4.703125,-0.40625,2.5703125
2007-11-21,-0.7378816,2.653508,-17.34375,15.2578125,-4.6484375,-0.3984375,2.5078125
2007-11-22,-0.8242914,2.6280148,-17.28125,15.265625,-4.6675777,-0.52734375,2.421486
2007-11-23,-0.92488486,2.5973434,-17.25,15.1875,-4.7265625,-0.640625,2.234375
2007-11-24,-0.89595485,2.572439,-17.25,15.125,-4.6484375,-0.625,2.3046875
2007-11-25,-0.7140299,2.5658686,-17.25,15.0546875,-4.453125,-0.44140625,2.4726562
2007-11-26,-0.860891,2.5316114,-17.28125,15.109375,-4.5390625,-0.59375,2.2517586
2007-11-27,-0.8711309,2.5291905,-17.3125,15.171875,-4.5234375,-0.625,2.2539062
2007-11-28,-1.0515276,2.50334,-17.34375,15.1015625,-4.6640625,-0.8125,2.0625
2007-11-29,-1.0730455,2.4859457,-17.15625,15.015625,-4.671875,-0.828125,2.0703125
2007-11-30,-1.123567,2.4606075,-17.0625,14.96875,-4.6242185,-0.90625,2.0351562
2007-12-01,-0.9832776,2.4647663,-17.15625,15.0,-4.484375,-0.7890625,2.1601562
2007-12-02,-1.1611837,2.440726,-17.1875,14.984375,-4.6484375,-0.9609375,1.9335938
2007-12-03,-1.0902635,2.4303148,-17.28125,14.921875,-4.5546875,-0.90625,1.953125
2007-12-04,-1.1582462,2.4027069,-17.15625,14.953125,-4.5625,-0.9765625,1.8476562
2007-12-05,-1.1320603,2.3982422,-17.0,14.9375,-4.5546875,-0.94140625,1.8984375
2007-12-06,-1.2235823,2.3905582,-16.90625,14.96875,-4.59375,-1.046875,1.765625
2007-12-07,-1.3542868,2.3697748,-16.96875,14.84375,-4.703125,-1.203125,1.6597672
2007-12-08,-1.1108456,2.3737483,-17.0625,14.984375,-4.4488277,-0.953125,1.8628922
2007-12-09,-1.2052854,2.375215,-17.21875,15.015625,-4.5390625,-1.0546875,1.8046875
2007-12-10,-1.3303088,2.3763735,-17.15625,14.9765625,-4.6640625,-1.1875,1.6875
2007-12-11,-1.436326,2.354833,-17.0625,14.9375,-4.71875,-1.3046875,1.5078125
2007-12-12,-1.4594883,2.343812,-17.03125,14.828125,-4.7421875,-1.3359375,1.5113297
2007-12-13,-1.599594,2.329572,-16.9375,14.890625,-4.828125,-1.5,1.3828125
2007-12-14,-1.5820419,2.333851,-16.9375,14.875,-4.828125,-1.5,1.375
2007-12-15,-1.5458684,2.325546,-16.90625,14.8359375,-4.7734375,-1.4609375,1.4453125
2007-12-16,-1.3813877,2.3235385,-16.9375,14.84375,-4.6484375,-1.2851562,1.5625
2007-12-17,-1.4245709,2.3401303,-16.96875,14.90625,-4.703125,-1.328125,1.5347672
2007-12-18,-1.4598469,2.3203256,-16.6875,14.90625,-4.6875,-1.3671875,1.4722672
2007-12-19,-1.433989,2.3494735,-16.90625,14.875,-4.7421875,-1.34375,1.5503922
2007-12-20,-1.4740553,2.3391743,-16.78125,14.8671875,-4.7578125,-1.3984375,1.5078125
2007-12-21,-1.5825604,2.3485136,-16.84375,14.8125,-4.8671875,-1.5,1.3785172
2007-12-22,-1.579904,2.3416796,-16.90625,14.8203125,-4.828125,-1.5078125,1.390625
2007-12-23,-1.6196066,2.355551,-17.03125,14.6796875,-4.921875,-1.5390625,1.3628922
2007-12-24,-1.6949255,2.3754992,-16.96875,14.671875,-5.0503902,-1.6171875,1.3316422
2007-12-25,-1.771985,2.3977425,-16.8125,14.765625,-5.1484375,-1.7109375,1.3125
2007-12-26,-1.9107991,2.3912644,-16.78125,14.7109375,-5.328125,-1.8515625,1.1832047
2007-12-27,-1.9117926,2.411048,-16.78125,14.6875,-5.3828125,-1.84375,1.2421875
2007-12-28,-1.9261817,2.4139652,-16.875,14.7109375,-5.359375,-1.875,1.1796875
2007-12-29,-1.9905527,2.4269059,-16.6875,14.6875,-5.53125,-1.9414062,1.1875
2007-12-30,-1.9029783,2.452993,-16.40625,14.75,-5.4921875,-1.84375,1.2847672
2007-12-31,-1.9106574,2.4719799,-16.40625,14.765625,-5.5078125,-1.8398438,1.2421875
2008-01-01,-1.9014078,2.4784713,-16.3125,14.671875,-5.4765625,-1.8398438,1.2421875
2008-01-02,-1.9786423,2.4971333,-16.28125,14.6328125,-5.6171875,-1.9140625,1.2066422
2008-01-03,-1.9039967,2.5179744,-16.40625,14.71875,-5.569531,-1.859375,1.359375
2008-01-04,-2.0427287,2.5348444,-16.3125,14.6875,-5.757031,-1.9921875,1.21875
2008-01-05,-2.0763824,2.5572853,-16.375,14.640625,-5.875,-2.0234375,1.1988297
2008-01-06,-2.001455,2.5776274,-16.40625,14.59375,-5.8515625,-1.9453125,1.3628922
2008-01-07,-1.9980394,2.6192584,-16.28125,14.734375,-5.9140625,-1.9375,1.4488297
2008-01-08,-2.1605797,2.6394265,-16.3125,14.640625,-6.09375,-2.1171875,1.234375
2008-01-09,-2.0242991,2.682633,-16.40625,14.65625,-6.0625,-1.9609375,1.4644547
2008-01-10,-2.023058,2.7197075,-16.34375,14.71875,-6.1328125,-1.9453125,1.5234375
2008-01-11,-2.2149713,2.7548454,-16.34375,14.6875,-6.3828125,-2.1484375,1.4175797
2008-01-12,-2.2533605,2.7863991,-16.4375,14.7265625,-6.4609375,-2.1875,1.3941422
2008-01-13,-2.3866014,2.7935426,-16.4375,14.578125,-6.5859375,-2.3359375,1.296875
2008-01-14,-2.2584605,2.7690132,-16.0625,14.6640625,-6.3742185,-2.234375,1.4375
2008-01-15,-2.1167803,2.8136265,-15.9140625,14.6328125,-6.2734375,-2.109375,1.7578125
2008-01-16,-2.3001292,2.8467143,-16.15625,14.609375,-6.5234375,-2.3085938,1.65625
2008-01-17,-2.3798811,2.876528,-16.3125,14.4453125,-6.6953125,-2.3828125,1.5625
2008-01-18,-2.393231,2.9447353,-16.5,14.53125,-6.8742185,-2.3515625,1.5625
2008-01-19,-2.4316134,2.980809,-16.46875,14.546875,-6.9453125,-2.4140625,1.6171875
2008-01-20,-2.4701357,3.011681,-16.6875,14.53125,-7.0304685,-2.4609375,1.7109375
2008-01-21,-2.4964168,3.070588,-16.71875,14.484375,-7.2335935,-2.4609375,1.6910172
2008-01-22,-2.6728852,3.1100745,-16.6875,14.5,-7.5078125,-2.6328125,1.53125
2008-01-23,-2.7788124,3.1448767,-16.59375,14.59375,-7.6484375,-2.7460938,1.4722672
2008-01-24,-2.835227,3.196547,-16.59375,14.4765625,-7.8359375,-2.7890625,1.4296875
2008-01-25,-2.901153,3.2698042,-16.96875,14.609375,-8.0234375,-2.8554688,1.5035172
2008-01-26,-3.0252895,3.333027,-17.09375,14.546875,-8.3046875,-2.96875,1.4453125
2008-01-27,-3.1749852,3.3832605,-17.28125,14.5625,-8.499218,-3.1171875,1.3863297
2008-01-28,-3.3076973,3.4351463,-17.3125,14.578125,-8.7265625,-3.28125,1.3359375
2008-01-29,-3.4068596,3.489345,-17.125,14.671875,-8.9140625,-3.34375,1.265625
2008-01-30,-3.4647777,3.514456,-17.09375,14.515625,-8.9609375,-3.4296875,1.328125
2008-01-31,-3.5817513,3.5530257,-17.125,14.5703125,-9.1171875,-3.5507812,1.328125
2008-02-01,-3.6746686,3.5831833,-17.09375,14.546875,-9.2265625,-3.6640625,1.28125
2008-02-02,-3.4761882,3.6299253,-16.8125,14.578125,-9.108593,-3.484375,1.5859375
2008-02-03,-3.5809505,3.7251399,-16.90625,14.640625,-9.3515625,-3.59375,1.6171875
2008-02-04,-3.6845684,3.7955337,-17.125,14.7421875,-9.5390625,-3.6757812,1.609375
2008-02-05,-3.7524965,3.8516965,-16.84375,14.640625,-9.6953125,-3.765625,1.5660172
2008-02-06,-3.7968588,3.891745,-16.71875,14.671875,-9.7578125,-3.8359375,1.6640625
2008-02-07,-3.877712,3.93702,-16.84375,14.59375,-9.905468,-3.9296875,1.6953125
2008-02-08,-3.9607835,4.0148287,-16.9375,14.6015625,-10.1640625,-4.0039062,1.7492218
2008-02-09,-4.0586867,4.0877733,-17.03125,14.5703125,-10.3828125,-4.078125,1.6050797
2008-02-10,-4.1096106,4.1232615,-16.90625,14.65625,-10.421093,-4.1484375,1.5894547
2008-02-11,-4.0893164,4.1723766,-16.96875,14.6328125,-10.4140625,-4.1953125,1.8082047
2008-02-12,-4.155459,4.2499204,-16.96875,14.6484375,-10.6015625,-4.2578125,1.8277359
2008-02-13,-4.2866654,4.2906075,-16.9375,14.6171875,-10.7734375,-4.3984375,1.7695312
2008-02-14,-4.3423257,4.3339043,-16.875,14.609375,-10.9140625,-4.46875,1.7066422
2008-02-15,-4.363098,4.3813276,-17.0625,14.640625,-10.9453125,-4.5234375,1.8046875
2008-02-16,-4.267047,4.4397864,-16.84375,14.671875,-10.9296875,-4.4453125,1.9960938
2008-02-17,-4.1711316,4.550565,-16.8125,14.84375,-11.0078125,-4.359375,2.1601562
2008-02-18,-4.344498,4.600568,-16.8125,14.71875,-11.1796875,-4.5234375,2.0703125
2008-02-19,-4.3318005,4.6316047,-16.78125,14.7109375,-11.2265625,-4.5,2.1171875
2008-02-20,-4.312447,4.7025304,-16.78125,14.796875,-11.3046875,-4.5,2.1753922
2008-02-21,-4.407197,4.7245784,-16.78125,14.734375,-11.3515625,-4.6171875,2.1953125
2008-02-22,-4.426681,4.7433434,-16.625,14.78125,-11.3671875,-4.6132812,2.1328125
2008-02-23,-4.352282,4.7757916,-16.65625,14.734375,-11.3046875,-4.59375,2.3472672
2008-02-24,-4.3260956,4.8215857,-16.625,14.796875,-11.2890625,-4.578125,2.4353523
2008-02-25,-4.2518516,4.878677,-16.65625,14.765625,-11.2890625,-4.5546875,2.5742188
2008-02-26,-4.3517447,4.9043903,-16.75,14.8359375,-11.3984375,-4.6171875,2.4726562
2008-02-27,-4.3530617,4.9432454,-16.78125,14.765625,-11.4609375,-4.609375,2.4921875
2008-02-28,-4.328227,4.9770517,-16.59375,14.78125,-11.452343,-4.6171875,2.5976562
2008-02-29,-4.2625837,5.0316367,-16.65625,14.796875,-11.4140625,-4.5234375,2.7070312
2008-03-01,-4.309498,5.0730214,-16.71875,14.8671875,-11.483593,-4.578125,2.6992188
2008-03-02,-4.2621503,5.126167,-16.75,14.859375,-11.5546875,-4.5390625,2.7460938
2008-03-03,-4.2546678,5.1465826,-16.78125,14.875,-11.5234375,-4.5390625,2.7851562
2008-03-04,-4.1550603,5.150817,-16.71875,14.8125,-11.374218,-4.421875,2.7851562
2008-03-05,-4.1080995,5.1495056,-16.71875,14.84375,-11.2734375,-4.3945312,2.8945312
2008-03-06,-3.920975,5.1956363,-16.8125,14.875,-11.1484375,-4.234375,3.1601562
2008-03-07,-3.8251243,5.226595,-16.71875,14.875,-11.1171875,-4.0976562,3.2244148
2008-03-08,-3.7119768,5.2714195,-16.875,15.03125,-11.0390625,-3.984375,3.4101562
2008-03-09,-3.6613157,5.2723403,-16.71875,15.078125,-10.9765625,-3.921875,3.3962898
2008-03-10,-3.5518198,5.2655435,-16.625,15.109375,-10.8203125,-3.8125,3.515236
2008-03-11,-3.4573662,5.2847633,-16.75,15.125,-10.7265625,-3.703125,3.6267586
2008-03-12,-3.4665287,5.3182154,-16.84375,15.15625,-10.8046875,-3.71875,3.6132812
2008-03-13,-3.4312193,5.4002385,-16.9375,15.2265625,-10.8359375,-3.6679688,3.78125
2008-03-14,-3.4485083,5.462086,-17.0,15.2890625,-10.9296875,-3.6484375,3.7890625
2008-03-15,-3.345229,5.4865065,-17.0,15.25,-10.8828125,-3.515625,3.8945312
2008-03-16,-3.3993232,5.480983,-17.03125,15.3125,-10.9140625,-3.5273438,3.8103523
2008-03-17,-3.3128119,5.5250263,-17.0,15.4375,-10.8828125,-3.4179688,3.9414062
2008-03-18,-3.3400881,5.533741,-17.0,15.5078125,-10.9453125,-3.4101562,3.8398438
2008-03-19,-3.2847135,5.560055,-17.0625,15.46875,-10.9765625,-3.296875,3.900196
2008-03-20,-2.9876108,5.617938,-16.9375,15.46875,-10.6953125,-2.9726562,4.2851562
2008-03-21,-2.9625351,5.6319366,-16.96875,15.6171875,-10.7109375,-2.8984375,4.2578125
2008-03-22,-2.9280486,5.668178,-17.03125,15.6484375,-10.7109375,-2.8320312,4.306446
2008-03-23,-2.7898262,5.7220364,-17.125,15.8046875,-10.624218,-2.6835938,4.5039062
2008-03-24,-2.6567953,5.7368016,-17.0625,15.765625,-10.514843,-2.515625,4.61504
2008-03-25,-2.5490801,5.75944,-17.0,15.7890625,-10.4765625,-2.3515625,4.7226562
2008-03-26,-2.5062969,5.817759,-17.125,15.875,-10.5234375,-2.2421875,4.790821
2008-03-27,-2.5332255,5.840256,-17.125,15.984375,-10.6015625,-2.2148438,4.734375
2008-03-28,-2.4791005,5.8578978,-17.21875,15.984375,-10.5546875,-2.171875,4.80254
2008-03-29,-2.345409,5.8582745,-17.1875,16.0,-10.421093,-1.984375,4.9296875
2008-03-30,-2.095638,5.8859134,-17.0,16.0625,-10.2578125,-1.6875,5.1796875
2008-03-31,-2.0041318,5.9033985,-17.09375,16.09375,-10.1953125,-1.53125,5.255665
2008-04-01,-1.8811647,5.9293847,-17.125,16.203125,-10.1171875,-1.4023438,5.3863297
2008-04-02,-1.8308367,5.961888,-17.15625,16.25,-10.1171875,-1.265625,5.4453125
2008-04-03,-1.8308513,5.9734545,-17.1875,16.40625,-10.1796875,-1.1875,5.400196
2008-04-04,-1.7482352,6.0012627,-17.25,16.46875,-10.1328125,-1.0078125,5.484375
2008-04-05,-1.537325,6.0724926,-17.3125,16.578125,-10.0546875,-0.75,5.75
2008-04-06,-1.5064106,6.105437,-17.4375,16.5625,-10.0859375,-0.6171875,5.7830086
2008-04-07,-1.4219488,6.117564,-17.40625,16.71875,-10.0234375,-0.421875,5.828125
2008-04-08,-1.3842037,6.0955114,-17.40625,16.6875,-9.9921875,-0.3515625,5.800392
2008-04-09,-1.3576094,6.079833,-17.34375,16.71875,-9.9453125,-0.26171875,5.8082047
2008-04-10,-1.1598,6.0967875,-17.28125,16.859375,-9.7578125,0.0078125,5.984375
2008-04-11,-0.99377257,6.1304116,-17.25,16.9375,-9.7265625,0.23828125,6.161915
2008-04-12,-0.8733802,6.1617365,-17.15625,17.046875,-9.6484375,0.4609375,6.3398438
2008-04-13,-0.8117825,6.174464,-17.1875,17.234375,-9.6328125,0.6015625,6.3789062
2008-04-14,-0.5609789,6.2143326,-17.125,17.25,-9.4765625,0.921875,6.6384773
2008-04-15,-0.40385103,6.249311,-17.1875,17.40625,-9.4296875,1.2148438,6.7578125
2008-04-16,-0.3543982,6.2659864,-17.21875,17.53125,-9.4296875,1.390625,6.8203125
2008-04-17,-0.34690714,6.275658,-17.28125,17.59375,-9.4609375,1.46875,6.7734375
2008-04-18,-0.22763857,6.3115883,-17.3125,17.71875,-9.4296875,1.6914062,6.89629
2008-04-19,-0.053326316,6.3291755,-17.3125,17.78125,-9.3203125,1.953125,7.0234375
2008-04-20,0.051078603,6.339863,-17.375,17.984375,-9.2734375,2.15625,7.1328125
2008-04-21,0.19382574,6.357659,-17.40625,18.125,-9.2109375,2.3359375,7.265625
2008-04-22,0.38171273,6.3702784,-17.375,18.0625,-9.077343,2.5898438,7.447071
2008-04-23,0.30794573,6.3462906,-17.40625,18.21875,-9.1484375,2.5449219,7.3046875
2008-04-24,0.3409751,6.375979,-17.53125,18.375,-9.1953125,2.6601562,7.3125
2008-04-25,0.5153928,6.413042,-17.5,18.5,-9.108593,2.8945312,7.453125
2008-04-26,0.5467068,6.434542,-17.59375,18.65625,-9.1484375,3.0234375,7.4861336
2008-04-27,0.7312218,6.458353,-17.59375,18.8125,-9.0859375,3.2539062,7.640625
2008-04-28,0.87969166,6.4803014,-17.65625,18.84375,-8.9921875,3.4960938,7.7773438
2008-04-29,0.9765704,6.490514,-17.65625,19.0,-8.9609375,3.6171875,7.880665
2008-04-30,1.0837636,6.5124965,-17.71875,19.09375,-8.9453125,3.8046875,7.96875
2008-05-01,1.1515338,6.526712,-17.65625,19.296875,-8.9765625,3.8945312,8.007034
2008-05-02,1.1986549,6.5147696,-17.59375,19.53125,-8.9296875,4.0,8.0
2008-05-03,1.3012686,6.525015,-17.59375,19.71875,-8.8671875,4.1328125,8.0546875
2008-05-04,1.4058619,6.559128,-17.6875,19.9375,-8.8828125,4.2929688,8.203125
2008-05-05,1.3954995,6.5705733,-17.6875,20.125,-8.9453125,4.3164062,8.140625
2008-05-06,1.4480656,6.5688577,-17.5625,20.1875,-8.9609375,4.3710938,8.140625
2008-05-07,1.6506824,6.5787134,-17.5,20.46875,-8.7734375,4.6132812,8.28125
2008-05-08,1.8232864,6.6040506,-17.46875,20.65625,-8.7265625,4.8007812,8.4609375
2008-05-09,1.8014802,6.609989,-17.4375,20.8125,-8.7890625,4.7890625,8.425392
2008-05-10,1.8543824,6.619076,-17.5,21.0625,-8.8046875,4.8398438,8.4296875
2008-05-11,2.0125358,6.6402636,-17.5,21.21875,-8.702343,5.03125,8.6171875
2008-05-12,2.108259,6.66101,-17.5,21.4375,-8.7109375,5.111328,8.703125
2008-05-13,2.1831179,6.6618075,-17.5,21.578125,-8.6640625,5.1914062,8.75
2008-05-14,2.2549176,6.670651,-17.5625,21.65625,-8.686718,5.25,8.816017
2008-05-15,2.341539,6.6754236,-17.53125,21.90625,-8.6484375,5.2890625,8.859375
2008-05-16,2.4169922,6.685174,-17.65625,22.09375,-8.6171875,5.3710938,8.9921875
2008-05-17,2.4731913,6.6936703,-17.65625,22.265625,-8.608593,5.4472656,9.01133
2008-05-18,2.554402,6.7110596,-17.65625,22.375,-8.6640625,5.515625,9.1171875
2008-05-19,2.6820178,6.7315993,-17.6875,22.53125,-8.6484375,5.6328125,9.2734375
2008-05-20,2.6795418,6.7423553,-17.84375,22.609375,-8.717968,5.6210938,9.2265625
2008-05-21,2.8131993,6.7583075,-17.90625,22.6875,-8.6640625,5.7851562,9.3203125
2008-05-22,2.9061213,6.780104,-17.96875,22.84375,-8.6328125,5.8554688,9.4140625
2008-05-23,3.0747566,6.8072796,-18.03125,23.0,-8.5859375,6.017578,9.59375
2008-05-24,3.1985533,6.836424,-17.96875,23.03125,-8.5703125,6.140625,9.7265625
2008-05-25,3.3255239,6.8651667,-18.09375,23.125,-8.561718,6.2734375,9.901955
2008-05-26,3.2727132,6.8715067,-18.03125,23.28125,-8.671093,6.1953125,9.8359375
2008-05-27,3.274926,6.869245,-18.03125,23.28125,-8.7421875,6.1816406,9.808205
2008-05-28,3.3644643,6.8835416,-18.15625,23.390625,-8.7421875,6.265625,9.909767
2008-05-29,3.5625703,6.910489,-18.21875,23.453125,-8.6640625,6.4609375,10.15625
2008-05-30,3.654517,6.935075,-18.21875,23.578125,-8.624218,6.564453,10.2109375
2008-05-31,3.7068212,6.954207,-18.21875,23.625,-8.6796875,6.591797,10.2890625
2008-06-01,3.843042,6.9782147,-18.34375,23.75,-8.6171875,6.75,10.4375
2008-06-02,3.7684584,6.990494,-18.375,23.75,-8.7734375,6.6796875,10.308205
2008-06-03,3.8842137,7.0030684,-18.4375,23.75,-8.7578125,6.765625,10.484375
2008-06-04,3.966785,7.0226736,-18.40625,23.71875,-8.7265625,6.873047,10.566017
2008-06-05,4.109355,7.0499763,-18.53125,23.75,-8.6953125,7.0234375,10.734375
2008-06-06,4.1373553,7.0824976,-18.4375,23.796875,-8.7734375,7.0820312,10.75
2008-06-07,4.125645,7.0996633,-18.46875,23.875,-8.8671875,7.0625,10.769142
2008-06-08,4.1658044,7.1036267,-18.5,23.859375,-8.8671875,7.1171875,10.7734375
2008-06-09,4.343048,7.1191764,-18.65625,23.875,-8.7265625,7.3085938,11.0
2008-06-10,4.2386355,7.1335874,-18.65625,23.90625,-8.8984375,7.2109375,10.894142
2008-06-11,4.3469977,7.1417074,-18.78125,23.84375,-8.827343,7.328125,11.0
2008-06-12,4.4615083,7.168863,-18.875,23.78125,-8.7890625,7.4453125,11.171875
2008-06-13,4.4617476,7.181017,-18.96875,23.71875,-8.8671875,7.4609375,11.171875
2008-06-14,4.5737276,7.2014246,-19.15625,23.90625,-8.8359375,7.5703125,11.3125
2008-06-15,4.544162,7.2151566,-19.21875,23.84375,-8.8828125,7.5703125,11.28125
2008-06-16,4.618993,7.218325,-19.3125,23.8125,-8.796093,7.6640625,11.35508
2008-06-17,4.6842537,7.232455,-19.46875,23.703125,-8.7734375,7.7460938,11.4453125
2008-06-18,4.8113723,7.262516,-19.5625,23.71875,-8.7421875,7.8710938,11.625
2008-06-19,4.8783793,7.2978845,-19.65625,23.8125,-8.7890625,7.9472656,11.7421875
2008-06-20,4.9334235,7.3190823,-19.75,23.9375,-8.7578125,8.0234375,11.8359375
2008-06-21,4.811932,7.3318386,-19.84375,24.03125,-8.8828125,7.890625,11.7265625
2008-06-22,4.8249106,7.3309236,-19.96875,24.078125,-8.8671875,7.890625,11.745705
2008-06-23,4.910625,7.3427863,-20.09375,24.0625,-8.8203125,7.982422,11.828125
2008-06-24,4.925527,7.361552,-20.15625,23.984375,-8.8515625,8.015625,11.84375
2008-06-25,4.9935308,7.381294,-20.34375,24.15625,-8.834374,8.1015625,11.9453125
2008-06-26,4.9517584,7.3972163,-20.3125,24.296875,-8.874218,8.0859375,11.921875
2008-06-27,4.790894,7.3852906,-20.4375,24.1875,-8.9765625,7.9414062,11.796875
2008-06-28,4.93547,7.3869157,-20.4375,24.15625,-8.8515625,8.0859375,11.921875
2008-06-29,4.9877324,7.4093246,-20.53125,24.125,-8.8046875,8.1484375,11.987892
2008-06-30,4.960715,7.415329,-20.4375,24.15625,-8.827343,8.125,11.9921875
2008-07-01,5.014912,7.4169426,-20.46875,24.1875,-8.7421875,8.2109375,12.04258
2008-07-02,5.0147805,7.4161935,-20.46875,24.25,-8.7421875,8.207031,11.991409
2008-07-03,4.879383,7.4093995,-20.5625,24.15625,-8.8046875,8.0703125,11.875
2008-07-04,4.9824643,7.412169,-20.53125,24.078125,-8.6953125,8.1875,12.015625
2008-07-05,4.9576755,7.429158,-20.59375,24.09375,-8.717968,8.1796875,12.01133
2008-07-06,4.899066,7.425376,-20.625,24.0625,-8.749218,8.1015625,11.9453125
2008-07-07,4.9949894,7.4324784,-20.625,24.0625,-8.6953125,8.21875,12.046875
2008-07-08,5.0762615,7.4570146,-20.59375,24.125,-8.639843,8.316406,12.171875
2008-07-09,5.016678,7.4764028,-20.6875,24.15625,-8.702343,8.28125,12.15625
2008-07-10,5.03577,7.4765067,-20.65625,24.1875,-8.7265625,8.296875,12.183205
2008-07-11,5.037825,7.4817595,-20.625,24.1875,-8.6953125,8.316406,12.175392
2008-07-12,4.96231,7.4806437,-20.71875,24.125,-8.7734375,8.25,12.140625
2008-07-13,4.9479394,7.47079,-20.75,24.09375,-8.7578125,8.2265625,12.125
2008-07-14,4.842266,7.4621186,-20.96875,24.125,-8.8359375,8.125,12.01133
2008-07-15,4.9813004,7.468192,-21.09375,24.125,-8.7265625,8.28125,12.112892
2008-07-16,4.93796,7.497446,-21.125,24.203125,-8.8203125,8.2578125,12.140625
2008-07-17,4.832129,7.481155,-21.0,24.234375,-8.858593,8.1484375,11.984375
2008-07-18,4.8986483,7.4751897,-21.09375,24.21875,-8.7734375,8.2421875,12.066017
2008-07-19,4.9344516,7.497792,-21.15625,24.1875,-8.8046875,8.296875,12.140625
2008-07-20,4.8820634,7.5042224,-21.0625,24.1875,-8.8671875,8.25,12.069534
2008-07-21,4.8497324,7.4914513,-21.0625,24.1875,-8.8984375,8.2265625,12.0078125
2008-07-22,4.824524,7.4813147,-21.03125,24.109375,-8.8671875,8.203125,11.9375
2008-07-23,4.8281984,7.469385,-20.8125,24.078125,-8.8515625,8.21875,11.953125
2008-07-24,4.824422,7.460793,-20.8125,24.0625,-8.8046875,8.1953125,11.933205
2008-07-25,4.7652974,7.4522185,-20.84375,24.09375,-8.8515625,8.15625,11.839455
2008-07-26,4.8803296,7.459018,-21.03125,24.125,-8.7734375,8.2734375,11.964455
2008-07-27,4.856006,7.471551,-20.90625,24.125,-8.7734375,8.2578125,11.96875
2008-07-28,4.879612,7.465973,-20.875,24.078125,-8.7578125,8.265625,12.0
2008-07-29,4.963395,7.4751763,-20.875,24.0625,-8.733593,8.3515625,12.125
2008-07-30,4.8178606,7.4649315,-20.75,23.96875,-8.8515625,8.1953125,12.015625
2008-07-31,4.6913447,7.4246225,-20.59375,23.96875,-8.8828125,8.058594,11.808205
2008-08-01,4.727577,7.4051957,-20.5,23.9375,-8.8203125,8.078125,11.828125
2008-08-02,4.689734,7.396929,-20.4375,23.9375,-8.811718,8.0390625,11.734375
2008-08-03,4.6579103,7.375847,-20.46875,23.96875,-8.827343,8.015625,11.65625
2008-08-04,4.60422,7.3511677,-20.375,23.90625,-8.8046875,7.9570312,11.5703125
2008-08-05,4.6119714,7.3230414,-20.15625,23.890625,-8.7578125,7.9335938,11.578125
2008-08-06,4.627591,7.300915,-19.84375,23.84375,-8.6796875,7.9316406,11.589455
2008-08-07,4.625435,7.287351,-20.0625,23.796875,-8.6640625,7.9453125,11.5625
2008-08-08,4.5521603,7.283796,-20.15625,23.71875,-8.7421875,7.873047,11.5078125
2008-08-09,4.598988,7.276859,-20.09375,23.796875,-8.7109375,7.9140625,11.515625
2008-08-10,4.459296,7.2575507,-20.03125,23.8125,-8.827343,7.7753906,11.3515625
2008-08-11,4.5216465,7.2302876,-20.0,23.75,-8.671093,7.8203125,11.394142
2008-08-12,4.4307323,7.2083707,-20.03125,23.71875,-8.7578125,7.7089844,11.2890625
2008-08-13,4.5014505,7.175217,-19.90625,23.71875,-8.6171875,7.7734375,11.347267
2008-08-14,4.5743995,7.1689396,-19.90625,23.71875,-8.5546875,7.8378906,11.425392
2008-08-15,4.4325304,7.1452413,-19.90625,23.6875,-8.6015625,7.6777344,11.26133
2008-08-16,4.2613797,7.0901647,-19.9375,23.671875,-8.6640625,7.4785156,11.066017
2008-08-17,4.2854676,7.0473614,-19.90625,23.5625,-8.5859375,7.5078125,11.0234375
2008-08-18,4.493041,7.035023,-19.71875,23.578125,-8.3515625,7.7265625,11.1953125
2008-08-19,4.388718,7.008127,-19.65625,23.5625,-8.3515625,7.595703,11.125
2008-08-20,4.3133383,6.954793,-19.5625,23.53125,-8.3515625,7.484375,10.9921875
2008-08-21,4.4000278,6.925541,-19.5625,23.40625,-8.233593,7.546875,11.058205
2008-08-22,4.3623204,6.919837,-19.71875,23.46875,-8.2265625,7.486328,11.046875
2008-08-23,4.1912875,6.8690243,-19.46875,23.34375,-8.2890625,7.314453,10.8359375
2008-08-24,4.1753087,6.8285704,-19.53125,23.28125,-8.2421875,7.265625,10.7578125
2008-08-25,4.3641987,6.818417,-19.65625,23.28125,-8.0703125,7.455078,10.933205
2008-08-26,4.3342266,6.806373,-19.65625,23.21875,-8.0703125,7.4140625,10.953125
2008-08-27,4.153928,6.7532887,-19.5,23.109375,-8.1484375,7.2070312,10.7265625
2008-08-28,4.2103004,6.7034426,-19.25,23.0625,-7.9765625,7.2109375,10.776955
2008-08-29,4.270293,6.657062,-19.15625,22.984375,-7.8359375,7.2617188,10.796875
2008-08-30,4.1805577,6.6182075,-19.28125,22.875,-7.8671875,7.15625,10.683205
2008-08-31,4.1108756,6.5785294,-19.1875,22.78125,-7.8203125,7.0722656,10.558205
2008-09-01,4.0657005,6.54525,-19.25,22.75,-7.8203125,7.0058594,10.48008
2008-09-02,4.1726575,6.5103836,-19.25,22.71875,-7.7109375,7.060547,10.63633
2008-09-03,4.0212145,6.459382,-19.15625,22.625,-7.7109375,6.8828125,10.4375
2008-09-04,4.060433,6.415336,-19.1875,22.625,-7.6085935,6.90625,10.389847
2008-09-05,3.9552858,6.3631916,-19.15625,22.53125,-7.6171875,6.75,10.29258
2008-09-06,3.8942919,6.3066864,-19.1875,22.40625,-7.5703125,6.671875,10.1640625
2008-09-07,3.9581637,6.26524,-19.15625,22.375,-7.4523435,6.7148438,10.203125
2008-09-08,3.9405682,6.209424,-19.0625,22.28125,-7.3359375,6.65625,10.15625
2008-09-09,3.8303037,6.145891,-19.0625,22.15625,-7.3046875,6.5039062,10.015625
2008-09-10,3.8841898,6.0986986,-18.9375,22.09375,-7.1867185,6.515625,10.046875
2008-09-11,3.9158208,6.0710006,-19.0,21.9375,-7.1085935,6.515625,10.09375
2008-09-12,3.6694686,5.9997063,-19.09375,21.875,-7.1640625,6.2578125,9.75
2008-09-13,3.6804192,5.9617586,-19.21875,21.78125,-7.1085935,6.2460938,9.714455
2008-09-14,3.7041419,5.926834,-19.1875,21.625,-7.0390625,6.25,9.7421875
2008-09-15,3.586618,5.874955,-19.21875,21.515625,-7.0234375,6.09375,9.589455
2008-09-16,3.3792136,5.78213,-19.125,21.3125,-7.0078125,5.828125,9.25
2008-09-17,3.438077,5.7107825,-19.09375,21.15625,-6.8273435,5.8203125,9.296875
2008-09-18,3.4273763,5.651965,-18.78125,21.03125,-6.7179685,5.78125,9.2265625
2008-09-19,3.437089,5.611534,-18.65625,20.875,-6.6484375,5.7441406,9.269142
2008-09-20,3.3881857,5.562729,-18.59375,20.75,-6.6015625,5.6484375,9.128517
2008-09-21,3.4049184,5.5099835,-18.53125,20.59375,-6.4921875,5.638672,9.140625
2008-09-22,3.2875347,5.4572415,-18.5,20.46875,-6.5234375,5.4882812,8.984375
2008-09-23,3.356562,5.4237328,-18.59375,20.34375,-6.3828125,5.5410156,9.019142
2008-09-24,3.3071208,5.376382,-18.46875,20.15625,-6.3429685,5.4296875,8.995705
2008-09-25,3.2005713,5.3204613,-18.4375,20.0,-6.3359375,5.2890625,8.800392
2008-09-26,3.0892818,5.24784,-18.40625,19.765625,-6.3046875,5.1464844,8.640625
2008-09-27,3.0219405,5.1833353,-18.34375,19.59375,-6.2265625,5.03125,8.5078125
2008-09-28,2.967244,5.1178584,-18.40625,19.4375,-6.171875,4.9492188,8.3828125
2008-09-29,2.9815056,5.0757446,-18.53125,19.40625,-6.109375,4.9257812,8.3515625
2008-09-30,2.8683898,5.048495,-18.34375,19.28125,-6.1640625,4.8007812,8.237892
2008-10-01,2.774159,5.006034,-18.59375,19.03125,-6.1875,4.6601562,8.112892
2008-10-02,2.6459765,4.9418283,-18.53125,18.96875,-6.171875,4.4960938,7.862892
2008-10-03,2.5000637,4.869969,-18.53125,18.78125,-6.171875,4.3027344,7.634571
2008-10-04,2.3798845,4.77297,-18.28125,18.59375,-6.0625,4.1328125,7.3959007
2008-10-05,2.376713,4.716194,-18.21875,18.46875,-5.96875,4.078125,7.368946
2008-10-06,2.2914205,4.660291,-18.21875,18.21875,-5.9453125,3.9492188,7.212696
2008-10-07,2.1881464,4.6049,-18.28125,17.84375,-5.9523435,3.8203125,7.025196
2008-10-08,2.1187303,4.553646,-18.4375,17.5625,-5.9140625,3.7226562,6.9509773
2008-10-09,2.1354935,4.4954033,-18.3125,17.546875,-5.796875,3.6796875,6.9080086
2008-10-10,2.0453618,4.4373794,-18.28125,17.3125,-5.765625,3.5683594,6.7769547
2008-10-11,1.8745261,4.371529,-18.34375,17.203125,-5.78125,3.3457031,6.597267
2008-10-12,1.7458016,4.2980194,-18.34375,17.046875,-5.75,3.1796875,6.3728523
2008-10-13,1.6957884,4.2350125,-18.3125,16.734375,-5.6875,3.078125,6.316017
2008-10-14,1.643608,4.182479,-18.03125,16.5625,-5.6328125,3.015625,6.1953125
2008-10-15,1.5299627,4.120618,-18.0625,16.4375,-5.6242185,2.859375,6.0173836
2008-10-16,1.5016207,4.080691,-18.0625,16.34375,-5.5625,2.8046875,5.9644547
2008-10-17,1.3012199,4.005843,-17.90625,16.3125,-5.5859375,2.5546875,5.7304688
2008-10-18,1.3049003,3.9650023,-18.0,16.15625,-5.4921875,2.515625,5.6875
2008-10-19,1.4424815,3.9407134,-18.0625,16.015625,-5.335156,2.6289062,5.8142586
2008-10-20,1.309166,3.881984,-18.0,15.890625,-5.328125,2.4726562,5.6541023
2008-10-21,1.1350539,3.797698,-18.0,15.8203125,-5.2890625,2.2617188,5.3398438
2008-10-22,1.2128404,3.7603667,-17.9375,15.625,-5.1640625,2.296875,5.4453125
2008-10-23,1.1882269,3.7073755,-17.9375,15.59375,-5.0703125,2.25,5.375
2008-10-24,1.1306707,3.6740904,-18.0,15.59375,-5.0546875,2.1679688,5.2886734
2008-10-25,0.9071101,3.6210914,-18.09375,15.53125,-5.125,1.8867188,5.0117188
2008-10-26,0.84725267,3.5706751,-17.96875,15.4765625,-5.0859375,1.8203125,4.8863297
2008-10-27,0.7835443,3.5030553,-17.8125,15.296875,-5.015625,1.703125,4.7460938
2008-10-28,0.68103015,3.4468706,-17.75,15.203125,-5.015625,1.5546875,4.5955086
2008-10-29,0.5682472,3.409279,-17.8125,15.0,-5.03125,1.421875,4.4609375
2008-10-30,0.56031823,3.3601496,-17.8125,14.875,-4.9609375,1.3828125,4.4257812
2008-10-31,0.50433195,3.294103,-17.75,14.8125,-4.8359375,1.296875,4.3046875
2008-11-01,0.5459285,3.2454119,-17.65625,14.6015625,-4.703125,1.3046875,4.3164062
2008-11-02,0.5147582,3.221894,-17.65625,14.453125,-4.6875,1.25,4.2929688
2008-11-03,0.37358668,3.1812954,-17.78125,14.390625,-4.7421875,1.078125,4.118946
2008-11-04,0.20594886,3.1371605,-17.5625,14.171875,-4.8359375,0.8828125,3.9140625
2008-11-05,0.1628261,3.1065671,-17.6875,14.0546875,-4.8125,0.8359375,3.8710938
2008-11-06,0.080593064,3.0552225,-17.625,13.90625,-4.796875,0.7109375,3.7304688
2008-11-07,0.23498945,3.0308578,-17.5625,13.828125,-4.5625,0.84375,3.9023438
2008-11-08,0.18892042,2.9972723,-17.625,13.796875,-4.5148435,0.7734375,3.78125
2008-11-09,0.04106854,2.9719007,-17.8125,13.578125,-4.6171875,0.6171875,3.609375
2008-11-10,-0.1708937,2.9207232,-17.53125,13.3984375,-4.7421875,0.3828125,3.3337898
2008-11-11,-0.10580085,2.882568,-17.46875,13.3125,-4.59375,0.4296875,3.3884773
2008-11-12,-0.24348865,2.8433483,-17.53125,13.3203125,-4.6242185,0.2734375,3.2244148
2008-11-13,-0.38956472,2.8191698,-17.5625,13.2421875,-4.7265625,0.0859375,3.0330086
2008-11-14,-0.46507594,2.7856977,-17.5625,13.09375,-4.7578125,0.0078125,2.921875
2008-11-15,-0.5445815,2.7307794,-17.375,13.0703125,-4.71875,-0.1015625,2.7869148
2008-11-16,-0.53824466,2.7139618,-17.40625,12.9375,-4.6875,-0.109375,2.775196
2008-11-17,-0.53118324,2.690461,-17.34375,12.7578125,-4.6484375,-0.1328125,2.8611336
2008-11-18,-0.66729623,2.6510713,-17.40625,12.734375,-4.6640625,-0.2734375,2.6367188
2008-11-19,-0.75450134,2.624712,-17.40625,12.703125,-4.671875,-0.390625,2.5351562
2008-11-20,-0.75264895,2.5902925,-17.3125,12.65625,-4.6171875,-0.3984375,2.5195312
2008-11-21,-0.83874357,2.5625374,-17.28125,12.6484375,-4.6484375,-0.5,2.40625
2008-11-22,-0.9385891,2.5334442,-17.25,12.546875,-4.678906,-0.62109375,2.2695312
2008-11-23,-0.90977913,2.5094886,-17.28125,12.4453125,-4.6171875,-0.6015625,2.296875
2008-11-24,-0.7273641,2.5009086,-17.1875,12.3359375,-4.4140625,-0.421875,2.4900398
2008-11-25,-0.8746426,2.4678407,-17.21875,12.3828125,-4.5,-0.5859375,2.2574234
2008-11-26,-0.88421595,2.4666128,-17.25,12.4453125,-4.5,-0.59375,2.2773438
2008-11-27,-1.0648303,2.4385204,-17.3125,12.359375,-4.6328125,-0.796875,2.0542984
2008-11-28,-1.0863687,2.4187145,-17.15625,12.25,-4.609375,-0.8203125,2.1285172
2008-11-29,-1.136342,2.3964605,-17.0625,12.1796875,-4.609375,-0.8984375,2.0269547
2008-11-30,-0.99510497,2.4032288,-17.0625,12.203125,-4.46875,-0.7578125,2.140625
2008-12-01,-1.1728323,2.3769872,-17.0625,12.171875,-4.59375,-0.953125,1.9140625
2008-12-02,-1.1016837,2.3670986,-17.0625,12.09375,-4.5,-0.8984375,1.9609375
2008-12-03,-1.1693517,2.3396816,-17.0625,12.1171875,-4.5078125,-0.9765625,1.8550797
2008-12-04,-1.1432751,2.3350859,-17.03125,12.109375,-4.5,-0.9453125,1.8767586
2008-12-05,-1.2342087,2.328443,-16.9375,12.1328125,-4.5546875,-1.0625,1.7695312
2008-12-06,-1.3647921,2.308868,-16.96875,12.015625,-4.6328125,-1.1875,1.6519547
2008-12-07,-1.1204647,2.3101947,-16.96875,12.1640625,-4.390625,-0.9453125,1.8628922
2008-12-08,-1.2147162,2.3116765,-17.0625,12.234375,-4.475781,-1.0625,1.7947273
2008-12-09,-1.3394852,2.312978,-17.0625,12.1953125,-4.609375,-1.1875,1.6832047
2008-12-10,-1.4454184,2.2928405,-16.96875,12.1484375,-4.6640625,-1.3125,1.5078125
2008-12-11,-1.4684361,2.2827258,-17.0,12.0234375,-4.6875,-1.3359375,1.4800797
2008-12-12,-1.6083148,2.2708964,-16.9375,12.1015625,-4.7734375,-1.5,1.3472672
2008-12-13,-1.5901467,2.2729647,-16.84375,12.09375,-4.7769527,-1.4804688,1.375
2008-12-14,-1.5540427,2.2652519,-16.875,12.0625,-4.7265625,-1.453125,1.3707047
2008-12-15,-1.3894008,2.2647622,-16.9375,12.09375,-4.609375,-1.28125,1.5738297
2008-12-16,-1.4322946,2.2835264,-16.875,12.1640625,-4.6484375,-1.328125,1.5078125
2008-12-17,-1.4673911,2.2629304,-16.71875,12.1953125,-4.6328125,-1.3828125,1.4488297
2008-12-18,-1.4408842,2.2937844,-16.84375,12.171875,-4.671875,-1.3359375,1.53125
2008-12-19,-1.4807436,2.2851202,-16.84375,12.1796875,-4.703125,-1.390625,1.46875
2008-12-20,-1.5886449,2.29526,-16.84375,12.140625,-4.8359375,-1.5078125,1.3941422
2008-12-21,-1.5859711,2.286611,-16.9375,12.1640625,-4.8125,-1.5,1.375
2008-12-22,-1.6252251,2.301967,-16.96875,12.0234375,-4.90625,-1.546875,1.34375
2008-12-23,-1.7001668,2.3224154,-16.90625,12.0234375,-5.03125,-1.625,1.296875
2008-12-24,-1.7771459,2.3413377,-16.90625,12.1484375,-5.140625,-1.703125,1.2535172
2008-12-25,-1.9161555,2.338544,-16.90625,12.109375,-5.2734375,-1.8359375,1.1171875
2008-12-26,-1.9166913,2.3588789,-16.9375,12.109375,-5.3628902,-1.8359375,1.171875
2008-12-27,-1.9308157,2.361755,-16.875,12.1484375,-5.359375,-1.875,1.125
2008-12-28,-1.9948668,2.3760114,-16.84375,12.15625,-5.5234375,-1.8984375,1.1363297
2008-12-29,-1.907189,2.4021268,-16.65625,12.25,-5.4765625,-1.8203125,1.203125
2008-12-30,-1.9148147,2.4213126,-16.6875,12.296875,-5.4921875,-1.828125,1.2222672
2008-12-31,-1.9054196,2.428065,-16.625,12.21875,-5.4765625,-1.8203125,1.2109375
2009-01-01,-1.6293639,2.440778,-16.625,12.421875,-5.1867185,-1.5703125,1.6328125
2009-01-02,-1.8349348,2.4670904,-16.625,12.34375,-5.46875,-1.765625,1.40625
2009-01-03,-1.777668,2.4873726,-16.71875,12.4375,-5.421875,-1.71875,1.5234375
2009-01-04,-1.9557443,2.500655,-16.59375,12.40625,-5.6953125,-1.8984375,1.296875
2009-01-05,-2.004726,2.522689,-16.5625,12.359375,-5.8203125,-1.9296875,1.28125
2009-01-06,-1.9449915,2.5416775,-16.625,12.328125,-5.8046875,-1.8867188,1.3863297
2009-01-07,-1.9520702,2.5823205,-16.5625,12.5,-5.882031,-1.875,1.4644547
2009-01-08,-2.1203747,2.6044269,-16.53125,12.4375,-6.0625,-2.0625,1.3125
2009-01-09,-1.9891535,2.6466954,-16.4375,12.4765625,-6.0625,-1.8984375,1.4800797
2009-01-10,-1.9889901,2.6820989,-16.46875,12.5703125,-6.1171875,-1.921875,1.5425797
2009-01-11,-2.1843524,2.71607,-16.5,12.5625,-6.3671875,-2.109375,1.40625
2009-01-12,-2.2236557,2.748155,-16.46875,12.625,-6.4296875,-2.15625,1.4097672
2009-01-13,-2.358635,2.7547452,-16.40625,12.484375,-6.5703125,-2.3125,1.296875
2009-01-14,-2.233447,2.7297008,-16.25,12.6015625,-6.3515625,-2.2109375,1.421875
2009-01-15,-2.0934174,2.7751956,-16.1875,12.5859375,-6.2578125,-2.0703125,1.7673836
2009-01-16,-2.2818089,2.807202,-16.1875,12.59375,-6.5078125,-2.2578125,1.6328125
2009-01-17,-2.36475,2.837897,-16.1875,12.4375,-6.6953125,-2.359375,1.5625
2009-01-18,-2.3820639,2.9044943,-16.3125,12.5546875,-6.8828125,-2.328125,1.5191422
2009-01-19,-2.4239094,2.9403782,-16.28125,12.5859375,-6.9453125,-2.3828125,1.5546875
2009-01-20,-2.4645863,2.9723756,-16.46875,12.59375,-7.0546875,-2.4453125,1.671875
2009-01-21,-2.4930143,3.0329235,-16.5,12.5625,-7.2179685,-2.453125,1.671875
2009-01-22,-2.6717274,3.0724397,-16.46875,12.609375,-7.4921875,-2.6171875,1.5078125
2009-01-23,-2.778291,3.1041796,-16.375,12.7421875,-7.6242185,-2.734375,1.4367218
2009-01-24,-2.8357787,3.1572146,-16.375,12.6484375,-7.8046875,-2.7890625,1.4296875
2009-01-25,-2.9015381,3.2306504,-16.75,12.8203125,-8.0234375,-2.84375,1.4800797
2009-01-26,-3.02362,3.2932217,-16.90625,12.78125,-8.2734375,-2.9609375,1.4332047
2009-01-27,-3.1723502,3.3430073,-17.0625,12.828125,-8.4765625,-3.1171875,1.3707047
2009-01-28,-3.303027,3.3958533,-17.125,12.8515625,-8.7265625,-3.265625,1.328125
2009-01-29,-3.4008858,3.4501529,-17.09375,13.015625,-8.8984375,-3.3515625,1.265625
2009-01-30,-3.456148,3.4759364,-17.28125,12.84375,-8.9453125,-3.4375,1.328125
2009-01-31,-3.570629,3.5133293,-17.5625,12.953125,-9.1015625,-3.578125,1.3515625
2009-02-01,-3.66285,3.542887,-17.78125,12.9765625,-9.2109375,-3.6640625,1.296875
2009-02-02,-3.463469,3.592009,-17.59375,13.0390625,-9.0859375,-3.4921875,1.5859375
2009-02-03,-3.5680969,3.6874943,-17.84375,13.171875,-9.3203125,-3.6015625,1.65625
2009-02-04,-3.6716392,3.7574732,-18.125,13.3359375,-9.5234375,-3.6953125,1.5738297
2009-02-05,-3.7408717,3.812097,-17.96875,13.265625,-9.6796875,-3.765625,1.5625
2009-02-06,-3.786068,3.8551404,-18.0,13.328125,-9.7265625,-3.84375,1.6640625
2009-02-07,-3.867721,3.901277,-18.1875,13.25,-9.8828125,-3.953125,1.6875
2009-02-08,-3.952066,3.977694,-18.4375,13.3046875,-10.1015625,-4.0195312,1.7535172
2009-02-09,-4.051423,4.0498624,-18.53125,13.296875,-10.3671875,-4.1015625,1.5816422
2009-02-10,-4.1036344,4.085202,-18.46875,13.4609375,-10.3828125,-4.1757812,1.5703125
2009-02-11,-4.084803,4.136255,-18.59375,13.46875,-10.3671875,-4.203125,1.7730484
2009-02-12,-4.151979,4.2140455,-18.84375,13.5078125,-10.5546875,-4.2578125,1.7695312
2009-02-13,-4.2844596,4.2536845,-18.9375,13.53125,-10.7109375,-4.40625,1.7378922
2009-02-14,-4.3410015,4.3004956,-19.03125,13.53125,-10.8671875,-4.484375,1.6519547
2009-02-15,-4.362878,4.3495693,-19.28125,13.6171875,-10.9140625,-4.5390625,1.75
2009-02-16,-4.2665887,4.4119954,-19.25,13.6875,-10.8828125,-4.453125,1.921875
2009-02-17,-4.1709576,4.521792,-19.3125,13.9375,-10.9609375,-4.359375,2.108986
2009-02-18,-4.3448176,4.5691285,-19.21875,13.828125,-11.1484375,-4.5546875,2.0457077
2009-02-19,-4.3327837,4.6033735,-19.25,13.8125,-11.1796875,-4.5234375,2.1132812
2009-02-20,-4.3143945,4.6741385,-18.96875,13.96875,-11.2734375,-4.5078125,2.1601562
2009-02-21,-4.4107413,4.6964345,-19.0625,13.9296875,-11.3203125,-4.6171875,2.1796875
2009-02-22,-4.430986,4.716363,-18.9375,14.015625,-11.3515625,-4.6171875,2.1171875
2009-02-23,-4.356623,4.7503867,-19.0,13.984375,-11.2421875,-4.609375,2.3099632
2009-02-24,-4.3302836,4.79662,-19.0,14.09375,-11.249218,-4.59375,2.3828125
2009-02-25,-4.2560053,4.85514,-18.71875,14.09375,-11.2421875,-4.5234375,2.5351562
2009-02-26,-4.356552,4.8809934,-18.65625,14.1953125,-11.358593,-4.6171875,2.453125
2009-02-27,-4.3582826,4.920656,-18.71875,14.1328125,-11.4140625,-4.6132812,2.4257812
2009-02-28,-4.334027,4.9553013,-18.65625,14.171875,-11.3984375,-4.6171875,2.5546875
2009-03-01,-4.267228,5.011557,-18.4375,14.21875,-11.3828125,-4.5546875,2.6523438
2009-03-02,-4.314452,5.052261,-18.59375,14.328125,-11.4296875,-4.578125,2.6541023
2009-03-03,-4.266788,5.1077337,-18.71875,14.34375,-11.5234375,-4.5703125,2.687111
2009-03-04,-4.259015,5.128996,-18.59375,14.375,-11.5078125,-4.5390625,2.7382812
2009-03-05,-4.158786,5.13554,-18.4375,14.3125,-11.3515625,-4.4375,2.7830086
2009-03-06,-4.1116886,5.133151,-18.3125,14.3671875,-11.2578125,-4.421875,2.859375
2009-03-07,-3.9242136,5.179901,-18.40625,14.4375,-11.1484375,-4.2265625,3.1132812
2009-03-08,-3.8281407,5.2117615,-18.34375,14.453125,-11.108593,-4.078125,3.1892586
2009-03-09,-3.7156003,5.255689,-18.0625,14.671875,-11.0390625,-4.0,3.3476562
2009-03-10,-3.665383,5.2572827,-17.9375,14.7421875,-10.9296875,-3.9492188,3.353321
2009-03-11,-3.5565288,5.251175,-17.71875,14.7890625,-10.7890625,-3.8476562,3.46875
2009-03-12,-3.4623606,5.2696576,-17.6875,14.8125,-10.7109375,-3.78125,3.5837898
2009-03-13,-3.471391,5.3025603,-17.5625,14.8515625,-10.7734375,-3.765625,3.5664062
2009-03-14,-3.43548,5.3846483,-17.46875,14.953125,-10.8359375,-3.71875,3.6992188
2009-03-15,-3.45264,5.446791,-17.5,15.046875,-10.9453125,-3.703125,3.71875
2009-03-16,-3.3486617,5.470792,-17.40625,15.0,-10.874218,-3.578125,3.8359375
2009-03-17,-3.402813,5.4640627,-17.34375,15.0625,-10.9140625,-3.5898438,3.7539062
2009-03-18,-3.3162498,5.5083046,-17.34375,15.21875,-10.874218,-3.484375,3.9140625
2009-03-19,-3.344212,5.515282,-17.25,15.2890625,-10.9296875,-3.453125,3.828125
2009-03-20,-3.289054,5.5415835,-17.1875,15.25,-10.9296875,-3.3789062,3.8359375
2009-03-21,-2.991785,5.6027074,-16.84375,15.234375,-10.686718,-3.0859375,4.2929688
2009-03-22,-2.9669824,5.6138864,-16.75,15.3984375,-10.6796875,-2.9960938,4.2460938
2009-03-23,-2.9332092,5.649404,-16.8125,15.4453125,-10.6953125,-2.921875,4.3199234
2009-03-24,-2.794576,5.7029853,-16.90625,15.609375,-10.6015625,-2.703125,4.509571
2009-03-25,-2.6618404,5.7167974,-16.84375,15.5703125,-10.5234375,-2.546875,4.6072273
2009-03-26,-2.5548368,5.7392535,-16.78125,15.59375,-10.4765625,-2.4101562,4.7226562
2009-03-27,-2.5119984,5.7964883,-16.90625,15.671875,-10.5078125,-2.2773438,4.8007812
2009-03-28,-2.5383532,5.819663,-16.90625,15.796875,-10.592968,-2.2460938,4.7382812
2009-03-29,-2.4849322,5.834951,-17.0,15.765625,-10.5546875,-2.140625,4.7890625
2009-03-30,-2.3510997,5.8351016,-16.96875,15.765625,-10.4453125,-1.96875,4.931446
2009-03-31,-2.1014092,5.863827,-16.78125,15.796875,-10.2578125,-1.6640625,5.1757812
2009-04-01,-2.0102603,5.878509,-16.90625,15.78125,-10.2109375,-1.484375,5.25
2009-04-02,-1.8881869,5.904792,-16.90625,15.8671875,-10.1171875,-1.2734375,5.3671875
2009-04-03,-1.839193,5.9340005,-16.96875,15.90625,-10.1484375,-1.171875,5.4414062
2009-04-04,-1.84028,5.9435215,-17.0,16.0625,-10.1796875,-1.109375,5.3923836
2009-04-05,-1.7583666,5.9731665,-17.03125,16.09375,-10.139843,-0.921875,5.4609375
2009-04-06,-1.5475456,6.0430717,-17.09375,16.1875,-10.0703125,-0.6328125,5.7205086
2009-04-07,-1.5168017,6.0750465,-17.1875,16.140625,-10.1015625,-0.48828125,5.755665
2009-04-08,-1.4331945,6.0853014,-17.15625,16.25,-10.0546875,-0.3671875,5.8164062
2009-04-09,-1.3968394,6.061372,-17.15625,16.1875,-10.0078125,-0.265625,5.8103523
2009-04-10,-1.370997,6.044062,-17.125,16.15625,-9.9453125,-0.21484375,5.7830086
2009-04-11,-1.1744477,6.0585012,-17.0625,16.296875,-9.8203125,0.0625,5.9453125
2009-04-12,-1.0085751,6.0955424,-17.03125,16.375,-9.7421875,0.3203125,6.1580086
2009-04-13,-0.8882517,6.125741,-16.90625,16.484375,-9.6796875,0.515625,6.2890625
2009-04-14,-0.8270051,6.1352882,-16.9375,16.6875,-9.6484375,0.6484375,6.3550797
2009-04-15,-0.57686335,6.1767583,-16.875,16.703125,-9.514843,0.9453125,6.6054688
2009-04-16,-0.4197339,6.2115507,-16.90625,16.859375,-9.4296875,1.2304688,6.75
2009-04-17,-0.37038413,6.2271786,-16.9375,17.0,-9.4296875,1.3515625,6.796875
2009-04-18,-0.36428112,6.2353473,-17.0,17.0625,-9.5234375,1.4492188,6.75
2009-04-19,-0.24629554,6.2705836,-17.03125,17.1875,-9.4609375,1.6796875,6.8728523
2009-04-20,-0.07193984,6.289918,-17.0,17.265625,-9.3671875,1.9414062,7.0234375
2009-04-21,0.031956457,6.2971373,-17.0625,17.484375,-9.3203125,2.1425781,7.1363297
2009-04-22,0.17416063,6.3159547,-17.0625,17.625,-9.2265625,2.3945312,7.28125
2009-04-23,0.36168194,6.3297577,-17.03125,17.578125,-9.1015625,2.6289062,7.4375
2009-04-24,0.2862181,6.3026967,-17.0625,17.75,-9.1953125,2.625,7.3259773
2009-04-25,0.31713206,6.3320036,-17.1875,17.90625,-9.2265625,2.7578125,7.296875
2009-04-26,0.49056017,6.3684955,-17.125,18.046875,-9.1484375,3.0234375,7.46875
2009-04-27,0.5203258,6.3893027,-17.21875,18.203125,-9.1796875,3.1210938,7.462696
2009-04-28,0.70368695,6.411699,-17.21875,18.375,-9.0546875,3.4042969,7.625
2009-04-29,0.8503569,6.432058,-17.28125,18.421875,-9.014843,3.6054688,7.75
2009-04-30,0.9450294,6.4428296,-17.25,18.59375,-8.9921875,3.7167969,7.853321
2009-05-01,1.050384,6.46362,-17.3125,18.6875,-8.9765625,3.8710938,7.9414062
2009-05-02,1.1164203,6.4766173,-17.25,18.90625,-8.9453125,3.9707031,7.96875
2009-05-03,1.1612339,6.462506,-17.15625,19.15625,-8.9140625,4.0410156,7.9666023
2009-05-04,1.2610332,6.472737,-17.15625,19.34375,-8.8828125,4.1835938,8.03125
2009-05-05,1.3635474,6.505697,-17.25,19.578125,-8.8828125,4.3710938,8.1640625
2009-05-06,1.3506061,6.5142365,-17.28125,19.796875,-8.921093,4.359375,8.1015625
2009-05-07,1.4003587,6.511818,-17.28125,19.875,-8.9140625,4.4277344,8.1015625
2009-05-08,1.6003312,6.5205784,-17.28125,20.1875,-8.7734375,4.6464844,8.3125
2009-05-09,1.7703036,6.544422,-17.28125,20.390625,-8.6953125,4.873047,8.472267
2009-05-10,1.7454433,6.5470257,-17.28125,20.5625,-8.7734375,4.841797,8.4375
2009-05-11,1.7948085,6.55375,-17.28125,20.84375,-8.7734375,4.890625,8.4296875
2009-05-12,1.9496275,6.574004,-17.40625,21.03125,-8.6953125,5.0664062,8.6015625
2009-05-13,2.0418603,6.591433,-17.46875,21.28125,-8.6953125,5.1523438,8.703125
2009-05-14,2.112875,6.591159,-17.46875,21.4375,-8.6640625,5.203125,8.7421875
2009-05-15,2.1815457,6.5980716,-17.59375,21.546875,-8.6640625,5.2421875,8.796875
2009-05-16,2.2652345,6.598942,-17.59375,21.8125,-8.6328125,5.3398438,8.8515625
2009-05-17,2.3370283,6.606785,-17.6875,22.03125,-8.5859375,5.3828125,8.953125
2009-05-18,2.3895276,6.613933,-17.6875,22.234375,-8.6015625,5.4140625,8.96875
2009-05-19,2.4673781,6.6288013,-17.6875,22.375,-8.6171875,5.5,9.0703125
2009-05-20,2.5912812,6.646867,-17.75,22.5625,-8.5703125,5.609375,9.1953125
2009-05-21,2.5844429,6.653413,-17.875,22.671875,-8.6328125,5.578125,9.1484375
2009-05-22,2.7140975,6.6697216,-17.9375,22.78125,-8.5703125,5.736328,9.25
2009-05-23,2.8038023,6.6877246,-18.0,22.96875,-8.5859375,5.8066406,9.3203125
2009-05-24,2.9685628,6.7127337,-18.0625,23.125,-8.514843,5.9804688,9.5
2009-05-25,3.088071,6.740827,-18.0,23.203125,-8.5234375,6.09375,9.640625
2009-05-26,3.2110782,6.768426,-18.125,23.34375,-8.5078125,6.203125,9.784767
2009-05-27,3.1549327,6.7708383,-18.0625,23.515625,-8.6171875,6.1289062,9.7109375
2009-05-28,3.1533725,6.7666893,-18.21875,23.53125,-8.7109375,6.109375,9.683205
2009-05-29,3.2399936,6.78054,-18.40625,23.671875,-8.702343,6.1914062,9.8046875
2009-05-30,3.4349174,6.808353,-18.3125,23.75,-8.6328125,6.390625,10.034767
2009-05-31,3.5242767,6.8310957,-18.46875,23.90625,-8.6171875,6.482422,10.081642
2009-06-01,3.573561,6.8484173,-18.5,23.96875,-8.6796875,6.5214844,10.1328125
2009-06-02,3.706616,6.8718905,-18.46875,24.109375,-8.639843,6.6601562,10.3046875
2009-06-03,3.6287932,6.881252,-18.6875,24.125,-8.8046875,6.578125,10.151955
2009-06-04,3.7424924,6.8927803,-18.6875,24.15625,-8.7734375,6.7148438,10.3359375
2009-06-05,3.8228545,6.9140434,-18.6875,24.15625,-8.796093,6.783203,10.3984375
2009-06-06,3.963985,6.9439735,-18.6875,24.1875,-8.7734375,6.9453125,10.5546875
2009-06-07,3.99067,6.9750795,-18.65625,24.25,-8.8671875,6.9921875,10.534767
2009-06-08,3.9776437,6.9909587,-18.625,24.34375,-8.9765625,6.9785156,10.546875
2009-06-09,4.0170794,6.99449,-18.84375,24.3125,-8.9765625,7.0078125,10.57383
2009-06-10,4.1939907,7.011029,-18.78125,24.34375,-8.874218,7.21875,10.765625
2009-06-11,4.088664,7.0240717,-18.90625,24.375,-9.1015625,7.0820312,10.65625
2009-06-12,4.1966105,7.0360293,-19.0625,24.296875,-8.9921875,7.2109375,10.7578125
2009-06-13,4.3124743,7.0623803,-19.09375,24.25,-8.9296875,7.34375,10.890625
2009-06-14,4.312607,7.0748367,-19.125,24.21875,-9.0234375,7.3476562,10.953125
2009-06-15,4.424596,7.0971017,-19.25,24.375,-8.936718,7.470703,11.078125
2009-06-16,4.395597,7.111622,-19.125,24.28125,-9.0078125,7.46875,11.0546875
2009-06-17,4.472485,7.113269,-19.1875,24.25,-8.9296875,7.5410156,11.15625
2009-06-18,4.538959,7.1279287,-19.21875,24.15625,-8.889843,7.6367188,11.2265625
2009-06-19,4.6666155,7.1604233,-19.25,24.1875,-8.8515625,7.7597656,11.375
2009-06-20,4.7345076,7.197678,-19.21875,24.234375,-8.8828125,7.8476562,11.519142
2009-06-21,4.7902217,7.2197633,-19.21875,24.234375,-8.8828125,7.939453,11.6171875
2009-06-22,4.6696043,7.2285457,-19.28125,24.25,-9.046093,7.841797,11.484375
2009-06-23,4.6831703,7.2280145,-19.34375,24.3125,-8.9921875,7.8515625,11.4609375
2009-06-24,4.7695184,7.2437162,-19.40625,24.25,-8.9453125,7.9492188,11.5703125
2009-06-25,4.7860346,7.261546,-19.3125,24.1875,-9.0078125,8.0,11.589455
2009-06-26,4.855018,7.2827053,-19.375,24.296875,-8.9453125,8.0859375,11.671875
2009-06-27,4.8135476,7.296613,-19.375,24.40625,-9.0078125,8.078125,11.65625
2009-06-28,4.6521583,7.27972,-19.53125,24.328125,-9.124218,7.9414062,11.421875
2009-06-29,4.7959743,7.2846417,-19.5,24.25,-8.9921875,8.0625,11.60508
2009-06-30,4.8487,7.308315,-19.53125,24.25,-8.936718,8.1484375,11.6953125
2009-07-01,4.821969,7.310132,-19.46875,24.25,-8.9609375,8.1171875,11.6640625
2009-07-02,4.8758225,7.3114405,-19.53125,24.28125,-8.874218,8.1875,11.703125
2009-07-03,4.875275,7.3100715,-19.59375,24.3125,-8.8203125,8.203125,11.73008
2009-07-04,4.7391367,7.299959,-19.75,24.234375,-8.9140625,8.09375,11.5546875
2009-07-05,4.841271,7.3038044,-19.75,24.109375,-8.7890625,8.1796875,11.6875
2009-07-06,4.81537,7.320059,-19.875,24.09375,-8.811718,8.1640625,11.671875
2009-07-07,4.7554584,7.3130903,-19.9375,24.03125,-8.8828125,8.09375,11.59375
2009-07-08,4.849681,7.3234396,-19.96875,24.03125,-8.7734375,8.1953125,11.722267
2009-07-09,4.9295716,7.3490252,-19.9375,24.0625,-8.7421875,8.285156,11.828125
2009-07-10,4.86787,7.365755,-20.09375,24.03125,-8.8203125,8.2265625,11.82383
2009-07-11,4.884442,7.3663116,-20.125,24.03125,-8.796093,8.25,11.828125
2009-07-12,4.8845124,7.370239,-20.15625,23.96875,-8.7734375,8.25,11.875
2009-07-13,4.8059387,7.3677235,-20.25,23.9375,-8.8515625,8.171875,11.8203125
2009-07-14,4.7890277,7.357007,-20.34375,23.9375,-8.8359375,8.171875,11.8125
2009-07-15,4.680981,7.343891,-20.59375,23.84375,-8.8828125,8.0703125,11.683205
2009-07-16,4.8171735,7.353042,-20.8125,23.890625,-8.7734375,8.2109375,11.8125
2009-07-17,4.7712803,7.380329,-20.875,23.859375,-8.8515625,8.1953125,11.8359375
2009-07-18,4.6626143,7.360611,-20.75,23.8125,-8.889843,8.113281,11.6796875
2009-07-19,4.725709,7.35638,-20.90625,23.75,-8.858593,8.15625,11.7421875
2009-07-20,4.758326,7.3790298,-21.03125,23.71875,-8.8203125,8.2265625,11.784767
2009-07-21,4.702453,7.3844748,-20.96875,23.75,-8.905468,8.171875,11.7421875
2009-07-22,4.6667414,7.3707085,-21.03125,23.71875,-8.905468,8.140625,11.66758
2009-07-23,4.6380744,7.36033,-21.0,23.75,-8.8828125,8.109375,11.63633
2009-07-24,4.6377845,7.347941,-20.8125,23.75,-8.8359375,8.1171875,11.6484375
2009-07-25,4.6298943,7.3390484,-20.8125,23.765625,-8.8046875,8.09375,11.651955
2009-07-26,4.5666833,7.329772,-20.90625,23.703125,-8.874218,8.0546875,11.5546875
2009-07-27,4.67859,7.339676,-21.15625,23.59375,-8.7734375,8.15625,11.69883
2009-07-28,4.651149,7.350891,-21.0625,23.625,-8.7890625,8.125,11.7265625
2009-07-29,4.671602,7.346904,-21.03125,23.59375,-8.780468,8.1484375,11.737892
2009-07-30,4.752439,7.359665,-21.0625,23.578125,-8.717968,8.2421875,11.9140625
2009-07-31,4.604016,7.349989,-21.0,23.59375,-8.8359375,8.0703125,11.788284
2009-08-01,4.4743924,7.30762,-20.84375,23.515625,-8.858593,7.9335938,11.6015625
2009-08-02,4.5075426,7.292312,-20.8125,23.5,-8.780468,7.9765625,11.640625
2009-08-03,4.467811,7.283313,-20.8125,23.46875,-8.8046875,7.9648438,11.57383
2009-08-04,4.4341044,7.261747,-20.84375,23.5,-8.780468,7.9335938,11.4765625
2009-08-05,4.378552,7.237283,-20.8125,23.46875,-8.796093,7.8710938,11.441017
2009-08-06,4.384961,7.2098503,-20.59375,23.4375,-8.7421875,7.8496094,11.441017
2009-08-07,4.3987393,7.1860757,-20.3125,23.46875,-8.6640625,7.857422,11.421875
2009-08-08,4.3936133,7.174957,-20.59375,23.34375,-8.6796875,7.859375,11.3828125
2009-08-09,4.3188705,7.172579,-20.78125,23.375,-8.717968,7.7753906,11.328125
2009-08-10,4.3650184,7.165111,-20.75,23.390625,-8.6953125,7.830078,11.3125
2009-08-11,4.223836,7.142414,-20.71875,23.3125,-8.7734375,7.6953125,11.159767
2009-08-12,4.285972,7.1183333,-20.71875,23.21875,-8.6640625,7.7285156,11.175392
2009-08-13,4.19525,7.0967455,-20.8125,23.203125,-8.717968,7.609375,11.09375
2009-08-14,4.267109,7.0658555,-20.6875,23.21875,-8.6015625,7.6816406,11.125
2009-08-15,4.340293,7.0616565,-20.71875,23.21875,-8.5390625,7.765625,11.203125
2009-08-16,4.1993556,7.037159,-20.75,23.21875,-8.6171875,7.5976562,11.078125
2009-08-17,4.0297613,6.980393,-20.78125,23.15625,-8.6796875,7.3964844,10.8359375
2009-08-18,4.055459,6.9412074,-20.78125,23.109375,-8.5703125,7.40625,10.784767
2009-08-19,4.2655654,6.932257,-20.59375,23.125,-8.3828125,7.640625,10.953125
2009-08-20,4.1633167,6.9044356,-20.5625,23.109375,-8.3984375,7.4921875,10.862892
2009-08-21,4.0912294,6.851798,-20.46875,23.015625,-8.3671875,7.3867188,10.75
2009-08-22,4.1799917,6.8279986,-20.46875,22.9375,-8.2578125,7.46875,10.8515625
2009-08-23,4.144792,6.822331,-20.59375,23.0,-8.280468,7.4296875,10.8515625
2009-08-24,3.9764512,6.7727547,-20.375,22.9375,-8.3828125,7.2421875,10.59375
2009-08-25,3.9636145,6.7339196,-20.40625,22.875,-8.3359375,7.1914062,10.5078125
2009-08-26,4.155074,6.729656,-20.53125,22.84375,-8.1484375,7.375,10.6953125
2009-08-27,4.127524,6.7186522,-20.53125,22.859375,-8.155468,7.34375,10.6953125
2009-08-28,3.950157,6.6660004,-20.375,22.84375,-8.2265625,7.15625,10.4765625
2009-08-29,4.0107136,6.6188884,-20.125,22.78125,-8.1015625,7.1484375,10.5390625
2009-08-30,4.0750813,6.5747614,-19.9375,22.6875,-7.9367185,7.2109375,10.54258
2009-08-31,3.9886796,6.53562,-20.09375,22.671875,-7.9765625,7.1054688,10.4453125
2009-09-01,3.9215164,6.495965,-20.0625,22.640625,-7.9453125,7.017578,10.296875
2009-09-02,3.8797226,6.4651885,-20.0625,22.59375,-7.9609375,6.9296875,10.2265625
2009-09-03,3.9915462,6.4332232,-20.03125,22.53125,-7.8046875,6.9921875,10.3828125
2009-09-04,3.8437219,6.380814,-19.90625,22.53125,-7.8515625,6.8203125,10.1796875
2009-09-05,3.8862,6.336228,-19.90625,22.40625,-7.7421875,6.8515625,10.140625
2009-09-06,3.7841218,6.2836423,-19.8125,22.375,-7.7421875,6.6953125,10.046875
2009-09-07,3.7282238,6.2303376,-19.8125,22.25,-7.7023435,6.609375,9.925392
2009-09-08,3.7978165,6.1910777,-19.75,22.21875,-7.5703125,6.65625,9.956642
2009-09-09,3.7845402,6.1367083,-19.625,22.171875,-7.4296875,6.6015625,9.90625
2009-09-10,3.6792114,6.0738516,-19.5625,22.078125,-7.4140625,6.4453125,9.7734375
2009-09-11,3.7385387,6.028862,-19.4375,22.046875,-7.2734375,6.453125,9.7890625
2009-09-12,3.7733557,6.005818,-19.4375,21.96875,-7.1953125,6.46875,9.8125
2009-09-13,3.531046,5.929587,-19.53125,21.90625,-7.2734375,6.203125,9.4609375
2009-09-14,3.5449088,5.892762,-19.625,21.9375,-7.1796875,6.1933594,9.421875
2009-09-15,3.572035,5.8612804,-19.5625,21.84375,-7.1328125,6.1953125,9.4453125
2009-09-16,3.4586463,5.8079267,-19.5625,21.84375,-7.1242185,6.046875,9.308205
2009-09-17,3.2551854,5.7141113,-19.4375,21.65625,-7.1398435,5.796875,9.0
2009-09-18,3.3192542,5.6467013,-19.34375,21.546875,-6.9453125,5.7734375,9.0703125
2009-09-19,3.3123899,5.5899878,-19.03125,21.53125,-6.8359375,5.734375,9.0234375
2009-09-20,3.3262682,5.550261,-18.875,21.515625,-6.7734375,5.701172,9.03125
2009-09-21,3.280144,5.5024343,-18.75,21.375,-6.7421875,5.609375,8.9375
2009-09-22,3.3008823,5.454312,-18.59375,21.375,-6.6328125,5.59375,8.9296875
2009-09-23,3.1873443,5.3996434,-18.625,21.328125,-6.6640625,5.4179688,8.78125
2009-09-24,3.2590773,5.3678703,-18.53125,21.203125,-6.5546875,5.4648438,8.811722
2009-09-25,3.2134845,5.3251295,-18.4375,21.15625,-6.5234375,5.3710938,8.796875
2009-09-26,3.1102512,5.266668,-18.3125,21.09375,-6.5234375,5.2539062,8.6171875
2009-09-27,3.0003898,5.1928263,-18.15625,20.96875,-6.4609375,5.095703,8.441017
2009-09-28,2.9357233,5.128051,-18.125,20.875,-6.4140625,4.9765625,8.34375
2009-09-29,2.883339,5.0628,-18.03125,20.71875,-6.3671875,4.8984375,8.206642
2009-09-30,2.8993773,5.0222197,-18.1875,20.625,-6.3046875,4.8847656,8.19883
2009-10-01,2.7883236,4.993207,-18.375,20.546875,-6.3359375,4.7421875,8.0546875
2009-10-02,2.695079,4.9519777,-18.28125,20.375,-6.3359375,4.6015625,7.931446
2009-10-03,2.5686357,4.885698,-18.21875,20.28125,-6.3515625,4.453125,7.6853523
2009-10-04,2.424703,4.813122,-18.21875,20.15625,-6.3273435,4.2578125,7.4509773
2009-10-05,2.3062851,4.717967,-18.0,20.0625,-6.2421875,4.0742188,7.228321
2009-10-06,2.3052235,4.6627097,-17.96875,19.9375,-6.1640625,4.0234375,7.20879
2009-10-07,2.222381,4.610309,-17.96875,19.8125,-6.1171875,3.9160156,7.066017
2009-10-08,2.1221576,4.557641,-18.0625,19.625,-6.1171875,3.7890625,6.915821
2009-10-09,2.0545628,4.510241,-18.21875,19.5,-6.078125,3.6835938,6.796875
2009-10-10,2.07348,4.452109,-18.125,19.4375,-5.9140625,3.65625,6.77129
2009-10-11,1.9850874,4.3963146,-18.125,19.25,-5.875,3.5371094,6.6640625
2009-10-12,1.8157799,4.3306417,-18.21875,19.15625,-5.890625,3.3144531,6.4509773
2009-10-13,1.6886207,4.26038,-18.21875,19.0,-5.875,3.15625,6.243946
2009-10-14,1.6404402,4.198972,-18.15625,18.78125,-5.796875,3.0546875,6.1953125
2009-10-15,1.5885177,4.1462836,-17.90625,18.59375,-5.7109375,2.9765625,6.0625
2009-10-16,1.4752514,4.0884175,-18.0,18.5,-5.7179685,2.8320312,5.8671875
2009-10-17,1.4489384,4.052314,-18.0,18.34375,-5.663281,2.765625,5.8632812
2009-10-18,1.2502906,3.9794846,-17.90625,18.21875,-5.6875,2.5273438,5.6072273
2009-10-19,1.2545949,3.940874,-17.90625,18.015625,-5.578125,2.5,5.5820312
2009-10-20,1.3927337,3.9217474,-18.0,17.8125,-5.4175777,2.6269531,5.7361336
2009-10-21,1.2599828,3.8641407,-18.0,17.609375,-5.428906,2.4726562,5.546875
2009-10-22,1.0860169,3.780252,-18.03125,17.453125,-5.4140625,2.25,5.28125
2009-10-23,1.1651651,3.7480805,-18.03125,17.203125,-5.25,2.2890625,5.359375
2009-10-24,1.1425529,3.6991558,-18.03125,17.0625,-5.1988277,2.2265625,5.2890625
2009-10-25,1.0860125,3.6687627,-18.0,16.96875,-5.1796875,2.1601562,5.2304688
2009-10-26,0.86376303,3.6169436,-18.0625,16.828125,-5.2734375,1.8945312,4.9492188
2009-10-27,0.8039289,3.570055,-17.96875,16.765625,-5.1953125,1.8125,4.8164062
2009-10-28,0.741267,3.5026982,-17.90625,16.53125,-5.125,1.71875,4.6853523
2009-10-29,0.6401981,3.4485953,-17.8125,16.328125,-5.109375,1.5703125,4.536915
2009-10-30,0.5284297,3.412234,-17.8125,16.140625,-5.125,1.4375,4.3789062
2009-10-31,0.5210883,3.3663816,-17.8125,16.015625,-5.0546875,1.40625,4.3394547
2009-11-01,0.46736,3.304701,-17.84375,15.921875,-4.9609375,1.296875,4.2304688
2009-11-02,0.5108085,3.2559674,-17.8125,15.921875,-4.8125,1.328125,4.2539062
2009-11-03,0.47953996,3.2312555,-17.8125,15.8515625,-4.8125,1.2734375,4.1853523
2009-11-04,0.33979675,3.1955357,-17.84375,15.796875,-4.8671875,1.0859375,4.0234375
2009-11-05,0.17286855,3.151597,-17.71875,15.7109375,-4.9609375,0.890625,3.8164062
2009-11-06,0.13120174,3.1230757,-17.75,15.6640625,-4.928906,0.8359375,3.7695312
2009-11-07,0.05033463,3.076876,-17.6875,15.7265625,-4.890625,0.7109375,3.6328125
2009-11-08,0.20710865,3.0549586,-17.65625,15.609375,-4.671875,0.859375,3.8242188
2009-11-09,0.16210148,3.0230663,-17.8125,15.65625,-4.6328125,0.78125,3.7166023
2009-11-10,0.015696475,2.9999564,-17.90625,15.609375,-4.7578125,0.625,3.5507812
2009-11-11,-0.19565013,2.946313,-17.65625,15.5,-4.8316402,0.359375,3.2734375
2009-11-12,-0.12921505,2.9123986,-17.6875,15.390625,-4.703125,0.421875,3.3416023
2009-11-13,-0.26594248,2.8742242,-17.6875,15.4375,-4.703125,0.265625,3.2009773
2009-11-14,-0.4108714,2.8539042,-17.6875,15.453125,-4.796875,0.1015625,3.0056648
2009-11-15,-0.48404408,2.8228714,-17.6875,15.453125,-4.828125,0.0,2.8984375
2009-11-16,-0.5614046,2.7715578,-17.46875,15.46875,-4.788281,-0.09375,2.7617188
2009-11-17,-0.5538507,2.754778,-17.53125,15.390625,-4.7578125,-0.109375,2.7709007
2009-11-18,-0.54505455,2.731743,-17.46875,15.265625,-4.6875,-0.1015625,2.8142586
2009-11-19,-0.6796851,2.6939437,-17.5625,15.28125,-4.71875,-0.28125,2.5742188
2009-11-20,-0.76507217,2.6699927,-17.5,15.265625,-4.7734375,-0.3828125,2.4921875
2009-11-21,-0.76208484,2.6359746,-17.34375,15.25,-4.6640625,-0.375,2.4353523
2009-11-22,-0.8472254,2.6116078,-17.28125,15.2578125,-4.703125,-0.5,2.353321
2009-11-23,-0.9461477,2.582349,-17.3125,15.1796875,-4.7578125,-0.609375,2.1992188
2009-11-24,-0.9155299,2.5584128,-17.40625,15.1171875,-4.671875,-0.59375,2.2070312
2009-11-25,-0.73138607,2.5528033,-17.1875,15.046875,-4.46875,-0.3984375,2.4101562
2009-11-26,-0.8769014,2.51975,-17.21875,15.109375,-4.5625,-0.5703125,2.2105484
2009-11-27,-0.8858374,2.5179226,-17.25,15.171875,-4.5546875,-0.5859375,2.2148438
2009-11-28,-1.0648361,2.491775,-17.3125,15.09375,-4.678906,-0.7890625,1.9804688
2009-11-29,-1.085445,2.4727092,-17.1875,15.0078125,-4.6328125,-0.8046875,2.015625
2009-11-30,-1.1347624,2.448504,-17.1875,14.96875,-4.6328125,-0.8828125,1.953125
2009-12-01,-0.99277747,2.4564772,-17.125,14.9921875,-4.5,-0.7578125,2.0816422
2009-12-02,-1.1696194,2.43126,-17.0625,14.9765625,-4.6171875,-0.9453125,1.852932
2009-12-03,-1.0972657,2.4216993,-17.09375,14.9140625,-4.5546875,-0.8671875,1.9371109
2009-12-04,-1.1640996,2.3953803,-17.03125,14.953125,-4.5546875,-0.9609375,1.8203125
2009-12-05,-1.1371235,2.390742,-17.0,14.9375,-4.5390625,-0.9296875,1.8398438
2009-12-06,-1.2276374,2.3845685,-16.9375,14.9609375,-4.5625,-1.0625,1.71875
2009-12-07,-1.3575609,2.3640594,-16.96875,14.84375,-4.671875,-1.1953125,1.6171875
2009-12-08,-1.113055,2.3681278,-16.90625,14.984375,-4.4453125,-0.94921875,1.8398438
2009-12-09,-1.2068425,2.3689914,-17.0,15.015625,-4.484375,-1.0546875,1.765625
2009-12-10,-1.3307391,2.3706276,-16.9375,14.9765625,-4.6171875,-1.1953125,1.640625
2009-12-11,-1.4359311,2.3513327,-16.84375,14.9375,-4.6875,-1.3125,1.4800797
2009-12-12,-1.4582464,2.3400757,-16.875,14.828125,-4.71875,-1.3359375,1.4488297
2009-12-13,-1.597653,2.3281777,-16.8125,14.890625,-4.8125,-1.4921875,1.3359375
2009-12-14,-1.5790826,2.3327115,-16.71875,14.875,-4.8125,-1.4609375,1.3515625
2009-12-15,-1.5421351,2.3246064,-16.75,14.8359375,-4.7492185,-1.453125,1.3984375
2009-12-16,-1.3772414,2.3227248,-16.84375,14.84375,-4.6171875,-1.28125,1.5390625
2009-12-17,-1.4199808,2.3404965,-16.78125,14.8984375,-4.6640625,-1.3359375,1.5078125
2009-12-18,-1.4546323,2.32042,-16.6875,14.90625,-4.6484375,-1.375,1.4644547
2009-12-19,-1.428074,2.3494947,-16.71875,14.875,-4.671875,-1.3359375,1.5191422
2009-12-20,-1.4677647,2.3393452,-16.71875,14.8671875,-4.6875,-1.3828125,1.4722672
2009-12-21,-1.5753758,2.3498943,-16.71875,14.8125,-4.8359375,-1.4921875,1.3515625
2009-12-22,-1.572364,2.3432174,-16.78125,14.8203125,-4.8125,-1.5,1.3828125
2009-12-23,-1.6115706,2.3560739,-16.84375,14.6796875,-4.890625,-1.5390625,1.3316422
2009-12-24,-1.6864666,2.3768804,-16.78125,14.671875,-5.03125,-1.609375,1.2890625
2009-12-25,-1.7631989,2.3978777,-16.75,14.765625,-5.132031,-1.703125,1.234375
2009-12-26,-1.9016491,2.3925807,-16.71875,14.703125,-5.2734375,-1.8359375,1.1050797
2009-12-27,-1.9019845,2.412,-16.78125,14.6875,-5.328125,-1.8203125,1.1328125
2009-12-28,-1.9163008,2.4163978,-16.71875,14.7109375,-5.328125,-1.84375,1.0738297
2009-12-29,-1.980216,2.4287252,-16.6875,14.6875,-5.5234375,-1.8984375,1.109375
2009-12-30,-1.8924253,2.4545455,-16.5,14.75,-5.46875,-1.8203125,1.1875
2009-12-31,-1.8997908,2.4745135,-16.53125,14.765625,-5.4765625,-1.828125,1.2066422
2010-01-01,-1.8899434,2.4811277,-16.46875,14.6640625,-5.460156,-1.8164062,1.1753922
2010-01-02,-1.9668775,2.499753,-16.4375,14.625,-5.578125,-1.8984375,1.1328125
2010-01-03,-1.8916731,2.5221338,-16.53125,14.71875,-5.5234375,-1.8203125,1.2847672
2010-01-04,-2.0298822,2.538132,-16.40625,14.6875,-5.75,-1.984375,1.1328125
2010-01-05,-2.0631733,2.560386,-16.40625,14.640625,-5.8515625,-2.0,1.1484375
2010-01-06,-1.9877481,2.5812216,-16.46875,14.59375,-5.8429685,-1.9296875,1.265625
2010-01-07,-1.9840031,2.6230917,-16.40625,14.734375,-5.875,-1.921875,1.375
2010-01-08,-2.1459284,2.6432881,-16.375,14.640625,-6.0625,-2.0859375,1.21875
2010-01-09,-2.0095077,2.6848052,-16.4375,14.65625,-6.0625,-1.9375,1.4253922
2010-01-10,-2.0082812,2.7207365,-16.375,14.71875,-6.09375,-1.953125,1.46875
2010-01-11,-2.199824,2.756586,-16.375,14.6875,-6.3585935,-2.125,1.328125
2010-01-12,-2.2375016,2.7882173,-16.4375,14.7265625,-6.4453125,-2.1484375,1.3125
2010-01-13,-2.3705144,2.794738,-16.4375,14.578125,-6.5859375,-2.3125,1.25
2010-01-14,-2.2422938,2.7704217,-16.09375,14.6640625,-6.3515625,-2.2109375,1.390625
2010-01-15,-2.1001396,2.814792,-16.03125,14.6328125,-6.2421875,-2.078125,1.7265625
2010-01-16,-2.2829564,2.8475924,-16.15625,14.609375,-6.5234375,-2.2539062,1.5972672
2010-01-17,-2.3623617,2.8769147,-16.3125,14.453125,-6.7109375,-2.34375,1.5113297
2010-01-18,-2.3753073,2.943691,-16.5,14.5390625,-6.8515625,-2.3203125,1.5035172
2010-01-19,-2.4131002,2.9800766,-16.46875,14.546875,-6.9523435,-2.3710938,1.5625
2010-01-20,-2.4506695,3.0107036,-16.6875,14.53125,-7.0078125,-2.4140625,1.6328125
2010-01-21,-2.4759576,3.0698133,-16.75,14.484375,-7.2421875,-2.4296875,1.6953125
2010-01-22,-2.6517527,3.108284,-16.71875,14.5,-7.5078125,-2.5859375,1.515625
2010-01-23,-2.757519,3.1432722,-16.625,14.59375,-7.6328125,-2.71875,1.421875
2010-01-24,-2.8132637,3.1948113,-16.625,14.4765625,-7.8203125,-2.75,1.4175797
2010-01-25,-2.8782187,3.2684379,-17.0,14.609375,-8.0234375,-2.8125,1.4609375
2010-01-26,-3.0014327,3.3317244,-17.125,14.546875,-8.2578125,-2.921875,1.4019547
2010-01-27,-3.1501873,3.3824334,-17.28125,14.5625,-8.4765625,-3.078125,1.3707047
2010-01-28,-3.2819412,3.4340754,-17.34375,14.578125,-8.7109375,-3.21875,1.3003922
2010-01-29,-3.3800187,3.4902349,-17.15625,14.671875,-8.8828125,-3.296875,1.25
2010-01-30,-3.4368675,3.515298,-17.125,14.5234375,-8.936718,-3.3828125,1.3082047
2010-01-31,-3.5529602,3.5533679,-17.15625,14.578125,-9.0859375,-3.53125,1.3125
2010-02-01,-3.6455522,3.58339,-17.125,14.546875,-9.2109375,-3.6015625,1.2847672
2010-02-02,-3.4457898,3.6304078,-16.84375,14.578125,-9.1015625,-3.4335938,1.5625
2010-02-03,-3.549565,3.728187,-16.9375,14.640625,-9.311718,-3.5546875,1.6328125
2010-02-04,-3.6515713,3.7990425,-17.15625,14.734375,-9.514843,-3.6484375,1.59375
2010-02-05,-3.7189908,3.8550773,-16.90625,14.640625,-9.6640625,-3.7109375,1.5660172
2010-02-06,-3.761794,3.898435,-16.75,14.671875,-9.717968,-3.8125,1.71875
2010-02-07,-3.840842,3.944328,-16.875,14.59375,-9.8515625,-3.890625,1.7421875
2010-02-08,-3.9229314,4.021063,-16.9375,14.6015625,-10.0703125,-3.96875,1.7578125
2010-02-09,-4.020092,4.093789,-17.03125,14.5703125,-10.3203125,-4.03125,1.6328125
2010-02-10,-4.069861,4.131404,-16.90625,14.65625,-10.3671875,-4.1171875,1.609375
2010-02-11,-4.047813,4.18195,-17.0,14.6328125,-10.3671875,-4.1328125,1.8242188
2010-02-12,-4.112807,4.2590103,-17.0,14.640625,-10.5546875,-4.1796875,1.8082047
2010-02-13,-4.2424793,4.300688,-16.9375,14.609375,-10.7109375,-4.3203125,1.7730484
2010-02-14,-4.296736,4.3468866,-16.875,14.609375,-10.8359375,-4.390625,1.7457047
2010-02-15,-4.315172,4.3968105,-17.0625,14.6328125,-10.8828125,-4.4453125,1.8476562
2010-02-16,-4.215989,4.4565654,-16.84375,14.671875,-10.8828125,-4.34375,2.0039062
2010-02-17,-4.1174116,4.5682893,-16.8125,14.84375,-10.952343,-4.25,2.171875
2010-02-18,-4.288757,4.6178985,-16.8125,14.71875,-11.124218,-4.453125,2.0898438
2010-02-19,-4.274019,4.6517386,-16.78125,14.703125,-11.171093,-4.4296875,2.197071
2010-02-20,-4.2535696,4.7219505,-16.8125,14.796875,-11.2421875,-4.4140625,2.2300797
2010-02-21,-4.3469067,4.745939,-16.8125,14.734375,-11.296093,-4.5,2.2791023
2010-02-22,-4.364656,4.767984,-16.6875,14.78125,-11.3203125,-4.5078125,2.2148438
2010-02-23,-4.287399,4.80124,-16.71875,14.734375,-11.2265625,-4.46875,2.40625
2010-02-24,-4.2581,4.849051,-16.6875,14.796875,-11.2421875,-4.4492188,2.5
2010-02-25,-4.1807065,4.906921,-16.6875,14.765625,-11.2265625,-4.40625,2.6267586
2010-02-26,-4.2794604,4.9338117,-16.8125,14.828125,-11.3203125,-4.4765625,2.5351562
2010-02-27,-4.278986,4.9734,-16.84375,14.7578125,-11.374218,-4.46875,2.5
2010-02-28,-4.252135,5.0077033,-16.625,14.78125,-11.3671875,-4.453125,2.6445312
2010-03-01,-4.1827145,5.0640407,-16.6875,14.796875,-11.3515625,-4.34375,2.7460938
2010-03-02,-4.2278,5.105684,-16.75,14.8671875,-11.4296875,-4.390625,2.7382812
2010-03-03,-4.1778655,5.1597576,-16.78125,14.859375,-11.4921875,-4.34375,2.7773438
2010-03-04,-4.167485,5.182761,-16.8125,14.875,-11.4765625,-4.3203125,2.8142586
2010-03-05,-4.0650725,5.1878924,-16.71875,14.8125,-11.3515625,-4.234375,2.8398438
2010-03-06,-4.0165024,5.1852984,-16.75,14.84375,-11.249218,-4.1875,2.9509773
2010-03-07,-3.8268306,5.22955,-16.84375,14.875,-11.1484375,-3.9921875,3.2205086
2010-03-08,-3.7280667,5.26206,-16.71875,14.875,-11.1015625,-3.8671875,3.2556648
2010-03-09,-3.6131134,5.3054605,-16.90625,15.03125,-11.0078125,-3.75,3.4431648
2010-03-10,-3.561347,5.308852,-16.78125,15.078125,-10.9140625,-3.7109375,3.4296875
2010-03-11,-3.4505796,5.302583,-16.6875,15.109375,-10.7578125,-3.59375,3.5546875
2010-03-12,-3.354418,5.319378,-16.8125,15.125,-10.6796875,-3.4921875,3.6484375
2010-03-13,-3.3617973,5.3529434,-16.90625,15.15625,-10.7265625,-3.46875,3.6015625
2010-03-14,-3.3226273,5.437517,-17.03125,15.2265625,-10.8046875,-3.4296875,3.7851562
2010-03-15,-3.3362968,5.501463,-17.09375,15.2890625,-10.8984375,-3.4140625,3.8142586
2010-03-16,-3.2300155,5.524199,-17.09375,15.25,-10.8203125,-3.2734375,3.9179688
2010-03-17,-3.2831278,5.519743,-17.15625,15.3125,-10.8828125,-3.3203125,3.8203125
2010-03-18,-3.193947,5.564025,-17.15625,15.4375,-10.8359375,-3.2148438,3.96875
2010-03-19,-3.2198114,5.5726204,-17.15625,15.5078125,-10.9140625,-3.1875,3.8611336
2010-03-20,-3.1623695,5.599514,-17.21875,15.46875,-10.9140625,-3.0546875,3.9414062
2010-03-21,-2.8620214,5.657014,-17.09375,15.46875,-10.6640625,-2.7578125,4.328125
2010-03-22,-2.8362353,5.6695457,-17.125,15.6171875,-10.6640625,-2.6796875,4.2890625
2010-03-23,-2.800623,5.707051,-17.1875,15.6484375,-10.6796875,-2.6054688,4.3646507
2010-03-24,-2.65851,5.760739,-17.28125,15.8046875,-10.5859375,-2.4257812,4.572071
2010-03-25,-2.5239027,5.7735386,-17.25,15.765625,-10.4921875,-2.25,4.693165
2010-03-26,-2.4154909,5.7958674,-17.1875,15.7890625,-10.4140625,-2.109375,4.8007812
2010-03-27,-2.3701713,5.854584,-17.3125,15.875,-10.4765625,-2.0039062,4.8554688
2010-03-28,-2.394181,5.879508,-17.34375,15.984375,-10.5546875,-1.9609375,4.859375
2010-03-29,-2.3397686,5.8945675,-17.4375,15.9921875,-10.4921875,-1.8476562,4.8923836
2010-03-30,-2.2051318,5.8941765,-17.40625,16.0,-10.3828125,-1.6875,5.015625
2010-03-31,-1.9539006,5.920128,-17.25,16.0625,-10.1953125,-1.3359375,5.2578125
2010-04-01,-1.8610868,5.937284,-17.34375,16.09375,-10.1328125,-1.1835938,5.34375
2010-04-02,-1.7367748,5.963129,-17.375,16.203125,-10.0703125,-0.984375,5.4705086
2010-04-03,-1.6862371,5.9940605,-17.40625,16.25,-10.0703125,-0.8359375,5.5078125
2010-04-04,-1.6856207,6.0064707,-17.46875,16.40625,-10.1171875,-0.7734375,5.4921875
2010-04-05,-1.6024984,6.033604,-17.53125,16.46875,-10.0859375,-0.6015625,5.556446
2010-04-06,-1.3895509,6.1044908,-17.59375,16.578125,-10.0078125,-0.29296875,5.8203125
2010-04-07,-1.3574823,6.1375422,-17.71875,16.5625,-10.0390625,-0.171875,5.875
2010-04-08,-1.2736859,6.1475015,-17.6875,16.71875,-9.9921875,0.0078125,5.9453125
2010-04-09,-1.2381597,6.1228576,-17.6875,16.6875,-9.9296875,0.08984375,5.8867188
2010-04-10,-1.2130296,6.107136,-17.6875,16.734375,-9.9140625,0.1875,5.8828125
2010-04-11,-1.0154604,6.1209,-17.625,16.859375,-9.7421875,0.46484375,6.0703125
2010-04-12,-0.8482486,6.1558995,-17.59375,16.9375,-9.6640625,0.69921875,6.25
2010-04-13,-0.72718644,6.1854157,-17.46875,17.046875,-9.6015625,0.91015625,6.380665
2010-04-14,-0.66612977,6.1963825,-17.5,17.234375,-9.5859375,1.015625,6.4236336
2010-04-15,-0.41508013,6.2349043,-17.46875,17.25,-9.4296875,1.3867188,6.693165
2010-04-16,-0.257093,6.2704687,-17.53125,17.40625,-9.3515625,1.625,6.828125
2010-04-17,-0.20746405,6.2873545,-17.5625,17.53125,-9.3671875,1.7773438,6.9140625
2010-04-18,-0.2004824,6.296571,-17.625,17.59375,-9.4296875,1.9023438,6.8476562
2010-04-19,-0.08227845,6.332121,-17.6875,17.71875,-9.3828125,2.1015625,6.974415
2010-04-20,0.09171158,6.3498273,-17.6875,17.78125,-9.280468,2.3515625,7.140625
2010-04-21,0.19510242,6.3579264,-17.78125,17.984375,-9.2265625,2.5195312,7.2478523
2010-04-22,0.33684337,6.3755603,-17.8125,18.125,-9.1484375,2.7109375,7.353321
2010-04-23,0.52390265,6.387762,-17.75,18.0625,-9.0390625,2.9628906,7.5234375
2010-04-24,0.4484124,6.36306,-17.78125,18.21875,-9.1015625,2.9746094,7.4375
2010-04-25,0.4796916,6.3919716,-17.9375,18.375,-9.1484375,3.0488281,7.375
2010-04-26,0.6531335,6.427399,-17.90625,18.5,-9.0546875,3.2929688,7.5351562
2010-04-27,0.68271077,6.4487867,-18.0,18.640625,-9.1015625,3.3554688,7.5582047
2010-04-28,0.8657205,6.4713945,-18.03125,18.8125,-8.9921875,3.609375,7.71875
2010-04-29,1.0126657,6.4919887,-18.0625,18.84375,-8.9296875,3.7988281,7.862892
2010-04-30,1.1080368,6.5006237,-18.0625,19.0,-8.8828125,3.9179688,7.9861336
2010-05-01,1.2132986,6.520989,-18.125,19.09375,-8.8828125,4.078125,8.0703125
2010-05-02,1.2789837,6.5352244,-18.09375,19.296875,-8.8671875,4.1445312,8.0859375
2010-05-03,1.3239194,6.522614,-18.0,19.53125,-8.8515625,4.1933594,8.120705
2010-05-04,1.4244149,6.5329323,-18.0,19.71875,-8.8046875,4.3164062,8.183205
2010-05-05,1.5281461,6.5671353,-18.09375,19.9375,-8.8046875,4.435547,8.3203125
2010-05-06,1.516391,6.577785,-18.125,20.125,-8.8671875,4.4453125,8.265625
2010-05-07,1.5671518,6.576913,-18.0,20.1875,-8.858593,4.4960938,8.265625
2010-05-08,1.7686961,6.58459,-17.90625,20.46875,-8.7109375,4.7304688,8.4453125
2010-05-09,1.9400316,6.6083946,-17.90625,20.65625,-8.6171875,4.9375,8.60508
2010-05-10,1.916916,6.614763,-17.84375,20.8125,-8.7109375,4.9101562,8.5546875
2010-05-11,1.9681786,6.6221266,-17.90625,21.0625,-8.7109375,4.966797,8.578125
2010-05-12,2.124807,6.642318,-17.9375,21.21875,-8.6640625,5.1328125,8.769142
2010-05-13,2.2196524,6.661963,-17.9375,21.453125,-8.655468,5.2148438,8.894142
2010-05-14,2.2931666,6.6634274,-17.9375,21.59375,-8.6171875,5.28125,8.9375
2010-05-15,2.3641808,6.672808,-17.875,21.65625,-8.5859375,5.3515625,8.984375
2010-05-16,2.4497502,6.6750255,-17.8125,21.90625,-8.5546875,5.4335938,9.046875
2010-05-17,2.5236185,6.683702,-17.71875,22.09375,-8.5546875,5.484375,9.171875
2010-05-18,2.5786827,6.692572,-17.71875,22.265625,-8.5546875,5.5410156,9.1953125
2010-05-19,2.6589205,6.708661,-17.8125,22.375,-8.5703125,5.609375,9.269142
2010-05-20,2.7849674,6.7269545,-17.78125,22.53125,-8.5078125,5.720703,9.4453125
2010-05-21,2.780483,6.7379384,-17.84375,22.625,-8.6015625,5.703125,9.390625
2010-05-22,2.9122953,6.7547965,-17.90625,22.6875,-8.5703125,5.875,9.495705
2010-05-23,3.0042336,6.775296,-17.96875,22.84375,-8.5546875,5.9492188,9.578125
2010-05-24,3.1713486,6.8005877,-18.03125,23.0,-8.4765625,6.125,9.75
2010-05-25,3.2932436,6.8297477,-17.96875,23.03125,-8.4921875,6.234375,9.890625
2010-05-26,3.418954,6.8576617,-18.09375,23.125,-8.4609375,6.3476562,10.0703125
2010-05-27,3.3647964,6.8643913,-18.03125,23.28125,-8.5859375,6.28125,10.015625
2010-05-28,3.3647237,6.8622813,-18.03125,23.28125,-8.6640625,6.2460938,10.04258
2010-05-29,3.4521937,6.8759804,-18.15625,23.40625,-8.655468,6.3359375,10.1328125
2010-05-30,3.6478567,6.9019847,-18.21875,23.453125,-8.5703125,6.5195312,10.350784
2010-05-31,3.7380025,6.9260044,-18.21875,23.59375,-8.5703125,6.626953,10.456642
2010-06-01,3.7883465,6.9449162,-18.21875,23.640625,-8.6484375,6.65625,10.526955
2010-06-02,3.9222221,6.967816,-18.34375,23.75,-8.5859375,6.8027344,10.63633
2010-06-03,3.8448837,6.9806542,-18.375,23.75,-8.7578125,6.716797,10.578125
2010-06-04,3.9582562,6.992059,-18.4375,23.75,-8.7421875,6.8222656,10.671875
2010-06-05,4.0382514,7.0114417,-18.40625,23.75,-8.7421875,6.935547,10.78125
2010-06-06,4.1784844,7.0378823,-18.53125,23.75,-8.7109375,7.0898438,10.901955
2010-06-07,4.2040715,7.0702267,-18.4375,23.796875,-8.7734375,7.142578,10.964455
2010-06-08,4.1901655,7.0873227,-18.46875,23.875,-8.8515625,7.1328125,10.964455
2010-06-09,4.228089,7.090082,-18.5,23.859375,-8.8671875,7.1914062,10.984375
2010-06-10,4.4026585,7.102768,-18.65625,23.875,-8.749218,7.3828125,11.147659
2010-06-11,4.295354,7.117474,-18.65625,23.90625,-8.9453125,7.296875,11.085159
2010-06-12,4.400921,7.1264973,-18.75,23.84375,-8.8671875,7.3984375,11.159767
2010-06-13,4.5138326,7.1515203,-18.8125,23.78125,-8.8515625,7.53125,11.269142
2010-06-14,4.511734,7.1623664,-18.875,23.71875,-8.8984375,7.53125,11.296875
2010-06-15,4.6205964,7.1833777,-18.8125,23.90625,-8.8828125,7.6601562,11.4296875
2010-06-16,4.5889883,7.1978064,-18.90625,23.84375,-8.8984375,7.6464844,11.390625
2010-06-17,4.662593,7.1979885,-18.875,23.8125,-8.8359375,7.7304688,11.4921875
2010-06-18,4.725878,7.2089667,-18.84375,23.703125,-8.8046875,7.8164062,11.612892
2010-06-19,4.8501244,7.2407103,-18.90625,23.71875,-8.7734375,7.9296875,11.7734375
2010-06-20,4.9161673,7.276734,-18.90625,23.8125,-8.780468,8.015625,11.859375
2010-06-21,4.969802,7.298032,-18.875,23.9375,-8.7734375,8.1015625,11.96875
2010-06-22,4.8469887,7.31103,-18.9375,24.03125,-8.8984375,7.9804688,11.90625
2010-06-23,4.8580666,7.3107204,-18.96875,24.0625,-8.8828125,7.998047,11.9140625
2010-06-24,4.9423585,7.3249526,-19.0625,24.0625,-8.811718,8.0703125,11.9609375
2010-06-25,4.956538,7.3445473,-19.03125,23.984375,-8.8515625,8.109375,12.0
2010-06-26,5.0237284,7.365656,-19.125,24.125,-8.7890625,8.171875,12.1015625
2010-06-27,4.9809637,7.382096,-19.28125,24.296875,-8.8828125,8.125,12.066017
2010-06-28,4.818579,7.371514,-19.125,24.1875,-8.9921875,7.96875,11.8984375
2010-06-29,4.961973,7.3742766,-19.1875,24.15625,-8.874218,8.109375,12.026955
2010-06-30,5.013844,7.3978896,-19.25,24.125,-8.8359375,8.1875,12.125
2010-07-01,4.9858317,7.4040627,-19.09375,24.15625,-8.8828125,8.140625,12.081642
2010-07-02,5.038997,7.40765,-19.0625,24.1875,-8.8203125,8.2265625,12.125
2010-07-03,5.038576,7.406751,-19.09375,24.234375,-8.796093,8.2109375,12.125
2010-07-04,4.902145,7.4018025,-19.125,24.15625,-8.889843,8.09375,12.0234375
2010-07-05,5.0046563,7.406303,-19.1875,24.015625,-8.811718,8.171875,12.1171875
2010-07-06,4.9798956,7.4243984,-19.1875,24.0625,-8.8359375,8.1640625,12.125
2010-07-07,4.9206076,7.421196,-19.125,24.03125,-8.858593,8.140625,12.019142
2010-07-08,5.015129,7.4314246,-19.15625,23.984375,-8.764843,8.2265625,12.120705
2010-07-09,5.096445,7.4571404,-19.28125,24.03125,-8.7109375,8.34375,12.2421875
2010-07-10,5.0364075,7.476797,-19.3125,24.03125,-8.818749,8.28125,12.241409
2010-07-11,5.054347,7.4798703,-19.1875,24.0,-8.8515625,8.3046875,12.272659
2010-07-12,5.056154,7.4844112,-19.3125,23.96875,-8.811718,8.328125,12.2734375
2010-07-13,4.979857,7.485442,-19.3125,23.9375,-8.842968,8.2578125,12.234375
2010-07-14,4.9651756,7.4772806,-19.3125,23.90625,-8.842968,8.25,12.191017
2010-07-15,4.8593116,7.4690166,-19.53125,23.84375,-8.905468,8.136719,12.0859375
2010-07-16,4.9973745,7.4778857,-19.75,23.875,-8.764843,8.28125,12.2109375
2010-07-17,4.9543295,7.507012,-19.84375,23.859375,-8.8515625,8.2421875,12.25
2010-07-18,4.847967,7.4915113,-19.75,23.796875,-8.889843,8.171875,12.058205
2010-07-19,4.9135585,7.488107,-19.875,23.65625,-8.8515625,8.234375,12.109375
2010-07-20,4.9495225,7.5106587,-19.96875,23.640625,-8.842968,8.2890625,12.1484375
2010-07-21,4.896698,7.516331,-19.9375,23.65625,-8.905468,8.25,12.1015625
2010-07-22,4.863384,7.50485,-19.9375,23.65625,-8.8828125,8.21875,12.081642
2010-07-23,4.838657,7.4947286,-19.90625,23.640625,-8.8828125,8.1875,12.003517
2010-07-24,4.841501,7.4819903,-19.75,23.59375,-8.8515625,8.203125,11.995705
2010-07-25,4.8361454,7.4722652,-19.75,23.5625,-8.8515625,8.199219,12.003517
2010-07-26,4.7758512,7.464197,-19.78125,23.453125,-8.9296875,8.1640625,11.925392
2010-07-27,4.8911533,7.4714556,-20.0,23.375,-8.8046875,8.265625,12.046875
2010-07-28,4.8671365,7.483943,-19.9375,23.328125,-8.8359375,8.2421875,12.066017
2010-07-29,4.891309,7.4793673,-19.9375,23.28125,-8.8046875,8.265625,12.125
2010-07-30,4.9761834,7.4892545,-19.9375,23.28125,-8.7734375,8.328125,12.25
2010-07-31,4.831539,7.4796734,-19.875,23.21875,-8.8828125,8.171875,12.128517
2010-08-01,4.705464,7.439863,-19.75,23.109375,-8.8828125,8.046875,11.953125
2010-08-02,4.7424874,7.4195566,-19.6875,23.046875,-8.8359375,8.0859375,11.956642
2010-08-03,4.7047534,7.410617,-19.65625,23.03125,-8.8359375,8.058594,11.913284
2010-08-04,4.673383,7.388619,-19.71875,23.046875,-8.8359375,8.0234375,11.78125
2010-08-05,4.6202836,7.3629184,-19.6875,22.9375,-8.8359375,7.9453125,11.703125
2010-08-06,4.6281557,7.3334184,-19.53125,22.9375,-8.796093,7.939453,11.6796875
2010-08-07,4.644097,7.3087497,-19.21875,22.90625,-8.7265625,7.953125,11.6953125
2010-08-08,4.641645,7.2948875,-19.46875,22.6875,-8.7421875,7.953125,11.675392
2010-08-09,4.5688453,7.29121,-19.625,22.71875,-8.8046875,7.8828125,11.609375
2010-08-10,4.616515,7.283268,-19.59375,22.6875,-8.7734375,7.9453125,11.6171875
2010-08-11,4.4772835,7.262725,-19.5625,22.65625,-8.842968,7.8046875,11.4296875
2010-08-12,4.5400457,7.235303,-19.5625,22.53125,-8.733593,7.8359375,11.484375
2010-08-13,4.449476,7.211202,-19.625,22.46875,-8.7734375,7.716797,11.370705
2010-08-14,4.5194745,7.178006,-19.53125,22.421875,-8.6484375,7.783203,11.421875
2010-08-15,4.5928574,7.1718855,-19.5625,22.46875,-8.5546875,7.8515625,11.5234375
2010-08-16,4.4516387,7.1466126,-19.59375,22.4375,-8.655468,7.6953125,11.375
2010-08-17,4.2800975,7.0909333,-19.65625,22.28125,-8.6953125,7.4882812,11.159767
2010-08-18,4.303348,7.0470967,-19.65625,22.1875,-8.608593,7.5214844,11.109375
2010-08-19,4.5101275,7.035511,-19.5,22.1875,-8.3828125,7.734375,11.284767
2010-08-20,4.405871,7.0072446,-19.46875,22.125,-8.452343,7.5878906,11.183205
2010-08-21,4.3302174,6.9527335,-19.40625,21.96875,-8.4140625,7.46875,11.089455
2010-08-22,4.4157395,6.9260054,-19.40625,21.90625,-8.2734375,7.544922,11.171875
2010-08-23,4.377681,6.9178014,-19.53125,21.9375,-8.2578125,7.4921875,11.15625
2010-08-24,4.2047095,6.866895,-19.1875,21.78125,-8.358593,7.3125,10.875
2010-08-25,4.186741,6.8278265,-19.40625,21.71875,-8.327343,7.265625,10.8203125
2010-08-26,4.374605,6.8195214,-19.4375,21.625,-8.1328125,7.4570312,11.0078125
2010-08-27,4.3435993,6.8069158,-19.375,21.65625,-8.139843,7.40625,10.995705
2010-08-28,4.16189,6.7538223,-19.25,21.625,-8.217968,7.1796875,10.75
2010-08-29,4.216296,6.703761,-18.9375,21.5,-8.046093,7.1875,10.7578125
2010-08-30,4.274243,6.657648,-18.875,21.34375,-7.9140625,7.234375,10.828125
2010-08-31,4.183882,6.6177893,-19.0,21.34375,-7.9523435,7.1484375,10.703125
2010-09-01,4.112066,6.578577,-19.09375,21.328125,-7.9296875,7.046875,10.597267
2010-09-02,4.0652747,6.5461144,-19.09375,21.265625,-7.9296875,6.9921875,10.464455
2010-09-03,4.1705613,6.5117097,-19.09375,21.203125,-7.7648435,7.048828,10.6328125
2010-09-04,4.017416,6.4606395,-19.0,21.25,-7.7890625,6.8671875,10.394142
2010-09-05,4.054645,6.4153314,-18.8125,21.078125,-7.6867185,6.8828125,10.3828125
2010-09-06,3.9475935,6.363694,-18.65625,21.03125,-7.6796875,6.7382812,10.269142
2010-09-07,3.8857508,6.3080173,-18.65625,20.9375,-7.6328125,6.626953,10.125
2010-09-08,3.9489768,6.2667437,-18.5625,20.8125,-7.5234375,6.685547,10.1875
2010-09-09,3.9300358,6.211667,-18.5,20.71875,-7.4140625,6.6328125,10.140625
2010-09-10,3.8193889,6.1482754,-18.65625,20.640625,-7.3828125,6.4609375,10.0078125
2010-09-11,3.872145,6.099529,-18.375,20.625,-7.2492185,6.5,10.015625
2010-09-12,3.9025195,6.074226,-18.28125,20.53125,-7.1953125,6.5,10.058205
2010-09-13,3.6548312,5.999508,-18.4375,20.46875,-7.2648435,6.2402344,9.714455
2010-09-14,3.6640673,5.960322,-18.53125,20.5,-7.2109375,6.2148438,9.6796875
2010-09-15,3.686217,5.927529,-18.5,20.390625,-7.1484375,6.21875,9.6796875
2010-09-16,3.5678709,5.872967,-18.71875,20.40625,-7.1484375,6.0625,9.5546875
2010-09-17,3.3591084,5.7795935,-18.5625,20.21875,-7.1484375,5.8125,9.23008
2010-09-18,3.4175282,5.708621,-18.21875,20.09375,-6.9296875,5.8203125,9.284767
2010-09-19,3.4054847,5.650162,-18.09375,20.09375,-6.8359375,5.7460938,9.234375
2010-09-20,3.4148653,5.609886,-18.03125,20.046875,-6.7734375,5.734375,9.214455
2010-09-21,3.36507,5.5610137,-18.09375,19.875,-6.7179685,5.6484375,9.1171875
2010-09-22,3.3815746,5.508357,-18.03125,19.890625,-6.6171875,5.626953,9.1171875
2010-09-23,3.2630804,5.4534445,-18.0,19.828125,-6.6085935,5.4492188,8.964455
2010-09-24,3.3301408,5.4198337,-18.0625,19.6875,-6.4921875,5.498047,9.0078125
2010-09-25,3.2800522,5.375362,-18.03125,19.65625,-6.4609375,5.3867188,8.987892
2010-09-26,3.1730254,5.3161364,-18.125,19.625,-6.4296875,5.2578125,8.8046875
2010-09-27,3.059157,5.2410855,-18.0,19.4375,-6.4140625,5.091797,8.616409
2010-09-28,2.990365,5.175838,-18.09375,19.3125,-6.3359375,4.9648438,8.453125
2010-09-29,2.9345524,5.1075487,-18.0,19.125,-6.2890625,4.8710938,8.347267
2010-09-30,2.9471393,5.065402,-17.9375,19.0625,-6.1875,4.859375,8.3203125
2010-10-01,2.8330994,5.0352554,-18.03125,18.921875,-6.2578125,4.7148438,8.1875
2010-10-02,2.7377312,4.9920564,-18.09375,18.71875,-6.2734375,4.5859375,8.058205
2010-10-03,2.6084886,4.9261794,-18.125,18.59375,-6.2492185,4.451172,7.8359375
2010-10-04,2.4619942,4.8534517,-18.125,18.40625,-6.2421875,4.2441406,7.612892
2010-10-05,2.3416674,4.757718,-18.0,18.3125,-6.1484375,4.0546875,7.390625
2010-10-06,2.3383715,4.7002854,-17.9375,18.203125,-6.0390625,4.046875,7.368946
2010-10-07,2.2532234,4.6448965,-17.90625,18.0,-6.0390625,3.9238281,7.181446
2010-10-08,2.1496708,4.590346,-17.96875,17.765625,-6.0304685,3.7910156,7.0273438
2010-10-09,2.0803668,4.540018,-18.03125,17.578125,-5.984375,3.6875,6.9257812
2010-10-10,2.0971587,4.4827724,-17.96875,17.5625,-5.8515625,3.6699219,6.894142
2010-10-11,2.0070164,4.425175,-18.0,17.34375,-5.8359375,3.515625,6.7539062
2010-10-12,1.8360469,4.3566213,-17.9375,17.234375,-5.859375,3.296875,6.556446
2010-10-13,1.7068559,4.284549,-17.90625,17.0625,-5.8359375,3.1367188,6.353321
2010-10-14,1.6568683,4.2206345,-17.84375,16.75,-5.75,3.0273438,6.2734375
2010-10-15,1.6039792,4.166633,-17.8125,16.5625,-5.7109375,2.9765625,6.1914062
2010-10-16,1.4892412,4.107907,-17.875,16.453125,-5.6953125,2.8125,5.9921875
2010-10-17,1.4614011,4.0694294,-17.875,16.34375,-5.6328125,2.7539062,5.9375
2010-10-18,1.2618846,3.9943638,-17.8125,16.3125,-5.65625,2.5078125,5.6875
2010-10-19,1.2653846,3.9552495,-17.75,16.15625,-5.5859375,2.4921875,5.6601562
2010-10-20,1.4022924,3.9338317,-17.90625,16.015625,-5.4140625,2.625,5.7925797
2010-10-21,1.2693598,3.875742,-17.90625,15.890625,-5.4140625,2.4335938,5.6210938
2010-10-22,1.0950795,3.7916102,-17.9375,15.8203125,-5.3898435,2.2148438,5.349415
2010-10-23,1.1735067,3.7558322,-17.90625,15.6328125,-5.241406,2.2792969,5.4335938
2010-10-24,1.1493208,3.703526,-17.90625,15.609375,-5.1554685,2.2148438,5.3398438
2010-10-25,1.091804,3.6705136,-17.875,15.6015625,-5.125,2.140625,5.2773438
2010-10-26,0.8691367,3.6161091,-17.875,15.546875,-5.234375,1.875,5.0074234
2010-10-27,0.80882394,3.566596,-17.90625,15.4921875,-5.1796875,1.7773438,4.8789062
2010-10-28,0.74550694,3.5000784,-17.90625,15.3046875,-5.0859375,1.6992188,4.75
2010-10-29,0.6440467,3.442811,-17.9375,15.203125,-5.0894527,1.546875,4.5976562
2010-10-30,0.53122395,3.4038837,-17.875,15.0,-5.09375,1.40625,4.4492188
2010-10-31,0.5237021,3.3569658,-17.875,14.8828125,-5.0,1.3671875,4.4041023
2010-11-01,0.468981,3.2925382,-17.875,14.8203125,-4.921875,1.28125,4.2986336
2010-11-02,0.51138586,3.2420886,-17.84375,14.609375,-4.788281,1.296875,4.3203125
2010-11-03,0.47922683,3.2154388,-17.75,14.46875,-4.78125,1.2578125,4.2460938
2010-11-04,0.33878583,3.1769898,-17.71875,14.40625,-4.8359375,1.078125,4.109375
2010-11-05,0.17170717,3.1327534,-17.71875,14.1796875,-4.90625,0.890625,3.875
2010-11-06,0.13015094,3.102798,-17.71875,14.0703125,-4.8828125,0.8359375,3.8164062
2010-11-07,0.04894383,3.054409,-17.6875,13.921875,-4.8515625,0.703125,3.687111
2010-11-08,0.20456517,3.032361,-17.65625,13.84375,-4.6328125,0.8671875,3.875
2010-11-09,0.15896092,2.997369,-17.84375,13.8125,-4.59375,0.8125,3.7539062
2010-11-10,0.011924488,2.971546,-17.84375,13.5859375,-4.703125,0.6484375,3.5837898
2010-11-11,-0.19917017,2.919261,-17.78125,13.40625,-4.8125,0.390625,3.3125
2010-11-12,-0.13312604,2.8831162,-17.8125,13.3125,-4.6640625,0.453125,3.3710938
2010-11-13,-0.27008963,2.8432093,-17.8125,13.328125,-4.6640625,0.296875,3.1853523
2010-11-14,-0.4156776,2.820384,-17.8125,13.25,-4.7734375,0.1171875,3.0369148
2010-11-15,-0.48918003,2.788966,-17.84375,13.09375,-4.7769527,0.0234375,2.9119148
2010-11-16,-0.56730145,2.734713,-17.75,13.0703125,-4.7265625,-0.0703125,2.7574234
2010-11-17,-0.56070876,2.7174366,-17.6875,12.9375,-4.71875,-0.1015625,2.7734375
2010-11-18,-0.5530345,2.693863,-17.75,12.7578125,-4.6484375,-0.109375,2.8455086
2010-11-19,-0.6883443,2.6533785,-17.8125,12.734375,-4.6875,-0.265625,2.5976562
2010-11-20,-0.77429795,2.6294723,-17.6875,12.6953125,-4.7421875,-0.375,2.530861
2010-11-21,-0.7713991,2.5953553,-17.6875,12.65625,-4.6554685,-0.3671875,2.4804688
2010-11-22,-0.85619533,2.569078,-17.59375,12.640625,-4.671875,-0.484375,2.3806648
2010-11-23,-0.9554584,2.5386322,-17.5,12.5390625,-4.7265625,-0.6015625,2.2421875
2010-11-24,-0.92575794,2.5146766,-17.40625,12.4375,-4.6328125,-0.5859375,2.2773438
2010-11-25,-0.7428442,2.5065193,-17.46875,12.328125,-4.4296875,-0.40625,2.4453125
2010-11-26,-0.88871455,2.4741082,-17.5625,12.375,-4.5078125,-0.55859375,2.25
2010-11-27,-0.8972106,2.4728887,-17.5625,12.4375,-4.5234375,-0.5859375,2.2265625
2010-11-28,-1.0772504,2.444706,-17.59375,12.3515625,-4.6328125,-0.78125,2.0429688
2010-11-29,-1.0977203,2.4274094,-17.4375,12.2421875,-4.6484375,-0.8046875,2.0859375
2010-11-30,-1.1470984,2.4020042,-17.3125,12.171875,-4.6171875,-0.859375,1.9722672
2010-12-01,-1.005316,2.4100626,-17.40625,12.1953125,-4.484375,-0.7421875,2.140625
2010-12-02,-1.1825864,2.382626,-17.375,12.1640625,-4.609375,-0.91796875,1.8962898
2010-12-03,-1.1101675,2.3749936,-17.4375,12.0859375,-4.5234375,-0.8515625,1.9492188
2010-12-04,-1.1771642,2.3466592,-17.40625,12.109375,-4.5390625,-0.9375,1.8476562
2010-12-05,-1.1508281,2.3429446,-17.375,12.1015625,-4.5,-0.90625,1.8984375
2010-12-06,-1.2412642,2.3355546,-17.28125,12.125,-4.5546875,-1.03125,1.7730484
2010-12-07,-1.3712382,2.3150144,-17.3125,12.0078125,-4.671875,-1.1640625,1.6640625
2010-12-08,-1.1263782,2.3183296,-17.3125,12.15625,-4.4140625,-0.921875,1.8824234
2010-12-09,-1.220093,2.3180814,-17.40625,12.234375,-4.484375,-1.03125,1.8203125
2010-12-10,-1.3446219,2.3202279,-17.375,12.1875,-4.609375,-1.1757812,1.7109375
2010-12-11,-1.4499974,2.3003876,-17.28125,12.140625,-4.671875,-1.3046875,1.5347672
2010-12-12,-1.4726768,2.2909837,-17.28125,12.0234375,-4.703125,-1.3125,1.5078125
2010-12-13,-1.611977,2.277631,-17.21875,12.1015625,-4.796875,-1.484375,1.3515625
2010-12-14,-1.5935545,2.2793133,-17.15625,12.09375,-4.78125,-1.4609375,1.3515625
2010-12-15,-1.55719,2.2722082,-17.15625,12.0625,-4.7421875,-1.4375,1.359375
2010-12-16,-1.3924142,2.27287,-17.21875,12.0859375,-4.6171875,-1.2734375,1.5660172
2010-12-17,-1.4353443,2.289865,-17.15625,12.15625,-4.6484375,-1.296875,1.5
2010-12-18,-1.4703228,2.2701216,-17.0,12.1875,-4.6554685,-1.3515625,1.4453125
2010-12-19,-1.4435213,2.3015838,-17.09375,12.171875,-4.6875,-1.3203125,1.53125
2010-12-20,-1.4829376,2.2932634,-17.0625,12.1796875,-4.71875,-1.3671875,1.46875
2010-12-21,-1.5904409,2.3026485,-17.09375,12.1328125,-4.8316402,-1.484375,1.3828125
2010-12-22,-1.5876948,2.295394,-17.15625,12.15625,-4.78125,-1.484375,1.3828125
2010-12-23,-1.6269116,2.3121917,-17.15625,12.015625,-4.890625,-1.5390625,1.359375
2010-12-24,-1.701949,2.3327804,-17.09375,12.015625,-5.0,-1.6015625,1.3046875
2010-12-25,-1.778774,2.3516636,-17.0625,12.140625,-5.09375,-1.703125,1.2691422
2010-12-26,-1.9176105,2.348362,-17.0625,12.1015625,-5.2734375,-1.8320312,1.1207047
2010-12-27,-1.9178593,2.3693893,-17.09375,12.1015625,-5.350781,-1.828125,1.15625
2010-12-28,-1.9318076,2.3728995,-17.03125,12.140625,-5.335156,-1.859375,1.1328125
2010-12-29,-1.9954746,2.3876233,-16.96875,12.1484375,-5.5078125,-1.90625,1.1128922
2010-12-30,-1.9077238,2.414316,-16.78125,12.2421875,-5.4765625,-1.8203125,1.2265625
2010-12-31,-1.9151393,2.4320104,-16.8125,12.2890625,-5.4835935,-1.828125,1.2421875
2011-01-01,-1.9053686,2.4402733,-16.71875,12.21875,-5.46875,-1.8242188,1.21875
2011-01-02,-1.9821336,2.4614294,-16.65625,12.1875,-5.5859375,-1.90625,1.1875
2011-01-03,-1.9071803,2.4847076,-16.71875,12.3125,-5.53125,-1.8515625,1.296875
2011-01-04,-2.0454166,2.500319,-16.625,12.3046875,-5.765625,-1.984375,1.1476593
2011-01-05,-2.0785108,2.5248227,-16.625,12.2734375,-5.859375,-2.0,1.1753922
2011-01-06,-2.0030024,2.546304,-16.65625,12.2578125,-5.859375,-1.9296875,1.296875
2011-01-07,-1.9991415,2.5882201,-16.59375,12.4375,-5.9140625,-1.9296875,1.3941422
2011-01-08,-2.160782,2.6099112,-16.5625,12.375,-6.109375,-2.1015625,1.2222672
2011-01-09,-2.024248,2.653457,-16.46875,12.421875,-6.09375,-1.9296875,1.4140625
2011-01-10,-2.0231156,2.6895537,-16.46875,12.515625,-6.1171875,-1.953125,1.46875
2011-01-11,-2.2151833,2.72399,-16.46875,12.515625,-6.3984375,-2.1484375,1.3203125
2011-01-12,-2.252889,2.7558243,-16.4375,12.578125,-6.4992185,-2.1953125,1.3472672
2011-01-13,-2.3854232,2.7647529,-16.375,12.4375,-6.6171875,-2.34375,1.234375
2011-01-14,-2.2566476,2.7408526,-16.1875,12.5625,-6.3984375,-2.2421875,1.3828125
2011-01-15,-2.1142807,2.7855074,-16.125,12.546875,-6.3046875,-2.09375,1.7222672
2011-01-16,-2.2976427,2.8189151,-16.125,12.546875,-6.5703125,-2.2890625,1.5859375
2011-01-17,-2.3775198,2.8488827,-16.125,12.390625,-6.7421875,-2.359375,1.515625
2011-01-18,-2.3903806,2.917478,-16.3125,12.5078125,-6.8898435,-2.34375,1.4765625
2011-01-19,-2.428247,2.953777,-16.28125,12.546875,-6.9921875,-2.3828125,1.5625
2011-01-20,-2.466008,2.9858794,-16.5,12.546875,-7.0546875,-2.4257812,1.640625
2011-01-21,-2.4915516,3.0453856,-16.53125,12.5234375,-7.2578125,-2.453125,1.6796875
2011-01-22,-2.6675801,3.0835862,-16.5,12.5625,-7.5078125,-2.59375,1.46875
2011-01-23,-2.7735543,3.1161976,-16.40625,12.703125,-7.6242185,-2.734375,1.421875
2011-01-24,-2.8291485,3.169927,-16.5,12.6015625,-7.8046875,-2.7734375,1.421875
2011-01-25,-2.8941138,3.2440279,-16.78125,12.7734375,-8.0234375,-2.8359375,1.453125
2011-01-26,-3.0172803,3.3061981,-16.9375,12.734375,-8.2265625,-2.9609375,1.4097672
2011-01-27,-3.1659243,3.3570004,-17.09375,12.78125,-8.4609375,-3.109375,1.3394547
2011-01-28,-3.297837,3.4099245,-17.15625,12.8125,-8.6796875,-3.25,1.2847672
2011-01-29,-3.3965583,3.4644244,-16.96875,12.984375,-8.8828125,-3.3671875,1.1953125
2011-01-30,-3.4540985,3.4903717,-16.9375,12.8046875,-8.9296875,-3.4609375,1.28125
2011-01-31,-3.5703776,3.529034,-16.96875,12.921875,-9.0703125,-3.546875,1.296875
2011-02-01,-3.663838,3.5583038,-16.9375,12.9453125,-9.2109375,-3.671875,1.2265625
2011-02-02,-3.4645832,3.6075695,-16.6875,13.015625,-9.0703125,-3.4882812,1.515625
2011-02-03,-3.5687187,3.707019,-16.78125,13.1484375,-9.3203125,-3.6015625,1.5859375
2011-02-04,-3.6711607,3.7768474,-17.0,13.3125,-9.5234375,-3.6796875,1.5503922
2011-02-05,-3.7394226,3.8327487,-16.71875,13.2421875,-9.6640625,-3.7851562,1.5078125
2011-02-06,-3.7832162,3.8775282,-16.625,13.3046875,-9.7109375,-3.859375,1.6597672
2011-02-07,-3.86273,3.9245267,-16.75,13.2265625,-9.8671875,-3.9296875,1.6640625
2011-02-08,-3.9451175,4.0010753,-16.9375,13.28125,-10.0859375,-4.015625,1.7109375
2011-02-09,-4.0428405,4.073451,-17.0625,13.265625,-10.3359375,-4.09375,1.5390625
2011-02-10,-4.092635,4.110595,-16.9375,13.4375,-10.3828125,-4.1640625,1.5078125
2011-02-11,-4.071453,4.162227,-16.90625,13.4453125,-10.3515625,-4.1875,1.734375
2011-02-12,-4.137069,4.2398796,-17.15625,13.484375,-10.561718,-4.25,1.71875
2011-02-13,-4.267089,4.2806683,-17.34375,13.5078125,-10.7109375,-4.3828125,1.6753922
2011-02-14,-4.321974,4.3296237,-17.53125,13.5078125,-10.8359375,-4.453125,1.6171875
2011-02-15,-4.34146,4.379566,-17.8125,13.59375,-10.8984375,-4.5,1.7421875
2011-02-16,-4.2428756,4.4413505,-17.84375,13.6640625,-10.8671875,-4.3984375,1.90625
2011-02-17,-4.145162,4.552801,-17.96875,13.921875,-10.9609375,-4.3046875,2.087696
2011-02-18,-4.3168893,4.6021004,-17.96875,13.8125,-11.139843,-4.46875,2.0039062
2011-02-19,-4.3023505,4.6365724,-18.0,13.796875,-11.1484375,-4.453125,2.0816422
2011-02-20,-4.2820563,4.7075825,-17.8125,13.953125,-11.2421875,-4.4140625,2.1328125
2011-02-21,-4.3762484,4.7323546,-17.84375,13.90625,-11.2890625,-4.5390625,2.2148438
2011-02-22,-4.394681,4.754643,-17.78125,14.0,-11.3046875,-4.5546875,2.125
2011-02-23,-4.3175,4.790319,-17.84375,13.9609375,-11.2109375,-4.484375,2.312111
2011-02-24,-4.288531,4.837687,-17.875,14.078125,-11.233593,-4.484375,2.3984375
2011-02-25,-4.2119966,4.896444,-17.6875,14.0703125,-11.1953125,-4.3984375,2.5195312
2011-02-26,-4.310595,4.9228444,-17.65625,14.171875,-11.3359375,-4.5,2.4353523
2011-02-27,-4.310518,4.963644,-17.6875,14.109375,-11.374218,-4.46875,2.4257812
2011-02-28,-4.283997,4.9991207,-17.6875,14.15625,-11.3515625,-4.453125,2.546875
2011-03-01,-4.2155933,5.0546803,-17.5625,14.203125,-11.3515625,-4.375,2.6445312
2011-03-02,-4.260854,5.097135,-17.6875,14.3125,-11.4140625,-4.390625,2.6640625
2011-03-03,-4.2107778,5.1527166,-17.875,14.328125,-11.4765625,-4.3359375,2.7070312
2011-03-04,-4.200725,5.174939,-17.75,14.359375,-11.4765625,-4.3203125,2.7109375
2011-03-05,-4.09801,5.181844,-17.65625,14.3046875,-11.342968,-4.25,2.7890625
2011-03-06,-4.049371,5.178527,-17.5,14.359375,-11.2109375,-4.203125,2.875
2011-03-07,-3.859496,5.225043,-17.59375,14.421875,-11.1015625,-3.9960938,3.1267586
2011-03-08,-3.7611573,5.257331,-17.59375,14.4375,-11.0703125,-3.875,3.1796875
2011-03-09,-3.6465101,5.301324,-17.3125,14.65625,-10.9765625,-3.7851562,3.3707047
2011-03-10,-3.5955558,5.3041897,-17.21875,14.734375,-10.9140625,-3.7265625,3.3980484
2011-03-11,-3.485269,5.2988667,-17.0625,14.78125,-10.7578125,-3.609375,3.5117188
2011-03-12,-3.389179,5.3166227,-16.96875,14.796875,-10.7109375,-3.515625,3.5898438
2011-03-13,-3.396891,5.3495803,-16.875,14.84375,-10.7578125,-3.4882812,3.5859375
2011-03-14,-3.3584208,5.4340796,-16.84375,14.9453125,-10.811718,-3.4296875,3.7457047
2011-03-15,-3.3727567,5.49867,-16.84375,15.046875,-10.9140625,-3.4296875,3.759571
2011-03-16,-3.2662063,5.5220594,-16.8125,14.984375,-10.8515625,-3.3203125,3.8806648
2011-03-17,-3.3187835,5.5168085,-16.75,15.046875,-10.8828125,-3.3046875,3.7929688
2011-03-18,-3.2307968,5.560882,-16.78125,15.2109375,-10.8515625,-3.1914062,3.9257812
2011-03-19,-3.257324,5.568182,-16.78125,15.28125,-10.9296875,-3.1796875,3.8476562
2011-03-20,-3.2007415,5.595806,-16.8125,15.2421875,-10.9296875,-3.1132812,3.9023438
2011-03-21,-2.900342,5.655912,-16.53125,15.234375,-10.6796875,-2.8007812,4.3085938
2011-03-22,-2.8740506,5.6669383,-16.65625,15.390625,-10.6953125,-2.7148438,4.290821
2011-03-23,-2.839493,5.704355,-16.625,15.4375,-10.7109375,-2.6757812,4.349415
2011-03-24,-2.699286,5.7569914,-16.71875,15.609375,-10.6015625,-2.4765625,4.5429688
2011-03-25,-2.5659142,5.77051,-16.6875,15.5703125,-10.5078125,-2.3125,4.6601562
2011-03-26,-2.458101,5.7928953,-16.625,15.5859375,-10.436718,-2.1796875,4.7695312
2011-03-27,-2.4136407,5.851264,-16.75,15.671875,-10.4921875,-2.0546875,4.8142586
2011-03-28,-2.4388435,5.8775673,-16.71875,15.7890625,-10.5859375,-2.0234375,4.7947273
2011-03-29,-2.3852036,5.891528,-16.8125,15.765625,-10.5390625,-1.9375,4.8125
2011-03-30,-2.2515,5.8921113,-16.78125,15.765625,-10.4140625,-1.7578125,4.962696
2011-03-31,-2.0013196,5.91919,-16.625,15.796875,-10.2265625,-1.4296875,5.2304688
2011-04-01,-1.9095016,5.9357257,-16.71875,15.78125,-10.1640625,-1.234375,5.318165
2011-04-02,-1.7871958,5.960198,-16.71875,15.8671875,-10.061718,-1.0703125,5.4488297
2011-04-03,-1.7377458,5.991257,-16.78125,15.90625,-10.0859375,-0.9765625,5.4804688
2011-04-04,-1.7378299,6.0026603,-16.8125,16.0625,-10.1484375,-0.8671875,5.4666023
2011-04-05,-1.6559349,6.0300155,-16.84375,16.09375,-10.1015625,-0.73828125,5.5486336
2011-04-06,-1.4439979,6.102562,-16.9375,16.1875,-10.0234375,-0.42578125,5.800392
2011-04-07,-1.4130911,6.134575,-17.03125,16.140625,-10.0703125,-0.3125,5.8238297
2011-04-08,-1.3295841,6.14574,-17.0,16.265625,-10.0078125,-0.203125,5.911915
2011-04-09,-1.2943109,6.1204996,-17.0,16.1875,-9.9609375,-0.0859375,5.8671875
2011-04-10,-1.2695779,6.103301,-16.9375,16.15625,-9.9296875,-0.015625,5.8632812
2011-04-11,-1.0729179,6.117882,-16.84375,16.265625,-9.7734375,0.21875,6.025196
2011-04-12,-0.9073249,6.154815,-16.84375,16.34375,-9.7109375,0.515625,6.2421875
2011-04-13,-0.7868776,6.1838655,-16.75,16.453125,-9.6484375,0.70703125,6.378517
2011-04-14,-0.72600454,6.194815,-16.78125,16.65625,-9.6328125,0.83203125,6.415821
2011-04-15,-0.4761001,6.235536,-16.71875,16.671875,-9.4609375,1.1601562,6.6875
2011-04-16,-0.31898212,6.271509,-16.8125,16.828125,-9.3984375,1.46875,6.828125
2011-04-17,-0.2695893,6.289108,-16.84375,16.984375,-9.4140625,1.5703125,6.875
2011-04-18,-0.2626428,6.2991433,-16.90625,17.046875,-9.4609375,1.671875,6.84375
2011-04-19,-0.14510028,6.3348527,-16.9375,17.171875,-9.4296875,1.890625,6.953125
2011-04-20,0.028745608,6.3537064,-16.9375,17.234375,-9.3203125,2.1367188,7.1289062
2011-04-21,0.13238443,6.362338,-17.03125,17.453125,-9.2890625,2.3066406,7.25
2011-04-22,0.27379963,6.3810554,-17.0625,17.59375,-9.2109375,2.515625,7.3476562
2011-04-23,0.46060026,6.3942904,-17.03125,17.546875,-9.0859375,2.8105469,7.5351562
2011-04-24,0.3854634,6.368304,-17.0625,17.71875,-9.1640625,2.7382812,7.415821
2011-04-25,0.41648674,6.3992476,-17.21875,17.890625,-9.2109375,2.8671875,7.3828125
2011-04-26,0.5894931,6.4352365,-17.15625,18.03125,-9.1328125,3.1289062,7.5582047
2011-04-27,0.6188539,6.4568524,-17.28125,18.1875,-9.1796875,3.234375,7.53125
2011-04-28,0.8015236,6.480318,-17.28125,18.359375,-9.0703125,3.5078125,7.6953125
2011-04-29,0.9487046,6.5018516,-17.34375,18.40625,-9.0078125,3.7226562,7.818165
2011-04-30,1.0437356,6.511521,-17.34375,18.5625,-8.9921875,3.8457031,7.931446
2011-05-01,1.1493655,6.5343385,-17.40625,18.671875,-8.9609375,4.0039062,8.0390625
2011-05-02,1.2151151,6.548202,-17.375,18.890625,-8.9453125,4.0996094,8.0546875
2011-05-03,1.2607437,6.5353236,-17.3125,19.125,-8.9140625,4.1621094,8.078125
2011-05-04,1.3610402,6.546133,-17.3125,19.328125,-8.8828125,4.3164062,8.144142
2011-05-05,1.4641037,6.57977,-17.4375,19.5625,-8.8828125,4.4570312,8.284767
2011-05-06,1.4517053,6.590508,-17.46875,19.78125,-8.9296875,4.470703,8.1875
2011-05-07,1.5015329,6.5900283,-17.375,19.875,-8.9296875,4.5078125,8.1953125
2011-05-08,1.7027613,6.598111,-17.3125,20.1875,-8.7734375,4.7441406,8.401955
2011-05-09,1.8734121,6.6225405,-17.34375,20.375,-8.6796875,4.9570312,8.5625
2011-05-10,1.8499632,6.6289268,-17.3125,20.5625,-8.7734375,4.8964844,8.530472
2011-05-11,1.9012009,6.636813,-17.40625,20.84375,-8.7734375,4.955078,8.5234375
2011-05-12,2.0571587,6.655989,-17.4375,21.03125,-8.6953125,5.1171875,8.6875
2011-05-13,2.150737,6.6757045,-17.46875,21.28125,-8.6953125,5.203125,8.816017
2011-05-14,2.2231715,6.677005,-17.5,21.4375,-8.6640625,5.2421875,8.8671875
2011-05-15,2.293053,6.6861186,-17.59375,21.546875,-8.6484375,5.3125,8.91758
2011-05-16,2.3783689,6.688198,-17.59375,21.8125,-8.6015625,5.3535156,8.9921875
2011-05-17,2.4515355,6.698078,-17.6875,22.03125,-8.592968,5.421875,9.09375
2011-05-18,2.5059395,6.7069016,-17.6875,22.234375,-8.6328125,5.4726562,9.097267
2011-05-19,2.5852695,6.722287,-17.6875,22.375,-8.6640625,5.5546875,9.191017
2011-05-20,2.710923,6.7404513,-17.71875,22.5625,-8.6015625,5.6835938,9.3125
2011-05-21,2.7060065,6.750614,-17.875,22.671875,-8.6640625,5.625,9.29258
2011-05-22,2.8369153,6.768359,-17.9375,22.78125,-8.6171875,5.7695312,9.3828125
2011-05-23,2.9286,6.7885847,-18.0,22.96875,-8.6328125,5.8554688,9.5
2011-05-24,3.095685,6.8136983,-18.0625,23.140625,-8.5703125,6.0078125,9.66758
2011-05-25,3.2171075,6.8423834,-18.0,23.21875,-8.5703125,6.1171875,9.8203125
2011-05-26,3.3416903,6.8708935,-18.125,23.34375,-8.5390625,6.2421875,9.983597
2011-05-27,3.287635,6.876812,-18.0625,23.515625,-8.6328125,6.15625,9.913284
2011-05-28,3.288099,6.875169,-18.0625,23.53125,-8.702343,6.1484375,9.9140625
2011-05-29,3.3765836,6.8888087,-18.15625,23.65625,-8.7265625,6.2402344,10.015625
2011-05-30,3.5728319,6.916724,-18.21875,23.75,-8.6328125,6.4453125,10.2578125
2011-05-31,3.6637237,6.941304,-18.25,23.890625,-8.6484375,6.5273438,10.3203125
2011-06-01,3.7149358,6.9608736,-18.25,23.96875,-8.702343,6.5703125,10.378517
2011-06-02,3.8497128,6.9829745,-18.375,24.09375,-8.6640625,6.703125,10.5234375
2011-06-03,3.7728305,6.9973907,-18.40625,24.109375,-8.8203125,6.626953,10.464455
2011-06-04,3.8882382,7.0098324,-18.4375,24.15625,-8.764843,6.732422,10.60508
2011-06-05,3.9694812,7.031208,-18.40625,24.15625,-8.8046875,6.861328,10.703125
2011-06-06,4.111795,7.0594163,-18.53125,24.1875,-8.7734375,7.015625,10.866409
2011-06-07,4.1392007,7.092431,-18.4375,24.25,-8.8828125,7.0507812,10.901955
2011-06-08,4.1273794,7.109344,-18.46875,24.328125,-8.9921875,7.046875,10.894142
2011-06-09,4.1674047,7.114729,-18.5625,24.296875,-8.9921875,7.0859375,10.944534
2011-06-10,4.3452563,7.1280427,-18.65625,24.3125,-8.8828125,7.2734375,11.100006
2011-06-11,4.2397003,7.1446085,-18.65625,24.34375,-9.0703125,7.1796875,11.0546875
2011-06-12,4.3478627,7.1567807,-18.78125,24.28125,-9.0390625,7.2734375,11.144142
2011-06-13,4.464589,7.1832647,-18.84375,24.234375,-8.9765625,7.419922,11.276955
2011-06-14,4.4657636,7.195305,-18.875,24.1875,-9.0234375,7.4375,11.2890625
2011-06-15,4.577752,7.2175555,-19.0,24.328125,-8.9921875,7.5371094,11.4140625
2011-06-16,4.548902,7.233798,-18.875,24.234375,-9.1015625,7.5390625,11.401955
2011-06-17,4.626125,7.2351604,-18.96875,24.203125,-9.0078125,7.626953,11.503517
2011-06-18,4.6929874,7.245634,-19.0,24.125,-8.9921875,7.7109375,11.546875
2011-06-19,4.8197165,7.279061,-19.0625,24.125,-8.9296875,7.8515625,11.7421875
2011-06-20,4.8884535,7.3164644,-19.03125,24.1875,-8.9609375,7.921875,11.894142
2011-06-21,4.9454093,7.3374677,-19.0625,24.21875,-8.9609375,7.9921875,12.0234375
2011-06-22,4.826008,7.3485136,-19.125,24.25,-9.1015625,7.9101562,11.941017
2011-06-23,4.8398147,7.3486476,-19.21875,24.3125,-9.0390625,7.9160156,11.953125
2011-06-24,4.9262705,7.363308,-19.3125,24.25,-8.999218,8.015625,12.03125
2011-06-25,4.9431806,7.384169,-19.25,24.15625,-9.0078125,8.0546875,12.0625
2011-06-26,5.013858,7.403259,-19.3125,24.28125,-8.9453125,8.15625,12.125
2011-06-27,4.9733925,7.417008,-19.3125,24.375,-8.9921875,8.136719,12.0625
2011-06-28,4.812408,7.40594,-19.46875,24.3125,-9.1015625,7.9882812,11.882034
2011-06-29,4.9577446,7.407932,-19.4375,24.234375,-8.9921875,8.140625,12.0625
2011-06-30,5.0114946,7.430517,-19.40625,24.25,-8.936718,8.2109375,12.15625
2011-07-01,4.9855905,7.4331956,-19.3125,24.25,-8.9765625,8.1875,12.125
2011-07-02,5.040134,7.4361305,-19.3125,24.28125,-8.9140625,8.2578125,12.15625
2011-07-03,5.0419455,7.4335084,-19.375,24.3125,-8.8828125,8.2578125,12.1875
2011-07-04,4.907185,7.425749,-19.5,24.234375,-9.0234375,8.109375,12.015625
2011-07-05,5.010421,7.431274,-19.375,24.09375,-8.9140625,8.230469,12.128517
2011-07-06,4.987279,7.446932,-19.5,24.078125,-8.9140625,8.230469,12.120705
2011-07-07,4.9293103,7.44229,-19.5,24.03125,-8.921093,8.15625,12.0546875
2011-07-08,5.0244336,7.453228,-19.53125,24.03125,-8.858593,8.2578125,12.151955
2011-07-09,5.10697,7.4768243,-19.5,24.0625,-8.7734375,8.359375,12.26133
2011-07-10,5.0476313,7.495106,-19.6875,24.03125,-8.8671875,8.296875,12.296875
2011-07-11,5.0660043,7.497119,-19.75,24.03125,-8.874218,8.316406,12.272659
2011-07-12,5.068384,7.500281,-19.8125,23.96875,-8.8671875,8.328125,12.284767
2011-07-13,4.9924264,7.5001736,-20.0,23.9375,-8.905468,8.265625,12.21875
2011-07-14,4.978581,7.4893937,-20.09375,23.9375,-8.8515625,8.234375,12.225784
2011-07-15,4.872816,7.48051,-20.4375,23.84375,-8.921093,8.15625,12.1171875
2011-07-16,5.011706,7.4890366,-20.71875,23.890625,-8.780468,8.2890625,12.265625
2011-07-17,4.9693947,7.5164227,-20.8125,23.859375,-8.858593,8.2734375,12.244926
2011-07-18,4.8633156,7.501725,-20.6875,23.8125,-8.9453125,8.1875,12.120705
2011-07-19,4.9295483,7.4978347,-20.90625,23.78125,-8.8984375,8.25,12.19883
2011-07-20,4.965017,7.519658,-21.03125,23.75,-8.858593,8.3125,12.21875
2011-07-21,4.9112654,7.525065,-21.0,23.75,-8.9609375,8.265625,12.16758
2011-07-22,4.8771725,7.5135303,-21.0625,23.75,-8.9765625,8.230469,12.13633
2011-07-23,4.851079,7.504113,-21.03125,23.765625,-8.9140625,8.203125,12.109375
2011-07-24,4.8527665,7.490862,-20.875,23.75,-8.8828125,8.203125,12.1015625
2011-07-25,4.845496,7.4820256,-20.90625,23.765625,-8.8671875,8.1875,12.108597
2011-07-26,4.7832084,7.4755454,-21.03125,23.71875,-8.8984375,8.15625,12.026955
2011-07-27,4.896829,7.483021,-21.3125,23.59375,-8.7734375,8.265625,12.140625
2011-07-28,4.8710384,7.4955688,-21.25,23.625,-8.827343,8.25,12.19883
2011-07-29,4.892864,7.4924135,-21.25,23.609375,-8.780468,8.2421875,12.191017
2011-07-30,4.975582,7.503215,-21.28125,23.59375,-8.7578125,8.3359375,12.276955
2011-07-31,4.8287973,7.4941773,-21.25,23.609375,-8.8359375,8.15625,12.144142
2011-08-01,4.6998057,7.456491,-21.09375,23.53125,-8.874218,8.03125,12.019142
2011-08-02,4.734207,7.437934,-21.03125,23.53125,-8.7890625,8.0625,12.01133
2011-08-03,4.6949954,7.429474,-21.03125,23.46875,-8.8515625,8.046875,11.9296875
2011-08-04,4.661475,7.4096203,-21.15625,23.5,-8.8515625,7.9941406,11.847267
2011-08-05,4.6067233,7.3848844,-21.125,23.46875,-8.858593,7.9296875,11.828125
2011-08-06,4.613273,7.355997,-20.9375,23.4375,-8.796093,7.9101562,11.79258
2011-08-07,4.6269736,7.332838,-20.625,23.46875,-8.7265625,7.9335938,11.7734375
2011-08-08,4.6227913,7.320545,-20.96875,23.34375,-8.7109375,7.9296875,11.7578125
2011-08-09,4.548282,7.3193717,-21.15625,23.375,-8.7890625,7.8554688,11.691017
2011-08-10,4.594631,7.3122716,-21.1875,23.390625,-8.7265625,7.90625,11.683205
2011-08-11,4.4541554,7.29258,-21.15625,23.3125,-8.8046875,7.75,11.534767
2011-08-12,4.516294,7.268323,-21.1875,23.21875,-8.7109375,7.8007812,11.588676
2011-08-13,4.4250803,7.2463994,-21.25,23.1875,-8.7578125,7.6875,11.5
2011-08-14,4.4948654,7.2133245,-21.15625,23.203125,-8.6328125,7.75,11.522659
2011-08-15,4.566875,7.2074685,-21.21875,23.21875,-8.5703125,7.8164062,11.628517
2011-08-16,4.4262,7.184501,-21.25,23.21875,-8.6640625,7.6679688,11.534767
2011-08-17,4.255234,7.1317644,-21.28125,23.15625,-8.702343,7.4609375,11.308205
2011-08-18,4.279229,7.0916405,-21.28125,23.109375,-8.6171875,7.46875,11.2421875
2011-08-19,4.486461,7.077987,-21.09375,23.125,-8.389843,7.6875,11.390625
2011-08-20,4.38191,7.0511065,-21.0625,23.109375,-8.4609375,7.5410156,11.359375
2011-08-21,4.3071756,6.999502,-21.03125,23.015625,-8.436718,7.4375,11.214455
2011-08-22,4.394337,6.972725,-21.0625,22.9375,-8.296093,7.4921875,11.26133
2011-08-23,4.357297,6.965802,-21.21875,23.0,-8.3515625,7.4609375,11.28125
2011-08-24,4.186613,6.918024,-20.8125,22.9375,-8.3984375,7.28125,10.987892
2011-08-25,4.170833,6.8792653,-21.0625,22.875,-8.327343,7.234375,10.890625
2011-08-26,4.3599024,6.8710237,-21.125,22.84375,-8.1640625,7.4277344,11.078125
2011-08-27,4.330645,6.8581853,-21.03125,22.875,-8.1953125,7.3984375,11.109375
2011-08-28,4.15133,6.8060966,-20.875,22.84375,-8.2421875,7.1953125,10.875
2011-08-29,4.2083898,6.758513,-20.59375,22.78125,-8.124218,7.171875,10.8828125
2011-08-30,4.2692175,6.709791,-20.53125,22.6875,-7.9609375,7.2382812,10.8828125
2011-08-31,4.1796527,6.674324,-20.6875,22.671875,-8.014843,7.125,10.769142
2011-09-01,4.110452,6.633806,-20.8125,22.640625,-8.0078125,7.0351562,10.6328125
2011-09-02,4.0658126,6.603967,-20.8125,22.59375,-8.0078125,6.9609375,10.5546875
2011-09-03,4.173996,6.5707164,-20.8125,22.53125,-7.8117185,7.017578,10.6953125
2011-09-04,4.024044,6.5201755,-20.6875,22.53125,-7.8359375,6.8515625,10.5234375
2011-09-05,4.0642204,6.473695,-20.46875,22.40625,-7.7421875,6.859375,10.441017
2011-09-06,3.959788,6.4233336,-20.34375,22.375,-7.7421875,6.7265625,10.347267
2011-09-07,3.901679,6.3690906,-20.3125,22.25,-7.6953125,6.6328125,10.21875
2011-09-08,3.968061,6.327103,-20.21875,22.21875,-7.5390625,6.654297,10.2265625
2011-09-09,3.9523444,6.274545,-20.15625,22.171875,-7.4765625,6.6015625,10.234375
2011-09-10,3.8449419,6.2137055,-20.3125,22.0625,-7.4296875,6.4609375,10.081642
2011-09-11,3.9019375,6.167251,-20.0,22.03125,-7.2890625,6.4804688,10.10508
2011-09-12,3.9349992,6.14117,-19.9375,21.96875,-7.2421875,6.484375,10.13633
2011-09-13,3.6905339,6.0673223,-20.09375,21.90625,-7.3359375,6.21875,9.7734375
2011-09-14,3.702015,6.027559,-20.15625,21.9375,-7.2421875,6.21875,9.745705
2011-09-15,3.7270367,5.996112,-20.125,21.84375,-7.1796875,6.1914062,9.73008
2011-09-16,3.6120446,5.943345,-20.375,21.84375,-7.1640625,6.046875,9.566017
2011-09-17,3.4070315,5.8522496,-20.15625,21.65625,-7.1640625,5.7890625,9.253517
2011-09-18,3.4686592,5.782234,-19.75,21.546875,-6.9453125,5.8046875,9.3125
2011-09-19,3.4599128,5.723041,-19.625,21.53125,-6.8515625,5.75,9.2421875
2011-09-20,3.4718158,5.683084,-19.5,21.53125,-6.7890625,5.720703,9.2734375
2011-09-21,3.4250028,5.6347837,-19.5,21.375,-6.7421875,5.6347656,9.151955
2011-09-22,3.4447353,5.5813565,-19.46875,21.375,-6.6328125,5.609375,9.183205
2011-09-23,3.3296015,5.526469,-19.5,21.328125,-6.6328125,5.4453125,9.04258
2011-09-24,3.3989272,5.4931645,-19.25,21.21875,-6.5234375,5.5078125,9.07383
2011-09-25,3.3519375,5.450612,-19.3125,21.171875,-6.4921875,5.390625,9.046875
2011-09-26,3.2480223,5.3905745,-19.09375,21.109375,-6.4609375,5.265625,8.859375
2011-09-27,3.1371615,5.3168864,-18.8125,20.96875,-6.4140625,5.109375,8.675392
2011-09-28,3.0713649,5.2517233,-18.9375,20.875,-6.3429685,5.0039062,8.578125
2011-09-29,3.018161,5.18404,-18.71875,20.734375,-6.2960935,4.908203,8.4296875
2011-09-30,3.032866,5.1414576,-18.96875,20.640625,-6.21875,4.8867188,8.40625
2011-10-01,2.9210875,5.1121936,-19.1875,20.5625,-6.2890625,4.75,8.2890625
2011-10-02,2.827453,5.07015,-19.0,20.375,-6.2890625,4.6367188,8.1640625
2011-10-03,2.699655,5.004857,-18.875,20.28125,-6.2734375,4.4726562,7.9140625
2011-10-04,2.5541058,4.9318595,-18.78125,20.171875,-6.2578125,4.2890625,7.6853523
2011-10-05,2.4343882,4.837507,-18.71875,20.0625,-6.178906,4.1289062,7.4332047
2011-10-06,2.4321358,4.780685,-18.5625,19.9375,-6.085156,4.0859375,7.453125
2011-10-07,2.3481767,4.727781,-18.59375,19.8125,-6.0546875,3.9667969,7.2890625
2011-10-08,2.2458646,4.6755466,-18.78125,19.625,-6.0625,3.8242188,7.118946
2011-10-09,2.1766717,4.6221786,-18.71875,19.515625,-6.0390625,3.7148438,7.03125
2011-10-10,2.193074,4.5655594,-18.53125,19.453125,-5.8359375,3.6796875,7.0017586
2011-10-11,2.1041446,4.5077596,-18.65625,19.265625,-5.8203125,3.5546875,6.8828125
2011-10-12,1.933606,4.442584,-18.75,19.15625,-5.8359375,3.3398438,6.6736336
2011-10-13,1.8045963,4.3698072,-18.21875,19.0,-5.8515625,3.1875,6.4705086
2011-10-14,1.7538229,4.3059483,-18.03125,18.78125,-5.757031,3.0761719,6.4080086
2011-10-15,1.7005167,4.2485876,-17.84375,18.59375,-5.75,3.0,6.2826195
2011-10-16,1.5850948,4.191637,-17.90625,18.515625,-5.7109375,2.8378906,6.103321
2011-10-17,1.5573894,4.1536956,-17.875,18.359375,-5.640625,2.7890625,6.0625
2011-10-18,1.3573298,4.0780735,-17.8125,18.21875,-5.6875,2.5429688,5.796875
2011-10-19,1.3588506,4.0368805,-17.75,18.03125,-5.6015625,2.5273438,5.7791023
2011-10-20,1.4956594,4.0147777,-17.90625,17.8125,-5.421875,2.6523438,5.9392586
2011-10-21,1.3615197,3.9556358,-17.875,17.625,-5.421875,2.4726562,5.7304688
2011-10-22,1.1858706,3.8753467,-17.90625,17.46875,-5.421875,2.2695312,5.4453125
2011-10-23,1.26342,3.8384879,-17.875,17.21875,-5.2804685,2.3085938,5.5546875
2011-10-24,1.2384269,3.789217,-17.875,17.078125,-5.1953125,2.25,5.484375
2011-10-25,1.1805961,3.7565062,-17.8125,16.984375,-5.1640625,2.171875,5.4080086
2011-10-26,0.9563137,3.7041056,-17.8125,16.84375,-5.2734375,1.9140625,5.109375
2011-10-27,0.894517,3.6574998,-17.8125,16.765625,-5.21875,1.8320312,4.9804688
2011-10-28,0.82974327,3.5907242,-17.8125,16.53125,-5.125,1.71875,4.86504
2011-10-29,0.7268137,3.532828,-17.78125,16.328125,-5.140625,1.59375,4.7070312
2011-10-30,0.6124342,3.4934087,-17.71875,16.140625,-5.1796875,1.4609375,4.5486336
2011-10-31,0.60289603,3.446766,-17.6875,16.015625,-5.0703125,1.40625,4.4957047
2011-11-01,0.54709655,3.3862908,-17.6875,15.921875,-4.9921875,1.3203125,4.4041023
2011-11-02,0.58902633,3.3347769,-17.65625,15.921875,-4.828125,1.34375,4.4023438
2011-11-03,0.5563026,3.3056924,-17.59375,15.8515625,-4.828125,1.296875,4.3511734
2011-11-04,0.41440052,3.2700882,-17.53125,15.796875,-4.8515625,1.1171875,4.175392
2011-11-05,0.24635042,3.2267053,-17.53125,15.71875,-4.9410152,0.9296875,3.9705086
2011-11-06,0.20310763,3.1971276,-17.53125,15.671875,-4.90625,0.8671875,3.9236336
2011-11-07,0.120702416,3.148451,-17.46875,15.734375,-4.890625,0.7578125,3.7695312
2011-11-08,0.27454555,3.1226187,-17.5,15.625,-4.6484375,0.87890625,3.96875
2011-11-09,0.22767214,3.0905397,-17.59375,15.6640625,-4.6171875,0.828125,3.8398438
2011-11-10,0.0799257,3.065061,-17.53125,15.625,-4.7335935,0.6484375,3.6853523
2011-11-11,-0.13263322,3.0121982,-17.5,15.515625,-4.8359375,0.40234375,3.3980484
2011-11-12,-0.068246044,2.9765866,-17.46875,15.3984375,-4.703125,0.4765625,3.4761734
2011-11-13,-0.20626043,2.940272,-17.46875,15.4453125,-4.7265625,0.2890625,3.3046875
2011-11-14,-0.3526658,2.919499,-17.46875,15.46875,-4.8316402,0.1328125,3.1111336
2011-11-15,-0.42736238,2.885764,-17.53125,15.46875,-4.8125,0.03125,3.024807
2011-11-16,-0.5068332,2.8343713,-17.375,15.484375,-4.7734375,-0.0703125,2.8945312
2011-11-17,-0.50138015,2.8138933,-17.375,15.390625,-4.7648435,-0.0859375,2.8962898
2011-11-18,-0.4948384,2.7890253,-17.375,15.28125,-4.694531,-0.0859375,2.978321
2011-11-19,-0.630733,2.749464,-17.40625,15.28125,-4.7265625,-0.2421875,2.7109375
2011-11-20,-0.717886,2.7240486,-17.40625,15.2734375,-4.7734375,-0.359375,2.6541023
2011-11-21,-0.7162322,2.692539,-17.3125,15.2578125,-4.6640625,-0.359375,2.5703125
2011-11-22,-0.8017491,2.6684139,-17.28125,15.265625,-4.694531,-0.4765625,2.4921875
2011-11-23,-0.9021309,2.6363096,-17.25,15.1875,-4.7421875,-0.5859375,2.3164062
2011-11-24,-0.873069,2.6118553,-17.25,15.125,-4.6484375,-0.5625,2.353321
2011-11-25,-0.6910714,2.6032312,-17.1875,15.0546875,-4.453125,-0.3984375,2.5703125
2011-11-26,-0.83763,2.5678957,-17.21875,15.109375,-4.5390625,-0.546875,2.3359375
2011-11-27,-0.8471425,2.5647368,-17.25,15.171875,-4.5390625,-0.578125,2.3710938
2011-11-28,-1.0275435,2.5398915,-17.3125,15.1015625,-4.6484375,-0.78125,2.165432
2011-11-29,-1.0488518,2.5237079,-17.15625,15.015625,-4.6171875,-0.8125,2.1910172
2011-11-30,-1.0986091,2.496772,-17.03125,14.96875,-4.609375,-0.890625,2.0898438
2011-12-01,-0.9577855,2.4983704,-17.0625,15.0,-4.484375,-0.75,2.2378922
2011-12-02,-1.135893,2.4739988,-17.0625,14.984375,-4.600781,-0.94140625,1.9917984
2011-12-03,-1.0642375,2.4642096,-17.0625,14.921875,-4.5078125,-0.8828125,2.078125
2011-12-04,-1.132014,2.4352908,-17.03125,14.953125,-4.5234375,-0.9609375,1.9804688
2011-12-05,-1.1059619,2.4311287,-17.0,14.9453125,-4.484375,-0.9375,1.9917984
2011-12-06,-1.1971416,2.4221117,-16.90625,14.96875,-4.5582027,-1.046875,1.921875
2011-12-07,-1.328042,2.4015942,-16.96875,14.84375,-4.6640625,-1.1953125,1.8046875
2011-12-08,-1.0840708,2.4043906,-16.90625,14.984375,-4.3984375,-0.95703125,2.0113297
2011-12-09,-1.1777794,2.4049993,-17.0625,15.015625,-4.5,-1.0546875,1.9175797
2011-12-10,-1.3026167,2.4072406,-17.03125,14.9765625,-4.6484375,-1.1953125,1.8203125
2011-12-11,-1.4087698,2.385446,-16.9375,14.9375,-4.6875,-1.3046875,1.6519547
2011-12-12,-1.432032,2.3729153,-16.90625,14.828125,-4.7421875,-1.328125,1.6242218
2011-12-13,-1.5721705,2.3590138,-16.84375,14.8984375,-4.8125,-1.5,1.4957047
2011-12-14,-1.5546871,2.3611557,-16.84375,14.875,-4.796875,-1.4921875,1.5078125
2011-12-15,-1.5187782,2.3523836,-16.8125,14.8359375,-4.7578125,-1.4570312,1.5582047
2011-12-16,-1.3544353,2.3513358,-16.84375,14.84375,-4.6328125,-1.2890625,1.6640625
2011-12-17,-1.397331,2.3668575,-16.875,14.90625,-4.6875,-1.328125,1.6484375
2011-12-18,-1.4327601,2.3484428,-16.6875,14.90625,-4.6554685,-1.3828125,1.6171875
2011-12-19,-1.4066757,2.375504,-16.84375,14.875,-4.71875,-1.34375,1.6789093
2011-12-20,-1.4466777,2.36476,-16.71875,14.8671875,-4.71875,-1.390625,1.6328125
2011-12-21,-1.5553427,2.3727508,-16.78125,14.8125,-4.8585935,-1.5078125,1.515625
2011-12-22,-1.5530539,2.3660748,-16.84375,14.8203125,-4.828125,-1.5117188,1.5503922
2011-12-23,-1.5928899,2.3809037,-16.96875,14.6796875,-4.90625,-1.5546875,1.4957047
2011-12-24,-1.668263,2.4002423,-16.90625,14.671875,-5.046875,-1.6328125,1.4566422
2011-12-25,-1.7455378,2.4225812,-16.75,14.765625,-5.1640625,-1.71875,1.4253922
2011-12-26,-1.884315,2.4178267,-16.75,14.7109375,-5.2734375,-1.859375,1.34375
2011-12-27,-1.8850969,2.4383178,-16.8125,14.6875,-5.359375,-1.8515625,1.3863297
2011-12-28,-1.8998528,2.4398308,-16.84375,14.71875,-5.359375,-1.875,1.296875
2011-12-29,-1.9640955,2.4542038,-16.6875,14.6953125,-5.5078125,-1.9296875,1.3238297
2011-12-30,-1.8765117,2.480335,-16.5,14.75,-5.453125,-1.8359375,1.4097672
2011-12-31,-1.8842274,2.4985726,-16.53125,14.765625,-5.4835935,-1.8515625,1.4375
2012-01-01,-1.8750628,2.5046892,-16.46875,14.671875,-5.4765625,-1.84375,1.4367218
2012-01-02,-1.9525714,2.5221925,-16.40625,14.6328125,-5.6171875,-1.9296875,1.40625
2012-01-03,-1.8780608,2.5432563,-16.5,14.71875,-5.578125,-1.875,1.4765625
2012-01-04,-2.0168974,2.560528,-16.40625,14.6875,-5.765625,-1.984375,1.328125
2012-01-05,-2.0504816,2.5838683,-16.40625,14.640625,-5.875,-2.0351562,1.3828125
2012-01-06,-1.9754121,2.604476,-16.46875,14.6015625,-5.859375,-1.9453125,1.4453125
2012-01-07,-1.9717323,2.647059,-16.40625,14.734375,-5.9140625,-1.953125,1.5625
2012-01-08,-2.1340272,2.6655874,-16.40625,14.640625,-6.1328125,-2.1171875,1.390625
2012-01-09,-1.9978186,2.7091722,-16.40625,14.65625,-6.078125,-1.9570312,1.6050797
2012-01-10,-1.9965992,2.7462182,-16.34375,14.71875,-6.1328125,-1.984375,1.6363297
2012-01-11,-2.1882143,2.7807496,-16.4375,14.6875,-6.3984375,-2.1484375,1.5078125
2012-01-12,-2.2262576,2.810061,-16.375,14.7265625,-6.5148435,-2.1953125,1.5
2012-01-13,-2.3597643,2.81848,-16.375,14.578125,-6.6328125,-2.34375,1.4019547
2012-01-14,-2.2319994,2.7933714,-16.0625,14.6640625,-6.4140625,-2.25,1.4921875
2012-01-15,-2.089724,2.8380036,-16.03125,14.6328125,-6.3046875,-2.1210938,1.7773438
2012-01-16,-2.2724905,2.8712733,-16.09375,14.609375,-6.5390625,-2.3125,1.6640625
2012-01-17,-2.3521082,2.8999126,-16.25,14.453125,-6.7421875,-2.3828125,1.5625
2012-01-18,-2.3651862,2.9691138,-16.4375,14.5390625,-6.9140625,-2.359375,1.59375
2012-01-19,-2.4025898,3.00507,-16.40625,14.546875,-6.9921875,-2.4140625,1.6484375
2012-01-20,-2.4401028,3.0354323,-16.625,14.53125,-7.0546875,-2.46875,1.7265625
2012-01-21,-2.4659197,3.0913084,-16.65625,14.484375,-7.2578125,-2.4765625,1.703125
2012-01-22,-2.641728,3.1317341,-16.625,14.5,-7.5234375,-2.6367188,1.5546875
2012-01-23,-2.747589,3.1660972,-16.5625,14.59375,-7.6796875,-2.7890625,1.453125
2012-01-24,-2.803203,3.2180755,-16.5625,14.4765625,-7.8429685,-2.8125,1.484375
2012-01-25,-2.8680131,3.2906017,-16.90625,14.609375,-8.0234375,-2.875,1.5
2012-01-26,-2.991217,3.3533847,-17.03125,14.546875,-8.2421875,-3.0,1.4488297
2012-01-27,-3.1399157,3.4039855,-17.21875,14.5703125,-8.4609375,-3.1484375,1.3671875
2012-01-28,-3.271952,3.4560597,-17.28125,14.578125,-8.6796875,-3.2734375,1.3003922
2012-01-29,-3.3705049,3.5120435,-17.09375,14.671875,-8.874218,-3.3671875,1.296875
2012-01-30,-3.4277115,3.5360458,-17.0625,14.5234375,-8.9296875,-3.4296875,1.3125
2012-01-31,-3.5440993,3.573493,-17.09375,14.578125,-9.0703125,-3.578125,1.28125
2012-02-01,-3.6372309,3.6036012,-17.0625,14.546875,-9.1953125,-3.6601562,1.2535172
2012-02-02,-3.437751,3.6509056,-16.78125,14.578125,-9.0703125,-3.5,1.53125
2012-02-03,-3.542079,3.7486827,-16.875,14.640625,-9.2890625,-3.59375,1.65625
2012-02-04,-3.6440132,3.8188257,-17.09375,14.7421875,-9.5078125,-3.703125,1.5503922
2012-02-05,-3.7116148,3.8777347,-16.84375,14.640625,-9.6328125,-3.796875,1.5546875
2012-02-06,-3.7559352,3.9184372,-16.6875,14.671875,-9.7109375,-3.859375,1.6597672
2012-02-07,-3.835832,3.9626937,-16.8125,14.59375,-9.8515625,-3.953125,1.703125
2012-02-08,-3.9180055,4.0409923,-16.90625,14.6015625,-10.0859375,-4.015625,1.7265625
2012-02-09,-4.0154257,4.1151567,-17.0,14.5703125,-10.3515625,-4.078125,1.5859375
2012-02-10,-4.0651894,4.1525693,-16.78125,14.65625,-10.3828125,-4.15625,1.5625
2012-02-11,-4.0436444,4.2033176,-16.9375,14.6328125,-10.3671875,-4.1796875,1.7673836
2012-02-12,-4.108908,4.280991,-16.9375,14.640625,-10.561718,-4.25,1.7773438
2012-02-13,-4.238709,4.3214016,-16.90625,14.6171875,-10.7109375,-4.3984375,1.7300797
2012-02-14,-4.293916,4.367915,-16.84375,14.609375,-10.8359375,-4.453125,1.6953125
2012-02-15,-4.31325,4.415275,-17.03125,14.640625,-10.8828125,-4.5,1.796875
2012-02-16,-4.214942,4.474435,-17.03125,14.671875,-10.8671875,-4.390625,1.9492188
2012-02-17,-4.117138,4.5864697,-17.15625,14.84375,-10.9296875,-4.2890625,2.1363297
2012-02-18,-4.2890625,4.6351585,-17.15625,14.71875,-11.1328125,-4.46875,2.0507812
2012-02-19,-4.2747407,4.6680346,-17.1875,14.7109375,-11.1640625,-4.4296875,2.1679688
2012-02-20,-4.2546287,4.740076,-16.96875,14.796875,-11.2421875,-4.4140625,2.1832047
2012-02-21,-4.34788,4.763305,-17.03125,14.734375,-11.2890625,-4.5234375,2.2378922
2012-02-22,-4.365979,4.7850595,-16.96875,14.78125,-11.3046875,-4.5078125,2.1601562
2012-02-23,-4.2893577,4.8159485,-17.0625,14.734375,-11.2109375,-4.453125,2.3941422
2012-02-24,-4.2604375,4.862528,-17.09375,14.796875,-11.2421875,-4.46875,2.4900398
2012-02-25,-4.1835494,4.9204116,-16.875,14.765625,-11.2109375,-4.40625,2.625
2012-02-26,-4.2820115,4.9455013,-16.875,14.828125,-11.3203125,-4.5,2.4921875
2012-02-27,-4.281776,4.9851847,-16.90625,14.7578125,-11.3515625,-4.484375,2.4726562
2012-02-28,-4.254632,5.01907,-16.9375,14.78125,-11.3515625,-4.46875,2.6289062
2012-02-29,-4.186013,5.072722,-16.78125,14.796875,-11.3359375,-4.390625,2.7453156
2012-03-01,-4.2314854,5.113641,-16.9375,14.859375,-11.3984375,-4.4140625,2.7382812
2012-03-02,-4.181459,5.1668987,-17.125,14.859375,-11.4609375,-4.34375,2.7691422
2012-03-03,-4.1722646,5.1861124,-17.03125,14.875,-11.4453125,-4.3203125,2.8046875
2012-03-04,-4.0703106,5.1903954,-16.9375,14.8125,-11.327343,-4.2265625,2.8494148
2012-03-05,-4.0221453,5.1860723,-16.8125,14.84375,-11.217968,-4.1835938,2.9175797
2012-03-06,-3.8324087,5.2313952,-16.9375,14.875,-11.1328125,-3.9921875,3.2048836
2012-03-07,-3.7339346,5.2621837,-16.9375,14.875,-11.0859375,-3.8671875,3.2460938
2012-03-08,-3.6192322,5.3051076,-16.78125,15.03125,-10.9921875,-3.7617188,3.4179688
2012-03-09,-3.5684707,5.306391,-16.65625,15.078125,-10.8984375,-3.71875,3.4353523
2012-03-10,-3.4588284,5.2991443,-16.5625,15.109375,-10.7734375,-3.5859375,3.525196
2012-03-11,-3.3631284,5.3157883,-16.6875,15.125,-10.6640625,-3.484375,3.6328125
2012-03-12,-3.3713014,5.3478994,-16.78125,15.15625,-10.7109375,-3.4765625,3.5898438
2012-03-13,-3.3324146,5.42975,-16.875,15.2265625,-10.7890625,-3.4023438,3.7539062
2012-03-14,-3.347141,5.4909096,-16.9375,15.2890625,-10.9140625,-3.375,3.7556648
2012-03-15,-3.2412195,5.512749,-16.9375,15.25,-10.8203125,-3.2382812,3.9023438
2012-03-16,-3.2948835,5.5069184,-16.96875,15.3125,-10.8671875,-3.2734375,3.806446
2012-03-17,-3.2069306,5.549332,-16.9375,15.4375,-10.8203125,-3.140625,3.9453125
2012-03-18,-3.233746,5.555757,-16.9375,15.5078125,-10.8671875,-3.1367188,3.822071
2012-03-19,-3.1772008,5.581605,-17.03125,15.46875,-10.8671875,-3.046875,3.9101562
2012-03-20,-2.8777034,5.6382346,-16.90625,15.46875,-10.6328125,-2.7109375,4.3125
2012-03-21,-2.8524218,5.6508355,-16.9375,15.609375,-10.6328125,-2.6484375,4.290821
2012-03-22,-2.8181071,5.6862965,-17.0,15.640625,-10.6328125,-2.5703125,4.337696
2012-03-23,-2.6783638,5.7379265,-17.09375,15.796875,-10.5546875,-2.3828125,4.572071
2012-03-24,-2.5455873,5.7492175,-17.0625,15.7578125,-10.467968,-2.2304688,4.650196
2012-03-25,-2.438464,5.770621,-16.96875,15.78125,-10.3828125,-2.0625,4.7695312
2012-03-26,-2.3944752,5.8283195,-17.09375,15.875,-10.4453125,-1.9453125,4.8242188
2012-03-27,-2.4208486,5.8509994,-17.09375,15.984375,-10.514843,-1.9296875,4.8142586
2012-03-28,-2.3680396,5.865422,-17.1875,15.984375,-10.4921875,-1.859375,4.8554688
2012-03-29,-2.2352674,5.8638916,-17.15625,16.0,-10.389843,-1.6875,4.953125
2012-03-30,-1.9859719,5.8900633,-16.96875,16.0625,-10.1953125,-1.375,5.1953125
2012-03-31,-1.8945159,5.905295,-17.09375,16.09375,-10.1328125,-1.21875,5.2734375
2012-04-01,-1.7726923,5.9290433,-17.125,16.203125,-10.0546875,-1.0234375,5.4197273
2012-04-02,-1.7240703,5.958424,-17.15625,16.25,-10.0703125,-0.88671875,5.4609375
2012-04-03,-1.7255069,5.969318,-17.1875,16.40625,-10.1171875,-0.84375,5.447071
2012-04-04,-1.6435511,5.995801,-17.25,16.46875,-10.0703125,-0.67578125,5.4882812
2012-04-05,-1.4322625,6.0652795,-17.3125,16.578125,-9.9921875,-0.3671875,5.7539062
2012-04-06,-1.4022071,6.0967407,-17.40625,16.5625,-10.0546875,-0.25,5.825588
2012-04-07,-1.3193016,6.1087623,-17.375,16.71875,-9.9609375,-0.140625,5.878517
2012-04-08,-1.285129,6.083196,-17.40625,16.6875,-9.9296875,-0.04296875,5.8515625
2012-04-09,-1.261282,6.0671144,-17.375,16.734375,-9.8984375,0.01953125,5.818165
2012-04-10,-1.064608,6.0829697,-17.28125,16.859375,-9.7421875,0.28515625,6.005665
2012-04-11,-0.8990231,6.1164727,-17.25,16.9375,-9.6796875,0.546875,6.1988297
2012-04-12,-0.7796314,6.144938,-17.15625,17.046875,-9.6328125,0.76171875,6.3203125
2012-04-13,-0.7197661,6.156448,-17.1875,17.234375,-9.5859375,0.890625,6.3728523
2012-04-14,-0.46963534,6.1951547,-17.09375,17.25,-9.4296875,1.2734375,6.6484375
2012-04-15,-0.31314722,6.229197,-17.15625,17.40625,-9.374218,1.5234375,6.7890625
2012-04-16,-0.26517996,6.2452016,-17.1875,17.53125,-9.3828125,1.6171875,6.828125
2012-04-17,-0.25929177,6.2556853,-17.25,17.59375,-9.436718,1.7226562,6.78125
2012-04-18,-0.14154233,6.2896976,-17.28125,17.71875,-9.3984375,1.9335938,6.9101562
2012-04-19,0.03171281,6.3083105,-17.28125,17.78125,-9.3046875,2.1445312,7.078125
2012-04-20,0.13521264,6.3171744,-17.34375,17.96875,-9.2421875,2.3320312,7.171875
2012-04-21,0.27623963,6.3351707,-17.375,18.109375,-9.1796875,2.5390625,7.2890625
2012-04-22,0.46296525,6.345954,-17.3125,18.0625,-9.0546875,2.765625,7.46875
2012-04-23,0.38704613,6.3208346,-17.34375,18.21875,-9.1328125,2.7636719,7.3572273
2012-04-24,0.41822425,6.3512397,-17.5,18.375,-9.1953125,2.8359375,7.3142586
2012-04-25,0.59159154,6.3863916,-17.4375,18.5,-9.092968,3.0859375,7.4765625
2012-04-26,0.6214784,6.407422,-17.53125,18.640625,-9.1328125,3.171875,7.46875
2012-04-27,0.8047827,6.428451,-17.53125,18.8125,-9.0234375,3.4238281,7.640625
2012-04-28,0.95172435,6.4491487,-17.59375,18.84375,-8.9609375,3.671875,7.78125
2012-04-29,1.0467439,6.4586234,-17.59375,19.0,-8.9296875,3.7734375,7.8671875
2012-04-30,1.1525803,6.4802594,-17.65625,19.09375,-8.8828125,3.9277344,7.953125
2012-05-01,1.2190403,6.492969,-17.59375,19.296875,-8.8828125,4.0351562,8.0
2012-05-02,1.2646986,6.480304,-17.5,19.53125,-8.8515625,4.1152344,8.03125
2012-05-03,1.3659148,6.490889,-17.5,19.71875,-8.7890625,4.2441406,8.09375
2012-05-04,1.470373,6.5240693,-17.59375,19.9375,-8.8046875,4.3828125,8.21875
2012-05-05,1.458978,6.5354757,-17.625,20.125,-8.8828125,4.3867188,8.1484375
2012-05-06,1.5102731,6.5344205,-17.5,20.1875,-8.8515625,4.421875,8.1484375
2012-05-07,1.7127777,6.5434465,-17.40625,20.46875,-8.6953125,4.654297,8.34375
2012-05-08,1.8850629,6.5671754,-17.40625,20.65625,-8.6328125,4.861328,8.53125
2012-05-09,1.862679,6.5733967,-17.34375,20.8125,-8.717968,4.8320312,8.495705
2012-05-10,1.9148104,6.581182,-17.4375,21.0625,-8.7265625,4.875,8.484375
2012-05-11,2.0721014,6.6025233,-17.46875,21.21875,-8.6484375,5.048828,8.659767
2012-05-12,2.167748,6.6231737,-17.46875,21.4375,-8.6640625,5.1191406,8.7890625
2012-05-13,2.241962,6.6240253,-17.46875,21.578125,-8.6328125,5.205078,8.839455
2012-05-14,2.313299,6.6324677,-17.5625,21.65625,-8.6328125,5.265625,8.8671875
2012-05-15,2.399012,6.6355534,-17.53125,21.90625,-8.6171875,5.3398438,8.953125
2012-05-16,2.4737623,6.646334,-17.65625,22.09375,-8.6015625,5.4003906,9.0390625
2012-05-17,2.5294619,6.6554475,-17.65625,22.28125,-8.5859375,5.46875,9.097267
2012-05-18,2.6103117,6.6718774,-17.65625,22.375,-8.6015625,5.5234375,9.1953125
2012-05-19,2.737813,6.6923723,-17.6875,22.53125,-8.5703125,5.6445312,9.3359375
2012-05-20,2.7348225,6.7023153,-17.84375,22.609375,-8.6796875,5.6132812,9.2578125
2012-05-21,2.8676298,6.7184606,-17.90625,22.6875,-8.608593,5.7734375,9.3671875
2012-05-22,2.960413,6.7402906,-17.9375,22.84375,-8.6171875,5.8515625,9.456642
2012-05-23,3.1290476,6.766458,-18.03125,23.0,-8.5703125,6.0429688,9.671875
2012-05-24,3.2527642,6.795877,-17.96875,23.03125,-8.5703125,6.171875,9.796875
2012-05-25,3.3791504,6.822846,-18.09375,23.125,-8.530468,6.296875,9.9609375
2012-05-26,3.3260214,6.830405,-18.03125,23.28125,-8.655468,6.2070312,9.8984375
2012-05-27,3.3278272,6.827713,-18.03125,23.28125,-8.7109375,6.1992188,9.859375
2012-05-28,3.4170952,6.843018,-18.15625,23.390625,-8.7265625,6.267578,9.9609375
2012-05-29,3.6150665,6.870395,-18.21875,23.4375,-8.6484375,6.4648438,10.203125
2012-05-30,3.7071745,6.894906,-18.21875,23.5625,-8.6484375,6.5703125,10.28125
2012-05-31,3.7592409,6.9141226,-18.21875,23.625,-8.686718,6.625,10.362892
2012-06-01,3.8947425,6.938198,-18.34375,23.75,-8.6640625,6.751953,10.503517
2012-06-02,3.8196213,6.9510226,-18.375,23.71875,-8.8359375,6.65625,10.4140625
2012-06-03,3.9351816,6.962363,-18.4375,23.75,-8.7734375,6.7734375,10.53125
2012-06-04,4.0175457,6.9831443,-18.40625,23.71875,-8.7890625,6.8671875,10.6640625
2012-06-05,4.1601825,7.0121956,-18.5,23.75,-8.7578125,7.0390625,10.808205
2012-06-06,4.1888504,7.0441,-18.4375,23.796875,-8.8203125,7.1015625,10.8828125
2012-06-07,4.177154,7.0609055,-18.46875,23.875,-8.9296875,7.109375,10.8828125
2012-06-08,4.2171106,7.065387,-18.5,23.84375,-8.9453125,7.1679688,10.901955
2012-06-09,4.394253,7.0780005,-18.65625,23.859375,-8.8046875,7.3671875,11.089455
2012-06-10,4.288563,7.093271,-18.6875,23.890625,-8.9765625,7.3007812,11.026955
2012-06-11,4.395909,7.102928,-18.78125,23.8125,-8.8828125,7.4140625,11.1328125
2012-06-12,4.5111203,7.1293864,-18.8125,23.765625,-8.8828125,7.5625,11.25
2012-06-13,4.511677,7.1409073,-18.875,23.71875,-8.952343,7.5625,11.245705
2012-06-14,4.622832,7.1624794,-18.8125,23.90625,-8.8671875,7.6875,11.38633
2012-06-15,4.5931625,7.1769743,-18.90625,23.8125,-8.921093,7.673828,11.359375
2012-06-16,4.6685925,7.177945,-18.875,23.796875,-8.8828125,7.7441406,11.421875
2012-06-17,4.734055,7.189027,-18.84375,23.6875,-8.8671875,7.8164062,11.487892
2012-06-18,4.860448,7.2218485,-18.90625,23.703125,-8.8359375,7.9414062,11.632034
2012-06-19,4.928398,7.259842,-19.0,23.8125,-8.8515625,8.015625,11.7578125
2012-06-20,4.9843674,7.28183,-19.09375,23.9375,-8.827343,8.09375,11.878517
2012-06-21,4.8640065,7.295309,-19.1875,24.03125,-8.967968,7.982422,11.808205
2012-06-22,4.8774905,7.2936544,-19.34375,24.0625,-8.9453125,7.9921875,11.796875
2012-06-23,4.963241,7.3072834,-19.53125,24.0625,-8.8984375,8.082031,11.870705
2012-06-24,4.9785666,7.32811,-19.5625,23.984375,-8.936718,8.109375,11.8984375
2012-06-25,5.0475426,7.348417,-19.75,24.125,-8.889843,8.1875,12.019142
2012-06-26,5.0059547,7.36462,-19.75,24.296875,-8.921093,8.171875,11.987892
2012-06-27,4.844742,7.3534303,-19.90625,24.1875,-9.092968,8.0078125,11.828125
2012-06-28,4.988888,7.3552895,-19.90625,24.15625,-8.936718,8.144531,11.96875
2012-06-29,5.041327,7.3777184,-20.0,24.125,-8.9140625,8.2109375,12.046875
2012-06-30,5.01356,7.381519,-19.90625,24.15625,-8.9453125,8.1953125,12.026955
2012-07-01,5.066453,7.3853025,-19.9375,24.1875,-8.8671875,8.25,12.09375
2012-07-02,5.0667,7.38546,-19.9375,24.234375,-8.8203125,8.265625,12.109375
2012-07-03,4.9317026,7.3780217,-20.0,24.15625,-8.9140625,8.1328125,11.984375
2012-07-04,5.034078,7.3809605,-19.9375,24.015625,-8.827343,8.25,12.109375
2012-07-05,5.0091505,7.398273,-20.0,24.03125,-8.874218,8.21875,12.10508
2012-07-06,4.9498463,7.3942175,-20.03125,24.03125,-8.9296875,8.171875,12.03125
2012-07-07,5.043881,7.402869,-20.03125,23.96875,-8.8046875,8.2734375,12.140625
2012-07-08,5.125092,7.4284205,-19.96875,24.03125,-8.764843,8.375,12.234375
2012-07-09,5.064962,7.4477153,-20.09375,24.03125,-8.8046875,8.3125,12.253517
2012-07-10,5.082916,7.4490595,-20.0625,23.984375,-8.780468,8.328125,12.280472
2012-07-11,5.083951,7.453446,-20.03125,23.96875,-8.7734375,8.34375,12.28125
2012-07-12,5.0067635,7.4542217,-20.09375,23.9375,-8.8203125,8.2890625,12.21875
2012-07-13,4.9913325,7.4440036,-20.125,23.90625,-8.842968,8.265625,12.1953125
2012-07-14,4.884669,7.435452,-20.34375,23.84375,-8.8828125,8.1796875,12.078125
2012-07-15,5.0218554,7.4417863,-20.5,23.875,-8.7734375,8.316406,12.214455
2012-07-16,4.977658,7.4705133,-20.53125,23.859375,-8.8515625,8.28125,12.237892
2012-07-17,4.8702264,7.4559283,-20.375,23.796875,-8.9140625,8.2109375,12.078125
2012-07-18,4.9357452,7.451161,-20.5,23.65625,-8.8671875,8.25,12.175392
2012-07-19,4.9708996,7.474416,-20.5625,23.640625,-8.8359375,8.300781,12.175392
2012-07-20,4.916647,7.4804096,-20.4375,23.65625,-8.936718,8.2578125,12.128517
2012-07-21,4.88284,7.46978,-20.4375,23.640625,-8.9921875,8.2109375,12.120705
2012-07-22,4.856932,7.4613667,-20.375,23.625,-8.9453125,8.183594,12.0625
2012-07-23,4.859097,7.4491315,-20.15625,23.578125,-8.874218,8.203125,12.03125
2012-07-24,4.8527403,7.4397073,-20.125,23.5625,-8.8359375,8.1875,12.034767
2012-07-25,4.7917624,7.4319096,-20.15625,23.453125,-8.8828125,8.125,11.9296875
2012-07-26,4.90613,7.4406157,-20.34375,23.375,-8.7734375,8.25,12.034767
2012-07-27,4.881168,7.455333,-20.1875,23.328125,-8.8046875,8.2265625,12.1171875
2012-07-28,4.904894,7.451827,-20.15625,23.28125,-8.7734375,8.234375,12.147659
2012-07-29,4.9885683,7.4631886,-20.15625,23.265625,-8.7421875,8.328125,12.25
2012-07-30,4.8425837,7.4540577,-20.03125,23.21875,-8.827343,8.160156,12.09375
2012-07-31,4.714787,7.4142866,-19.875,23.109375,-8.8359375,8.03125,11.9609375
2012-08-01,4.750022,7.395493,-19.75,23.046875,-8.7890625,8.0625,11.96875
2012-08-02,4.7111893,7.388837,-19.71875,23.015625,-8.811718,8.050781,11.921875
2012-08-03,4.679289,7.3669186,-19.75,23.03125,-8.8203125,8.0234375,11.831642
2012-08-04,4.625092,7.3410864,-19.71875,22.9375,-8.8046875,7.953125,11.753517
2012-08-05,4.630932,7.31307,-19.5,22.9375,-8.7578125,7.9296875,11.741409
2012-08-06,4.644965,7.2904644,-19.3125,22.90625,-8.671093,7.953125,11.76133
2012-08-07,4.6417174,7.2769084,-19.4375,22.6875,-8.6953125,7.9414062,11.7265625
2012-08-08,4.567726,7.274673,-19.53125,22.71875,-8.7734375,7.8710938,11.659767
2012-08-09,4.6145406,7.265879,-19.5,22.6875,-8.7578125,7.9414062,11.65625
2012-08-10,4.4743924,7.24585,-19.5,22.65625,-8.8515625,7.78125,11.515625
2012-08-11,4.5364003,7.217622,-19.53125,22.53125,-8.7578125,7.8203125,11.53125
2012-08-12,4.444208,7.194788,-19.625,22.453125,-8.7734375,7.7109375,11.38633
2012-08-13,4.513537,7.162378,-19.53125,22.421875,-8.6484375,7.779297,11.44883
2012-08-14,4.5863614,7.1563396,-19.65625,22.46875,-8.5703125,7.8378906,11.5546875
2012-08-15,4.445376,7.131862,-19.59375,22.4375,-8.6640625,7.6796875,11.4375
2012-08-16,4.273715,7.076,-19.65625,22.28125,-8.6953125,7.46875,11.203125
2012-08-17,4.2967954,7.032748,-19.65625,22.1875,-8.6171875,7.5,11.1171875
2012-08-18,4.5028467,7.020916,-19.59375,22.1875,-8.4140625,7.7109375,11.3125
2012-08-19,4.398484,6.994034,-19.53125,22.125,-8.4609375,7.5742188,11.237892
2012-08-20,4.323356,6.9396424,-19.65625,21.96875,-8.4296875,7.4609375,11.125
2012-08-21,4.409284,6.913159,-19.59375,21.890625,-8.296093,7.546875,11.21875
2012-08-22,4.3715715,6.9031982,-19.75,21.9375,-8.2734375,7.484375,11.214455
2012-08-23,4.1984315,6.853337,-19.75,21.78125,-8.3359375,7.3203125,10.94883
2012-08-24,4.18064,6.8133907,-19.78125,21.71875,-8.296093,7.294922,10.8359375
2012-08-25,4.3674884,6.803572,-19.90625,21.609375,-8.1171875,7.4726562,11.046875
2012-08-26,4.3355904,6.7912807,-19.90625,21.65625,-8.1171875,7.421875,11.0625
2012-08-27,4.1537685,6.738736,-19.75,21.609375,-8.1796875,7.1992188,10.796875
2012-08-28,4.208425,6.6886945,-19.4375,21.5,-8.030468,7.2109375,10.819534
2012-08-29,4.266715,6.6423373,-19.25,21.34375,-7.9054685,7.2617188,10.828125
2012-08-30,4.176979,6.603358,-19.46875,21.34375,-7.9140625,7.15625,10.706642
2012-08-31,4.106588,6.5645804,-19.3125,21.328125,-7.8828125,7.064453,10.5859375
2012-09-01,4.0612645,6.530784,-19.375,21.265625,-7.8828125,6.9921875,10.4921875
2012-09-02,4.1673703,6.4965663,-19.34375,21.203125,-7.7335935,7.076172,10.66758
2012-09-03,4.015392,6.4438477,-19.28125,21.234375,-7.7265625,6.8828125,10.425392
2012-09-04,4.053039,6.39801,-19.3125,21.09375,-7.6484375,6.90625,10.401955
2012-09-05,3.9475615,6.346066,-19.25,21.03125,-7.6640625,6.7714844,10.28125
2012-09-06,3.8872879,6.28912,-19.28125,20.953125,-7.6015625,6.6816406,10.15625
2012-09-07,3.951469,6.247144,-19.21875,20.84375,-7.4609375,6.734375,10.171875
2012-09-08,3.9336162,6.1931643,-19.09375,20.71875,-7.3671875,6.673828,10.125
2012-09-09,3.825289,6.128004,-19.09375,20.703125,-7.3203125,6.5058594,9.9765625
2012-09-10,3.8797889,6.0787425,-18.96875,20.65625,-7.2109375,6.548828,10.0078125
2012-09-11,3.9109898,6.0520096,-19.03125,20.5625,-7.1328125,6.5429688,10.03125
2012-09-12,3.6647468,5.976628,-19.125,20.46875,-7.2023435,6.2773438,9.703125
2012-09-13,3.6756814,5.9367137,-19.25,20.5,-7.1484375,6.265625,9.671875
2012-09-14,3.6989431,5.9044495,-19.21875,20.390625,-7.0859375,6.263672,9.6796875
2012-09-15,3.5818813,5.8488817,-19.21875,20.40625,-7.0773435,6.109375,9.5390625
2012-09-16,3.3750486,5.7554164,-19.09375,20.21875,-7.0859375,5.8515625,9.21875
2012-09-17,3.4342182,5.6850076,-19.0625,20.09375,-6.8828125,5.8554688,9.2421875
2012-09-18,3.4234533,5.6256166,-18.75,20.09375,-6.8046875,5.8125,9.222267
2012-09-19,3.4339721,5.5848165,-18.65625,20.046875,-6.7109375,5.7851562,9.23008
2012-09-20,3.3857663,5.5329185,-18.5625,19.875,-6.6484375,5.703125,9.1015625
2012-09-21,3.4030187,5.4795613,-18.40625,19.90625,-6.5460935,5.6875,9.089455
2012-09-22,3.2855337,5.4243813,-18.4375,19.828125,-6.5460935,5.515625,8.953125
2012-09-23,3.354183,5.390232,-18.4375,19.6875,-6.4296875,5.5546875,9.0
2012-09-24,3.3055294,5.343402,-18.28125,19.65625,-6.3828125,5.4609375,8.956642
2012-09-25,3.200046,5.2862935,-18.28125,19.625,-6.3828125,5.3378906,8.75
2012-09-26,3.088037,5.2125072,-18.25,19.4375,-6.3359375,5.15625,8.57383
2012-09-27,3.0210369,5.1466074,-18.28125,19.3125,-6.2734375,5.0429688,8.4453125
2012-09-28,2.9671087,5.080146,-18.15625,19.125,-6.171875,4.966797,8.296875
2012-09-29,2.9818292,5.0383415,-18.125,19.0625,-6.09375,4.939453,8.2890625
2012-09-30,2.8694656,5.007672,-18.25,18.921875,-6.1398435,4.8027344,8.1640625
2012-10-01,2.7751553,4.966003,-18.25,18.71875,-6.1875,4.6640625,8.04258
2012-10-02,2.6481614,4.900754,-18.1875,18.59375,-6.1554685,4.5078125,7.8164062
2012-10-03,2.5028532,4.827454,-18.21875,18.40625,-6.109375,4.3125,7.6054688
2012-10-04,2.3829713,4.7302847,-18.125,18.3125,-6.0546875,4.125,7.375
2012-10-05,2.379573,4.670639,-18.03125,18.1875,-5.9140625,4.0664062,7.3125
2012-10-06,2.295076,4.6180387,-18.125,17.984375,-5.9097652,3.9609375,7.1875
2012-10-07,2.1918209,4.562513,-18.09375,17.75,-5.875,3.8359375,7.019142
2012-10-08,2.1223578,4.5126166,-18.25,17.5625,-5.866406,3.7265625,6.8923836
2012-10-09,2.1394794,4.454832,-18.28125,17.53125,-5.7109375,3.7011719,6.900196
2012-10-10,2.0499165,4.396895,-18.3125,17.3125,-5.6875,3.5625,6.8125
2012-10-11,1.8790756,4.331393,-18.125,17.203125,-5.7109375,3.3183594,6.5859375
2012-10-12,1.7494867,4.257964,-18.0625,17.03125,-5.6875,3.1640625,6.3515625
2012-10-13,1.6991134,4.1952996,-17.90625,16.734375,-5.5859375,3.0429688,6.3046875
2012-10-14,1.6464196,4.141172,-18.09375,16.546875,-5.546875,2.9921875,6.181446
2012-10-15,1.5313554,4.0811334,-18.15625,16.4375,-5.5625,2.8398438,5.9765625
2012-10-16,1.5031039,4.041473,-18.125,16.375,-5.5234375,2.7871094,5.921875
2012-10-17,1.3024509,3.9677792,-18.0625,16.328125,-5.53125,2.5351562,5.671875
2012-10-18,1.3050768,3.9269195,-18.0,16.1875,-5.46875,2.5175781,5.6484375
2012-10-19,1.4423441,3.906809,-18.125,16.03125,-5.2960935,2.6445312,5.7830086
2012-10-20,1.3088485,3.8476894,-18.125,15.90625,-5.328125,2.4609375,5.5916023
2012-10-21,1.1342633,3.7637675,-18.15625,15.8359375,-5.2734375,2.2421875,5.3007812
2012-10-22,1.2117771,3.730234,-18.125,15.640625,-5.1484375,2.28125,5.4570312
2012-10-23,1.1869345,3.6784778,-18.125,15.609375,-5.0703125,2.234375,5.3398438
2012-10-24,1.1291842,3.646427,-18.09375,15.6015625,-5.046875,2.1601562,5.2851562
2012-10-25,0.9055815,3.591578,-18.0625,15.546875,-5.140625,1.890625,4.99004
2012-10-26,0.84524745,3.54401,-18.0625,15.484375,-5.0859375,1.8125,4.875
2012-10-27,0.78143835,3.4781122,-18.0,15.296875,-5.0,1.7148438,4.74004
2012-10-28,0.6787974,3.4225166,-17.875,15.203125,-5.0,1.5585938,4.58379
2012-10-29,0.5652907,3.3838854,-17.84375,15.0,-5.03125,1.4140625,4.4509773
2012-10-30,0.5566809,3.336923,-17.90625,14.875,-4.921875,1.3828125,4.4080086
2012-10-31,0.5006674,3.2721565,-17.90625,14.8125,-4.828125,1.2890625,4.3125
2012-11-01,0.54272234,3.2232897,-17.875,14.6015625,-4.671875,1.3046875,4.328125
2012-11-02,0.51103675,3.1964936,-17.84375,14.453125,-4.703125,1.25,4.243946
2012-11-03,0.37029213,3.1590133,-17.8125,14.390625,-4.71875,1.078125,4.099415
2012-11-04,0.20220333,3.1136038,-17.78125,14.1640625,-4.8125,0.875,3.9179688
2012-11-05,0.15894394,3.083641,-17.8125,14.046875,-4.78125,0.828125,3.8476562
2012-11-06,0.07749436,3.0366204,-17.6875,13.8984375,-4.7421875,0.71875,3.7009773
2012-11-07,0.23237646,3.0139556,-17.71875,13.8203125,-4.5148435,0.8671875,3.8867188
2012-11-08,0.18616408,2.9792552,-17.84375,13.7890625,-4.484375,0.79296875,3.759182
2012-11-09,0.038440548,2.9543226,-17.8125,13.5625,-4.59375,0.640625,3.6054688
2012-11-10,-0.17330253,2.9009557,-17.6875,13.3828125,-4.6875,0.3828125,3.306446
2012-11-11,-0.10790956,2.864994,-17.71875,13.296875,-4.5546875,0.4453125,3.3806648
2012-11-12,-0.24525817,2.8259177,-17.6875,13.3125,-4.578125,0.2890625,3.2148438
2012-11-13,-0.39130697,2.8034933,-17.6875,13.234375,-4.671875,0.140625,3.0291023
2012-11-14,-0.4657275,2.771882,-17.59375,13.1015625,-4.703125,0.03125,2.90625
2012-11-15,-0.5441467,2.7192662,-17.46875,13.078125,-4.6640625,-0.08203125,2.8082047
2012-11-16,-0.53797615,2.7027621,-17.375,12.9453125,-4.6640625,-0.1015625,2.8125
2012-11-17,-0.5310265,2.67797,-17.46875,12.765625,-4.59375,-0.109375,2.8359375
2012-11-18,-0.66665256,2.6390343,-17.59375,12.734375,-4.6328125,-0.265625,2.6171875
2012-11-19,-0.75340354,2.6154146,-17.53125,12.703125,-4.6640625,-0.375,2.5429688
2012-11-20,-0.7511187,2.5805666,-17.375,12.6640625,-4.578125,-0.375,2.4726562
2012-11-21,-0.8366376,2.555138,-17.28125,12.65625,-4.6171875,-0.5,2.40625
2012-11-22,-0.93600494,2.5251482,-17.25,12.546875,-4.6675777,-0.609375,2.2539062
2012-11-23,-0.90681666,2.5019932,-17.25,12.4453125,-4.609375,-0.6171875,2.2890625
2012-11-24,-0.723833,2.4950385,-17.1875,12.3359375,-4.3984375,-0.421875,2.468361
2012-11-25,-0.8702487,2.4625502,-17.21875,12.3828125,-4.484375,-0.5859375,2.2617188
2012-11-26,-0.87905985,2.460173,-17.25,12.453125,-4.453125,-0.6015625,2.2617188
2012-11-27,-1.059175,2.4327118,-17.3125,12.3671875,-4.59375,-0.796875,2.0625
2012-11-28,-1.0802886,2.4144554,-17.15625,12.2578125,-4.59375,-0.8359375,2.0816422
2012-11-29,-1.1303385,2.3890986,-17.03125,12.1875,-4.5625,-0.89453125,2.0039062
2012-11-30,-0.9887614,2.3981571,-17.09375,12.2109375,-4.4453125,-0.7734375,2.140625
2012-12-01,-1.1659825,2.3718593,-17.0625,12.1796875,-4.578125,-0.9609375,1.90625
2012-12-02,-1.0937461,2.3624427,-17.125,12.1015625,-4.5,-0.90625,1.9609375
2012-12-03,-1.1609361,2.335099,-17.0625,12.125,-4.5,-0.96875,1.8671875
2012-12-04,-1.134484,2.3311148,-17.0625,12.1171875,-4.46875,-0.9296875,1.9140625
2012-12-05,-1.224825,2.3245208,-16.9375,12.140625,-4.5234375,-1.046875,1.7947273
2012-12-06,-1.3549606,2.3051498,-16.96875,12.0234375,-4.6484375,-1.1875,1.671875
2012-12-07,-1.1101549,2.3080354,-16.96875,12.171875,-4.375,-0.953125,1.8867188
2012-12-08,-1.2038733,2.3073578,-17.0625,12.2421875,-4.460156,-1.0625,1.8203125
2012-12-09,-1.3283694,2.308281,-17.0625,12.203125,-4.578125,-1.171875,1.6953125
2012-12-10,-1.433621,2.2894397,-16.96875,12.15625,-4.6328125,-1.296875,1.5269547
2012-12-11,-1.4561388,2.280488,-16.96875,12.03125,-4.6640625,-1.3359375,1.5078125
2012-12-12,-1.5953264,2.2686248,-16.90625,12.109375,-4.7578125,-1.4765625,1.3820343
2012-12-13,-1.5766271,2.2706318,-16.84375,12.1015625,-4.7421875,-1.4609375,1.3515625
2012-12-14,-1.5398468,2.263334,-16.84375,12.078125,-4.6875,-1.4375,1.3671875
2012-12-15,-1.3751864,2.262761,-16.90625,12.1015625,-4.59375,-1.28125,1.5582047
2012-12-16,-1.4175249,2.2808433,-16.84375,12.171875,-4.6328125,-1.328125,1.5078125
2012-12-17,-1.4524304,2.260716,-16.6875,12.203125,-4.609375,-1.375,1.421875
2012-12-18,-1.4254645,2.2906609,-16.78125,12.1796875,-4.6328125,-1.3398438,1.5078125
2012-12-19,-1.4648142,2.2826908,-16.78125,12.1875,-4.6640625,-1.3828125,1.4609375
2012-12-20,-1.572123,2.2925768,-16.78125,12.140625,-4.796875,-1.4921875,1.375
2012-12-21,-1.569061,2.2867928,-16.84375,12.171875,-4.7648435,-1.515625,1.359375
2012-12-22,-1.6079234,2.301564,-16.9375,12.03125,-4.8585935,-1.546875,1.328125
2012-12-23,-1.6826563,2.3229375,-16.875,12.03125,-4.9921875,-1.609375,1.3003922
2012-12-24,-1.7592195,2.3418064,-16.8125,12.15625,-5.09375,-1.703125,1.2535172
2012-12-25,-1.8979375,2.3387625,-16.78125,12.109375,-5.2578125,-1.8359375,1.1328125
2012-12-26,-1.8981161,2.3593671,-16.84375,12.109375,-5.328125,-1.828125,1.203125
2012-12-27,-1.9118823,2.3628182,-16.84375,12.1484375,-5.3046875,-1.84375,1.1285172
2012-12-28,-1.9756144,2.377225,-16.71875,12.15625,-5.46875,-1.90625,1.125
2012-12-29,-1.8877455,2.4034514,-16.53125,12.25,-5.4140625,-1.8203125,1.2300797
2012-12-30,-1.8948938,2.4213457,-16.5625,12.296875,-5.460156,-1.828125,1.2378922
2012-12-31,-1.8852502,2.4292264,-16.5,12.21875,-5.421875,-1.8203125,1.21875
2013-01-01,-1.6088802,2.4409487,-16.5,12.421875,-5.109375,-1.5546875,1.6441422
2013-01-02,-1.8143497,2.4671497,-16.46875,12.34375,-5.3828125,-1.75,1.4296875
2013-01-03,-1.7567574,2.4886022,-16.53125,12.4375,-5.359375,-1.7109375,1.53125
2013-01-04,-1.9346166,2.501989,-16.40625,12.40625,-5.6171875,-1.8828125,1.296875
2013-01-05,-1.9831556,2.5242186,-16.40625,12.359375,-5.7421875,-1.9375,1.2734375
2013-01-06,-1.9229009,2.543607,-16.46875,12.328125,-5.7421875,-1.8828125,1.359375
2013-01-07,-1.9296018,2.5846539,-16.40625,12.5,-5.8117185,-1.8828125,1.453125
2013-01-08,-2.0976562,2.605371,-16.375,12.4375,-5.984375,-2.0625,1.2847672
2013-01-09,-1.9661876,2.6476686,-16.375,12.4765625,-5.984375,-1.9140625,1.4992218
2013-01-10,-1.9657899,2.6829622,-16.3125,12.5703125,-6.0078125,-1.9140625,1.5625
2013-01-11,-2.1608477,2.7180521,-16.40625,12.5625,-6.2421875,-2.1015625,1.4609375
2013-01-12,-2.2000625,2.7495515,-16.34375,12.625,-6.3515625,-2.1484375,1.4566422
2013-01-13,-2.334888,2.7579226,-16.25,12.484375,-6.4765625,-2.3046875,1.3125
2013-01-14,-2.2097938,2.7330139,-16.03125,12.6015625,-6.2578125,-2.1953125,1.4453125
2013-01-15,-2.0689738,2.7788653,-15.9765625,12.5859375,-6.1875,-2.0859375,1.75
2013-01-16,-2.2565875,2.812618,-16.03125,12.59375,-6.4296875,-2.2734375,1.609375
2013-01-17,-2.339402,2.8429084,-16.125,12.4375,-6.6015625,-2.3515625,1.5234375
2013-01-18,-2.356224,2.9096346,-16.34375,12.5546875,-6.7578125,-2.3359375,1.515625
2013-01-19,-2.3974838,2.9467092,-16.3125,12.5859375,-6.8671875,-2.390625,1.5625
2013-01-20,-2.437059,2.9777749,-16.5,12.59375,-6.9453125,-2.4453125,1.671875
2013-01-21,-2.4650362,3.035748,-16.5625,12.5625,-7.1398435,-2.4375,1.671875
2013-01-22,-2.643326,3.0757244,-16.53125,12.609375,-7.3984375,-2.59375,1.484375
2013-01-23,-2.7496138,3.1099403,-16.4375,12.7421875,-7.5546875,-2.734375,1.40625
2013-01-24,-2.8066714,3.163694,-16.5,12.6484375,-7.7109375,-2.765625,1.3828125
2013-01-25,-2.8716853,3.2374763,-16.8125,12.8203125,-7.9140625,-2.8203125,1.4566422
2013-01-26,-2.9928901,3.30169,-16.9375,12.78125,-8.1328125,-2.9414062,1.3785172
2013-01-27,-3.1412513,3.3528004,-17.125,12.828125,-8.3515625,-3.09375,1.3515625
2013-01-28,-3.2711804,3.406448,-17.1875,12.8515625,-8.6015625,-3.234375,1.2769547
2013-01-29,-3.3686118,3.462972,-17.0,13.015625,-8.7734375,-3.328125,1.2265625
2013-01-30,-3.42307,3.4898415,-16.96875,12.84375,-8.8359375,-3.4296875,1.2734375
2013-01-31,-3.5368953,3.5285232,-17.0,12.953125,-8.983593,-3.53125,1.296875
2013-02-01,-3.628748,3.5615847,-16.96875,12.9765625,-9.1171875,-3.640625,1.2578125
2013-02-02,-3.4283495,3.6120386,-16.6875,13.0390625,-8.9921875,-3.4609375,1.5625
2013-02-03,-3.532236,3.7101138,-16.78125,13.171875,-9.2265625,-3.5507812,1.640625
2013-02-04,-3.6347783,3.7814684,-17.0,13.3359375,-9.4296875,-3.671875,1.5234375
2013-02-05,-3.7038362,3.8408496,-16.75,13.265625,-9.561718,-3.7421875,1.5503922
2013-02-06,-3.7484875,3.8858929,-16.625,13.328125,-9.6328125,-3.8125,1.6441422
2013-02-07,-3.828595,3.9325948,-16.75,13.25,-9.7890625,-3.90625,1.6597672
2013-02-08,-3.9119823,4.0087667,-16.90625,13.3046875,-10.0390625,-3.9765625,1.6945343
2013-02-09,-4.01027,4.083457,-17.0,13.296875,-10.264843,-4.0390625,1.5738297
2013-02-10,-4.060845,4.1213317,-16.875,13.4609375,-10.3046875,-4.125,1.5269547
2013-02-11,-4.0404468,4.172644,-16.875,13.46875,-10.3046875,-4.1484375,1.7265625
2013-02-12,-4.1068826,4.2521133,-16.875,13.5078125,-10.499218,-4.2265625,1.734375
2013-02-13,-4.2378135,4.2942266,-16.84375,13.53125,-10.6640625,-4.359375,1.7144547
2013-02-14,-4.2935033,4.343597,-16.78125,13.53125,-10.7734375,-4.3984375,1.65625
2013-02-15,-4.313454,4.3931,-16.96875,13.6171875,-10.8203125,-4.46875,1.765625
2013-02-16,-4.215516,4.456541,-16.75,13.6875,-10.8046875,-4.359375,1.9140625
2013-02-17,-4.11817,4.570192,-16.71875,13.9453125,-10.8828125,-4.28125,2.1150398
2013-02-18,-4.29064,4.618827,-16.71875,13.828125,-11.0390625,-4.453125,2.0113297
2013-02-19,-4.276646,4.652162,-16.71875,13.8125,-11.0703125,-4.4296875,2.093361
2013-02-20,-4.2565475,4.72593,-16.75,13.96875,-11.1640625,-4.3945312,2.155861
2013-02-21,-4.350406,4.7488685,-16.71875,13.9296875,-11.2265625,-4.5078125,2.218361
2013-02-22,-4.369057,4.7701597,-16.59375,14.015625,-11.2421875,-4.5078125,2.1423836
2013-02-23,-4.292066,4.804991,-16.5,13.984375,-11.1484375,-4.46875,2.3320312
2013-02-24,-4.263885,4.851391,-16.5,14.09375,-11.1484375,-4.4296875,2.3710938
2013-02-25,-4.1875463,4.909911,-16.34375,14.09375,-11.139843,-4.375,2.5429688
2013-02-26,-4.2861404,4.9358835,-16.4375,14.1953125,-11.2578125,-4.453125,2.4179688
2013-02-27,-4.2856445,4.976599,-16.4375,14.140625,-11.3046875,-4.4296875,2.4353523
2013-02-28,-4.2587457,5.010871,-16.46875,14.171875,-11.2890625,-4.4140625,2.5546875
2013-03-01,-4.1896167,5.0672884,-16.40625,14.21875,-11.2890625,-4.34375,2.6597672
2013-03-02,-4.2347984,5.108747,-16.59375,14.328125,-11.3671875,-4.375,2.671875
2013-03-03,-4.1844482,5.163094,-16.6875,14.34375,-11.4296875,-4.3203125,2.7382812
2013-03-04,-4.1750593,5.18296,-16.65625,14.375,-11.3984375,-4.3203125,2.7300797
2013-03-05,-4.0733347,5.1898017,-16.5625,14.3125,-11.2734375,-4.2070312,2.8125
2013-03-06,-4.0253205,5.1860943,-16.5,14.3671875,-11.1796875,-4.1796875,2.8945312
2013-03-07,-3.8359656,5.2321086,-16.65625,14.4375,-11.0546875,-4.0117188,3.1462898
2013-03-08,-3.7384348,5.2623177,-16.6875,14.453125,-11.0390625,-3.890625,3.2105484
2013-03-09,-3.6237988,5.306484,-16.53125,14.671875,-10.9453125,-3.7773438,3.4197273
2013-03-10,-3.5728714,5.30742,-16.53125,14.7421875,-10.8828125,-3.703125,3.4041023
2013-03-11,-3.463419,5.3013268,-16.46875,14.796875,-10.7265625,-3.59375,3.5117188
2013-03-12,-3.3683524,5.3177657,-16.5625,14.8125,-10.624218,-3.484375,3.6210938
2013-03-13,-3.3762262,5.3501945,-16.46875,14.8515625,-10.7109375,-3.4375,3.6072273
2013-03-14,-3.336952,5.4344583,-16.5625,14.953125,-10.7421875,-3.3671875,3.78125
2013-03-15,-3.3515325,5.4963927,-16.65625,15.046875,-10.8515625,-3.359375,3.8046875
2013-03-16,-3.2459915,5.518153,-16.625,15.0,-10.7890625,-3.234375,3.9414062
2013-03-17,-3.3004937,5.511809,-16.71875,15.0625,-10.8203125,-3.2578125,3.8203125
2013-03-18,-3.2131896,5.554245,-16.75,15.21875,-10.7890625,-3.1484375,3.9414062
2013-03-19,-3.2408667,5.5599294,-16.75,15.2890625,-10.8671875,-3.109375,3.8554688
2013-03-20,-3.1848018,5.585157,-16.78125,15.25,-10.8515625,-3.0,3.8884773
2013-03-21,-2.885131,5.6447053,-16.5625,15.2421875,-10.6171875,-2.7070312,4.3164062
2013-03-22,-2.8603432,5.655592,-16.625,15.40625,-10.6171875,-2.6484375,4.3046875
2013-03-23,-2.8264067,5.6912794,-16.625,15.453125,-10.624218,-2.5703125,4.359375
2013-03-24,-2.6862803,5.744506,-16.71875,15.6171875,-10.530468,-2.3984375,4.5585938
2013-03-25,-2.5537243,5.755799,-16.6875,15.578125,-10.4296875,-2.2265625,4.65625
2013-03-26,-2.4475129,5.777893,-16.625,15.59375,-10.3828125,-2.0703125,4.7734375
2013-03-27,-2.4037168,5.8354244,-16.75,15.6796875,-10.4453125,-1.9453125,4.8554688
2013-03-28,-2.4300425,5.8581753,-16.71875,15.796875,-10.5078125,-1.9023438,4.8103523
2013-03-29,-2.3774333,5.87209,-16.8125,15.765625,-10.4765625,-1.8203125,4.8320312
2013-03-30,-2.2457347,5.869621,-16.78125,15.765625,-10.3515625,-1.6367188,4.962696
2013-03-31,-1.9973314,5.8942637,-16.625,15.796875,-10.1796875,-1.3046875,5.2009773
2013-04-01,-1.9065186,5.9105453,-16.71875,15.78125,-10.1171875,-1.1484375,5.2830086
2013-04-02,-1.7849983,5.9359736,-16.71875,15.8671875,-10.0390625,-0.9921875,5.3863297
2013-04-03,-1.736518,5.965481,-16.75,15.90625,-10.0703125,-0.85546875,5.4584007
2013-04-04,-1.7378303,5.9758973,-16.78125,16.0625,-10.0859375,-0.79296875,5.4375
2013-04-05,-1.6567409,6.001816,-16.8125,16.09375,-10.0546875,-0.62890625,5.5195312
2013-04-06,-1.4454397,6.0737486,-16.875,16.1875,-9.9765625,-0.296875,5.796875
2013-04-07,-1.4155437,6.1054006,-16.96875,16.140625,-10.0234375,-0.18359375,5.8203125
2013-04-08,-1.3327812,6.1153307,-16.9375,16.25,-9.9765625,-0.01171875,5.890625
2013-04-09,-1.2988423,6.088842,-16.9375,16.1875,-9.9453125,0.09375,5.837696
2013-04-10,-1.2749665,6.0707083,-16.90625,16.15625,-9.8984375,0.1484375,5.8164062
2013-04-11,-1.0795546,6.084497,-16.84375,16.296875,-9.7421875,0.41015625,6.015625
2013-04-12,-0.91439855,6.1192484,-16.78125,16.375,-9.671093,0.6796875,6.1914062
2013-04-13,-0.7944642,6.148958,-16.6875,16.484375,-9.6171875,0.89453125,6.33379
2013-04-14,-0.7341582,6.1586924,-16.71875,16.6875,-9.5859375,1.0195312,6.359375
2013-04-15,-0.48448992,6.1985145,-16.6875,16.703125,-9.4140625,1.3203125,6.6384773
2013-04-16,-0.3277937,6.233687,-16.75,16.859375,-9.3515625,1.546875,6.765625
2013-04-17,-0.27898332,6.2496877,-16.78125,17.0,-9.3515625,1.6875,6.8203125
2013-04-18,-0.27311528,6.2591577,-16.84375,17.0625,-9.4140625,1.7578125,6.7791023
2013-04-19,-0.15549852,6.294542,-16.875,17.1875,-9.3828125,1.9511719,6.890625
2013-04-20,0.017887719,6.312159,-16.875,17.265625,-9.2578125,2.1679688,7.046875
2013-04-21,0.121281326,6.321396,-16.96875,17.484375,-9.2421875,2.3515625,7.171875
2013-04-22,0.26317787,6.3384247,-16.96875,17.625,-9.1640625,2.53125,7.2947273
2013-04-23,0.45027667,6.349713,-16.9375,17.578125,-9.0234375,2.8222656,7.453125
2013-04-24,0.3741344,6.3238215,-16.96875,17.75,-9.1015625,2.7851562,7.3416023
2013-04-25,0.4054851,6.35466,-17.09375,17.90625,-9.1953125,2.9121094,7.2929688
2013-04-26,0.5790471,6.390732,-17.03125,18.046875,-9.1015625,3.1484375,7.4353523
2013-04-27,0.60923916,6.4113846,-17.125,18.203125,-9.124218,3.2382812,7.447071
2013-04-28,0.79264295,6.433195,-17.125,18.375,-9.0234375,3.515625,7.587696
2013-04-29,0.9402346,6.4551516,-17.1875,18.40625,-8.9765625,3.7285156,7.7226562
2013-04-30,1.036149,6.4639726,-17.1875,18.578125,-8.9296875,3.8847656,7.8142586
2013-05-01,1.142656,6.4850793,-17.25,18.6875,-8.8828125,4.0117188,7.9257812
2013-05-02,1.2089738,6.4969444,-17.1875,18.90625,-8.889843,4.1152344,7.9332047
2013-05-03,1.2541748,6.4847198,-17.125,19.15625,-8.8359375,4.1777344,7.972267
2013-05-04,1.3555545,6.493891,-17.125,19.34375,-8.811718,4.3007812,8.0390625
2013-05-05,1.4597303,6.52747,-17.21875,19.578125,-8.811718,4.4296875,8.159767
2013-05-06,1.447982,6.5382266,-17.25,19.78125,-8.8828125,4.439453,8.09375
2013-05-07,1.4991179,6.5364494,-17.28125,19.875,-8.858593,4.484375,8.125
2013-05-08,1.7009412,6.54469,-17.28125,20.1875,-8.6953125,4.7246094,8.316017
2013-05-09,1.8730208,6.568539,-17.28125,20.390625,-8.6171875,4.9316406,8.472267
2013-05-10,1.8502613,6.5746245,-17.28125,20.5625,-8.6796875,4.892578,8.4296875
2013-05-11,1.9022177,6.583031,-17.28125,20.84375,-8.7109375,4.9335938,8.453125
2013-05-12,2.0594456,6.601438,-17.40625,21.03125,-8.6171875,5.095703,8.625
2013-05-13,2.1542609,6.6209855,-17.46875,21.28125,-8.6015625,5.1640625,8.722267
2013-05-14,2.227519,6.6218467,-17.46875,21.4375,-8.5859375,5.220703,8.7734375
2013-05-15,2.2984438,6.6298056,-17.59375,21.546875,-8.5703125,5.3066406,8.84375
2013-05-16,2.3838427,6.6329303,-17.59375,21.8125,-8.546093,5.3789062,8.91758
2013-05-17,2.458107,6.6416583,-17.6875,22.03125,-8.5703125,5.4179688,9.0234375
2013-05-18,2.513137,6.650335,-17.6875,22.234375,-8.5859375,5.4765625,9.034767
2013-05-19,2.5932288,6.6655397,-17.6875,22.359375,-8.5703125,5.5703125,9.144142
2013-05-20,2.7196653,6.683878,-17.71875,22.5625,-8.5390625,5.6992188,9.2734375
2013-05-21,2.7147553,6.6944795,-17.875,22.671875,-8.6171875,5.6601562,9.234375
2013-05-22,2.8467045,6.712817,-17.9375,22.78125,-8.5703125,5.8085938,9.339455
2013-05-23,2.9393508,6.7333827,-18.0,22.96875,-8.5703125,5.8710938,9.441017
2013-05-24,3.1072304,6.7582984,-18.0625,23.125,-8.4921875,6.0390625,9.6328125
2013-05-25,3.229163,6.7883306,-18.0,23.203125,-8.5078125,6.1796875,9.78125
2013-05-26,3.3546383,6.816268,-18.125,23.34375,-8.4921875,6.3007812,9.9296875
2013-05-27,3.3002384,6.8216867,-18.0625,23.53125,-8.6328125,6.2128906,9.870705
2013-05-28,3.3000646,6.8193703,-18.0625,23.53125,-8.6796875,6.203125,9.8359375
2013-05-29,3.3882542,6.832311,-18.15625,23.65625,-8.6796875,6.2578125,9.9609375
2013-05-30,3.5847125,6.8597617,-18.21875,23.75,-8.6171875,6.4375,10.159767
2013-05-31,3.6751537,6.8844337,-18.25,23.90625,-8.6328125,6.546875,10.26133
2013-06-01,3.725582,6.904197,-18.25,23.96875,-8.6640625,6.6015625,10.35508
2013-06-02,3.860108,6.9275146,-18.375,24.109375,-8.6484375,6.734375,10.4765625
2013-06-03,3.7834463,6.940103,-18.4375,24.125,-8.8046875,6.6640625,10.40625
2013-06-04,3.8975627,6.951988,-18.4375,24.15625,-8.7578125,6.7695312,10.566017
2013-06-05,3.9786756,6.9714775,-18.4375,24.15625,-8.7890625,6.8671875,10.63633
2013-06-06,4.1193943,7.0009193,-18.53125,24.1875,-8.7578125,7.0351562,10.8046875
2013-06-07,4.1462913,7.034493,-18.4375,24.25,-8.8515625,7.0722656,10.808205
2013-06-08,4.1337256,7.049748,-18.46875,24.34375,-8.9453125,7.0703125,10.800392
2013-06-09,4.172543,7.053416,-18.625,24.328125,-8.9140625,7.1152344,10.808205
2013-06-10,4.3483896,7.067698,-18.65625,24.34375,-8.8046875,7.3085938,11.0234375
2013-06-11,4.241612,7.0827446,-18.6875,24.375,-9.0234375,7.2109375,10.9375
2013-06-12,4.3480825,7.094466,-18.875,24.296875,-8.9609375,7.3183594,11.034767
2013-06-13,4.463022,7.12033,-18.90625,24.25,-8.9140625,7.4609375,11.1875
2013-06-14,4.462675,7.1305027,-18.96875,24.21875,-8.983593,7.4609375,11.1875
2013-06-15,4.572818,7.1525097,-19.09375,24.375,-8.9453125,7.5703125,11.3046875
2013-06-16,4.542152,7.1672482,-19.0,24.28125,-9.0234375,7.5878906,11.29258
2013-06-17,4.61719,7.168067,-19.09375,24.25,-8.9609375,7.6640625,11.370705
2013-06-18,4.681845,7.1796174,-19.09375,24.15625,-8.936718,7.7578125,11.456642
2013-06-19,4.807391,7.2125096,-19.125,24.1875,-8.842968,7.890625,11.6171875
2013-06-20,4.8743234,7.2484436,-19.09375,24.25,-8.8828125,7.9570312,11.7890625
2013-06-21,4.9284716,7.271364,-19.125,24.234375,-8.8515625,8.03125,11.91758
2013-06-22,4.8073196,7.2817683,-19.21875,24.25,-8.9921875,7.9316406,11.811722
2013-06-23,4.8187804,7.2809544,-19.3125,24.3125,-8.9921875,7.9453125,11.828125
2013-06-24,4.9031706,7.2935386,-19.375,24.25,-8.9453125,8.0390625,11.88633
2013-06-25,4.9174175,7.3150005,-19.3125,24.1875,-8.952343,8.078125,11.913284
2013-06-26,4.985561,7.335623,-19.5,24.296875,-8.9296875,8.136719,12.022659
2013-06-27,4.943194,7.34877,-19.53125,24.40625,-8.9921875,8.1171875,11.984375
2013-06-28,4.7799096,7.3376455,-19.75,24.328125,-9.139843,7.9765625,11.8203125
2013-06-29,4.9232473,7.340386,-19.78125,24.234375,-8.999218,8.121094,11.953125
2013-06-30,4.974726,7.363985,-19.9375,24.25,-9.030468,8.15625,12.0390625
2013-07-01,4.946924,7.3679104,-19.90625,24.25,-9.0234375,8.1484375,12.019142
2013-07-02,4.9997888,7.37101,-19.96875,24.28125,-8.9140625,8.191406,12.07383
2013-07-03,4.9996395,7.369768,-20.0,24.3125,-8.9921875,8.1953125,12.1015625
2013-07-04,4.863204,7.362637,-20.15625,24.234375,-9.0859375,8.0625,11.9609375
2013-07-05,4.964933,7.3679047,-20.15625,24.109375,-8.9609375,8.1796875,12.046875
2013-07-06,4.9395943,7.3856144,-20.3125,24.09375,-8.9921875,8.15625,12.085159
2013-07-07,4.879847,7.380636,-20.40625,24.03125,-9.0234375,8.1171875,12.003517
2013-07-08,4.9733133,7.392214,-20.4375,24.03125,-8.983593,8.21875,12.0859375
2013-07-09,5.054049,7.4197407,-20.4375,24.0625,-8.9140625,8.292969,12.191017
2013-07-10,4.993381,7.4400587,-20.59375,24.03125,-8.9921875,8.2421875,12.21875
2013-07-11,5.0105333,7.4423504,-20.65625,24.03125,-8.9921875,8.265625,12.222267
2013-07-12,5.0112004,7.446419,-20.65625,23.96875,-8.9921875,8.28125,12.25
2013-07-13,4.9330325,7.4463763,-20.8125,23.9375,-9.061718,8.1875,12.186722
2013-07-14,4.9168215,7.436835,-20.875,23.96875,-9.0078125,8.175781,12.125
2013-07-15,4.809457,7.4286423,-21.1875,23.84375,-9.0703125,8.082031,12.0546875
2013-07-16,4.9468694,7.437639,-21.375,23.890625,-8.9296875,8.21875,12.151955
2013-07-17,4.902373,7.468569,-21.46875,23.859375,-8.9765625,8.1953125,12.15625
2013-07-18,4.795945,7.452719,-21.3125,23.8125,-9.014843,8.125,11.995705
2013-07-19,4.8611155,7.4490685,-21.46875,23.75,-8.9140625,8.1875,12.034767
2013-07-20,4.8954487,7.4722104,-21.5625,23.71875,-8.9296875,8.25,12.1015625
2013-07-21,4.840872,7.478651,-21.53125,23.71875,-8.9921875,8.1953125,12.058205
2013-07-22,4.8059278,7.4676924,-21.5625,23.71875,-8.9921875,8.171875,12.0234375
2013-07-23,4.7797127,7.4566894,-21.53125,23.75,-8.9921875,8.1328125,11.964455
2013-07-24,4.780509,7.445387,-21.375,23.71875,-8.9296875,8.140625,11.953125
2013-07-25,4.773456,7.4372826,-21.40625,23.75,-8.9296875,8.140625,11.953125
2013-07-26,4.711615,7.4299603,-21.5,23.6875,-8.9296875,8.089844,11.882034
2013-07-27,4.8256974,7.4382014,-21.75,23.59375,-8.874218,8.1953125,11.9921875
2013-07-28,4.7998266,7.4523034,-21.6875,23.625,-8.8984375,8.171875,12.015625
2013-07-29,4.822838,7.4478664,-21.6875,23.59375,-8.8828125,8.1875,12.03125
2013-07-30,4.9060683,7.457749,-21.71875,23.5625,-8.7890625,8.2890625,12.159767
2013-07-31,4.759344,7.4473405,-21.65625,23.59375,-8.889843,8.125,12.07383
2013-08-01,4.630887,7.408883,-21.5,23.515625,-8.9453125,7.9785156,11.890625
2013-08-02,4.6654763,7.391075,-21.46875,23.5,-8.8828125,8.0234375,11.913284
2013-08-03,4.6259384,7.3831234,-21.46875,23.453125,-8.905468,7.982422,11.85508
2013-08-04,4.593534,7.3628144,-21.53125,23.5,-8.8828125,7.953125,11.7734375
2013-08-05,4.5393553,7.3371463,-21.5,23.46875,-8.8828125,7.8984375,11.734375
2013-08-06,4.5459294,7.3092613,-21.34375,23.4375,-8.8359375,7.8789062,11.71875
2013-08-07,4.560555,7.285959,-21.03125,23.46875,-8.7734375,7.8964844,11.734375
2013-08-08,4.5562215,7.2744923,-21.34375,23.34375,-8.7890625,7.890625,11.6796875
2013-08-09,4.482392,7.2710423,-21.46875,23.375,-8.8515625,7.8320312,11.6171875
2013-08-10,4.5287743,7.2654476,-21.46875,23.375,-8.7890625,7.875,11.5859375
2013-08-11,4.3886757,7.2459793,-21.46875,23.3125,-8.8671875,7.748047,11.452347
2013-08-12,4.4522076,7.2206144,-21.46875,23.21875,-8.733593,7.794922,11.46875
2013-08-13,4.3612995,7.1972113,-21.53125,23.203125,-8.7734375,7.6953125,11.40625
2013-08-14,4.4311686,7.166438,-21.4375,23.21875,-8.624218,7.75,11.390625
2013-08-15,4.5041246,7.1612954,-21.46875,23.21875,-8.5703125,7.8046875,11.51133
2013-08-16,4.364025,7.1377087,-21.46875,23.21875,-8.6484375,7.65625,11.3828125
2013-08-17,4.1940274,7.0833774,-21.5,23.15625,-8.686718,7.4453125,11.171875
2013-08-18,4.2190433,7.040864,-21.5,23.109375,-8.5859375,7.4628906,11.128517
2013-08-19,4.427199,7.031061,-21.3125,23.125,-8.3671875,7.673828,11.29258
2013-08-20,4.323949,7.004693,-21.25,23.109375,-8.4453125,7.5429688,11.1953125
2013-08-21,4.249626,6.9510107,-21.21875,23.0,-8.3828125,7.4414062,11.053909
2013-08-22,4.33712,6.926094,-21.25,22.9375,-8.2890625,7.484375,11.171875
2013-08-23,4.3005915,6.920912,-21.34375,23.0,-8.3046875,7.4609375,11.1875
2013-08-24,4.130586,6.867984,-20.96875,22.9375,-8.3515625,7.2734375,10.870705
2013-08-25,4.1142673,6.828082,-21.1875,22.875,-8.3046875,7.232422,10.788284
2013-08-26,4.3031993,6.820018,-21.21875,22.84375,-8.1328125,7.4140625,10.9609375
2013-08-27,4.2734227,6.810483,-21.125,22.859375,-8.1484375,7.375,10.984375
2013-08-28,4.09443,6.7583184,-20.96875,22.84375,-8.2109375,7.1679688,10.78125
2013-08-29,4.1522274,6.7074122,-20.625,22.78125,-8.0546875,7.1796875,10.769142
2013-08-30,4.2126403,6.66303,-20.5625,22.6875,-7.9210935,7.21875,10.82383
2013-08-31,4.1244845,6.6239786,-20.6875,22.671875,-7.9296875,7.125,10.691017
2013-09-01,4.0548973,6.5853834,-20.78125,22.625,-7.9367185,7.0390625,10.5859375
2013-09-02,4.010699,6.5526643,-20.8125,22.59375,-7.9453125,6.96875,10.472267
2013-09-03,4.1189795,6.519956,-20.75,22.53125,-7.7578125,7.0253906,10.65625
2013-09-04,3.9686315,6.4687004,-20.59375,22.53125,-7.7960935,6.8632812,10.4921875
2013-09-05,4.007585,6.424457,-20.375,22.40625,-7.6796875,6.8828125,10.4296875
2013-09-06,3.9033816,6.3731804,-20.21875,22.375,-7.6953125,6.7421875,10.3203125
2013-09-07,3.844845,6.317172,-20.1875,22.25,-7.6484375,6.65625,10.171875
2013-09-08,3.9102316,6.2768826,-20.09375,22.21875,-7.5234375,6.6914062,10.19883
2013-09-09,3.8942912,6.2236385,-20.0,22.171875,-7.3984375,6.640625,10.1796875
2013-09-10,3.7865696,6.1603804,-20.15625,22.0625,-7.3984375,6.484375,10.0546875
2013-09-11,3.842204,6.113926,-19.84375,22.03125,-7.2578125,6.501953,10.0625
2013-09-12,3.875272,6.087416,-19.75,21.96875,-7.2421875,6.5,10.0859375
2013-09-13,3.6294062,6.01438,-19.90625,21.90625,-7.2890625,6.2382812,9.722267
2013-09-14,3.6402621,5.975737,-19.9375,21.9375,-7.2492185,6.2421875,9.691017
2013-09-15,3.6651003,5.9418426,-19.90625,21.84375,-7.1796875,6.21875,9.7109375
2013-09-16,3.5490074,5.8899,-20.15625,21.84375,-7.1640625,6.0507812,9.566017
2013-09-17,3.3441942,5.795869,-19.9375,21.65625,-7.1796875,5.796875,9.265625
2013-09-18,3.4048932,5.725057,-19.625,21.546875,-6.9921875,5.8046875,9.308205
2013-09-19,3.3957617,5.665642,-19.34375,21.53125,-6.9140625,5.7382812,9.2578125
2013-09-20,3.4070985,5.6270742,-19.1875,21.515625,-6.8359375,5.7148438,9.276955
2013-09-21,3.3602655,5.575518,-19.1875,21.375,-6.7734375,5.625,9.140625
2013-09-22,3.3780134,5.5244384,-19.09375,21.375,-6.6640625,5.609375,9.1328125
2013-09-23,3.261617,5.4710364,-19.125,21.328125,-6.6953125,5.4414062,8.96875
2013-09-24,3.3304904,5.438451,-18.875,21.21875,-6.5546875,5.5,9.015625
2013-09-25,3.283021,5.395254,-18.90625,21.171875,-6.5078125,5.3808594,9.01133
2013-09-26,3.1783295,5.3402076,-18.75,21.109375,-6.5234375,5.2539062,8.796875
2013-09-27,3.0680676,5.2658606,-18.4375,20.96875,-6.4835935,5.0839844,8.6171875
2013-09-28,3.0021203,5.201829,-18.5625,20.875,-6.4140625,4.9628906,8.495705
2013-09-29,2.949705,5.1370068,-18.375,20.71875,-6.3515625,4.8828125,8.378517
2013-09-30,2.9648433,5.0955706,-18.59375,20.625,-6.2578125,4.876953,8.3671875
2013-10-01,2.8530493,5.0684037,-18.8125,20.546875,-6.3117185,4.7265625,8.21875
2013-10-02,2.7591248,5.028433,-18.65625,20.375,-6.3359375,4.609375,8.128517
2013-10-03,2.632564,4.960722,-18.53125,20.28125,-6.3046875,4.453125,7.8550797
2013-10-04,2.487614,4.8864546,-18.4375,20.15625,-6.3046875,4.265625,7.6171875
2013-10-05,2.3692737,4.7898526,-18.34375,20.0625,-6.2335935,4.0976562,7.3828125
2013-10-06,2.3673477,4.731266,-18.15625,19.9375,-6.1484375,4.0429688,7.3320312
2013-10-07,2.2839456,4.6784635,-18.21875,19.8125,-6.1171875,3.9570312,7.212696
2013-10-08,2.1819675,4.622942,-18.375,19.625,-6.09375,3.8203125,7.040821
2013-10-09,2.1129222,4.571859,-18.3125,19.5,-6.0625,3.7265625,6.953125
2013-10-10,2.1304934,4.5152483,-18.125,19.4375,-5.9140625,3.671875,6.9296875
2013-10-11,2.0417814,4.4594955,-18.21875,19.265625,-5.890625,3.5390625,6.8203125
2013-10-12,1.8724791,4.3934426,-18.34375,19.15625,-5.890625,3.3242188,6.587696
2013-10-13,1.7436888,4.317003,-17.90625,19.0,-5.859375,3.1640625,6.384571
2013-10-14,1.6937033,4.2559876,-17.84375,18.78125,-5.788281,3.0820312,6.3515625
2013-10-15,1.6415739,4.2009897,-17.8125,18.59375,-5.765625,2.9960938,6.1892586
2013-10-16,1.5274752,4.141414,-17.8125,18.5,-5.75,2.8320312,6.0195312
2013-10-17,1.5000687,4.1012545,-17.78125,18.34375,-5.6875,2.7695312,5.96875
2013-10-18,1.3004124,4.0279818,-17.75,18.21875,-5.7109375,2.5195312,5.6992188
2013-10-19,1.3029563,3.9879503,-17.75,18.015625,-5.6171875,2.5,5.6757812
2013-10-20,1.4407381,3.9665675,-17.8125,17.8125,-5.453125,2.6289062,5.83379
2013-10-21,1.3073874,3.9069061,-17.8125,17.609375,-5.453125,2.4648438,5.6367188
2013-10-22,1.1325412,3.8219125,-17.84375,17.453125,-5.428906,2.2265625,5.3554688
2013-10-23,1.2107993,3.7880516,-17.875,17.203125,-5.2734375,2.2773438,5.4648438
2013-10-24,1.1875186,3.7374315,-17.78125,17.0625,-5.203125,2.2265625,5.384571
2013-10-25,1.1303835,3.7073767,-17.75,16.96875,-5.1867185,2.1523438,5.3125
2013-10-26,0.907499,3.6539397,-17.75,16.828125,-5.2734375,1.8867188,5.0390625
2013-10-27,0.8466406,3.6070619,-17.75,16.765625,-5.21875,1.8046875,4.9392586
2013-10-28,0.7823103,3.5384874,-17.8125,16.53125,-5.116406,1.703125,4.8046875
2013-10-29,0.6800547,3.482566,-17.78125,16.328125,-5.100781,1.5625,4.6697273
2013-10-30,0.5671948,3.4459746,-17.71875,16.140625,-5.1640625,1.4375,4.5113297
2013-10-31,0.558499,3.39743,-17.6875,16.015625,-5.0546875,1.390625,4.4570312
2013-11-01,0.50272906,3.333775,-17.6875,15.921875,-4.9453125,1.296875,4.3728523
2013-11-02,0.54534245,3.2853255,-17.65625,15.921875,-4.819531,1.3203125,4.3767586
2013-11-03,0.5138567,3.2618504,-17.65625,15.8515625,-4.8125,1.2773438,4.306446
2013-11-04,0.37329724,3.2250533,-17.625,15.796875,-4.8515625,1.09375,4.187111
2013-11-05,0.20610327,3.1827128,-17.59375,15.7109375,-4.921875,0.90625,3.9570312
2013-11-06,0.16341923,3.153935,-17.625,15.6640625,-4.890625,0.84375,3.8806648
2013-11-07,0.0811696,3.1043522,-17.5,15.7265625,-4.8828125,0.7421875,3.7417984
2013-11-08,0.23564813,3.0818026,-17.5625,15.6171875,-4.6875,0.890625,3.9140625
2013-11-09,0.1897181,3.04997,-17.6875,15.65625,-4.6484375,0.8125,3.84375
2013-11-10,0.042605452,3.0257466,-17.65625,15.609375,-4.7421875,0.6484375,3.6445312
2013-11-11,-0.16914038,2.9728627,-17.5625,15.5,-4.8359375,0.3984375,3.384571
2013-11-12,-0.10349825,2.9380763,-17.59375,15.390625,-4.71875,0.4609375,3.4431648
2013-11-13,-0.24069442,2.9006615,-17.59375,15.4375,-4.7421875,0.2734375,3.2517586
2013-11-14,-0.38650945,2.8806522,-17.59375,15.453125,-4.828125,0.1171875,3.0585938
2013-11-15,-0.46040952,2.8478947,-17.53125,15.453125,-4.8359375,0.015625,2.9570312
2013-11-16,-0.538871,2.795687,-17.40625,15.46875,-4.796875,-0.0859375,2.8259773
2013-11-17,-0.53257686,2.777731,-17.375,15.390625,-4.7578125,-0.09375,2.84375
2013-11-18,-0.5248765,2.75515,-17.4375,15.265625,-4.671875,-0.09375,2.9119148
2013-11-19,-0.6603138,2.716974,-17.5625,15.28125,-4.7421875,-0.265625,2.6753922
2013-11-20,-0.74676543,2.6912258,-17.5,15.265625,-4.7734375,-0.3671875,2.5703125
2013-11-21,-0.74365056,2.6598227,-17.375,15.25,-4.6875,-0.3828125,2.515625
2013-11-22,-0.8290747,2.633046,-17.28125,15.2578125,-4.6875,-0.5078125,2.3984375
2013-11-23,-0.9281869,2.6040423,-17.25,15.171875,-4.7648435,-0.6171875,2.2300797
2013-11-24,-0.8984304,2.5796254,-17.25,15.1171875,-4.6640625,-0.59765625,2.3021507
2013-11-25,-0.71536344,2.5715384,-17.21875,15.046875,-4.46875,-0.3984375,2.5035172
2013-11-26,-0.8612559,2.5392795,-17.25,15.109375,-4.5625,-0.5703125,2.28125
2013-11-27,-0.87036914,2.537846,-17.28125,15.171875,-4.5390625,-0.6015625,2.2539062
2013-11-28,-1.0500432,2.511711,-17.3125,15.09375,-4.6640625,-0.796875,2.078125
2013-11-29,-1.070688,2.4937978,-17.15625,15.0078125,-4.6328125,-0.8359375,2.0859375
2013-11-30,-1.1195672,2.470119,-17.03125,14.96875,-4.6484375,-0.8984375,2.0056648
2013-12-01,-0.97824633,2.4751835,-17.125,15.0,-4.5,-0.765625,2.1380882
2013-12-02,-1.1554456,2.4510975,-17.15625,14.984375,-4.609375,-0.953125,1.8867188
2013-12-03,-1.0836657,2.4405305,-17.25,14.921875,-4.5546875,-0.8828125,1.9996109
2013-12-04,-1.150671,2.4151924,-17.15625,14.953125,-4.5625,-0.9609375,1.852932
2013-12-05,-1.1239645,2.4103038,-17.03125,14.9375,-4.5078125,-0.9453125,1.9097672
2013-12-06,-1.214396,2.4029903,-16.9375,14.9609375,-4.5625,-1.046875,1.8046875
2013-12-07,-1.3451285,2.3818128,-16.96875,14.84375,-4.671875,-1.1796875,1.6363297
2013-12-08,-1.1007048,2.3863213,-17.03125,14.984375,-4.4140625,-0.9375,1.8962898
2013-12-09,-1.1939225,2.389174,-17.1875,15.015625,-4.5,-1.0703125,1.8277359
2013-12-10,-1.3179139,2.3906338,-17.15625,14.9765625,-4.6328125,-1.1875,1.7265625
2013-12-11,-1.423744,2.3689487,-17.0625,14.9375,-4.671875,-1.3046875,1.5625
2013-12-12,-1.446573,2.3590693,-17.03125,14.828125,-4.694531,-1.3359375,1.546875
2013-12-13,-1.5860943,2.3455033,-16.9375,14.8984375,-4.7734375,-1.4882812,1.4296875
2013-12-14,-1.5675191,2.3485603,-16.9375,14.875,-4.7734375,-1.46875,1.4410172
2013-12-15,-1.5310084,2.3392925,-16.90625,14.8359375,-4.71875,-1.4375,1.4332047
2013-12-16,-1.3662307,2.3392258,-16.9375,14.84375,-4.6328125,-1.28125,1.59375
2013-12-17,-1.4085906,2.3574567,-16.96875,14.90625,-4.6640625,-1.3359375,1.5390625
2013-12-18,-1.443353,2.337372,-16.71875,14.90625,-4.6398435,-1.359375,1.5
2013-12-19,-1.4167371,2.365594,-16.90625,14.875,-4.6875,-1.3203125,1.59375
2013-12-20,-1.4563706,2.356087,-16.8125,14.8671875,-4.71875,-1.375,1.5582047
2013-12-21,-1.564238,2.3655357,-16.84375,14.8125,-4.828125,-1.4765625,1.4375
2013-12-22,-1.5615385,2.3582926,-16.9375,14.8203125,-4.803906,-1.5,1.4375
2013-12-23,-1.6007273,2.3730383,-17.0625,14.6796875,-4.890625,-1.5390625,1.3707047
2013-12-24,-1.6758709,2.3930244,-17.0,14.671875,-5.022656,-1.625,1.328125
2013-12-25,-1.7529056,2.4139802,-16.84375,14.765625,-5.1554685,-1.7070312,1.2890625
2013-12-26,-1.8916581,2.4080672,-16.84375,14.703125,-5.2890625,-1.8515625,1.1640625
2013-12-27,-1.8920419,2.4280887,-16.90625,14.6875,-5.359375,-1.8515625,1.2265625
2013-12-28,-1.9064759,2.4315848,-16.90625,14.7109375,-5.34375,-1.875,1.1519547
2013-12-29,-1.9705151,2.444009,-16.78125,14.6875,-5.5234375,-1.9375,1.15625
2013-12-30,-1.8828441,2.4700036,-16.59375,14.75,-5.4835935,-1.84375,1.25
2013-12-31,-1.8902565,2.4884841,-16.625,14.765625,-5.5078125,-1.84375,1.2457047
2014-01-01,-1.8807737,2.4940016,-16.5625,14.6640625,-5.4921875,-1.8359375,1.2222672
2014-01-02,-1.9579028,2.5120652,-16.5,14.625,-5.6171875,-1.921875,1.1953125
2014-01-03,-1.8828721,2.5342755,-16.59375,14.71875,-5.546875,-1.859375,1.3394547
2014-01-04,-2.0216985,2.54907,-16.5,14.6875,-5.78125,-1.9921875,1.1910172
2014-01-05,-2.05533,2.5701935,-16.5,14.640625,-5.859375,-2.015625,1.1675797
2014-01-06,-1.9801003,2.5912755,-16.5625,14.59375,-5.8203125,-1.953125,1.3046875
2014-01-07,-1.9764278,2.6337323,-16.5,14.734375,-5.890625,-1.9375,1.390625
2014-01-08,-2.138377,2.6533244,-16.46875,14.640625,-6.0625,-2.09375,1.25
2014-01-09,-2.0021498,2.694158,-16.375,14.65625,-6.0625,-1.953125,1.4566422
2014-01-10,-2.0014002,2.7304087,-16.40625,14.71875,-6.078125,-1.9765625,1.4765625
2014-01-11,-2.1931014,2.766927,-16.40625,14.6875,-6.3117185,-2.1484375,1.34375
2014-01-12,-2.230891,2.7975912,-16.375,14.71875,-6.4140625,-2.1914062,1.3472672
2014-01-13,-2.3641322,2.8041527,-16.3125,14.578125,-6.5703125,-2.3359375,1.2421875
2014-01-14,-2.2362325,2.7783864,-16.15625,14.65625,-6.3671875,-2.2265625,1.3515625
2014-01-15,-2.0940232,2.8223464,-16.09375,14.625,-6.2578125,-2.1015625,1.6753922
2014-01-16,-2.2768066,2.8555822,-16.09375,14.609375,-6.5234375,-2.2890625,1.5625
2014-01-17,-2.3566499,2.883252,-16.09375,14.4453125,-6.6937494,-2.3789062,1.4609375
2014-01-18,-2.370107,2.9493227,-16.3125,14.53125,-6.8515625,-2.3515625,1.5
2014-01-19,-2.4082458,2.9853275,-16.28125,14.546875,-6.9609375,-2.40625,1.53125
2014-01-20,-2.4457612,3.0144982,-16.5,14.53125,-7.0546875,-2.4375,1.6171875
2014-01-21,-2.4715343,3.071925,-16.53125,14.484375,-7.2179685,-2.4609375,1.640625
2014-01-22,-2.6474981,3.1102605,-16.5,14.5,-7.4921875,-2.625,1.4296875
2014-01-23,-2.7536895,3.1456013,-16.40625,14.59375,-7.6242185,-2.7460938,1.3863297
2014-01-24,-2.8094854,3.1979578,-16.40625,14.4765625,-7.7734375,-2.7890625,1.4140625
2014-01-25,-2.8747442,3.2700257,-16.8125,14.609375,-7.9367185,-2.8515625,1.4609375
2014-01-26,-2.9981937,3.3323174,-16.9375,14.546875,-8.186718,-2.96875,1.4019547
2014-01-27,-3.1474795,3.3829148,-17.125,14.5625,-8.4140625,-3.1171875,1.3628922
2014-01-28,-3.280014,3.434013,-17.1875,14.5703125,-8.6484375,-3.265625,1.28125
2014-01-29,-3.378526,3.491688,-17.0,14.671875,-8.8203125,-3.3476562,1.2421875
2014-01-30,-3.436429,3.51517,-16.96875,14.515625,-8.8828125,-3.4296875,1.296875
2014-01-31,-3.552369,3.555076,-17.0,14.5703125,-9.0546875,-3.5625,1.3082047
2014-02-01,-3.6456819,3.584024,-16.96875,14.546875,-9.1953125,-3.6484375,1.25
2014-02-02,-3.4464552,3.632384,-16.71875,14.578125,-9.046093,-3.4804688,1.5390625
2014-02-03,-3.5505087,3.731674,-16.8125,14.640625,-9.3046875,-3.609375,1.6328125
2014-02-04,-3.653099,3.8014793,-17.03125,14.734375,-9.5078125,-3.6835938,1.5503922
2014-02-05,-3.7220364,3.8577821,-16.78125,14.640625,-9.6328125,-3.765625,1.5347672
2014-02-06,-3.7657163,3.902132,-16.625,14.671875,-9.6796875,-3.8476562,1.6675797
2014-02-07,-3.8451924,3.9478264,-16.78125,14.59375,-9.8203125,-3.9375,1.6796875
2014-02-08,-3.9273968,4.025447,-16.875,14.6015625,-10.0546875,-3.9921875,1.7066422
2014-02-09,-4.025587,4.099154,-16.96875,14.5703125,-10.2890625,-4.0625,1.5703125
2014-02-10,-4.075423,4.138064,-16.75,14.65625,-10.3359375,-4.1328125,1.53125
2014-02-11,-4.0542927,4.1876545,-16.90625,14.6328125,-10.311718,-4.1328125,1.75
2014-02-12,-4.1201615,4.2652154,-16.9375,14.640625,-10.4921875,-4.2070312,1.734375
2014-02-13,-4.250008,4.307381,-16.875,14.609375,-10.6328125,-4.3359375,1.7222672
2014-02-14,-4.3053575,4.3551784,-16.84375,14.609375,-10.7578125,-4.3984375,1.6753922
2014-02-15,-4.3245573,4.402412,-17.03125,14.6328125,-10.8046875,-4.4453125,1.7535172
2014-02-16,-4.2260146,4.463237,-16.8125,14.671875,-10.7890625,-4.3359375,1.9335938
2014-02-17,-4.1284056,4.5758877,-16.78125,14.84375,-10.8515625,-4.2304688,2.1054688
2014-02-18,-4.3001957,4.625369,-16.78125,14.71875,-11.0546875,-4.4296875,2.0351562
2014-02-19,-4.285616,4.657958,-16.75,14.703125,-11.0703125,-4.3984375,2.1328125
2014-02-20,-4.2657156,4.729551,-16.71875,14.796875,-11.1484375,-4.390625,2.1679688
2014-02-21,-4.358905,4.754355,-16.78125,14.734375,-11.2421875,-4.5039062,2.2070312
2014-02-22,-4.3775077,4.7765384,-16.53125,14.78125,-11.249218,-4.5,2.1423836
2014-02-23,-4.2999187,4.8092093,-16.5625,14.734375,-11.1640625,-4.453125,2.3863297
2014-02-24,-4.270964,4.8565006,-16.53125,14.796875,-11.1640625,-4.4296875,2.4882812
2014-02-25,-4.1939464,4.915773,-16.5625,14.765625,-11.1640625,-4.359375,2.6324234
2014-02-26,-4.291833,4.942199,-16.65625,14.828125,-11.2578125,-4.453125,2.530861
2014-02-27,-4.291488,4.981325,-16.65625,14.7578125,-11.327343,-4.4375,2.5273438
2014-02-28,-4.264676,5.0154133,-16.46875,14.78125,-11.3203125,-4.4140625,2.6445312
2014-03-01,-4.1956606,5.0714693,-16.53125,14.796875,-11.3046875,-4.3359375,2.7617188
2014-03-02,-4.240626,5.1131105,-16.59375,14.8671875,-11.3515625,-4.359375,2.734375
2014-03-03,-4.190514,5.165878,-16.625,14.859375,-11.4140625,-4.28125,2.7929688
2014-03-04,-4.1805205,5.187268,-16.625,14.875,-11.3984375,-4.25,2.8103523
2014-03-05,-4.078567,5.1922793,-16.5625,14.8125,-11.2890625,-4.15625,2.8515625
2014-03-06,-4.02981,5.1886907,-16.5625,14.84375,-11.2109375,-4.1054688,2.9335938
2014-03-07,-3.8399227,5.232811,-16.65625,14.875,-11.1171875,-3.9296875,3.2070312
2014-03-08,-3.741361,5.2634897,-16.5625,14.875,-11.0390625,-3.8046875,3.2539062
2014-03-09,-3.626322,5.3075767,-16.71875,15.03125,-10.9765625,-3.6875,3.447071
2014-03-10,-3.5749173,5.3100653,-16.59375,15.078125,-10.9140625,-3.609375,3.453125
2014-03-11,-3.4648058,5.3037596,-16.5,15.109375,-10.7421875,-3.5039062,3.5585938
2014-03-12,-3.3687308,5.320918,-16.625,15.125,-10.655468,-3.4140625,3.6523438
2014-03-13,-3.376632,5.353388,-16.6875,15.15625,-10.7109375,-3.390625,3.6367188
2014-03-14,-3.3379807,5.437448,-16.78125,15.2265625,-10.7734375,-3.328125,3.8046875
2014-03-15,-3.352965,5.5008464,-16.84375,15.2890625,-10.8984375,-3.2890625,3.8320312
2014-03-16,-3.2469234,5.5229535,-16.84375,15.25,-10.8046875,-3.1796875,3.9414062
2014-03-17,-3.3004258,5.517061,-16.875,15.3125,-10.8359375,-3.21875,3.8476562
2014-03-18,-3.2121127,5.5603757,-16.84375,15.4375,-10.8203125,-3.078125,3.978321
2014-03-19,-3.238575,5.567523,-16.84375,15.5078125,-10.8515625,-3.0664062,3.84375
2014-03-20,-3.181669,5.5934625,-16.9375,15.46875,-10.8515625,-2.9609375,3.8941422
2014-03-21,-2.881655,5.6508293,-16.8125,15.46875,-10.6015625,-2.6640625,4.328125
2014-03-22,-2.8563333,5.663287,-16.84375,15.6171875,-10.6015625,-2.5820312,4.2929688
2014-03-23,-2.8221514,5.700288,-16.90625,15.6484375,-10.6171875,-2.4921875,4.378517
2014-03-24,-2.682047,5.752774,-17.0,15.8046875,-10.5546875,-2.359375,4.5859375
2014-03-25,-2.5489297,5.76415,-16.9375,15.765625,-10.4453125,-2.2109375,4.6601562
2014-03-26,-2.441809,5.786317,-16.875,15.78125,-10.3671875,-2.046875,4.790821
2014-03-27,-2.3983164,5.8442307,-17.0,15.875,-10.4453125,-1.9335938,4.83379
2014-03-28,-2.424118,5.8694096,-17.0,15.984375,-10.5078125,-1.8984375,4.8476562
2014-03-29,-2.3708494,5.883787,-17.09375,15.984375,-10.4921875,-1.828125,4.8554688
2014-03-30,-2.237357,5.882794,-17.0625,16.0,-10.3828125,-1.65625,4.9960938
2014-03-31,-1.9881074,5.9074526,-16.875,16.0625,-10.1796875,-1.3515625,5.212696
2014-04-01,-1.8971008,5.923569,-16.96875,16.09375,-10.124218,-1.2226562,5.3125
2014-04-02,-1.7748268,5.9500732,-17.0,16.203125,-10.0390625,-1.0234375,5.4666023
2014-04-03,-1.725569,5.980473,-17.03125,16.25,-10.0859375,-0.9140625,5.4921875
2014-04-04,-1.7256057,5.9923735,-17.0625,16.40625,-10.124218,-0.88671875,5.4765625
2014-04-05,-1.6433324,6.017676,-17.09375,16.46875,-10.0703125,-0.734375,5.5234375
2014-04-06,-1.4318448,6.0895395,-17.15625,16.578125,-10.0078125,-0.4296875,5.7830086
2014-04-07,-1.4016922,6.1212907,-17.28125,16.5625,-10.0546875,-0.296875,5.847267
2014-04-08,-1.318372,6.1335363,-17.25,16.71875,-10.0078125,-0.15234375,5.915821
2014-04-09,-1.2833607,6.1062727,-17.25,16.6875,-9.9609375,-0.05078125,5.8867188
2014-04-10,-1.2583263,6.090093,-17.21875,16.734375,-9.936718,0.0390625,5.853321
2014-04-11,-1.0621074,6.103439,-17.125,16.859375,-9.7421875,0.3125,6.0234375
2014-04-12,-0.89667666,6.1377845,-17.0625,16.9375,-9.6640625,0.5625,6.1953125
2014-04-13,-0.7773161,6.166266,-16.9375,17.046875,-9.6328125,0.765625,6.3455086
2014-04-14,-0.7167179,6.177835,-16.96875,17.234375,-9.624218,0.8671875,6.4197273
2014-04-15,-0.4664087,6.216391,-16.90625,17.25,-9.4765625,1.2460938,6.6875
2014-04-16,-0.3095482,6.2514777,-16.9375,17.40625,-9.405468,1.5078125,6.84375
2014-04-17,-0.26092148,6.267755,-16.96875,17.53125,-9.4296875,1.6210938,6.890625
2014-04-18,-0.2544729,6.2783,-17.03125,17.59375,-9.452343,1.71875,6.8394547
2014-04-19,-0.13613392,6.3128777,-17.0625,17.71875,-9.4296875,1.9511719,6.96875
2014-04-20,0.037956018,6.3294463,-17.0625,17.78125,-9.3203125,2.1679688,7.128517
2014-04-21,0.14120549,6.3389173,-17.15625,17.984375,-9.2734375,2.3066406,7.2226562
2014-04-22,0.28268978,6.355377,-17.15625,18.125,-9.2109375,2.5,7.3572273
2014-04-23,0.46982095,6.3654113,-17.09375,18.0625,-9.0546875,2.734375,7.515625
2014-04-24,0.39438987,6.33988,-17.125,18.21875,-9.1328125,2.7421875,7.3945312
2014-04-25,0.42568016,6.3702707,-17.28125,18.375,-9.217968,2.8066406,7.368946
2014-04-26,0.59911144,6.405219,-17.25,18.5,-9.1015625,3.0546875,7.5173836
2014-04-27,0.62923205,6.425597,-17.34375,18.65625,-9.139843,3.1445312,7.5
2014-04-28,0.81271046,6.4467144,-17.34375,18.8125,-9.0234375,3.4023438,7.6953125
2014-04-29,0.9600711,6.4670773,-17.40625,18.84375,-8.9921875,3.59375,7.790821
2014-04-30,1.0563678,6.476511,-17.375,19.0,-8.9453125,3.6992188,7.9041023
2014-05-01,1.1629746,6.4974113,-17.46875,19.09375,-8.8984375,3.8671875,8.03125
2014-05-02,1.2297635,6.510006,-17.40625,19.296875,-8.9140625,3.9785156,8.058205
2014-05-03,1.275515,6.4983373,-17.3125,19.53125,-8.8984375,4.0351562,8.0859375
2014-05-04,1.3772544,6.5082307,-17.3125,19.71875,-8.8515625,4.1777344,8.125
2014-05-05,1.4820424,6.541308,-17.40625,19.9375,-8.8515625,4.3378906,8.265625
2014-05-06,1.4711683,6.552725,-17.46875,20.125,-8.905468,4.3476562,8.203125
2014-05-07,1.5229983,6.551395,-17.375,20.1875,-8.889843,4.3808594,8.237892
2014-05-08,1.7253605,6.56027,-17.28125,20.46875,-8.7734375,4.6035156,8.441017
2014-05-09,1.8979368,6.5849805,-17.28125,20.65625,-8.6953125,4.7910156,8.6015625
2014-05-10,1.8759291,6.591599,-17.25,20.8125,-8.7734375,4.7773438,8.581642
2014-05-11,1.9287145,6.598336,-17.28125,21.0625,-8.780468,4.8242188,8.558205
2014-05-12,2.0864182,6.61892,-17.375,21.21875,-8.6953125,4.9882812,8.753517
2014-05-13,2.1822875,6.639988,-17.46875,21.4375,-8.686718,5.0703125,8.890625
2014-05-14,2.256537,6.6406393,-17.4375,21.578125,-8.6640625,5.154297,8.921875
2014-05-15,2.3281136,6.648883,-17.5625,21.65625,-8.6640625,5.21875,8.987892
2014-05-16,2.4142516,6.6530056,-17.53125,21.90625,-8.6484375,5.2734375,9.050392
2014-05-17,2.489579,6.662128,-17.65625,22.09375,-8.6640625,5.326172,9.1328125
2014-05-18,2.5456614,6.6719847,-17.65625,22.265625,-8.6640625,5.392578,9.1796875
2014-05-19,2.6269033,6.6879644,-17.65625,22.375,-8.671093,5.466797,9.265625
2014-05-20,2.7547095,6.706027,-17.6875,22.53125,-8.639843,5.607422,9.350784
2014-05-21,2.7509909,6.7183967,-17.84375,22.609375,-8.6953125,5.6054688,9.362892
2014-05-22,2.8837519,6.736783,-17.90625,22.6875,-8.6640625,5.75,9.4609375
2014-05-23,2.9768898,6.7599764,-17.96875,22.859375,-8.6640625,5.796875,9.566017
2014-05-24,3.14593,6.785336,-18.03125,23.0,-8.6015625,6.0,9.753517
2014-05-25,3.2687628,6.8160405,-17.96875,23.03125,-8.5859375,6.1289062,9.890625
2014-05-26,3.395095,6.845434,-18.09375,23.125,-8.5703125,6.2578125,10.03125
2014-05-27,3.341878,6.8540707,-18.03125,23.296875,-8.6640625,6.171875,10.0
2014-05-28,3.3433037,6.8524942,-18.03125,23.28125,-8.7734375,6.125,9.964455
2014-05-29,3.4318428,6.8672028,-18.15625,23.40625,-8.7734375,6.21875,10.07383
2014-05-30,3.6288505,6.8950753,-18.21875,23.46875,-8.6640625,6.421875,10.29258
2014-05-31,3.7195802,6.9215684,-18.21875,23.59375,-8.6640625,6.5390625,10.370705
2014-06-01,3.7705126,6.942891,-18.21875,23.640625,-8.7109375,6.591797,10.453125
2014-06-02,3.9052813,6.967684,-18.34375,23.75,-8.6640625,6.7421875,10.609375
2014-06-03,3.8294914,6.982781,-18.375,23.75,-8.8671875,6.6484375,10.5625
2014-06-04,3.9442065,6.996099,-18.4375,23.765625,-8.7890625,6.734375,10.675392
2014-06-05,4.0256605,7.0160646,-18.40625,23.75,-8.8515625,6.828125,10.8125
2014-06-06,4.1663384,7.0451984,-18.5,23.75,-8.8203125,7.0,10.925392
2014-06-07,4.1927633,7.0801477,-18.4375,23.8125,-8.921093,7.0546875,10.972267
2014-06-08,4.1795125,7.0986915,-18.46875,23.890625,-8.9921875,7.0546875,10.956642
2014-06-09,4.218521,7.104527,-18.5,23.859375,-9.0078125,7.09375,10.960159
2014-06-10,4.3939004,7.119073,-18.65625,23.875,-8.8828125,7.296875,11.1015625
2014-06-11,4.2863283,7.1366935,-18.65625,23.90625,-9.0546875,7.2109375,11.0078125
2014-06-12,4.392215,7.146897,-18.75,23.84375,-9.0703125,7.3339844,11.15625
2014-06-13,4.5055003,7.175187,-18.8125,23.796875,-8.9921875,7.4765625,11.2734375
2014-06-14,4.504498,7.1871448,-18.875,23.75,-9.0078125,7.4765625,11.296875
2014-06-15,4.6136985,7.2100806,-18.8125,23.9375,-8.9921875,7.5859375,11.455864
2014-06-16,4.582556,7.2248306,-18.90625,23.84375,-9.0078125,7.5859375,11.4453125
2014-06-17,4.6563644,7.2274294,-18.875,23.8125,-8.936718,7.65625,11.503517
2014-06-18,4.719638,7.2392406,-18.84375,23.890625,-8.8828125,7.734375,11.59375
2014-06-19,4.8437953,7.270864,-18.90625,23.890625,-8.827343,7.8632812,11.79258
2014-06-20,4.909117,7.3081512,-19.0,23.9375,-8.8515625,7.953125,11.91758
2014-06-21,4.961856,7.331231,-19.09375,23.9375,-8.842968,8.015625,12.034767
2014-06-22,4.8391943,7.3444586,-19.15625,24.03125,-8.983593,7.923828,11.9140625
2014-06-23,4.84986,7.3437138,-19.3125,24.078125,-8.952343,7.921875,11.925392
2014-06-24,4.9334216,7.3554544,-19.4375,24.0625,-8.921093,8.0234375,12.019142
2014-06-25,4.9459696,7.3757806,-19.46875,23.984375,-8.936718,8.046875,12.034767
2014-06-26,5.012154,7.3965144,-19.625,24.15625,-8.889843,8.1171875,12.1640625
2014-06-27,4.9682517,7.41241,-19.59375,24.296875,-8.952343,8.09375,12.144142
2014-06-28,4.804808,7.4018264,-19.71875,24.1875,-9.1015625,7.9257812,11.960159
2014-06-29,4.9475126,7.40303,-19.71875,24.15625,-8.9765625,8.078125,12.10508
2014-06-30,4.997724,7.426073,-19.78125,24.125,-8.9453125,8.140625,12.214455
2014-07-01,4.9684324,7.431125,-19.65625,24.15625,-8.9609375,8.125,12.1875
2014-07-02,5.0201526,7.4359317,-19.6875,24.1875,-8.9140625,8.1875,12.2734375
2014-07-03,5.019717,7.4374433,-19.65625,24.25,-8.8984375,8.171875,12.265625
2014-07-04,4.8841796,7.4308305,-19.75,24.15625,-8.9765625,8.0390625,12.128517
2014-07-05,4.9859385,7.433787,-19.6875,24.03125,-8.9140625,8.1640625,12.21875
2014-07-06,4.959685,7.451298,-19.75,24.0625,-8.936718,8.1484375,12.237892
2014-07-07,4.8995156,7.4476156,-19.75,24.03125,-8.9765625,8.09375,12.125
2014-07-08,4.9928813,7.456478,-19.75,23.984375,-8.8828125,8.1953125,12.237892
2014-07-09,5.072672,7.4824915,-19.6875,24.03125,-8.874218,8.2890625,12.3828125
2014-07-10,5.011699,7.5015826,-19.75,24.03125,-8.9453125,8.234375,12.40625
2014-07-11,5.029335,7.5042496,-19.75,24.0,-8.9140625,8.25,12.4375
2014-07-12,5.0304585,7.5092793,-19.75,23.96875,-8.8984375,8.265625,12.46875
2014-07-13,4.9537716,7.5076175,-19.8125,23.9375,-8.9609375,8.1796875,12.3671875
2014-07-14,4.9385233,7.498641,-19.8125,23.90625,-8.9609375,8.1640625,12.375
2014-07-15,4.832303,7.4906154,-20.03125,23.84375,-8.9921875,8.0546875,12.2734375
2014-07-16,4.970155,7.497892,-20.1875,23.875,-8.8828125,8.207031,12.359375
2014-07-17,4.926007,7.529676,-20.21875,23.859375,-8.9453125,8.1875,12.401955
2014-07-18,4.8207364,7.51398,-20.03125,23.796875,-8.9921875,8.09375,12.25
2014-07-19,4.8869753,7.508339,-20.15625,23.65625,-8.9453125,8.171875,12.276955
2014-07-20,4.922346,7.530152,-20.1875,23.65625,-8.8984375,8.21875,12.316017
2014-07-21,4.8681884,7.535751,-20.125,23.65625,-8.9765625,8.183594,12.265625
2014-07-22,4.8346815,7.523845,-20.125,23.65625,-8.967968,8.1640625,12.26133
2014-07-23,4.8093786,7.5123334,-20.0,23.640625,-8.921093,8.1328125,12.241409
2014-07-24,4.810825,7.499059,-19.78125,23.59375,-8.8671875,8.15625,12.2265625
2014-07-25,4.8044124,7.49023,-19.75,23.5625,-8.8671875,8.125,12.19883
2014-07-26,4.743442,7.481661,-19.78125,23.453125,-8.9296875,8.0859375,12.108597
2014-07-27,4.858082,7.489943,-19.96875,23.375,-8.858593,8.1875,12.203125
2014-07-28,4.833499,7.504078,-19.84375,23.34375,-8.8828125,8.1953125,12.25
2014-07-29,4.85743,7.4995284,-19.78125,23.28125,-8.8671875,8.203125,12.28125
2014-07-30,4.9415145,7.509405,-19.78125,23.28125,-8.796093,8.296875,12.3828125
2014-07-31,4.7961802,7.4998403,-19.6875,23.21875,-8.9140625,8.140625,12.2421875
2014-08-01,4.6688547,7.460283,-19.53125,23.109375,-8.9609375,8.011719,12.10508
2014-08-02,4.704914,7.440371,-19.4375,23.046875,-8.8828125,8.0234375,12.1171875
2014-08-03,4.6664867,7.4321904,-19.375,23.03125,-8.889843,7.9941406,12.050392
2014-08-04,4.634841,7.4105086,-19.4375,23.046875,-8.8828125,7.9765625,11.96875
2014-08-05,4.5815015,7.385625,-19.375,22.9375,-8.8671875,7.921875,11.8515625
2014-08-06,4.588908,7.357759,-19.25,22.9375,-8.796093,7.90625,11.8359375
2014-08-07,4.6046643,7.335167,-19.1875,22.90625,-8.7421875,7.9257812,11.828125
2014-08-08,4.6023483,7.3222585,-19.3125,22.6875,-8.7578125,7.90625,11.831642
2014-08-09,4.529999,7.3194904,-19.375,22.71875,-8.8046875,7.8398438,11.78125
2014-08-10,4.576983,7.3132205,-19.21875,22.6875,-8.7734375,7.9003906,11.79258
2014-08-11,4.438643,7.2941203,-19.40625,22.65625,-8.8671875,7.7617188,11.6484375
2014-08-12,4.502565,7.266325,-19.46875,22.53125,-8.7109375,7.814453,11.691017
2014-08-13,4.4120975,7.243549,-19.5625,22.46875,-8.764843,7.7089844,11.5703125
2014-08-14,4.482264,7.212742,-19.5,22.421875,-8.6484375,7.765625,11.628517
2014-08-15,4.556785,7.2082744,-19.59375,22.46875,-8.577343,7.8164062,11.714455
2014-08-16,4.417879,7.1862903,-19.53125,22.4375,-8.655468,7.6757812,11.609375
2014-08-17,4.2493196,7.1308904,-19.59375,22.296875,-8.7265625,7.46875,11.41758
2014-08-18,4.274194,7.085066,-19.59375,22.1875,-8.6328125,7.4765625,11.3359375
2014-08-19,4.4822783,7.0747848,-19.5625,22.1875,-8.4140625,7.6875,11.5
2014-08-20,4.3810034,7.048525,-19.46875,22.140625,-8.4609375,7.5527344,11.3984375
2014-08-21,4.3081837,6.9945416,-19.59375,21.96875,-8.4609375,7.4375,11.28125
2014-08-22,4.3962746,6.9661894,-19.53125,21.90625,-8.3515625,7.5078125,11.328125
2014-08-23,4.359239,6.958742,-19.75,21.9375,-8.3828125,7.453125,11.296875
2014-08-24,4.1886415,6.9046187,-19.71875,21.796875,-8.436718,7.28125,11.0625
2014-08-25,4.172538,6.8659344,-19.75,21.734375,-8.3828125,7.2421875,10.991409
2014-08-26,4.3619094,6.8530717,-19.875,21.625,-8.2265625,7.4453125,11.1640625
2014-08-27,4.3315406,6.842811,-19.875,21.671875,-8.2421875,7.375,11.155472
2014-08-28,4.152793,6.7883754,-19.71875,21.625,-8.3046875,7.1640625,10.921875
2014-08-29,4.20929,6.7350965,-19.40625,21.5,-8.1328125,7.1796875,10.9375
2014-08-30,4.2695723,6.6896124,-19.21875,21.34375,-7.9992185,7.232422,10.972267
2014-08-31,4.181633,6.6479807,-19.40625,21.34375,-7.9921875,7.125,10.8359375
2014-09-01,4.1116095,6.609009,-19.28125,21.328125,-8.014843,7.0390625,10.7265625
2014-09-02,4.067568,6.5751724,-19.3125,21.28125,-8.0234375,6.9765625,10.63633
2014-09-03,4.1756115,6.540818,-19.3125,21.203125,-7.8273435,7.0273438,10.79258
2014-09-04,4.025455,6.489965,-19.21875,21.25,-7.8671875,6.8632812,10.5703125
2014-09-05,4.064491,6.444957,-19.25,21.09375,-7.7578125,6.8789062,10.5625
2014-09-06,3.9605765,6.3915796,-19.1875,21.03125,-7.7109375,6.748047,10.421875
2014-09-07,3.9018822,6.335237,-19.21875,20.9375,-7.7109375,6.640625,10.288284
2014-09-08,3.9675977,6.293791,-19.15625,20.828125,-7.5546875,6.6835938,10.3125
2014-09-09,3.95175,6.2404804,-19.0625,20.734375,-7.4765625,6.6367188,10.328125
2014-09-10,3.8447652,6.1749916,-19.0625,20.65625,-7.4609375,6.4765625,10.16758
2014-09-11,3.9001584,6.1260676,-18.90625,20.640625,-7.2890625,6.515625,10.1953125
2014-09-12,3.9330347,6.098116,-18.96875,20.546875,-7.2335935,6.5273438,10.206642
2014-09-13,3.687323,6.0247703,-19.09375,20.46875,-7.3046875,6.2460938,9.870705
2014-09-14,3.6987133,5.9846473,-19.1875,20.5,-7.2335935,6.2265625,9.85508
2014-09-15,3.7234437,5.9498405,-19.125,20.390625,-7.1640625,6.234375,9.8359375
2014-09-16,3.6074543,5.8961067,-19.125,20.421875,-7.1710935,6.080078,9.6875
2014-09-17,3.4019718,5.801024,-19.0625,20.21875,-7.1640625,5.828125,9.3828125
2014-09-18,3.4609358,5.728694,-19.0,20.09375,-6.9609375,5.828125,9.401955
2014-09-19,3.4513333,5.6686697,-18.6875,20.09375,-6.8828125,5.7851562,9.3984375
2014-09-20,3.4617503,5.630194,-18.5625,20.0625,-6.8046875,5.7597656,9.3984375
2014-09-21,3.41389,5.5758085,-18.46875,19.890625,-6.7421875,5.6875,9.265625
2014-09-22,3.4304888,5.5225105,-18.3125,19.90625,-6.6484375,5.6601562,9.2578125
2014-09-23,3.3134773,5.468324,-18.375,19.828125,-6.6328125,5.4882812,9.081642
2014-09-24,3.381411,5.4336934,-18.34375,19.703125,-6.5148435,5.5507812,9.109375
2014-09-25,3.3333058,5.387973,-18.21875,19.671875,-6.4609375,5.4296875,9.07383
2014-09-26,3.2275546,5.333402,-18.15625,19.625,-6.4609375,5.3085938,8.925392
2014-09-27,3.1157358,5.2571187,-18.03125,19.4375,-6.4367185,5.1445312,8.71875
2014-09-28,3.0485067,5.1932445,-18.09375,19.3125,-6.3585935,5.029297,8.59375
2014-09-29,2.9952521,5.126735,-18.0,19.125,-6.2890625,4.9375,8.4765625
2014-09-30,3.0101316,5.0855007,-17.9375,19.0625,-6.171875,4.9179688,8.4375
2014-10-01,2.897875,5.0560775,-18.03125,18.921875,-6.2648435,4.7851562,8.3125
2014-10-02,2.802608,5.0155745,-18.09375,18.71875,-6.3046875,4.6523438,8.175392
2014-10-03,2.67505,4.947779,-18.125,18.59375,-6.2890625,4.4960938,7.953125
2014-10-04,2.529162,4.8735003,-18.125,18.40625,-6.2734375,4.3125,7.734375
2014-10-05,2.4102373,4.77562,-18.0,18.3125,-6.178906,4.1308594,7.484375
2014-10-06,2.4065275,4.714107,-17.9375,18.203125,-6.0625,4.0703125,7.4509773
2014-10-07,2.3216603,4.661516,-17.90625,18.0,-6.0390625,3.96875,7.2986336
2014-10-08,2.2177312,4.604895,-17.96875,17.765625,-6.0460935,3.8320312,7.1267586
2014-10-09,2.1471937,4.553645,-18.03125,17.578125,-6.0078125,3.7265625,7.0
2014-10-10,2.1634192,4.496075,-17.96875,17.5625,-5.859375,3.6992188,7.0195312
2014-10-11,2.073209,4.439067,-18.0,17.34375,-5.8203125,3.5664062,6.8632812
2014-10-12,1.902247,4.372652,-17.9375,17.234375,-5.859375,3.3574219,6.6675797
2014-10-13,1.7714789,4.2936945,-17.90625,17.0625,-5.8359375,3.203125,6.4335938
2014-10-14,1.7198048,4.231121,-17.84375,16.75,-5.765625,3.1015625,6.390625
2014-10-15,1.666086,4.177312,-17.8125,16.578125,-5.7265625,3.0097656,6.259571
2014-10-16,1.5510474,4.114942,-17.8125,16.453125,-5.6953125,2.8554688,6.0759773
2014-10-17,1.5219772,4.0737004,-17.78125,16.34375,-5.640625,2.7871094,6.0273438
2014-10-18,1.3208263,3.9987066,-17.75,16.3125,-5.671875,2.5625,5.7634773
2014-10-19,1.3222052,3.9569864,-17.75,16.15625,-5.5859375,2.5351562,5.7070312
2014-10-20,1.4586325,3.9353642,-17.8125,16.015625,-5.3984375,2.6796875,5.8671875
2014-10-21,1.3244988,3.874578,-17.8125,15.890625,-5.4375,2.4921875,5.6914062
2014-10-22,1.1480789,3.7859585,-17.84375,15.8203125,-5.421875,2.2695312,5.3923836
2014-10-23,1.2247405,3.7534153,-17.875,15.6328125,-5.2734375,2.3085938,5.5070343
2014-10-24,1.1993799,3.698967,-17.8125,15.609375,-5.1988277,2.25,5.3984375
2014-10-25,1.1414053,3.668158,-17.8125,15.6015625,-5.1640625,2.1796875,5.349415
2014-10-26,0.91751975,3.6124063,-17.8125,15.546875,-5.2578125,1.8945312,5.078125
2014-10-27,0.85638016,3.5631244,-17.8125,15.4921875,-5.1953125,1.8242188,4.9609375
2014-10-28,0.7911057,3.493054,-17.8125,15.3046875,-5.0859375,1.7265625,4.828125
2014-10-29,0.6874747,3.436311,-17.75,15.203125,-5.0859375,1.578125,4.644142
2014-10-30,0.57359797,3.3980086,-17.71875,15.0,-5.109375,1.4453125,4.5330086
2014-10-31,0.5648642,3.3486114,-17.6875,14.8828125,-5.0,1.40625,4.5017586
2014-11-01,0.50774497,3.2813454,-17.6875,14.8203125,-4.9375,1.3046875,4.384571
2014-11-02,0.5489498,3.2334142,-17.65625,14.609375,-4.796875,1.328125,4.3710938
2014-11-03,0.51691073,3.2093885,-17.65625,14.46875,-4.7578125,1.2734375,4.322071
2014-11-04,0.37576568,3.171095,-17.625,14.40625,-4.796875,1.1015625,4.1853523
2014-11-05,0.20665294,3.125275,-17.59375,14.1796875,-4.890625,0.921875,3.9666023
2014-11-06,0.16304684,3.0949683,-17.625,14.0703125,-4.8585935,0.859375,3.8923836
2014-11-07,0.08012275,3.0437894,-17.5,13.921875,-4.8359375,0.7421875,3.734375
2014-11-08,0.23384663,3.0216143,-17.5625,13.84375,-4.6242185,0.875,3.947071
2014-11-09,0.18757029,2.98619,-17.6875,13.8125,-4.578125,0.8125,3.8085938
2014-11-10,0.039537158,2.9621398,-17.65625,13.59375,-4.6640625,0.640625,3.6445312
2014-11-11,-0.17337242,2.908971,-17.53125,13.40625,-4.7734375,0.40625,3.3554688
2014-11-12,-0.10851137,2.8733797,-17.59375,13.3203125,-4.6328125,0.4375,3.4140625
2014-11-13,-0.24675204,2.8320065,-17.59375,13.3359375,-4.6640625,0.2734375,3.234375
2014-11-14,-0.39349663,2.8100348,-17.59375,13.25,-4.7265625,0.1015625,3.0703125
2014-11-15,-0.4690118,2.7769556,-17.53125,13.09375,-4.7578125,0.0078125,2.9609375
2014-11-16,-0.54845375,2.7219489,-17.375,13.0703125,-4.710156,-0.1015625,2.8142586
2014-11-17,-0.54283017,2.7053668,-17.375,12.9375,-4.6875,-0.109375,2.8455086
2014-11-18,-0.536489,2.6813407,-17.40625,12.7578125,-4.609375,-0.125,2.8923836
2014-11-19,-0.67299014,2.6407504,-17.53125,12.734375,-4.6484375,-0.28125,2.6523438
2014-11-20,-0.76045907,2.6148002,-17.46875,12.6953125,-4.6875,-0.3984375,2.5546875
2014-11-21,-0.7587089,2.5800447,-17.3125,12.65625,-4.609375,-0.3828125,2.483986
2014-11-22,-0.8448241,2.5527127,-17.28125,12.6484375,-4.6484375,-0.5234375,2.3632812
2014-11-23,-0.94473636,2.5237093,-17.25,12.5390625,-4.6875,-0.625,2.2148438
2014-11-24,-0.9160496,2.4993184,-17.25,12.4375,-4.609375,-0.6171875,2.2539062
2014-11-25,-0.7330525,2.4918847,-17.1875,12.328125,-4.4140625,-0.421875,2.462696
2014-11-26,-0.87958664,2.459611,-17.21875,12.375,-4.5,-0.59375,2.2574234
2014-11-27,-0.888848,2.456516,-17.25,12.4375,-4.484375,-0.61328125,2.234375
2014-11-28,-1.0696633,2.4284735,-17.3125,12.359375,-4.6171875,-0.8046875,2.0585938
2014-11-29,-1.0911895,2.4089448,-17.15625,12.25,-4.59375,-0.8515625,2.0859375
2014-11-30,-1.1414199,2.385611,-17.03125,12.1796875,-4.578125,-0.9140625,1.9917984
2014-12-01,-1.0000813,2.3934321,-17.0625,12.203125,-4.4453125,-0.765625,2.1523438
2014-12-02,-1.177963,2.3675728,-17.0625,12.171875,-4.569531,-0.9609375,1.9292984
2014-12-03,-1.1062964,2.357901,-17.15625,12.09375,-4.46875,-0.90625,1.9917984
2014-12-04,-1.1737878,2.330206,-17.0625,12.1171875,-4.5,-0.984375,1.8867188
2014-12-05,-1.1474092,2.3270485,-17.0,12.109375,-4.484375,-0.9375,1.921875
2014-12-06,-1.2384344,2.3194256,-16.90625,12.1328125,-4.5390625,-1.0546875,1.7929688
2014-12-07,-1.3688353,2.29849,-16.96875,12.015625,-4.6171875,-1.1953125,1.671875
2014-12-08,-1.124703,2.3014908,-16.96875,12.1640625,-4.375,-0.9609375,1.8984375
2014-12-09,-1.2188396,2.3026242,-17.15625,12.234375,-4.453125,-1.0546875,1.8320312
2014-12-10,-1.3438313,2.3042405,-17.09375,12.1953125,-4.578125,-1.1914062,1.7109375
2014-12-11,-1.4497234,2.282867,-17.0,12.1484375,-4.6484375,-1.3125,1.546875
2014-12-12,-1.4724715,2.2740967,-16.96875,12.03125,-4.671875,-1.328125,1.5113297
2014-12-13,-1.6122246,2.2596018,-16.875,12.1015625,-4.7734375,-1.5,1.375
2014-12-14,-1.5942472,2.262371,-16.875,12.09375,-4.7578125,-1.484375,1.359375
2014-12-15,-1.5580074,2.2551246,-16.84375,12.0703125,-4.703125,-1.453125,1.4253922
2014-12-16,-1.3931673,2.2567635,-16.875,12.09375,-4.5625,-1.28125,1.5582047
2014-12-17,-1.4359314,2.2743206,-16.9375,12.1640625,-4.6328125,-1.3359375,1.5078125
2014-12-18,-1.4710981,2.2533276,-16.6875,12.1953125,-4.6242185,-1.375,1.4609375
2014-12-19,-1.4449602,2.2831638,-16.875,12.171875,-4.6640625,-1.3359375,1.515625
2014-12-20,-1.4847711,2.2746904,-16.71875,12.1796875,-4.6875,-1.3828125,1.4800797
2014-12-21,-1.5926044,2.2848055,-16.78125,12.140625,-4.796875,-1.5,1.3515625
2014-12-22,-1.5898982,2.2787297,-16.84375,12.1640625,-4.7734375,-1.5078125,1.4019547
2014-12-23,-1.6291294,2.2950704,-16.96875,12.0234375,-4.8671875,-1.546875,1.3316422
2014-12-24,-1.7039187,2.3155675,-16.90625,12.03125,-4.9835935,-1.6289062,1.3125
2014-12-25,-1.780649,2.3351314,-16.75,12.15625,-5.0859375,-1.7109375,1.265625
2014-12-26,-1.9196123,2.3311691,-16.71875,12.109375,-5.234375,-1.84375,1.1328125
2014-12-27,-1.9199297,2.3525977,-16.78125,12.109375,-5.3046875,-1.8515625,1.1753922
2014-12-28,-1.9340881,2.3557074,-16.84375,12.1484375,-5.3046875,-1.875,1.1328125
2014-12-29,-1.9981614,2.369217,-16.6875,12.15625,-5.4375,-1.9296875,1.1363297
2014-12-30,-1.9105958,2.3956275,-16.5,12.25,-5.4054685,-1.8359375,1.234375
2014-12-31,-1.918148,2.4138086,-16.53125,12.296875,-5.4140625,-1.859375,1.2613297
2015-01-01,-1.9086604,2.421854,-16.46875,12.21875,-5.421875,-1.8515625,1.2378922
2015-01-02,-1.9858993,2.443469,-16.40625,12.1875,-5.53125,-1.9296875,1.1953125
2015-01-03,-1.9110041,2.466652,-16.5,12.3125,-5.4765625,-1.875,1.328125
2015-01-04,-2.0495214,2.482052,-16.40625,12.3125,-5.6875,-2.0,1.1753922
2015-01-05,-2.082795,2.5056348,-16.40625,12.28125,-5.788281,-2.03125,1.1875
2015-01-06,-2.007488,2.5277216,-16.46875,12.265625,-5.765625,-1.953125,1.2890625
2015-01-07,-2.004037,2.5700574,-16.40625,12.4453125,-5.8429685,-1.9414062,1.3550797
2015-01-08,-2.1659243,2.5909953,-16.375,12.3828125,-6.0390625,-2.109375,1.2335968
2015-01-09,-2.0300167,2.6346395,-16.3125,12.4296875,-6.0078125,-1.9765625,1.4488297
2015-01-10,-2.02925,2.6710434,-16.3125,12.53125,-6.0390625,-1.984375,1.5
2015-01-11,-2.221477,2.706534,-16.34375,12.5234375,-6.3046875,-2.1640625,1.3550797
2015-01-12,-2.259448,2.738779,-16.28125,12.5859375,-6.3984375,-2.203125,1.328125
2015-01-13,-2.3926058,2.7482038,-16.25,12.453125,-6.5078125,-2.3554688,1.2265625
2015-01-14,-2.2650077,2.7227988,-16.0625,12.5703125,-6.3203125,-2.25,1.3785172
2015-01-15,-2.12293,2.768605,-16.0,12.5546875,-6.2421875,-2.1171875,1.6832047
2015-01-16,-2.3060353,2.8023295,-15.9921875,12.5546875,-6.4765625,-2.296875,1.5859375
2015-01-17,-2.3860621,2.8326793,-16.09375,12.3984375,-6.6328125,-2.3828125,1.4878922
2015-01-18,-2.3997087,2.9002533,-16.3125,12.515625,-6.8046875,-2.390625,1.5078125
2015-01-19,-2.4384952,2.936632,-16.28125,12.546875,-6.8984375,-2.421875,1.546875
2015-01-20,-2.476447,2.9681323,-16.5,12.5546875,-6.9609375,-2.4648438,1.6171875
2015-01-21,-2.5027707,3.0262172,-16.53125,12.53125,-7.1640625,-2.4921875,1.625
2015-01-22,-2.6792428,3.0653024,-16.5,12.5703125,-7.4765625,-2.65625,1.4453125
2015-01-23,-2.7857242,3.0994976,-16.40625,12.703125,-7.6015625,-2.7734375,1.40625
2015-01-24,-2.8419685,3.1528454,-16.5625,12.609375,-7.7734375,-2.8242188,1.3984375
2015-01-25,-2.9076467,3.225338,-16.78125,12.78125,-7.9609375,-2.890625,1.4097672
2015-01-26,-3.0319552,3.288163,-16.9375,12.734375,-8.2265625,-3.0,1.359375
2015-01-27,-3.1818697,3.3396785,-17.09375,12.78125,-8.4453125,-3.1484375,1.296875
2015-01-28,-3.3146145,3.392181,-17.15625,12.8125,-8.6640625,-3.2851562,1.2421875
2015-01-29,-3.4141636,3.4484868,-16.96875,12.984375,-8.8671875,-3.3671875,1.1832047
2015-01-30,-3.472357,3.4750004,-16.9375,12.8125,-8.8984375,-3.4375,1.2421875
2015-01-31,-3.5887654,3.5136323,-16.96875,12.921875,-9.0390625,-3.5703125,1.2691422
2015-02-01,-3.6826441,3.5449483,-16.9375,12.9453125,-9.1953125,-3.6875,1.2265625
2015-02-02,-3.484234,3.5955093,-16.6875,13.015625,-9.0859375,-3.515625,1.5113297
2015-02-03,-3.5888016,3.693908,-16.78125,13.1484375,-9.2890625,-3.609375,1.5894547
2015-02-04,-3.6924696,3.7637331,-17.0,13.3125,-9.5234375,-3.7148438,1.4878922
2015-02-05,-3.7624094,3.821637,-16.75,13.2421875,-9.6328125,-3.8046875,1.484375
2015-02-06,-3.8068717,3.8666646,-16.65625,13.3046875,-9.7109375,-3.875,1.5859375
2015-02-07,-3.8867464,3.9139712,-16.78125,13.2265625,-9.8515625,-3.96875,1.5972672
2015-02-08,-3.9695833,3.9899049,-16.96875,13.28125,-10.092968,-4.0390625,1.6328125
2015-02-09,-4.0683765,4.0634394,-17.0625,13.265625,-10.3359375,-4.109375,1.5035172
2015-02-10,-4.11888,4.101549,-16.9375,13.4296875,-10.3828125,-4.1875,1.46875
2015-02-11,-4.098715,4.1524158,-16.875,13.4375,-10.3828125,-4.1875,1.6953125
2015-02-12,-4.1658406,4.231126,-16.875,13.484375,-10.5859375,-4.234375,1.6875
2015-02-13,-4.296196,4.2729826,-16.875,13.5078125,-10.7265625,-4.359375,1.6519547
2015-02-14,-4.3517175,4.3217993,-17.09375,13.5078125,-10.874218,-4.4296875,1.6128922
2015-02-15,-4.3716445,4.370159,-17.375,13.59375,-10.9296875,-4.484375,1.6953125
2015-02-16,-4.273966,4.432905,-17.46875,13.6640625,-10.9140625,-4.390625,1.8789062
2015-02-17,-4.1776757,4.545539,-17.625,13.921875,-10.952343,-4.3046875,2.0703125
2015-02-18,-4.350394,4.5938582,-17.65625,13.8125,-11.1328125,-4.4921875,1.9882812
2015-02-19,-4.336419,4.626858,-17.71875,13.796875,-11.1328125,-4.453125,2.0330086
2015-02-20,-4.3171773,4.6992435,-17.53125,13.953125,-11.233593,-4.4453125,2.125
2015-02-21,-4.4110055,4.7239976,-17.5625,13.90625,-11.3203125,-4.5625,2.1328125
2015-02-22,-4.430277,4.745171,-17.53125,14.0,-11.3515625,-4.5390625,2.087696
2015-02-23,-4.353078,4.7792788,-17.625,13.9609375,-11.2421875,-4.5078125,2.2617188
2015-02-24,-4.324893,4.825686,-17.6875,14.078125,-11.2421875,-4.5078125,2.3472672
2015-02-25,-4.2493176,4.883168,-17.5,14.0703125,-11.2421875,-4.4453125,2.5
2015-02-26,-4.347802,4.909076,-17.46875,14.171875,-11.3515625,-4.53125,2.3863297
2015-02-27,-4.348049,4.9502473,-17.5,14.109375,-11.3984375,-4.5078125,2.4101562
2015-02-28,-4.322074,4.9839034,-17.53125,14.15625,-11.3671875,-4.5,2.515625
2015-03-01,-4.254165,5.0398836,-17.375,14.203125,-11.3828125,-4.4375,2.625
2015-03-02,-4.299542,5.0806894,-17.5,14.3125,-11.4609375,-4.46875,2.6267586
2015-03-03,-4.2501173,5.1346235,-17.71875,14.328125,-11.4921875,-4.4140625,2.702736
2015-03-04,-4.2413507,5.153239,-17.625,14.359375,-11.4765625,-4.4140625,2.702736
2015-03-05,-4.139831,5.159483,-17.53125,14.3046875,-11.3515625,-4.3203125,2.7539062
2015-03-06,-4.0912647,5.1558895,-17.375,14.359375,-11.2421875,-4.28125,2.853321
2015-03-07,-3.9026349,5.201675,-17.46875,14.421875,-11.1171875,-4.0664062,3.1015625
2015-03-08,-3.8057458,5.2314677,-17.5,14.4375,-11.0703125,-3.953125,3.171486
2015-03-09,-3.6923406,5.2750854,-17.25,14.65625,-11.0078125,-3.8320312,3.3242188
2015-03-10,-3.6423826,5.276024,-17.15625,14.734375,-10.9296875,-3.8046875,3.3671875
2015-03-11,-3.5333223,5.2697625,-17.03125,14.78125,-10.780468,-3.6953125,3.46875
2015-03-12,-3.438368,5.2871976,-16.9375,14.796875,-10.7109375,-3.6210938,3.5742188
2015-03-13,-3.447394,5.319028,-16.84375,14.84375,-10.7578125,-3.59375,3.5429688
2015-03-14,-3.4099343,5.4030647,-16.8125,14.9375,-10.8203125,-3.5546875,3.7226562
2015-03-15,-3.4261596,5.464071,-16.8125,15.0390625,-10.9296875,-3.5664062,3.7478523
2015-03-16,-3.3217998,5.486123,-16.8125,14.984375,-10.842968,-3.4492188,3.8632812
2015-03-17,-3.3765144,5.478943,-16.875,15.046875,-10.8515625,-3.4375,3.7791023
2015-03-18,-3.2898014,5.5218625,-16.90625,15.203125,-10.8359375,-3.3515625,3.921875
2015-03-19,-3.3175867,5.527365,-16.9375,15.28125,-10.9140625,-3.3359375,3.8007812
2015-03-20,-3.261859,5.5523143,-16.9375,15.2421875,-10.8984375,-3.25,3.8554688
2015-03-21,-2.9637792,5.610647,-16.6875,15.234375,-10.6171875,-2.9453125,4.28125
2015-03-22,-2.9397295,5.6217356,-16.75,15.390625,-10.6328125,-2.8554688,4.259571
2015-03-23,-2.9065366,5.6575394,-16.78125,15.4375,-10.6484375,-2.7851562,4.3203125
2015-03-24,-2.767979,5.7099724,-16.84375,15.6015625,-10.5546875,-2.625,4.5195312
2015-03-25,-2.6362493,5.7208066,-16.8125,15.5625,-10.4609375,-2.4335938,4.609375
2015-03-26,-2.530877,5.7418923,-16.75,15.578125,-10.3828125,-2.3046875,4.7304688
2015-03-27,-2.488902,5.7984853,-16.875,15.671875,-10.436718,-2.1875,4.8007812
2015-03-28,-2.5165293,5.8213134,-16.875,15.7890625,-10.4921875,-2.1796875,4.78125
2015-03-29,-2.4644587,5.835274,-16.9375,15.765625,-10.4765625,-2.0976562,4.8007812
2015-03-30,-2.332834,5.8332663,-16.9375,15.765625,-10.3515625,-1.9453125,4.90625
2015-03-31,-2.0855517,5.858394,-16.78125,15.796875,-10.1796875,-1.6328125,5.125
2015-04-01,-1.9953032,5.873791,-16.875,15.78125,-10.0859375,-1.4960938,5.224415
2015-04-02,-1.874694,5.899468,-16.875,15.8671875,-10.0078125,-1.3164062,5.3515625
2015-04-03,-1.8270016,5.927721,-16.9375,15.90625,-10.0390625,-1.1640625,5.3923836
2015-04-04,-1.8290724,5.9376163,-16.96875,16.0625,-10.0703125,-1.0703125,5.3632812
2015-04-05,-1.7491759,5.963761,-17.0,16.09375,-10.0546875,-0.90625,5.4335938
2015-04-06,-1.5389761,6.036049,-17.0625,16.1875,-9.952343,-0.62890625,5.7148438
2015-04-07,-1.5109843,6.0662284,-17.15625,16.140625,-10.0078125,-0.53125,5.743946
2015-04-08,-1.4292128,6.0766544,-17.15625,16.265625,-9.9453125,-0.3828125,5.818165
2015-04-09,-1.3954552,6.049147,-17.15625,16.1875,-9.8984375,-0.2890625,5.7578125
2015-04-10,-1.3720068,6.0304885,-17.09375,16.15625,-9.8671875,-0.1953125,5.724415
2015-04-11,-1.1773671,6.0451703,-17.03125,16.265625,-9.6953125,0.1015625,5.9332047
2015-04-12,-1.0137848,6.07973,-16.96875,16.34375,-9.6328125,0.375,6.0859375
2015-04-13,-0.89535457,6.108641,-16.875,16.453125,-9.6015625,0.546875,6.222267
2015-04-14,-0.8364702,6.11878,-16.9375,16.65625,-9.5546875,0.640625,6.2617188
2015-04-15,-0.5880687,6.159834,-16.875,16.671875,-9.3984375,0.9921875,6.5390625
2015-04-16,-0.432862,6.194269,-16.9375,16.828125,-9.3203125,1.296875,6.6835938
2015-04-17,-0.38520357,6.210543,-16.96875,16.984375,-9.3515625,1.3945312,6.7361336
2015-04-18,-0.38008815,6.220072,-17.03125,17.046875,-9.4140625,1.5234375,6.70879
2015-04-19,-0.263846,6.254764,-17.0625,17.171875,-9.3828125,1.7265625,6.8298836
2015-04-20,-0.091510184,6.272422,-17.0625,17.234375,-9.264843,2.0058594,6.953125
2015-04-21,0.0107489005,6.282307,-17.15625,17.453125,-9.2109375,2.1699219,7.0820312
2015-04-22,0.15119897,6.299006,-17.15625,17.59375,-9.1796875,2.3984375,7.1914062
2015-04-23,0.33692276,6.3099937,-17.125,17.546875,-9.0234375,2.6542969,7.33379
2015-04-24,0.260664,6.2831693,-17.1875,17.71875,-9.1015625,2.6445312,7.203125
2015-04-25,0.2905532,6.314943,-17.3125,17.890625,-9.1640625,2.7265625,7.191017
2015-04-26,0.46234924,6.3507752,-17.25,18.03125,-9.092968,2.9765625,7.34375
2015-04-27,0.49051395,6.3710403,-17.34375,18.1875,-9.1171875,3.0644531,7.3515625
2015-04-28,0.67265373,6.3937507,-17.375,18.359375,-9.0390625,3.3085938,7.509571
2015-04-29,0.8183839,6.414849,-17.40625,18.40625,-8.967968,3.4941406,7.640625
2015-04-30,0.91269344,6.4256344,-17.40625,18.5625,-8.9453125,3.6289062,7.734375
2015-05-01,1.0175607,6.447139,-17.46875,18.65625,-8.8984375,3.78125,7.828125
2015-05-02,1.0825864,6.4588013,-17.40625,18.890625,-8.8984375,3.9140625,7.8515625
2015-05-03,1.1269057,6.4459414,-17.34375,19.125,-8.8671875,3.9882812,7.8767586
2015-05-04,1.2258995,6.4560394,-17.34375,19.328125,-8.8515625,4.125,7.921875
2015-05-05,1.3279003,6.4900723,-17.4375,19.5625,-8.8515625,4.2558594,8.0390625
2015-05-06,1.3140945,6.499648,-17.46875,19.78125,-8.8984375,4.2929688,7.9882812
2015-05-07,1.3634747,6.4970474,-17.375,19.875,-8.905468,4.3710938,8.0
2015-05-08,1.5634083,6.507071,-17.3125,20.1875,-8.7578125,4.580078,8.1953125
2015-05-09,1.7332152,6.5321794,-17.28125,20.375,-8.671093,4.7871094,8.3515625
2015-05-10,1.7082274,6.536272,-17.3125,20.5625,-8.764843,4.7460938,8.2890625
2015-05-11,1.758066,6.5428634,-17.3125,20.84375,-8.7890625,4.8085938,8.3125
2015-05-12,1.9127128,6.5635247,-17.40625,21.03125,-8.6796875,4.9765625,8.48008
2015-05-13,2.005679,6.5833883,-17.5,21.28125,-8.6640625,5.0703125,8.59375
2015-05-14,2.0771792,6.584163,-17.46875,21.4375,-8.6640625,5.1347656,8.625
2015-05-15,2.146323,6.590034,-17.59375,21.546875,-8.639843,5.1757812,8.65625
2015-05-16,2.2302089,6.593152,-17.59375,21.8125,-8.6015625,5.251953,8.7421875
2015-05-17,2.3020844,6.6002083,-17.6875,22.03125,-8.6171875,5.2851562,8.828125
2015-05-18,2.354819,6.6101866,-17.6875,22.234375,-8.6171875,5.34375,8.85508
2015-05-19,2.433938,6.625987,-17.6875,22.375,-8.624218,5.3945312,8.9296875
2015-05-20,2.5595253,6.6429935,-17.75,22.5625,-8.6015625,5.5664062,9.0703125
2015-05-21,2.5524523,6.6523156,-17.875,22.671875,-8.6953125,5.5527344,9.046875
2015-05-22,2.6823514,6.6712785,-17.9375,22.78125,-8.6484375,5.6660156,9.140625
2015-05-23,2.7736528,6.691943,-18.0,22.96875,-8.6640625,5.7421875,9.2265625
2015-05-24,2.940447,6.71793,-18.0625,23.140625,-8.6015625,5.919922,9.421875
2015-05-25,3.0604692,6.7473207,-18.0,23.21875,-8.5859375,6.0527344,9.5625
2015-05-26,3.1843116,6.7768116,-18.125,23.34375,-8.5859375,6.1796875,9.7265625
2015-05-27,3.1291187,6.780652,-18.0625,23.515625,-8.6796875,6.1015625,9.6640625
2015-05-28,3.128843,6.7772956,-18.125,23.53125,-8.7734375,6.0585938,9.6328125
2015-05-29,3.2160344,6.7913074,-18.28125,23.65625,-8.764843,6.171875,9.71875
2015-05-30,3.4117322,6.818473,-18.21875,23.75,-8.6640625,6.3535156,9.921875
2015-05-31,3.5010748,6.8444476,-18.34375,23.890625,-8.7109375,6.4375,10.03125
2015-06-01,3.5511415,6.8636727,-18.40625,23.96875,-8.7421875,6.4765625,10.089455
2015-06-02,3.68546,6.888059,-18.375,24.09375,-8.6796875,6.609375,10.25
2015-06-03,3.6090055,6.8977633,-18.5625,24.109375,-8.858593,6.517578,10.140625
2015-06-04,3.7237422,6.911542,-18.5625,24.15625,-8.858593,6.6367188,10.296875
2015-06-05,3.8049974,6.930646,-18.5625,24.15625,-8.8515625,6.748047,10.394142
2015-06-06,3.945088,6.9624524,-18.5625,24.1875,-8.8359375,6.921875,10.5390625
2015-06-07,3.9718752,6.994288,-18.5,24.25,-8.9453125,6.9609375,10.5703125
2015-06-08,3.9596825,7.009456,-18.46875,24.328125,-9.0390625,6.951172,10.5546875
2015-06-09,4.0000734,7.0130606,-18.65625,24.296875,-9.014843,6.9902344,10.5625
2015-06-10,4.1768475,7.0292096,-18.6875,24.3125,-8.9453125,7.1816406,10.765625
2015-06-11,4.0699277,7.0421696,-18.75,24.34375,-9.1328125,7.095703,10.675392
2015-06-12,4.176951,7.054308,-18.875,24.28125,-9.0703125,7.201172,10.79258
2015-06-13,4.2929,7.0813,-18.9375,24.234375,-9.0390625,7.3164062,10.9375
2015-06-14,4.2937155,7.092041,-19.0,24.1875,-9.0859375,7.3476562,10.933205
2015-06-15,4.4059052,7.1137238,-19.09375,24.328125,-9.0703125,7.4570312,11.0546875
2015-06-16,4.376778,7.127479,-19.0,24.234375,-9.1015625,7.46875,11.058205
2015-06-17,4.4541435,7.129472,-19.09375,24.203125,-9.0390625,7.546875,11.144142
2015-06-18,4.5211434,7.1426125,-19.09375,24.125,-9.0390625,7.6464844,11.21875
2015-06-19,4.649084,7.174474,-19.09375,24.125,-8.983593,7.783203,11.390625
2015-06-20,4.7169704,7.2108912,-19.09375,24.1875,-9.0078125,7.859375,11.5078125
2015-06-21,4.7725725,7.2346926,-19.09375,24.21875,-9.0078125,7.923828,11.628517
2015-06-22,4.653687,7.2431946,-19.15625,24.25,-9.1484375,7.8320312,11.5390625
2015-06-23,4.6680856,7.2428703,-19.3125,24.3125,-9.1015625,7.8320312,11.515625
2015-06-24,4.7549763,7.2553554,-19.46875,24.25,-9.061718,7.9375,11.6015625
2015-06-25,4.7710996,7.2749357,-19.53125,24.15625,-9.0703125,7.9609375,11.65625
2015-06-26,4.8406425,7.295079,-19.75,24.28125,-9.046093,8.046875,11.7421875
2015-06-27,4.799957,7.3084207,-19.75,24.375,-9.0703125,8.015625,11.7109375
2015-06-28,4.6390824,7.2940125,-19.9375,24.3125,-9.2109375,7.875,11.495705
2015-06-29,4.785142,7.2961965,-19.96875,24.234375,-9.092968,8.019531,11.675392
2015-06-30,4.838502,7.3196416,-20.09375,24.25,-9.0703125,8.078125,11.764847
2015-07-01,4.81272,7.3226123,-20.03125,24.25,-9.1015625,8.058594,11.71875
2015-07-02,4.8684373,7.3253207,-20.09375,24.28125,-9.0390625,8.121094,11.765625
2015-07-03,4.8707376,7.3242984,-20.125,24.3125,-9.0078125,8.109375,11.796875
2015-07-04,4.7376695,7.314405,-20.25,24.234375,-9.1015625,8.003906,11.66758
2015-07-05,4.842713,7.3185954,-20.25,24.109375,-8.9921875,8.109375,11.765625
2015-07-06,4.8195343,7.3341866,-20.375,24.09375,-8.999218,8.09375,11.78125
2015-07-07,4.761501,7.3277483,-20.40625,24.03125,-9.0703125,8.035156,11.6875
2015-07-08,4.857565,7.3386397,-20.4375,24.03125,-8.9921875,8.1484375,11.8125
2015-07-09,4.9407,7.3656015,-20.40625,24.0625,-8.9140625,8.234375,11.909767
2015-07-10,4.8823752,7.38364,-20.59375,24.03125,-8.983593,8.1953125,11.8984375
2015-07-11,4.9018555,7.3843694,-20.59375,24.03125,-8.9921875,8.2109375,11.9296875
2015-07-12,4.9052944,7.3901067,-20.59375,23.96875,-8.9609375,8.21875,11.96875
2015-07-13,4.830316,7.387159,-20.71875,23.9375,-9.0390625,8.15625,11.890625
2015-07-14,4.817141,7.376456,-20.78125,23.9375,-9.0078125,8.1328125,11.8671875
2015-07-15,4.712601,7.3673544,-21.03125,23.84375,-9.0859375,8.0390625,11.7578125
2015-07-16,4.8529496,7.377601,-21.1875,23.890625,-8.9453125,8.1953125,11.8984375
2015-07-17,4.8112698,7.4088955,-21.25,23.859375,-8.9921875,8.15625,11.941017
2015-07-18,4.708574,7.3929586,-21.125,23.8125,-9.0390625,8.0703125,11.765625
2015-07-19,4.777347,7.3877053,-21.25,23.78125,-8.9921875,8.1328125,11.828125
2015-07-20,4.813676,7.4099083,-21.3125,23.75,-8.9765625,8.203125,11.890625
2015-07-21,4.7610183,7.4170566,-21.28125,23.75,-9.030468,8.1640625,11.859375
2015-07-22,4.728812,7.4060516,-21.3125,23.75,-9.0234375,8.121094,11.8203125
2015-07-23,4.7046876,7.3951817,-21.25,23.765625,-8.9921875,8.113281,11.796875
2015-07-24,4.7073503,7.3830757,-21.09375,23.75,-8.9609375,8.125,11.796875
2015-07-25,4.70193,7.3758545,-21.09375,23.765625,-8.9140625,8.1015625,11.800392
2015-07-26,4.6419463,7.3689837,-21.1875,23.71875,-8.952343,8.0625,11.73008
2015-07-27,4.757729,7.3789067,-21.40625,23.59375,-8.8515625,8.171875,11.831642
2015-07-28,4.733565,7.3946395,-21.28125,23.625,-8.8828125,8.15625,11.9140625
2015-07-29,4.758573,7.392332,-21.28125,23.59375,-8.8671875,8.1640625,11.928909
2015-07-30,4.843464,7.4028964,-21.3125,23.578125,-8.8046875,8.2578125,12.026955
2015-07-31,4.6976967,7.3941393,-21.25,23.59375,-8.8984375,8.1015625,11.90625
2015-08-01,4.570548,7.355002,-21.09375,23.515625,-8.9609375,7.9765625,11.71875
2015-08-02,4.6065135,7.3378973,-21.03125,23.5,-8.8828125,7.9960938,11.76133
2015-08-03,4.5685167,7.3312216,-21.03125,23.46875,-8.8828125,7.984375,11.7421875
2015-08-04,4.5375156,7.3108306,-21.0625,23.5,-8.8984375,7.9492188,11.6484375
2015-08-05,4.4844174,7.2868433,-21.03125,23.46875,-8.8984375,7.8867188,11.6015625
2015-08-06,4.4917755,7.259904,-20.84375,23.4375,-8.8359375,7.873047,11.609375
2015-08-07,4.507398,7.2372985,-20.5625,23.46875,-8.7734375,7.875,11.612892
2015-08-08,4.50427,7.2259603,-20.8125,23.34375,-8.7734375,7.8789062,11.5859375
2015-08-09,4.4313364,7.2221513,-20.9375,23.375,-8.874218,7.810547,11.5
2015-08-10,4.478213,7.215526,-20.90625,23.390625,-8.811718,7.859375,11.503517
2015-08-11,4.3389277,7.1976514,-20.84375,23.3125,-8.8984375,7.7109375,11.378517
2015-08-12,4.4029603,7.1716905,-20.84375,23.21875,-8.780468,7.7617188,11.44883
2015-08-13,4.3125973,7.1494055,-20.90625,23.1875,-8.8203125,7.6523438,11.3515625
2015-08-14,4.383209,7.1208262,-20.8125,23.203125,-8.6640625,7.6914062,11.378517
2015-08-15,4.4576435,7.1163955,-20.8125,23.21875,-8.5859375,7.7617188,11.484375
2015-08-16,4.318581,7.094985,-20.8125,23.21875,-8.6640625,7.6015625,11.34375
2015-08-17,4.150623,7.040692,-20.8125,23.15625,-8.7265625,7.4140625,11.144142
2015-08-18,4.1767273,6.996025,-20.8125,23.109375,-8.6484375,7.4375,11.109375
2015-08-19,4.384438,6.988461,-20.65625,23.125,-8.3984375,7.6171875,11.265625
2015-08-20,4.281057,6.962388,-20.5625,23.109375,-8.4609375,7.4921875,11.2109375
2015-08-21,4.2075796,6.9093766,-20.65625,23.015625,-8.4296875,7.3867188,11.0703125
2015-08-22,4.2959065,6.88548,-20.59375,22.9375,-8.2890625,7.4453125,11.15625
2015-08-23,4.259831,6.881108,-20.78125,23.0,-8.3515625,7.404297,11.175392
2015-08-24,4.0905657,6.8268576,-20.75,22.9375,-8.3984375,7.2265625,10.909767
2015-08-25,4.0746245,6.789044,-20.78125,22.875,-8.3515625,7.1816406,10.8125
2015-08-26,4.264018,6.781966,-20.875,22.84375,-8.1484375,7.3867188,11.0
2015-08-27,4.234506,6.7739916,-20.84375,22.875,-8.1953125,7.3359375,11.03125
2015-08-28,4.0567155,6.721481,-20.6875,22.84375,-8.249218,7.1328125,10.8125
2015-08-29,4.1147733,6.6710644,-20.375,22.78125,-8.1015625,7.1484375,10.8125
2015-08-30,4.1752954,6.6283207,-20.15625,22.6875,-7.9765625,7.1875,10.84375
2015-08-31,4.0879164,6.589138,-20.3125,22.671875,-7.9921875,7.0898438,10.6875
2015-09-01,4.018944,6.550857,-20.15625,22.640625,-7.9835935,6.9960938,10.558205
2015-09-02,3.9753418,6.5185905,-20.1875,22.59375,-7.9765625,6.9375,10.487892
2015-09-03,4.0838447,6.487777,-20.15625,22.53125,-7.8046875,7.015625,10.6640625
2015-09-04,3.9351876,6.4385285,-20.03125,22.53125,-7.8359375,6.8320312,10.46875
2015-09-05,3.975811,6.394021,-20.03125,22.40625,-7.7265625,6.8515625,10.4375
2015-09-06,3.873257,6.3414946,-19.9375,22.375,-7.7265625,6.7148438,10.32383
2015-09-07,3.8162088,6.2874546,-19.9375,22.25,-7.6796875,6.6210938,10.214455
2015-09-08,3.8832169,6.2480226,-19.84375,22.21875,-7.5390625,6.6523438,10.269142
2015-09-09,3.869426,6.1962347,-19.71875,22.171875,-7.4453125,6.609375,10.245705
2015-09-10,3.76404,6.1338224,-19.65625,22.078125,-7.4140625,6.4609375,10.1171875
2015-09-11,3.8215785,6.088342,-19.53125,22.046875,-7.3046875,6.4765625,10.1328125
2015-09-12,3.8561804,6.064261,-19.53125,21.96875,-7.2265625,6.4765625,10.1484375
2015-09-13,3.613006,5.990141,-19.59375,21.90625,-7.2890625,6.2148438,9.8125
2015-09-14,3.6259236,5.951922,-19.6875,21.9375,-7.2109375,6.203125,9.78125
2015-09-15,3.6520507,5.9190564,-19.625,21.84375,-7.1640625,6.1992188,9.776955
2015-09-16,3.5378783,5.8681927,-19.625,21.84375,-7.1640625,6.0625,9.60508
2015-09-17,3.33457,5.773285,-19.5,21.65625,-7.1640625,5.7851562,9.3359375
2015-09-18,3.3964908,5.7041793,-19.40625,21.546875,-6.9453125,5.8007812,9.362892
2015-09-19,3.389827,5.644517,-19.0625,21.53125,-6.8515625,5.7226562,9.296875
2015-09-20,3.4024882,5.6088023,-18.875,21.53125,-6.7648435,5.7148438,9.328125
2015-09-21,3.3575237,5.556527,-18.75,21.375,-6.7421875,5.6503906,9.2421875
2015-09-22,3.3776162,5.5065765,-18.59375,21.375,-6.6171875,5.6367188,9.214455
2015-09-23,3.2634902,5.4525204,-18.625,21.328125,-6.6171875,5.466797,9.0546875
2015-09-24,3.3336356,5.4190054,-18.5625,21.21875,-6.5078125,5.5097656,9.1015625
2015-09-25,3.2876694,5.3785305,-18.40625,21.171875,-6.4453125,5.4257812,9.109375
2015-09-26,3.1850774,5.3216553,-18.34375,21.109375,-6.4453125,5.2578125,8.9140625
2015-09-27,3.0759666,5.2476916,-18.1875,20.96875,-6.4140625,5.1054688,8.7421875
2015-09-28,3.0116994,5.1838036,-18.125,20.875,-6.3359375,4.9921875,8.625
2015-09-29,2.9608731,5.1192327,-18.03125,20.734375,-6.2734375,4.90625,8.515625
2015-09-30,2.977305,5.078404,-17.9375,20.640625,-6.1484375,4.8828125,8.453125
2015-10-01,2.866702,5.049612,-18.0625,20.5625,-6.203125,4.7539062,8.331642
2015-10-02,2.7737024,5.0097947,-18.125,20.375,-6.2734375,4.625,8.214455
2015-10-03,2.648145,4.941623,-18.125,20.28125,-6.2265625,4.46875,7.943165
2015-10-04,2.503922,4.8665395,-18.125,20.171875,-6.21875,4.2773438,7.6927757
2015-10-05,2.3864155,4.7710123,-18.0,20.0625,-6.1554685,4.09375,7.4921875
2015-10-06,2.3846436,4.7127085,-17.9375,19.9375,-6.0546875,4.0664062,7.4453125
2015-10-07,2.3012483,4.6598744,-17.90625,19.8125,-6.0234375,3.9316406,7.322071
2015-10-08,2.199336,4.604862,-17.96875,19.625,-6.0,3.8085938,7.1445312
2015-10-09,2.1302843,4.5543823,-18.03125,19.515625,-5.991406,3.6972656,7.0447273
2015-10-10,2.147885,4.49801,-17.96875,19.453125,-5.8203125,3.6796875,7.0269547
2015-10-11,2.0589263,4.4432096,-18.0,19.265625,-5.78125,3.5429688,6.8984375
2015-10-12,1.8896635,4.378369,-17.9375,19.15625,-5.8046875,3.3144531,6.6796875
2015-10-13,1.7598225,4.3009844,-17.90625,19.0,-5.78125,3.15625,6.4570312
2015-10-14,1.7094772,4.240941,-17.84375,18.78125,-5.7023435,3.0527344,6.40625
2015-10-15,1.656896,4.1852145,-17.8125,18.59375,-5.640625,2.9921875,6.2769547
2015-10-16,1.5425572,4.12616,-17.8125,18.515625,-5.640625,2.8261719,6.103321
2015-10-17,1.5155247,4.08788,-17.78125,18.359375,-5.578125,2.765625,6.072071
2015-10-18,1.315368,4.0142207,-17.75,18.21875,-5.6171875,2.5273438,5.8125
2015-10-19,1.3170227,3.9735732,-17.75,18.03125,-5.53125,2.5078125,5.7460938
2015-10-20,1.4541695,3.9535294,-17.8125,17.8125,-5.3628902,2.6269531,5.90625
2015-10-21,1.3205526,3.8942568,-17.8125,17.625,-5.3671875,2.453125,5.7166023
2015-10-22,1.1440538,3.808977,-17.84375,17.46875,-5.359375,2.2421875,5.4080086
2015-10-23,1.2222487,3.7773082,-17.875,17.21875,-5.21875,2.2695312,5.525196
2015-10-24,1.1987215,3.7273214,-17.78125,17.078125,-5.116406,2.2265625,5.4705086
2015-10-25,1.1412272,3.697944,-17.71875,16.984375,-5.100781,2.1523438,5.390625
2015-10-26,0.91727453,3.6441543,-17.75,16.84375,-5.203125,1.8671875,5.1367188
2015-10-27,0.855665,3.5959773,-17.75,16.78125,-5.1640625,1.8046875,4.9765625
2015-10-28,0.7901832,3.527566,-17.8125,16.546875,-5.0773435,1.6953125,4.8320312
2015-10-29,0.6871513,3.4720159,-17.75,16.34375,-5.0546875,1.5664062,4.6601562
2015-10-30,0.57340133,3.4345026,-17.71875,16.15625,-5.09375,1.421875,4.505665
2015-10-31,0.5642225,3.3879406,-17.6875,16.015625,-4.9921875,1.3984375,4.453125
2015-11-01,0.50692284,3.3243396,-17.6875,15.921875,-4.890625,1.3046875,4.368946
2015-11-02,0.5486157,3.276255,-17.65625,15.921875,-4.7265625,1.3203125,4.359375
2015-11-03,0.5160906,3.2533603,-17.59375,15.8515625,-4.7265625,1.28125,4.3046875
2015-11-04,0.37461537,3.218683,-17.5625,15.796875,-4.78125,1.09375,4.1523438
2015-11-05,0.20617434,3.174817,-17.5625,15.7109375,-4.8515625,0.8984375,3.9453125
2015-11-06,0.16316807,3.1463952,-17.59375,15.6640625,-4.8359375,0.8515625,3.868946
2015-11-07,0.08073167,3.0971045,-17.46875,15.7265625,-4.819531,0.7265625,3.7222672
2015-11-08,0.2348931,3.0764506,-17.53125,15.6171875,-4.6171875,0.859375,3.9275398
2015-11-09,0.1888525,3.0434163,-17.65625,15.65625,-4.5546875,0.79296875,3.8203125
2015-11-10,0.04106064,3.01955,-17.65625,15.609375,-4.671875,0.6328125,3.6228523
2015-11-11,-0.17142206,2.9666307,-17.53125,15.5,-4.7734375,0.375,3.34375
2015-11-12,-0.10650336,2.9335976,-17.5625,15.390625,-4.6328125,0.4296875,3.40625
2015-11-13,-0.24456158,2.8950818,-17.5625,15.4375,-4.6640625,0.25,3.21875
2015-11-14,-0.39104557,2.8764215,-17.5625,15.453125,-4.7492185,0.078125,3.0429688
2015-11-15,-0.46553323,2.8427405,-17.53125,15.453125,-4.796875,-0.015625,2.953125
2015-11-16,-0.5443639,2.7909613,-17.375,15.46875,-4.71875,-0.1171875,2.8125
2015-11-17,-0.53827035,2.774744,-17.375,15.390625,-4.703125,-0.140625,2.828125
2015-11-18,-0.5311904,2.7513294,-17.375,15.2734375,-4.6484375,-0.140625,2.9140625
2015-11-19,-0.66736495,2.711838,-17.5,15.28125,-4.6875,-0.3125,2.6367188
2015-11-20,-0.75443226,2.6862755,-17.46875,15.265625,-4.71875,-0.41015625,2.5742188
2015-11-21,-0.7522781,2.6529355,-17.3125,15.25,-4.6398435,-0.41796875,2.4804688
2015-11-22,-0.8384881,2.6268013,-17.28125,15.265625,-4.6675777,-0.53125,2.390625
2015-11-23,-0.9382475,2.5991762,-17.25,15.1796875,-4.710156,-0.6484375,2.25
2015-11-24,-0.90909123,2.5740733,-17.25,15.125,-4.6328125,-0.6328125,2.2773438
2015-11-25,-0.7264018,2.5663166,-17.1875,15.046875,-4.453125,-0.4375,2.4761734
2015-11-26,-0.8724873,2.5354302,-17.21875,15.109375,-4.5078125,-0.625,2.28125
2015-11-27,-0.8819927,2.5330937,-17.25,15.171875,-4.5,-0.6328125,2.2517586
2015-11-28,-1.0617876,2.5072877,-17.3125,15.09375,-4.6328125,-0.8125,2.0429688
2015-11-29,-1.0833411,2.4865015,-17.15625,15.0078125,-4.6640625,-0.8515625,2.0365257
2015-11-30,-1.1331892,2.4632156,-17.03125,14.96875,-4.6328125,-0.9140625,2.0078125
2015-12-01,-0.992039,2.4709475,-17.0625,15.0,-4.5,-0.7890625,2.1523438
2015-12-02,-1.168984,2.4477997,-17.0625,14.984375,-4.6328125,-0.96875,1.8984375
2015-12-03,-1.097355,2.4359715,-17.15625,14.921875,-4.5390625,-0.90625,1.9722672
2015-12-04,-1.1644322,2.4110677,-17.0625,14.953125,-4.5546875,-0.9765625,1.8398438
2015-12-05,-1.1379583,2.4052875,-17.0,14.9375,-4.5234375,-0.9609375,1.9140625
2015-12-06,-1.2286913,2.3990993,-16.90625,14.9609375,-4.578125,-1.1015625,1.796875
2015-12-07,-1.3590709,2.3777707,-16.96875,14.84375,-4.703125,-1.2226562,1.6640625
2015-12-08,-1.1148691,2.3820293,-16.96875,14.984375,-4.453125,-0.96875,1.8867188
2015-12-09,-1.2087383,2.3829212,-17.15625,15.015625,-4.5234375,-1.09375,1.7947273
2015-12-10,-1.3332052,2.383372,-17.09375,14.9765625,-4.6484375,-1.2265625,1.6953125
2015-12-11,-1.4387491,2.364589,-17.0,14.9375,-4.71875,-1.3320312,1.5582047
2015-12-12,-1.461242,2.3535452,-16.96875,14.828125,-4.7421875,-1.3554688,1.5078125
2015-12-13,-1.6007435,2.3416018,-16.875,14.890625,-4.8125,-1.5195312,1.40625
2015-12-14,-1.5822394,2.3453445,-16.875,14.875,-4.796875,-1.5,1.390625
2015-12-15,-1.5456725,2.3365617,-16.84375,14.8359375,-4.7421875,-1.4609375,1.40625
2015-12-16,-1.3809419,2.3342283,-16.875,14.84375,-4.6328125,-1.296875,1.578125
2015-12-17,-1.4237554,2.3531322,-16.90625,14.90625,-4.6875,-1.3359375,1.5425797
2015-12-18,-1.4583131,2.3334928,-16.6875,14.90625,-4.6484375,-1.3984375,1.484375
2015-12-19,-1.4317513,2.3620944,-16.84375,14.875,-4.703125,-1.3515625,1.5113297
2015-12-20,-1.471395,2.3528688,-16.75,14.8671875,-4.7265625,-1.3984375,1.5078125
2015-12-21,-1.5789472,2.3631046,-16.78125,14.8125,-4.8359375,-1.5234375,1.4097672
2015-12-22,-1.5759531,2.3558724,-16.84375,14.8203125,-4.8125,-1.53125,1.4019547
2015-12-23,-1.6150424,2.3687177,-16.96875,14.6796875,-4.90625,-1.5625,1.375
2015-12-24,-1.690013,2.3892934,-16.90625,14.671875,-5.03125,-1.625,1.3515625
2015-12-25,-1.7666059,2.4100366,-16.78125,14.765625,-5.1484375,-1.7109375,1.296875
2015-12-26,-1.9048963,2.4041784,-16.75,14.703125,-5.2890625,-1.8671875,1.15625
2015-12-27,-1.9050361,2.4236767,-16.8125,14.6875,-5.34375,-1.8671875,1.2222672
2015-12-28,-1.9186559,2.4290943,-16.84375,14.7109375,-5.34375,-1.8828125,1.15625
2015-12-29,-1.9821545,2.4414861,-16.6875,14.6875,-5.46875,-1.9296875,1.1484375
2015-12-30,-1.8941438,2.4673972,-16.5,14.75,-5.421875,-1.8398438,1.2578125
2015-12-31,-1.9014027,2.487023,-16.53125,14.765625,-5.4375,-1.8476562,1.2769547
2016-01-01,-1.8914996,2.4925196,-16.4375,14.6640625,-5.444531,-1.8359375,1.28125
2016-01-02,-1.9680151,2.5123723,-16.40625,14.625,-5.546875,-1.9296875,1.234375
2016-01-03,-1.8924932,2.5344245,-16.46875,14.71875,-5.5078125,-1.859375,1.359375
2016-01-04,-2.0304303,2.5506134,-16.375,14.6875,-5.6953125,-2.0,1.2378922
2016-01-05,-2.06312,2.5718586,-16.375,14.640625,-5.8046875,-2.0078125,1.1875
2016-01-06,-1.987463,2.5919125,-16.40625,14.59375,-5.772656,-1.9179688,1.3125
2016-01-07,-1.9834734,2.6348033,-16.34375,14.734375,-5.8359375,-1.9140625,1.3785172
2016-01-08,-2.144758,2.654602,-16.3125,14.640625,-6.0234375,-2.09375,1.2535172
2016-01-09,-2.0077548,2.6950095,-16.3125,14.65625,-6.0078125,-1.9296875,1.421875
2016-01-10,-2.006363,2.7304223,-16.25,14.71875,-6.0390625,-1.9453125,1.4609375
2016-01-11,-2.1974995,2.7678726,-16.34375,14.6875,-6.3046875,-2.1328125,1.3515625
2016-01-12,-2.2346926,2.8002417,-16.28125,14.7265625,-6.4140625,-2.1796875,1.375
2016-01-13,-2.3670635,2.806786,-16.1875,14.578125,-6.5234375,-2.3203125,1.234375
2016-01-14,-2.2384324,2.7818978,-15.9765625,14.6640625,-6.3203125,-2.2265625,1.359375
2016-01-15,-2.0953302,2.8269064,-15.9296875,14.6328125,-6.2265625,-2.0859375,1.6753922
2016-01-16,-2.2773137,2.8603265,-15.9453125,14.609375,-6.4523435,-2.2890625,1.5625
2016-01-17,-2.3565369,2.8881958,-16.09375,14.453125,-6.6328125,-2.359375,1.46875
2016-01-18,-2.3690436,2.9532087,-16.3125,14.5390625,-6.8203125,-2.328125,1.453125
2016-01-19,-2.4065678,2.9900682,-16.28125,14.546875,-6.8984375,-2.375,1.5113297
2016-01-20,-2.443239,3.0202744,-16.5,14.53125,-6.9609375,-2.421875,1.59375
2016-01-21,-2.468091,3.0783541,-16.5625,14.484375,-7.1328125,-2.4296875,1.6128922
2016-01-22,-2.643219,3.116488,-16.53125,14.5,-7.4140625,-2.6171875,1.4019547
2016-01-23,-2.7484283,3.152215,-16.4375,14.59375,-7.5546875,-2.7304688,1.4019547
2016-01-24,-2.8035557,3.2041707,-16.4375,14.4765625,-7.7265625,-2.7734375,1.3671875
2016-01-25,-2.8678498,3.2773876,-16.84375,14.609375,-7.9140625,-2.828125,1.421875
2016-01-26,-2.9904366,3.340762,-16.96875,14.546875,-8.139843,-2.9453125,1.3785172
2016-01-27,-3.1388457,3.392314,-17.15625,14.5625,-8.3359375,-3.109375,1.3394547
2016-01-28,-3.2703278,3.4438894,-17.21875,14.5703125,-8.592968,-3.2421875,1.2613297
2016-01-29,-3.3680468,3.502221,-17.03125,14.671875,-8.796093,-3.328125,1.2222672
2016-01-30,-3.4246259,3.5269933,-17.0,14.515625,-8.842968,-3.40625,1.296875
2016-01-31,-3.5399716,3.5668383,-17.03125,14.5703125,-8.9921875,-3.53125,1.3003922
2016-02-01,-3.632514,3.5965548,-17.03125,14.546875,-9.1328125,-3.6328125,1.234375
2016-02-02,-3.4327428,3.6446805,-16.75,14.578125,-8.9921875,-3.4609375,1.5425797
2016-02-03,-3.5361738,3.7425625,-16.84375,14.640625,-9.2109375,-3.53125,1.6675797
2016-02-04,-3.637678,3.8142715,-17.0625,14.7421875,-9.4453125,-3.640625,1.5625
2016-02-05,-3.7054763,3.8719609,-16.8125,14.640625,-9.608593,-3.7265625,1.5546875
2016-02-06,-3.7479553,3.915793,-16.6875,14.671875,-9.6484375,-3.7929688,1.6875
2016-02-07,-3.8264642,3.9622731,-16.8125,14.59375,-9.8046875,-3.8945312,1.7109375
2016-02-08,-3.9077592,4.0391774,-16.90625,14.6015625,-10.0390625,-3.9609375,1.703125
2016-02-09,-4.0050054,4.1127477,-17.0,14.5703125,-10.2734375,-4.0,1.6128922
2016-02-10,-4.0539365,4.1515903,-16.78125,14.65625,-10.2890625,-4.078125,1.578125
2016-02-11,-4.031418,4.2022243,-16.9375,14.6328125,-10.2890625,-4.125,1.7773438
2016-02-12,-4.096095,4.2806277,-16.9375,14.640625,-10.4765625,-4.171875,1.7851562
2016-02-13,-4.224794,4.322692,-16.90625,14.6171875,-10.6171875,-4.3046875,1.7535172
2016-02-14,-4.2790804,4.3700747,-16.84375,14.609375,-10.7578125,-4.359375,1.7265625
2016-02-15,-4.296655,4.4187846,-17.03125,14.6328125,-10.8046875,-4.375,1.8082047
2016-02-16,-4.1962976,4.4807596,-16.8125,14.671875,-10.7890625,-4.2851562,1.9960938
2016-02-17,-4.0974674,4.5921965,-16.78125,14.84375,-10.8515625,-4.203125,2.1601562
2016-02-18,-4.268403,4.640965,-16.78125,14.71875,-11.0390625,-4.3671875,2.0585938
2016-02-19,-4.2528234,4.673142,-16.75,14.703125,-11.0703125,-4.34375,2.1523438
2016-02-20,-4.2320604,4.7447176,-16.65625,14.796875,-11.1640625,-4.3359375,2.1992188
2016-02-21,-4.324765,4.7679234,-16.78125,14.734375,-11.2109375,-4.4453125,2.2335968
2016-02-22,-4.342628,4.789724,-16.5625,14.78125,-11.2421875,-4.4453125,2.1601562
2016-02-23,-4.2638884,4.8216906,-16.5625,14.734375,-11.1484375,-4.375,2.3789062
2016-02-24,-4.2341743,4.8681245,-16.53125,14.796875,-11.1640625,-4.359375,2.4726562
2016-02-25,-4.1559753,4.9270124,-16.5625,14.765625,-11.1484375,-4.3046875,2.640236
2016-02-26,-4.25396,4.9535913,-16.65625,14.828125,-11.2421875,-4.3984375,2.5078125
2016-02-27,-4.2527347,4.992252,-16.65625,14.7578125,-11.3046875,-4.3984375,2.5
2016-02-28,-4.2257996,5.0251184,-16.46875,14.78125,-11.2890625,-4.359375,2.6324234
2016-02-29,-4.1554985,5.0820236,-16.53125,14.796875,-11.2578125,-4.2890625,2.734375
2016-03-01,-4.1997194,5.1230645,-16.59375,14.8671875,-11.3515625,-4.3203125,2.734375
2016-03-02,-4.148839,5.174983,-16.625,14.859375,-11.3984375,-4.265625,2.765625
2016-03-03,-4.1390986,5.196592,-16.625,14.875,-11.3828125,-4.234375,2.7986336
2016-03-04,-4.0372944,5.2010503,-16.5625,14.8125,-11.2734375,-4.1484375,2.8337898
2016-03-05,-3.9886453,5.196918,-16.5625,14.84375,-11.1640625,-4.09375,2.9197273
2016-03-06,-3.798745,5.2396116,-16.65625,14.875,-11.0546875,-3.8984375,3.2226562
2016-03-07,-3.70046,5.2698298,-16.5625,14.875,-11.0078125,-3.7851562,3.2730484
2016-03-08,-3.586052,5.311692,-16.71875,15.03125,-10.9296875,-3.65625,3.4584007
2016-03-09,-3.535267,5.3131013,-16.59375,15.078125,-10.8359375,-3.6171875,3.4609375
2016-03-10,-3.425343,5.306804,-16.5,15.109375,-10.7109375,-3.5273438,3.5859375
2016-03-11,-3.330173,5.322458,-16.625,15.125,-10.6171875,-3.421875,3.6892586
2016-03-12,-3.3377936,5.355233,-16.6875,15.15625,-10.6796875,-3.3984375,3.650196
2016-03-13,-3.2981381,5.4387693,-16.78125,15.2265625,-10.7109375,-3.3515625,3.8181648
2016-03-14,-3.3121169,5.500815,-16.84375,15.2890625,-10.8203125,-3.328125,3.8359375
2016-03-15,-3.2069101,5.521855,-16.84375,15.25,-10.7578125,-3.1875,3.9666023
2016-03-16,-3.2620134,5.515529,-16.875,15.3125,-10.7890625,-3.21875,3.8476562
2016-03-17,-3.1737692,5.5589166,-16.84375,15.4375,-10.7421875,-3.1328125,4.015625
2016-03-18,-3.2009807,5.565101,-16.84375,15.5078125,-10.8203125,-3.1015625,3.884571
2016-03-19,-3.144775,5.591103,-16.9375,15.46875,-10.8203125,-2.9921875,3.9257812
2016-03-20,-2.8456008,5.646847,-16.8125,15.46875,-10.577343,-2.6875,4.3554688
2016-03-21,-2.821988,5.6592507,-16.84375,15.6171875,-10.5703125,-2.625,4.3394547
2016-03-22,-2.7884493,5.6949577,-16.90625,15.6484375,-10.592968,-2.5585938,4.3984375
2016-03-23,-2.64787,5.7476373,-17.0,15.8046875,-10.5078125,-2.3671875,4.6054688
2016-03-24,-2.5148995,5.758588,-16.9375,15.765625,-10.3828125,-2.1992188,4.6892586
2016-03-25,-2.409441,5.779328,-16.875,15.7890625,-10.3359375,-2.0625,4.8007812
2016-03-26,-2.3663101,5.8375745,-17.0,15.875,-10.389843,-1.9375,4.8828125
2016-03-27,-2.3933892,5.86064,-17.0,15.984375,-10.4765625,-1.9375,4.8767586
2016-03-28,-2.3411403,5.8750024,-17.09375,15.9921875,-10.4296875,-1.8554688,4.8828125
2016-03-29,-2.2096095,5.8718767,-17.0625,16.0,-10.3046875,-1.6679688,4.974415
2016-03-30,-1.961334,5.8961773,-16.875,16.0625,-10.1484375,-1.3515625,5.1875
2016-03-31,-1.8712722,5.911675,-16.96875,16.09375,-10.0703125,-1.171875,5.306446
2016-04-01,-1.7494133,5.93879,-16.96875,16.203125,-9.9765625,-1.0078125,5.4726562
2016-04-02,-1.7020217,5.9664707,-17.03125,16.25,-10.0234375,-0.86328125,5.4822273
2016-04-03,-1.7040135,5.9780455,-17.0625,16.40625,-10.0703125,-0.8046875,5.4804688
2016-04-04,-1.6231085,6.0040565,-17.09375,16.46875,-10.0390625,-0.6875,5.5273438
2016-04-05,-1.4128858,6.0739765,-17.15625,16.578125,-9.9609375,-0.3828125,5.769142
2016-04-06,-1.3842226,6.105852,-17.28125,16.5625,-9.9921875,-0.25,5.84375
2016-04-07,-1.3025424,6.1165876,-17.25,16.71875,-9.9453125,-0.09765625,5.90625
2016-04-08,-1.269765,6.088985,-17.25,16.6875,-9.8828125,0.0078125,5.875
2016-04-09,-1.2466999,6.07191,-17.21875,16.734375,-9.8515625,0.1015625,5.847267
2016-04-10,-1.0520903,6.084868,-17.125,16.859375,-9.6953125,0.359375,6.0390625
2016-04-11,-0.88791645,6.118665,-17.0625,16.9375,-9.6171875,0.625,6.203125
2016-04-12,-0.76957667,6.1471395,-16.9375,17.046875,-9.5703125,0.8125,6.328125
2016-04-13,-0.7110437,6.1572843,-16.96875,17.234375,-9.530468,0.9453125,6.39629
2016-04-14,-0.4620736,6.1961794,-16.90625,17.25,-9.4140625,1.2578125,6.640625
2016-04-15,-0.30618927,6.2313137,-16.9375,17.40625,-9.3359375,1.4921875,6.7890625
2016-04-16,-0.25841194,6.245634,-16.96875,17.53125,-9.3515625,1.6132812,6.8515625
2016-04-17,-0.25364482,6.256222,-17.03125,17.59375,-9.3984375,1.6875,6.8203125
2016-04-18,-0.136669,6.29074,-17.0625,17.71875,-9.3671875,1.8984375,6.953125
2016-04-19,0.036165193,6.30693,-17.0625,17.78125,-9.2578125,2.1210938,7.0820312
2016-04-20,0.13839704,6.3165693,-17.125,17.984375,-9.2109375,2.3007812,7.171875
2016-04-21,0.27924356,6.3309836,-17.125,18.125,-9.1171875,2.5117188,7.2769547
2016-04-22,0.4653883,6.3406053,-17.0625,18.0625,-9.014843,2.7578125,7.46875
2016-04-23,0.3882837,6.315457,-17.09375,18.21875,-9.0859375,2.734375,7.328125
2016-04-24,0.4184596,6.346002,-17.25,18.375,-9.1484375,2.828125,7.3203125
2016-04-25,0.5918127,6.3818583,-17.21875,18.5,-9.0390625,3.09375,7.4666023
2016-04-26,0.62154394,6.4016604,-17.3125,18.65625,-9.0703125,3.1933594,7.4726562
2016-04-27,0.8046954,6.4227734,-17.3125,18.8125,-8.967968,3.4628906,7.603321
2016-04-28,0.95110554,6.442229,-17.375,18.84375,-8.8984375,3.640625,7.75
2016-04-29,1.046768,6.4520454,-17.375,19.0,-8.8828125,3.7753906,7.84375
2016-04-30,1.1523947,6.472166,-17.4375,19.09375,-8.8515625,3.9140625,7.9453125
2016-05-01,1.2185162,6.484821,-17.375,19.296875,-8.8203125,3.9960938,7.9570312
2016-05-02,1.2630377,6.47307,-17.28125,19.53125,-8.8046875,4.048828,8.0
2016-05-03,1.3640821,6.4821696,-17.28125,19.71875,-8.7734375,4.1835938,8.04258
2016-05-04,1.4683291,6.51468,-17.375,19.9375,-8.7734375,4.341797,8.1640625
2016-05-05,1.4567746,6.526325,-17.4375,20.125,-8.8515625,4.330078,8.112892
2016-05-06,1.5076588,6.5238323,-17.34375,20.1875,-8.8359375,4.3984375,8.120705
2016-05-07,1.7086772,6.533269,-17.25,20.46875,-8.6640625,4.6191406,8.316017
2016-05-08,1.8810189,6.557731,-17.28125,20.65625,-8.6171875,4.8046875,8.51133
2016-05-09,1.8582152,6.5641184,-17.25,20.8125,-8.6953125,4.7734375,8.46875
2016-05-10,1.9100552,6.572471,-17.28125,21.0625,-8.6953125,4.828125,8.4609375
2016-05-11,2.0673473,6.592704,-17.375,21.21875,-8.6171875,5.0078125,8.625
2016-05-12,2.1624775,6.613253,-17.46875,21.453125,-8.6171875,5.109375,8.75
2016-05-13,2.235647,6.614008,-17.4375,21.59375,-8.5859375,5.1796875,8.796097
2016-05-14,2.3061392,6.6220007,-17.5625,21.65625,-8.577343,5.2402344,8.8203125
2016-05-15,2.3911817,6.626583,-17.5625,21.90625,-8.5703125,5.3046875,8.91758
2016-05-16,2.4649618,6.635036,-17.65625,22.09375,-8.5703125,5.359375,9.01133
2016-05-17,2.5194838,6.6450896,-17.65625,22.28125,-8.5703125,5.421875,9.058205
2016-05-18,2.5994475,6.6611204,-17.65625,22.375,-8.5703125,5.5214844,9.125
2016-05-19,2.7260208,6.6799154,-17.6875,22.546875,-8.5390625,5.6171875,9.253517
2016-05-20,2.7208185,6.692153,-17.84375,22.625,-8.6484375,5.609375,9.2421875
2016-05-21,2.8524432,6.711134,-17.90625,22.6875,-8.6015625,5.7421875,9.359375
2016-05-22,2.9443426,6.73349,-17.9375,22.859375,-8.6171875,5.828125,9.453125
2016-05-23,3.1120756,6.759724,-18.03125,23.0,-8.5703125,6.015625,9.625
2016-05-24,3.2335544,6.7908287,-17.96875,23.046875,-8.5859375,6.125,9.765625
2016-05-25,3.3590615,6.819719,-18.09375,23.140625,-8.5703125,6.2578125,9.925392
2016-05-26,3.3047824,6.827188,-18.03125,23.296875,-8.6953125,6.1640625,9.862892
2016-05-27,3.304463,6.8251767,-18.03125,23.28125,-8.749218,6.171875,9.8203125
2016-05-28,3.391728,6.840075,-18.15625,23.40625,-8.7421875,6.263672,9.9140625
2016-05-29,3.5879695,6.866571,-18.21875,23.453125,-8.6640625,6.4472656,10.1328125
2016-05-30,3.6775732,6.8937182,-18.21875,23.59375,-8.6640625,6.53125,10.260551
2016-05-31,3.727586,6.914769,-18.21875,23.65625,-8.7109375,6.5820312,10.362892
2016-06-01,3.8613925,6.940226,-18.34375,23.75,-8.671093,6.7128906,10.4921875
2016-06-02,3.7852845,6.9543366,-18.375,23.75,-8.858593,6.6523438,10.4453125
2016-06-03,3.8996007,6.965207,-18.4375,23.765625,-8.7734375,6.7714844,10.5234375
2016-06-04,3.9804533,6.985036,-18.40625,23.75,-8.796093,6.8632812,10.703125
2016-06-05,4.120077,7.015712,-18.5,23.75,-8.7890625,7.0234375,10.800392
2016-06-06,4.146598,7.0505886,-18.46875,23.796875,-8.9140625,7.0664062,10.88633
2016-06-07,4.1336365,7.0677686,-18.46875,23.875,-8.983593,7.0585938,10.901955
2016-06-08,4.1724205,7.0732875,-18.5,23.859375,-8.9921875,7.107422,10.91758
2016-06-09,4.347581,7.0877023,-18.65625,23.875,-8.8828125,7.3027344,11.100784
2016-06-10,4.239723,7.1037655,-18.65625,23.90625,-9.0546875,7.203125,10.984375
2016-06-11,4.3453026,7.113099,-18.75,23.8125,-9.0078125,7.3320312,11.09375
2016-06-12,4.45839,7.1408744,-18.8125,23.78125,-8.9921875,7.4609375,11.2578125
2016-06-13,4.45704,7.152308,-18.875,23.71875,-9.0546875,7.4921875,11.2421875
2016-06-14,4.566353,7.1757526,-18.8125,23.90625,-9.0390625,7.59375,11.3671875
2016-06-15,4.535823,7.190421,-18.90625,23.84375,-9.1015625,7.591797,11.3515625
2016-06-16,4.610687,7.1927795,-18.875,23.8125,-9.0078125,7.6484375,11.421875
2016-06-17,4.67503,7.2060986,-18.84375,23.703125,-8.9921875,7.7265625,11.4921875
2016-06-18,4.800452,7.237737,-18.90625,23.71875,-8.9453125,7.8632812,11.651955
2016-06-19,4.866472,7.274732,-18.90625,23.8125,-8.967968,7.9414062,11.788284
2016-06-20,4.91979,7.3016653,-18.9375,23.9375,-8.967968,8.015625,11.921875
2016-06-21,4.7989354,7.315393,-19.0,24.03125,-9.1015625,7.90625,11.831642
2016-06-22,4.811346,7.315987,-19.15625,24.078125,-9.1015625,7.921875,11.816017
2016-06-23,4.8967915,7.3276815,-19.3125,24.0625,-9.077343,7.9960938,11.870705
2016-06-24,4.9106445,7.3477807,-19.3125,23.984375,-9.077343,8.027344,11.8984375
2016-06-25,4.977284,7.3703704,-19.46875,24.15625,-9.0703125,8.09375,12.046875
2016-06-26,4.934489,7.386864,-19.46875,24.296875,-9.1171875,8.078125,11.9921875
2016-06-27,4.772201,7.37764,-19.59375,24.1875,-9.2109375,7.9296875,11.79258
2016-06-28,4.916554,7.378946,-19.5625,24.15625,-9.0859375,8.0703125,11.8984375
2016-06-29,4.968063,7.4000816,-19.625,24.125,-9.0234375,8.1484375,12.003517
2016-06-30,4.9393387,7.405288,-19.53125,24.15625,-9.0546875,8.1328125,11.953125
2016-07-01,4.9920564,7.4099793,-19.53125,24.1875,-8.9921875,8.1796875,12.01133
2016-07-02,4.9925017,7.411999,-19.53125,24.234375,-8.9609375,8.1640625,12.078125
2016-07-03,4.8583674,7.4071946,-19.59375,24.15625,-9.0546875,8.03125,11.901955
2016-07-04,4.9622474,7.4101596,-19.53125,24.015625,-8.9453125,8.140625,12.0234375
2016-07-05,4.9371605,7.4277287,-19.59375,24.0625,-8.9765625,8.1328125,12.04258
2016-07-06,4.877738,7.4244013,-19.625,24.03125,-9.0078125,8.0703125,11.953125
2016-07-07,4.972055,7.43409,-19.625,23.984375,-8.9296875,8.1796875,12.038284
2016-07-08,5.053172,7.4605017,-19.5625,24.03125,-8.889843,8.28125,12.147659
2016-07-09,4.993448,7.4809003,-19.65625,24.0625,-8.9921875,8.2265625,12.175392
2016-07-10,5.0121317,7.4827147,-19.65625,24.0625,-8.9609375,8.2265625,12.159767
2016-07-11,5.014374,7.488843,-19.625,24.078125,-8.936718,8.234375,12.178909
2016-07-12,4.938818,7.488691,-19.71875,24.03125,-8.9921875,8.171875,12.120705
2016-07-13,4.924982,7.4796257,-19.75,24.0,-8.9765625,8.15625,12.1328125
2016-07-14,4.820112,7.4740944,-19.96875,24.03125,-8.9921875,8.0546875,12.0078125
2016-07-15,4.9598107,7.4812136,-20.15625,24.03125,-8.8828125,8.21875,12.128517
2016-07-16,4.916641,7.5153165,-20.15625,24.109375,-8.9453125,8.1796875,12.222267
2016-07-17,4.813222,7.50096,-20.0,24.15625,-8.9921875,8.0859375,12.0390625
2016-07-18,4.881045,7.49535,-20.125,24.125,-8.9453125,8.1796875,12.120705
2016-07-19,4.9172587,7.518747,-20.1875,24.09375,-8.9609375,8.234375,12.140625
2016-07-20,4.863761,7.5258365,-20.125,24.09375,-9.014843,8.1640625,12.097267
2016-07-21,4.8312235,7.5151815,-20.125,24.109375,-8.999218,8.125,12.081642
2016-07-22,4.807711,7.5038133,-20.03125,24.03125,-9.0390625,8.109375,11.9921875
2016-07-23,4.8110533,7.492715,-19.84375,24.015625,-8.9921875,8.125,11.984375
2016-07-24,4.8071847,7.4857755,-19.84375,23.984375,-9.0234375,8.1015625,11.9921875
2016-07-25,4.7486815,7.479325,-19.90625,24.03125,-9.0390625,8.0546875,11.878517
2016-07-26,4.8655252,7.4882884,-20.125,24.0625,-8.9609375,8.171875,11.995705
2016-07-27,4.843549,7.5037756,-20.0,24.0625,-8.9921875,8.1484375,12.046875
2016-07-28,4.8703523,7.4992785,-19.9375,24.015625,-8.9921875,8.15625,12.125
2016-07-29,4.9561787,7.50972,-19.96875,24.0,-8.9140625,8.2421875,12.19883
2016-07-30,4.8123946,7.500699,-19.90625,23.890625,-9.0078125,8.097656,12.0546875
2016-07-31,4.6862493,7.4627166,-19.75,23.890625,-9.0546875,7.96875,11.925392
2016-08-01,4.7233872,7.4451323,-19.6875,23.84375,-8.967968,7.9882812,11.960159
2016-08-02,4.686895,7.4374294,-19.6875,23.859375,-8.9921875,7.96875,11.9375
2016-08-03,4.656104,7.4166064,-19.75,23.859375,-8.9609375,7.9609375,11.828125
2016-08-04,4.603194,7.3921227,-19.71875,23.8125,-8.967968,7.8945312,11.753517
2016-08-05,4.611098,7.364004,-19.53125,23.78125,-8.8984375,7.8808594,11.7578125
2016-08-06,4.627655,7.341429,-19.3125,23.71875,-8.811718,7.890625,11.783989
2016-08-07,4.625092,7.3287206,-19.5,23.671875,-8.7890625,7.875,11.75
2016-08-08,4.5530486,7.3267074,-19.6875,23.59375,-8.8515625,7.8046875,11.683205
2016-08-09,4.600235,7.3202167,-19.6875,23.65625,-8.796093,7.8671875,11.6875
2016-08-10,4.4613757,7.301363,-19.65625,23.6875,-8.8828125,7.7265625,11.5703125
2016-08-11,4.5246043,7.2727923,-19.65625,23.625,-8.780468,7.78125,11.5859375
2016-08-12,4.43358,7.249223,-19.75,23.59375,-8.811718,7.6875,11.464455
2016-08-13,4.503051,7.2193866,-19.6875,23.59375,-8.7109375,7.7421875,11.5625
2016-08-14,4.577657,7.214041,-19.78125,23.59375,-8.655468,7.8085938,11.651955
2016-08-15,4.4376645,7.193512,-19.75,23.53125,-8.7265625,7.638672,11.5546875
2016-08-16,4.2679744,7.1389747,-19.8125,23.515625,-8.7578125,7.4296875,11.35508
2016-08-17,4.2919183,7.091939,-19.8125,23.390625,-8.6796875,7.4609375,11.25
2016-08-18,4.4981813,7.0816827,-19.75,23.40625,-8.4609375,7.6796875,11.4609375
2016-08-19,4.395622,7.055341,-19.6875,23.375,-8.5390625,7.5410156,11.382034
2016-08-20,4.3209343,7.001604,-19.84375,23.34375,-8.5078125,7.4296875,11.269142
2016-08-21,4.4082985,6.9746447,-19.78125,23.21875,-8.3671875,7.4921875,11.347267
2016-08-22,4.370957,6.968364,-19.9375,23.28125,-8.3828125,7.453125,11.316017
2016-08-23,4.1999702,6.9149055,-19.9375,23.15625,-8.4453125,7.283203,11.078125
2016-08-24,4.1828794,6.8778915,-19.96875,23.09375,-8.405468,7.2265625,10.9921875
2016-08-25,4.3722115,6.865222,-20.09375,23.09375,-8.2265625,7.4296875,11.171875
2016-08-26,4.3408604,6.8551254,-20.0625,23.015625,-8.233593,7.3671875,11.159767
2016-08-27,4.1610103,6.8011403,-19.90625,22.875,-8.2734375,7.1679688,10.901955
2016-08-28,4.2156906,6.748859,-19.59375,22.8125,-8.1328125,7.171875,10.933205
2016-08-29,4.2741647,6.7051053,-19.40625,22.734375,-8.014843,7.2226562,10.96875
2016-08-30,4.185729,6.6648555,-19.625,22.609375,-8.0234375,7.1015625,10.828125
2016-08-31,4.115387,6.6272798,-19.5,22.515625,-8.0078125,7.0,10.737892
2016-09-01,4.071117,6.593993,-19.5625,22.46875,-7.9609375,6.9375,10.678909
2016-09-02,4.1775823,6.5594535,-19.53125,22.421875,-7.8046875,6.9921875,10.8359375
2016-09-03,4.02639,6.5106463,-19.4375,22.3125,-7.8515625,6.8242188,10.620705
2016-09-04,4.0644174,6.4675083,-19.46875,22.296875,-7.7421875,6.8339844,10.5859375
2016-09-05,3.9598846,6.413223,-19.40625,22.1875,-7.7265625,6.7070312,10.472267
2016-09-06,3.8997066,6.3591223,-19.4375,22.015625,-7.7023435,6.6152344,10.370705
2016-09-07,3.9645286,6.3188033,-19.375,21.96875,-7.5929685,6.640625,10.3828125
2016-09-08,3.9485574,6.2644653,-19.25,21.875,-7.4835935,6.59375,10.3828125
2016-09-09,3.840265,6.2013197,-19.25,21.71875,-7.4765625,6.439453,10.21875
2016-09-10,3.8946667,6.153483,-19.09375,21.640625,-7.3203125,6.4609375,10.26133
2016-09-11,3.9265516,6.125746,-19.125,21.4375,-7.2734375,6.46875,10.265625
2016-09-12,3.6801653,6.0521474,-19.25,21.359375,-7.3359375,6.1953125,9.8984375
2016-09-13,3.6905727,6.013903,-19.34375,21.21875,-7.2578125,6.1796875,9.890625
2016-09-14,3.7140574,5.9790444,-19.3125,21.03125,-7.1796875,6.1914062,9.870705
2016-09-15,3.5969896,5.926467,-19.3125,20.90625,-7.1953125,6.0078125,9.714455
2016-09-16,3.3905811,5.8322816,-19.1875,20.65625,-7.1796875,5.765625,9.3984375
2016-09-17,3.4494169,5.760388,-19.125,20.46875,-6.9921875,5.7578125,9.421875
2016-09-18,3.440003,5.7021184,-18.84375,20.3125,-6.8984375,5.703125,9.390625
2016-09-19,3.4505532,5.6637836,-18.6875,20.140625,-6.8117185,5.6835938,9.3828125
2016-09-20,3.403564,5.6119394,-18.625,19.96875,-6.7578125,5.6152344,9.3203125
2016-09-21,3.420981,5.55751,-18.4375,19.90625,-6.6640625,5.611328,9.2421875
2016-09-22,3.3039613,5.50469,-18.46875,19.828125,-6.6484375,5.4316406,9.085159
2016-09-23,3.3721347,5.470026,-18.4375,19.703125,-6.5234375,5.4882812,9.109375
2016-09-24,3.3240383,5.4251857,-18.28125,19.671875,-6.4765625,5.3808594,9.109375
2016-09-25,3.2191567,5.3714304,-18.25,19.625,-6.4609375,5.2539062,8.9140625
2016-09-26,3.1076155,5.2954125,-18.125,19.4375,-6.4140625,5.0976562,8.7109375
2016-09-27,3.0406654,5.2310376,-18.09375,19.3125,-6.3515625,4.998047,8.5859375
2016-09-28,2.987035,5.164196,-18.03125,19.125,-6.2890625,4.8984375,8.456642
2016-09-29,3.0018766,5.1216946,-17.9375,19.0625,-6.171875,4.888672,8.421875
2016-09-30,2.8891797,5.0924964,-18.03125,18.921875,-6.2421875,4.751953,8.265625
2016-10-01,2.7939706,5.0518517,-18.125,18.71875,-6.2578125,4.625,8.1640625
2016-10-02,2.666693,4.9845943,-18.125,18.59375,-6.2734375,4.453125,7.943165
2016-10-03,2.5215228,4.910049,-18.125,18.40625,-6.2421875,4.2734375,7.7205086
2016-10-04,2.4031343,4.810393,-18.0,18.3125,-6.178906,4.1015625,7.4765625
2016-10-05,2.3993595,4.749078,-17.9375,18.203125,-6.0625,4.048828,7.4414062
2016-10-06,2.3153183,4.6976676,-17.90625,18.0,-6.0304685,3.9472656,7.3046875
2016-10-07,2.2122765,4.6413264,-17.96875,17.78125,-6.0234375,3.8105469,7.1445312
2016-10-08,2.142065,4.5895205,-18.03125,17.578125,-5.984375,3.703125,7.0234375
2016-10-09,2.1587057,4.530234,-18.03125,17.5625,-5.8550777,3.671875,7.0330086
2016-10-10,2.0688221,4.4725347,-18.09375,17.34375,-5.8046875,3.5449219,6.921875
2016-10-11,1.8986756,4.4069753,-17.9375,17.21875,-5.859375,3.3242188,6.7166023
2016-10-12,1.7683414,4.3268175,-17.90625,17.0625,-5.8046875,3.1484375,6.4570312
2016-10-13,1.7166058,4.2639265,-17.84375,16.75,-5.7421875,3.0625,6.4140625
2016-10-14,1.6627752,4.210453,-17.90625,16.5625,-5.6875,2.984375,6.290821
2016-10-15,1.5490378,4.1488223,-17.96875,16.453125,-5.671875,2.8320312,6.0955086
2016-10-16,1.5207937,4.10632,-17.90625,16.34375,-5.6328125,2.765625,6.0546875
2016-10-17,1.3202055,4.031513,-17.84375,16.3125,-5.65625,2.515625,5.8046875
2016-10-18,1.321477,3.9901574,-17.78125,16.15625,-5.5816402,2.5078125,5.74004
2016-10-19,1.4577329,3.9674852,-17.90625,16.015625,-5.3984375,2.6367188,5.884571
2016-10-20,1.3236213,3.9070017,-17.90625,15.890625,-5.3898435,2.4648438,5.7148438
2016-10-21,1.1477362,3.8190174,-17.9375,15.8203125,-5.3671875,2.234375,5.3828125
2016-10-22,1.2248669,3.7862537,-17.90625,15.6328125,-5.241406,2.296875,5.5291023
2016-10-23,1.200287,3.730909,-17.90625,15.609375,-5.1640625,2.234375,5.4609375
2016-10-24,1.1425552,3.7007563,-17.84375,15.6015625,-5.1441402,2.1601562,5.384571
2016-10-25,0.91892636,3.6442919,-17.8125,15.546875,-5.241406,1.8945312,5.1167984
2016-10-26,0.85831946,3.5937529,-17.8125,15.4921875,-5.1640625,1.8125,4.9609375
2016-10-27,0.7931038,3.525632,-17.8125,15.3046875,-5.0894527,1.6875,4.8320312
2016-10-28,0.6900723,3.4682407,-17.75,15.203125,-5.0703125,1.5703125,4.6736336
2016-10-29,0.57590455,3.4288447,-17.71875,15.0,-5.109375,1.4453125,4.5330086
2016-10-30,0.5669895,3.3798249,-17.6875,14.8828125,-5.022656,1.3945312,4.4804688
2016-10-31,0.5101593,3.3124883,-17.6875,14.8203125,-4.90625,1.296875,4.3554688
2016-11-01,0.5513566,3.2625623,-17.65625,14.609375,-4.7648435,1.328125,4.3767586
2016-11-02,0.5192671,3.237801,-17.59375,14.46875,-4.7421875,1.2695312,4.3125
2016-11-03,0.37821913,3.1993053,-17.5625,14.40625,-4.78125,1.0859375,4.1757812
2016-11-04,0.21029423,3.154155,-17.53125,14.1796875,-4.8671875,0.9140625,3.96875
2016-11-05,0.16691913,3.124304,-17.53125,14.0703125,-4.8515625,0.84765625,3.8984375
2016-11-06,0.08388921,3.070989,-17.46875,13.921875,-4.8359375,0.7265625,3.7539062
2016-11-07,0.23743066,3.0499363,-17.5,13.84375,-4.6171875,0.8671875,3.9414062
2016-11-08,0.19094738,3.015313,-17.59375,13.8125,-4.578125,0.8125,3.843361
2016-11-09,0.043568194,2.9907632,-17.53125,13.5859375,-4.6875,0.6484375,3.6601562
2016-11-10,-0.16911906,2.9379935,-17.5,13.40625,-4.78125,0.390625,3.3767586
2016-11-11,-0.10402859,2.9013681,-17.46875,13.3203125,-4.671875,0.4375,3.4414062
2016-11-12,-0.24207969,2.8612447,-17.46875,13.3359375,-4.6875,0.2734375,3.2947273
2016-11-13,-0.3883228,2.8395607,-17.46875,13.25,-4.78125,0.109375,3.1306648
2016-11-14,-0.46361604,2.804973,-17.53125,13.09375,-4.796875,0.01171875,2.9921875
2016-11-15,-0.5428349,2.750085,-17.375,13.0703125,-4.78125,-0.09375,2.8728523
2016-11-16,-0.53746045,2.7328866,-17.375,12.9375,-4.7421875,-0.1015625,2.853321
2016-11-17,-0.5307975,2.710484,-17.34375,12.7578125,-4.6328125,-0.125,2.9179688
2016-11-18,-0.6675608,2.6687653,-17.40625,12.734375,-4.6875,-0.25,2.671875
2016-11-19,-0.7551656,2.6419263,-17.40625,12.703125,-4.7222652,-0.375,2.5855484
2016-11-20,-0.7530375,2.6081166,-17.3125,12.65625,-4.6484375,-0.3828125,2.5273438
2016-11-21,-0.8389454,2.5790167,-17.28125,12.6484375,-4.671875,-0.4921875,2.4292984
2016-11-22,-0.9389986,2.5496483,-17.25,12.546875,-4.71875,-0.6015625,2.28125
2016-11-23,-0.9100137,2.5264883,-17.25,12.4453125,-4.6242185,-0.59375,2.3046875
2016-11-24,-0.72719234,2.518774,-17.1875,12.3359375,-4.4453125,-0.421875,2.5
2016-11-25,-0.8736696,2.4860075,-17.21875,12.3828125,-4.5078125,-0.5859375,2.3003922
2016-11-26,-0.88263834,2.4840722,-17.25,12.4453125,-4.5,-0.6015625,2.2925797
2016-11-27,-1.0630292,2.4560647,-17.3125,12.359375,-4.6128902,-0.796875,2.0898438
2016-11-28,-1.0840381,2.4366043,-17.15625,12.25,-4.609375,-0.8359375,2.140625
2016-11-29,-1.1337365,2.4130726,-17.03125,12.1875,-4.578125,-0.90625,2.0542984
2016-11-30,-0.9925129,2.4197547,-17.0625,12.203125,-4.453125,-0.7734375,2.1796875
2016-12-01,-1.1697733,2.3948407,-17.0625,12.171875,-4.578125,-0.9609375,1.953125
2016-12-02,-1.0980208,2.384521,-17.125,12.09375,-4.484375,-0.8984375,2.0039062
2016-12-03,-1.1653731,2.3573964,-17.03125,12.1171875,-4.5078125,-0.9765625,1.90625
2016-12-04,-1.1388686,2.3527284,-17.0,12.109375,-4.46875,-0.953125,1.9509773
2016-12-05,-1.2297497,2.3447833,-16.90625,12.1328125,-4.5390625,-1.0703125,1.8494148
2016-12-06,-1.3602201,2.3241053,-16.96875,12.015625,-4.6484375,-1.1953125,1.71875
2016-12-07,-1.1155392,2.3276365,-16.9375,12.1640625,-4.375,-0.9609375,1.9449234
2016-12-08,-1.2089859,2.3293247,-17.125,12.234375,-4.46875,-1.0625,1.8515625
2016-12-09,-1.3337296,2.3301578,-17.0625,12.1953125,-4.609375,-1.1875,1.7578125
2016-12-10,-1.4398745,2.308665,-16.96875,12.1484375,-4.6640625,-1.296875,1.5972672
2016-12-11,-1.462551,2.2990978,-16.9375,12.03125,-4.703125,-1.328125,1.5390625
2016-12-12,-1.6018006,2.2859926,-16.875,12.1015625,-4.78125,-1.5,1.4609375
2016-12-13,-1.5833186,2.28737,-16.875,12.09375,-4.7734375,-1.484375,1.421875
2016-12-14,-1.5472327,2.2793279,-16.84375,12.0703125,-4.71875,-1.4609375,1.4410172
2016-12-15,-1.382437,2.2803407,-16.875,12.09375,-4.569531,-1.296875,1.5660172
2016-12-16,-1.4249887,2.297879,-16.9375,12.1640625,-4.6484375,-1.3398438,1.5625
2016-12-17,-1.4599696,2.277256,-16.6875,12.1953125,-4.6328125,-1.3828125,1.5
2016-12-18,-1.4334694,2.3067992,-16.875,12.171875,-4.6675777,-1.359375,1.546875
2016-12-19,-1.4727703,2.2986653,-16.75,12.1796875,-4.694531,-1.40625,1.5
2016-12-20,-1.580697,2.3077056,-16.8125,12.140625,-4.828125,-1.5117188,1.40625
2016-12-21,-1.5778509,2.300366,-16.90625,12.1640625,-4.78125,-1.5234375,1.40625
2016-12-22,-1.6167203,2.3162956,-17.03125,12.0234375,-4.8828125,-1.5546875,1.375
2016-12-23,-1.6917822,2.336925,-16.9375,12.03125,-5.0,-1.6328125,1.359375
2016-12-24,-1.7685176,2.355033,-16.78125,12.15625,-5.09375,-1.7109375,1.2925797
2016-12-25,-1.9072475,2.3519502,-16.75,12.109375,-5.2535152,-1.8671875,1.1832047
2016-12-26,-1.9075583,2.3729494,-16.8125,12.109375,-5.3125,-1.8671875,1.2378922
2016-12-27,-1.9214725,2.374641,-16.84375,12.1484375,-5.328125,-1.875,1.1441422
2016-12-28,-1.9856876,2.3881555,-16.71875,12.15625,-5.46875,-1.9375,1.1484375
2016-12-29,-1.898081,2.4138424,-16.53125,12.25,-5.428906,-1.8515625,1.2421875
2016-12-30,-1.9055818,2.433189,-16.5625,12.296875,-5.453125,-1.8671875,1.2734375
2016-12-31,-1.8961475,2.4400227,-16.5,12.21875,-5.4375,-1.84375,1.2378922
2017-01-01,-1.6202345,2.4545944,-16.5,12.421875,-5.1484375,-1.5703125,1.6441422
2017-01-02,-1.8259516,2.4791272,-16.5,12.34375,-5.4140625,-1.78125,1.4453125
2017-01-03,-1.7687647,2.499382,-16.5625,12.4375,-5.3984375,-1.734375,1.5582047
2017-01-04,-1.9470706,2.5117774,-16.4375,12.40625,-5.640625,-1.90625,1.3125
2017-01-05,-1.9960523,2.5332122,-16.4375,12.359375,-5.75,-1.9453125,1.2734375
2017-01-06,-1.936089,2.5523717,-16.46875,12.328125,-5.75,-1.875,1.3664093
2017-01-07,-1.9432528,2.5938792,-16.40625,12.5,-5.8203125,-1.8828125,1.4019547
2017-01-08,-2.111274,2.614105,-16.375,12.4375,-6.0035152,-2.0703125,1.3082047
2017-01-09,-1.9801059,2.6571515,-16.40625,12.4765625,-6.0234375,-1.921875,1.5078125
2017-01-10,-1.9800735,2.6926494,-16.34375,12.5703125,-6.0546875,-1.9375,1.5503922
2017-01-11,-2.1754231,2.7274458,-16.4375,12.5625,-6.2960935,-2.1328125,1.40625
2017-01-12,-2.214618,2.7581315,-16.375,12.625,-6.3515625,-2.171875,1.3785172
2017-01-13,-2.3497953,2.765523,-16.28125,12.484375,-6.4835935,-2.3203125,1.2890625
2017-01-14,-2.2252033,2.740738,-16.09375,12.6015625,-6.3429685,-2.21875,1.4375
2017-01-15,-2.085231,2.7857854,-16.03125,12.5859375,-6.2265625,-2.0859375,1.7265625
2017-01-16,-2.273005,2.8184884,-16.03125,12.59375,-6.4835935,-2.28125,1.6171875
2017-01-17,-2.3558762,2.849088,-16.125,12.4375,-6.6484375,-2.3476562,1.5078125
2017-01-18,-2.3728762,2.9159887,-16.34375,12.5546875,-6.8117185,-2.3398438,1.515625
2017-01-19,-2.414636,2.9517379,-16.3125,12.5859375,-6.9296875,-2.3828125,1.5625
2017-01-20,-2.4543962,2.9827263,-16.5,12.59375,-6.9921875,-2.453125,1.65625
2017-01-21,-2.4829304,3.039761,-16.53125,12.5625,-7.1640625,-2.4414062,1.6875
2017-01-22,-2.6611364,3.0792842,-16.5,12.609375,-7.4453125,-2.609375,1.4609375
2017-01-23,-2.7677994,3.112829,-16.40625,12.7421875,-7.5703125,-2.7421875,1.4097672
2017-01-24,-2.8251362,3.165674,-16.5625,12.6484375,-7.7421875,-2.796875,1.4140625
2017-01-25,-2.8905048,3.2372398,-16.78125,12.8203125,-7.9453125,-2.859375,1.4375
2017-01-26,-3.012226,3.3011112,-16.9375,12.78125,-8.1640625,-2.96875,1.3863297
2017-01-27,-3.1608489,3.3516386,-17.09375,12.828125,-8.3828125,-3.1328125,1.328125
2017-01-28,-3.2910097,3.403376,-17.15625,12.8515625,-8.6015625,-3.28125,1.2890625
2017-01-29,-3.388546,3.4602509,-16.96875,13.015625,-8.7734375,-3.359375,1.234375
2017-01-30,-3.4435434,3.485109,-16.9375,12.84375,-8.8515625,-3.4375,1.28125
2017-01-31,-3.557179,3.5225258,-16.96875,12.953125,-8.9921875,-3.5703125,1.265625
2017-02-01,-3.6487253,3.5551646,-16.9375,12.9765625,-9.1171875,-3.6796875,1.2421875
2017-02-02,-3.448626,3.6051571,-16.84375,13.0390625,-8.9921875,-3.4921875,1.5582047
2017-02-03,-3.5526555,3.7008064,-17.15625,13.171875,-9.2265625,-3.59375,1.640625
2017-02-04,-3.6556313,3.771876,-17.46875,13.3359375,-9.4296875,-3.671875,1.5425797
2017-02-05,-3.7247539,3.8314433,-17.375,13.265625,-9.5859375,-3.8046875,1.5113297
2017-02-06,-3.7695675,3.8739629,-17.4375,13.328125,-9.6484375,-3.8515625,1.6484375
2017-02-07,-3.850175,3.9191973,-17.65625,13.25,-9.811718,-3.953125,1.6597672
2017-02-08,-3.9334097,3.9947782,-17.9375,13.3046875,-10.0546875,-4.015625,1.6640625
2017-02-09,-4.0322156,4.0690727,-18.09375,13.296875,-10.2734375,-4.109375,1.53125
2017-02-10,-4.0833254,4.1058536,-18.0625,13.4609375,-10.3046875,-4.1796875,1.5078125
2017-02-11,-4.063728,4.1566916,-18.1875,13.46875,-10.3203125,-4.2070312,1.7109375
2017-02-12,-4.1311064,4.235232,-18.4375,13.5078125,-10.5390625,-4.265625,1.7265625
2017-02-13,-4.262209,4.2761006,-18.5625,13.53125,-10.6796875,-4.3984375,1.671875
2017-02-14,-4.318806,4.3247275,-18.65625,13.53125,-10.7890625,-4.484375,1.609375
2017-02-15,-4.3395576,4.3727155,-18.90625,13.6171875,-10.8359375,-4.5234375,1.6953125
2017-02-16,-4.2425194,4.4352994,-18.875,13.6875,-10.8203125,-4.4296875,1.8789062
2017-02-17,-4.146348,4.5482883,-18.96875,13.9453125,-10.9140625,-4.34375,2.0976562
2017-02-18,-4.3200364,4.596314,-18.875,13.828125,-11.0703125,-4.5234375,1.9882812
2017-02-19,-4.3068695,4.6295834,-18.90625,13.8125,-11.1171875,-4.5078125,2.0507812
2017-02-20,-4.2880616,4.7021475,-18.65625,13.96875,-11.2109375,-4.5,2.1171875
2017-02-21,-4.3823795,4.7261157,-18.71875,13.9296875,-11.2421875,-4.59375,2.140625
2017-02-22,-4.402466,4.746847,-18.65625,14.015625,-11.2578125,-4.6171875,2.0859375
2017-02-23,-4.3263974,4.7805295,-18.71875,13.984375,-11.1640625,-4.59375,2.2791023
2017-02-24,-4.2994742,4.8252378,-18.75,14.09375,-11.1796875,-4.5625,2.3710938
2017-02-25,-4.2244954,4.883104,-18.5,14.09375,-11.1484375,-4.5,2.5
2017-02-26,-4.3232183,4.908968,-18.4375,14.1953125,-11.2890625,-4.578125,2.3828125
2017-02-27,-4.324035,4.94966,-18.5,14.1328125,-11.3515625,-4.5546875,2.4292984
2017-02-28,-4.2980666,4.9843082,-18.46875,14.171875,-11.327343,-4.5546875,2.5273438
2017-03-01,-4.22992,5.0391817,-18.28125,14.21875,-11.3203125,-4.4921875,2.6367188
2017-03-02,-4.2752557,5.080642,-18.4375,14.328125,-11.3828125,-4.5390625,2.6445312
2017-03-03,-4.225859,5.1347647,-18.59375,14.34375,-11.4453125,-4.4765625,2.7070312
2017-03-04,-4.217969,5.1522164,-18.46875,14.375,-11.421093,-4.4453125,2.6914062
2017-03-05,-4.117522,5.158067,-18.34375,14.3125,-11.2734375,-4.3398438,2.78125
2017-03-06,-4.0700216,5.1556773,-18.21875,14.3671875,-11.1796875,-4.3125,2.8515625
2017-03-07,-3.8814237,5.203331,-18.3125,14.4375,-11.0703125,-4.140625,3.125
2017-03-08,-3.7853928,5.2315564,-18.28125,14.453125,-11.0390625,-4.0078125,3.2148438
2017-03-09,-3.671633,5.2763557,-18.03125,14.671875,-10.9453125,-3.875,3.3632812
2017-03-10,-3.6218574,5.276839,-17.90625,14.7421875,-10.8828125,-3.8203125,3.384571
2017-03-11,-3.513194,5.2704487,-17.6875,14.7890625,-10.7265625,-3.703125,3.5017586
2017-03-12,-3.4187505,5.287294,-17.6875,14.8125,-10.655468,-3.625,3.5955086
2017-03-13,-3.4269917,5.319527,-17.53125,14.84375,-10.7109375,-3.59375,3.5898438
2017-03-14,-3.3892105,5.402377,-17.46875,14.953125,-10.7578125,-3.5390625,3.7578125
2017-03-15,-3.405491,5.4621716,-17.53125,15.046875,-10.8828125,-3.5,3.765625
2017-03-16,-3.3015869,5.4843707,-17.4375,15.0,-10.7890625,-3.375,3.8867188
2017-03-17,-3.3564413,5.476856,-17.40625,15.0625,-10.827343,-3.3828125,3.8007812
2017-03-18,-3.2696118,5.520214,-17.375,15.21875,-10.8046875,-3.2851562,3.9492188
2017-03-19,-3.2970645,5.525704,-17.3125,15.2890625,-10.8515625,-3.2578125,3.827736
2017-03-20,-3.2421334,5.5492277,-17.25,15.25,-10.874218,-3.1523438,3.8632812
2017-03-21,-2.9445093,5.6077547,-16.875,15.2421875,-10.6015625,-2.8984375,4.306446
2017-03-22,-2.9200096,5.619837,-16.8125,15.40625,-10.6015625,-2.7929688,4.290821
2017-03-23,-2.8869703,5.654687,-16.8125,15.453125,-10.6328125,-2.734375,4.3203125
2017-03-24,-2.7482817,5.7071266,-16.90625,15.609375,-10.5390625,-2.5507812,4.55254
2017-03-25,-2.6160262,5.718636,-16.84375,15.578125,-10.4296875,-2.4179688,4.634571
2017-03-26,-2.511177,5.7375274,-16.8125,15.59375,-10.3671875,-2.2578125,4.7265625
2017-03-27,-2.4689612,5.795167,-16.9375,15.6796875,-10.4296875,-2.140625,4.8164062
2017-03-28,-2.4965289,5.8175,-16.9375,15.796875,-10.4921875,-2.1367188,4.8125
2017-03-29,-2.44391,5.831834,-17.0,15.765625,-10.4296875,-2.0507812,4.828125
2017-03-30,-2.3130038,5.829679,-16.96875,15.765625,-10.3046875,-1.8867188,4.9335938
2017-03-31,-2.065296,5.85546,-16.8125,15.796875,-10.1640625,-1.5703125,5.1484375
2017-04-01,-1.9748435,5.8715897,-16.90625,15.78125,-10.0859375,-1.4140625,5.2578125
2017-04-02,-1.8542043,5.8967786,-16.9375,15.8671875,-9.9921875,-1.2148438,5.3945312
2017-04-03,-1.8066533,5.924073,-16.96875,15.90625,-10.0234375,-1.1015625,5.4296875
2017-04-04,-1.809284,5.9330277,-17.0,16.0625,-10.0703125,-1.0429688,5.4041023
2017-04-05,-1.7290088,5.9599366,-17.0625,16.09375,-10.0390625,-0.84375,5.447071
2017-04-06,-1.5197418,6.030518,-17.125,16.1875,-9.9453125,-0.53125,5.7421875
2017-04-07,-1.4914558,6.0617776,-17.21875,16.140625,-10.0078125,-0.4140625,5.765625
2017-04-08,-1.4091489,6.0728397,-17.1875,16.25,-9.9140625,-0.29296875,5.8359375
2017-04-09,-1.3753285,6.046427,-17.1875,16.1875,-9.889843,-0.1640625,5.8085938
2017-04-10,-1.3520103,6.0289063,-17.15625,16.15625,-9.8515625,-0.109375,5.7791023
2017-04-11,-1.1573336,6.0446844,-17.0625,16.296875,-9.6953125,0.1640625,5.9609375
2017-04-12,-0.9934148,6.0789614,-17.03125,16.375,-9.6328125,0.41015625,6.099415
2017-04-13,-0.87533605,6.10776,-16.9375,16.484375,-9.5859375,0.6484375,6.25
2017-04-14,-0.81708944,6.1177197,-16.96875,16.6875,-9.5390625,0.8046875,6.296875
2017-04-15,-0.56910414,6.1585603,-16.9375,16.703125,-9.3984375,1.140625,6.5703125
2017-04-16,-0.41398272,6.1928806,-17.0,16.859375,-9.3359375,1.3671875,6.703125
2017-04-17,-0.36715236,6.208692,-17.03125,17.0,-9.3359375,1.46875,6.75
2017-04-18,-0.36280224,6.2173595,-17.0625,17.0625,-9.3828125,1.5625,6.7265625
2017-04-19,-0.24677296,6.252184,-17.09375,17.203125,-9.3515625,1.7773438,6.849415
2017-04-20,-0.075134896,6.270641,-17.09375,17.265625,-9.2421875,2.0078125,6.9705086
2017-04-21,0.026146444,6.2795105,-17.1875,17.484375,-9.2109375,2.2070312,7.1015625
2017-04-22,0.1655927,6.2957115,-17.21875,17.625,-9.108593,2.4140625,7.20879
2017-04-23,0.35031742,6.307301,-17.15625,17.578125,-8.9921875,2.6523438,7.375
2017-04-24,0.2729265,6.279358,-17.1875,17.75,-9.0703125,2.6210938,7.2265625
2017-04-25,0.3017274,6.310745,-17.3125,17.90625,-9.1328125,2.7265625,7.2265625
2017-04-26,0.4727143,6.3467255,-17.28125,18.046875,-9.0390625,2.9960938,7.390625
2017-04-27,0.5003135,6.3665504,-17.375,18.203125,-9.1015625,3.0820312,7.380665
2017-04-28,0.6807268,6.3872914,-17.375,18.375,-9.0234375,3.3535156,7.540821
2017-04-29,0.82391703,6.4064116,-17.4375,18.40625,-8.936718,3.5644531,7.6640625
2017-04-30,0.9168279,6.417392,-17.4375,18.578125,-8.8984375,3.6835938,7.7460938
2017-05-01,1.0206053,6.4391646,-17.46875,18.6875,-8.8828125,3.8105469,7.8554688
2017-05-02,1.085235,6.4516597,-17.40625,18.90625,-8.8828125,3.9375,7.8828125
2017-05-03,1.1288301,6.437548,-17.34375,19.15625,-8.8515625,3.9960938,7.900196
2017-05-04,1.2265542,6.4459825,-17.34375,19.34375,-8.827343,4.1191406,7.9335938
2017-05-05,1.3269297,6.4788475,-17.4375,19.578125,-8.8515625,4.3164062,8.058205
2017-05-06,1.3126726,6.487867,-17.46875,19.796875,-8.889843,4.2929688,8.0
2017-05-07,1.36115,6.485199,-17.375,19.875,-8.8828125,4.3359375,8.0078125
2017-05-08,1.5606823,6.494308,-17.28125,20.1875,-8.7578125,4.5625,8.203125
2017-05-09,1.7302765,6.5190578,-17.28125,20.390625,-8.6953125,4.7539062,8.359375
2017-05-10,1.7047168,6.5210567,-17.3125,20.5625,-8.7734375,4.734375,8.296875
2017-05-11,1.7539047,6.5266204,-17.3125,20.84375,-8.7734375,4.8027344,8.3125
2017-05-12,1.9083623,6.5476003,-17.40625,21.03125,-8.733593,4.9570312,8.4921875
2017-05-13,2.0009232,6.566102,-17.46875,21.28125,-8.7109375,5.0585938,8.59375
2017-05-14,2.0715826,6.5649347,-17.46875,21.4375,-8.6796875,5.1503906,8.609375
2017-05-15,2.1398158,6.5716057,-17.59375,21.546875,-8.6796875,5.201172,8.6484375
2017-05-16,2.2235594,6.573758,-17.59375,21.8125,-8.6484375,5.2558594,8.7109375
2017-05-17,2.2953033,6.581762,-17.6875,22.03125,-8.6640625,5.3046875,8.7890625
2017-05-18,2.3482556,6.5905924,-17.6875,22.234375,-8.6640625,5.326172,8.8203125
2017-05-19,2.427211,6.606035,-17.6875,22.375,-8.6796875,5.40625,8.909767
2017-05-20,2.552511,6.6241364,-17.71875,22.5625,-8.6640625,5.5585938,9.03125
2017-05-21,2.546008,6.6322656,-17.875,22.671875,-8.7109375,5.5234375,8.984375
2017-05-22,2.675945,6.6504393,-17.9375,22.78125,-8.6640625,5.6523438,9.1015625
2017-05-23,2.766566,6.6701956,-18.0,22.96875,-8.6953125,5.7304688,9.203125
2017-05-24,2.9331865,6.695372,-18.0625,23.125,-8.6484375,5.9121094,9.375
2017-05-25,3.0532415,6.7240095,-18.0,23.203125,-8.655468,6.0507812,9.495705
2017-05-26,3.176295,6.752669,-18.125,23.34375,-8.6171875,6.1484375,9.6484375
2017-05-27,3.1206164,6.7564845,-18.0625,23.53125,-8.717968,6.0742188,9.581642
2017-05-28,3.1200523,6.750845,-18.0625,23.53125,-8.7421875,6.046875,9.515625
2017-05-29,3.2068942,6.7651143,-18.15625,23.671875,-8.7734375,6.1132812,9.6484375
2017-05-30,3.402254,6.793992,-18.21875,23.75,-8.6640625,6.3203125,9.8515625
2017-05-31,3.491439,6.817468,-18.25,23.90625,-8.7109375,6.4121094,9.9375
2017-06-01,3.5404403,6.834235,-18.25,23.96875,-8.7578125,6.4726562,9.9609375
2017-06-02,3.6731632,6.8585205,-18.375,24.109375,-8.6953125,6.6015625,10.1640625
2017-06-03,3.595446,6.8670893,-18.40625,24.125,-8.8515625,6.5058594,10.03125
2017-06-04,3.7090783,6.8795877,-18.4375,24.15625,-8.8046875,6.6132812,10.191017
2017-06-05,3.7896245,6.900437,-18.40625,24.15625,-8.8359375,6.7089844,10.28125
2017-06-06,3.9294882,6.9311676,-18.53125,24.1875,-8.7890625,6.876953,10.4375
2017-06-07,3.9557388,6.9614954,-18.4375,24.25,-8.9296875,6.9140625,10.46875
2017-06-08,3.9417722,6.975348,-18.46875,24.34375,-9.0078125,6.90625,10.46875
2017-06-09,3.9804447,6.978635,-18.5,24.328125,-9.0078125,6.939453,10.4921875
2017-06-10,4.1558433,6.9924164,-18.65625,24.34375,-8.8828125,7.154297,10.6640625
2017-06-11,4.047012,7.0032983,-18.65625,24.375,-9.1015625,7.0625,10.5625
2017-06-12,4.1519866,7.014722,-18.75,24.3125,-9.0546875,7.1679688,10.6484375
2017-06-13,4.265511,7.0418935,-18.8125,24.28125,-8.9921875,7.3125,10.82383
2017-06-14,4.2641945,7.050217,-18.875,24.234375,-9.061718,7.341797,10.8203125
2017-06-15,4.373719,7.071003,-18.78125,24.375,-9.0546875,7.466797,10.9765625
2017-06-16,4.342325,7.084777,-18.875,24.28125,-9.1015625,7.46875,10.953125
2017-06-17,4.417554,7.0853105,-18.875,24.25,-9.0078125,7.5625,11.03125
2017-06-18,4.482503,7.0963607,-19.09375,24.15625,-8.952343,7.640625,11.09375
2017-06-19,4.6075563,7.1284184,-19.1875,24.1875,-8.889843,7.7871094,11.25
2017-06-20,4.672772,7.164509,-19.3125,24.234375,-8.9140625,7.873047,11.35508
2017-06-21,4.726189,7.186345,-19.40625,24.234375,-8.9296875,7.9433594,11.484375
2017-06-22,4.604855,7.194458,-19.53125,24.28125,-9.0546875,7.8398438,11.3671875
2017-06-23,4.6171794,7.193345,-19.6875,24.328125,-9.0234375,7.8320312,11.390625
2017-06-24,4.702132,7.2071905,-19.8125,24.25,-8.9921875,7.9140625,11.4765625
2017-06-25,4.7164907,7.2260385,-19.875,24.1875,-8.9921875,7.951172,11.53125
2017-06-26,4.783949,7.2456074,-20.09375,24.296875,-8.9140625,8.0390625,11.609375
2017-06-27,4.740738,7.258511,-20.09375,24.40625,-8.9921875,8.0078125,11.578125
2017-06-28,4.5780435,7.2432127,-20.25,24.328125,-9.1015625,7.8515625,11.3671875
2017-06-29,4.7229652,7.2457414,-20.25,24.25,-8.9765625,7.998047,11.519142
2017-06-30,4.7746596,7.268356,-20.375,24.25,-8.9609375,8.078125,11.625
2017-07-01,4.746707,7.2706723,-20.3125,24.25,-9.0078125,8.0625,11.5859375
2017-07-02,4.8007197,7.274434,-20.34375,24.28125,-8.9609375,8.09375,11.65625
2017-07-03,4.801771,7.2746587,-20.375,24.3125,-8.9609375,8.09375,11.6796875
2017-07-04,4.6680846,7.2633386,-20.46875,24.234375,-9.0703125,7.9726562,11.5
2017-07-05,4.772421,7.2686853,-20.4375,24.109375,-8.9921875,8.078125,11.625
2017-07-06,4.7486897,7.2845974,-20.53125,24.09375,-8.9921875,8.082031,11.6171875
2017-07-07,4.6903872,7.2786865,-20.59375,24.03125,-9.0234375,8.0234375,11.526955
2017-07-08,4.786288,7.289713,-20.59375,24.03125,-8.9453125,8.109375,11.6484375
2017-07-09,4.869295,7.315668,-20.5625,24.0625,-8.8984375,8.207031,11.78125
2017-07-10,4.8104854,7.331608,-20.6875,24.0625,-8.952343,8.1484375,11.765625
2017-07-11,4.8293047,7.333301,-20.6875,24.03125,-8.9765625,8.171875,11.7734375
2017-07-12,4.8325486,7.340815,-20.6875,23.96875,-8.9296875,8.1875,11.784767
2017-07-13,4.7584586,7.3375096,-20.78125,23.9375,-8.983593,8.125,11.703125
2017-07-14,4.745436,7.3266716,-20.8125,23.96875,-8.967968,8.1171875,11.6796875
2017-07-15,4.641653,7.31734,-21.03125,23.84375,-9.0234375,8.0,11.578125
2017-07-16,4.7828784,7.3278756,-21.21875,23.890625,-8.9140625,8.1484375,11.734375
2017-07-17,4.7415247,7.3568664,-21.28125,23.859375,-8.9765625,8.1171875,11.796875
2017-07-18,4.638093,7.3418465,-21.15625,23.8125,-9.0234375,8.015625,11.59375
2017-07-19,4.7077055,7.338215,-21.28125,23.75,-8.9453125,8.0859375,11.6640625
2017-07-20,4.74495,7.363188,-21.34375,23.71875,-8.905468,8.1484375,11.6875
2017-07-21,4.693237,7.370025,-21.28125,23.75,-8.9609375,8.09375,11.659767
2017-07-22,4.661994,7.3596864,-21.3125,23.71875,-8.9453125,8.0625,11.6484375
2017-07-23,4.6393085,7.3507133,-21.25,23.75,-8.952343,8.0390625,11.578125
2017-07-24,4.6442723,7.339027,-21.0625,23.71875,-8.8984375,8.0546875,11.546875
2017-07-25,4.640593,7.332184,-21.0625,23.75,-8.8828125,8.046875,11.578125
2017-07-26,4.5824504,7.3260336,-21.125,23.6875,-8.9609375,7.998047,11.51133
2017-07-27,4.700517,7.33819,-21.3125,23.59375,-8.8515625,8.125,11.640625
2017-07-28,4.6796656,7.3535023,-21.21875,23.625,-8.874218,8.097656,11.6875
2017-07-29,4.706583,7.3519697,-21.21875,23.59375,-8.8203125,8.1171875,11.7421875
2017-07-30,4.792985,7.3655543,-21.21875,23.578125,-8.796093,8.21875,11.847267
2017-07-31,4.64859,7.355251,-21.125,23.59375,-8.8984375,8.078125,11.745705
2017-08-01,4.5230055,7.315844,-20.96875,23.515625,-8.9921875,7.9296875,11.5859375
2017-08-02,4.561167,7.3003354,-20.875,23.5,-8.8984375,7.9726562,11.616409
2017-08-03,4.525692,7.2932057,-20.84375,23.46875,-8.889843,7.9296875,11.6171875
2017-08-04,4.496697,7.2726603,-20.875,23.5,-8.8828125,7.9121094,11.53125
2017-08-05,4.4451942,7.2477474,-20.8125,23.46875,-8.8828125,7.8710938,11.456642
2017-08-06,4.4542694,7.220382,-20.625,23.4375,-8.8203125,7.875,11.453125
2017-08-07,4.471472,7.1984186,-20.3125,23.484375,-8.7734375,7.859375,11.441017
2017-08-08,4.470179,7.188546,-20.53125,23.34375,-8.7734375,7.8515625,11.4375
2017-08-09,4.399197,7.1863146,-20.625,23.375,-8.8671875,7.7773438,11.3984375
2017-08-10,4.4482465,7.178889,-20.59375,23.390625,-8.796093,7.830078,11.390625
2017-08-11,4.3105206,7.1590233,-20.53125,23.3125,-8.8828125,7.6875,11.276955
2017-08-12,4.3758435,7.133793,-20.5,23.21875,-8.7890625,7.7578125,11.3125
2017-08-13,4.286706,7.111072,-20.53125,23.203125,-8.842968,7.640625,11.206642
2017-08-14,4.359268,7.081875,-20.40625,23.21875,-8.7265625,7.6953125,11.25
2017-08-15,4.4354568,7.078378,-20.375,23.21875,-8.6640625,7.7597656,11.359375
2017-08-16,4.2971444,7.057096,-20.375,23.21875,-8.7421875,7.6015625,11.25
2017-08-17,4.130054,7.0029216,-20.375,23.15625,-8.7890625,7.390625,11.019142
2017-08-18,4.157572,6.959914,-20.34375,23.109375,-8.6953125,7.4296875,10.9375
2017-08-19,4.3673615,6.9533863,-20.15625,23.125,-8.483593,7.625,11.151955
2017-08-20,4.265564,6.925536,-20.09375,23.109375,-8.514843,7.5058594,11.09375
2017-08-21,4.1928983,6.8728943,-20.0,23.015625,-8.499218,7.40625,11.003517
2017-08-22,4.282419,6.8514786,-19.96875,22.9375,-8.374218,7.46875,11.097267
2017-08-23,4.2487364,6.8453507,-20.09375,23.0,-8.3671875,7.435547,11.1015625
2017-08-24,4.079654,6.7921176,-19.9375,22.9375,-8.4453125,7.2617188,10.796875
2017-08-25,4.064892,6.7560396,-19.9375,22.875,-8.389843,7.203125,10.722267
2017-08-26,4.256442,6.7480493,-20.0,22.84375,-8.2109375,7.40625,10.9140625
2017-08-27,4.2276793,6.7383404,-19.9375,22.859375,-8.2421875,7.3476562,10.9453125
2017-08-28,4.049804,6.686125,-19.75,22.84375,-8.280468,7.140625,10.7109375
2017-08-29,4.1073756,6.636434,-19.4375,22.78125,-8.1484375,7.15625,10.722267
2017-08-30,4.1685677,6.59684,-19.25,22.6875,-7.9835935,7.1953125,10.75
2017-08-31,4.0827265,6.55965,-19.34375,22.671875,-7.9835935,7.095703,10.625
2017-09-01,4.015152,6.521969,-19.40625,22.640625,-7.9921875,6.9960938,10.53125
2017-09-02,3.972824,6.4889846,-19.40625,22.59375,-7.9765625,6.9335938,10.441017
2017-09-03,4.082228,6.457375,-19.375,22.53125,-7.8046875,6.9882812,10.589455
2017-09-04,3.9345853,6.4073544,-19.28125,22.53125,-7.8671875,6.8203125,10.40625
2017-09-05,3.9759634,6.364577,-19.0625,22.40625,-7.7492185,6.84375,10.370705
2017-09-06,3.8743513,6.3103695,-18.96875,22.375,-7.7421875,6.6914062,10.2578125
2017-09-07,3.816963,6.2565055,-18.96875,22.265625,-7.7109375,6.611328,10.140625
2017-09-08,3.883919,6.216541,-18.875,22.21875,-7.5859375,6.65625,10.16758
2017-09-09,3.8701582,6.1644006,-18.75,22.171875,-7.4609375,6.6015625,10.13633
2017-09-10,3.7643151,6.101444,-18.84375,22.078125,-7.4453125,6.4453125,9.9921875
2017-09-11,3.8211722,6.056617,-18.5625,22.046875,-7.3203125,6.46875,10.0234375
2017-09-12,3.8554451,6.0346675,-18.59375,21.96875,-7.2578125,6.4609375,10.0703125
2017-09-13,3.6125088,5.957014,-18.6875,21.90625,-7.3515625,6.1914062,9.6953125
2017-09-14,3.6249695,5.920404,-18.78125,21.9375,-7.2734375,6.1757812,9.671875
2017-09-15,3.650366,5.8898354,-18.71875,21.84375,-7.1796875,6.1796875,9.6796875
2017-09-16,3.5345387,5.8349156,-18.875,21.84375,-7.1796875,6.0234375,9.53125
2017-09-17,3.3290942,5.7404113,-18.6875,21.65625,-7.1867185,5.7539062,9.21875
2017-09-18,3.389528,5.673527,-18.59375,21.546875,-6.9765625,5.7773438,9.245705
2017-09-19,3.3820941,5.615105,-18.28125,21.53125,-6.8898435,5.7226562,9.2109375
2017-09-20,3.3937502,5.58039,-18.125,21.515625,-6.8203125,5.7109375,9.2265625
2017-09-21,3.3486426,5.5301948,-18.09375,21.375,-6.7734375,5.609375,9.125
2017-09-22,3.3679981,5.4791217,-18.03125,21.375,-6.7023435,5.59375,9.125
2017-09-23,3.2530475,5.424793,-18.09375,21.328125,-6.6953125,5.4296875,8.972267
2017-09-24,3.3227205,5.3923426,-18.0625,21.203125,-6.5703125,5.4921875,9.0
2017-09-25,3.2758691,5.351934,-18.03125,21.15625,-6.5234375,5.392578,8.984375
2017-09-26,3.1724122,5.29673,-18.125,21.09375,-6.5078125,5.2539062,8.776955
2017-09-27,3.0619946,5.22395,-18.0,20.96875,-6.4609375,5.0839844,8.625
2017-09-28,2.9966166,5.1604123,-18.09375,20.875,-6.4054685,4.9726562,8.484375
2017-09-29,2.9441366,5.0966263,-18.0,20.71875,-6.3515625,4.8789062,8.378517
2017-09-30,2.960175,5.056052,-17.9375,20.625,-6.2335935,4.8710938,8.3671875
2017-10-01,2.8487809,5.026979,-18.03125,20.546875,-6.3046875,4.7460938,8.21875
2017-10-02,2.7548184,4.989649,-18.09375,20.375,-6.3203125,4.5996094,8.112892
2017-10-03,2.6285694,4.9209414,-18.125,20.28125,-6.3046875,4.4335938,7.880665
2017-10-04,2.4833565,4.8473825,-18.125,20.15625,-6.2890625,4.2617188,7.625
2017-10-05,2.3646295,4.749695,-18.0,20.0625,-6.1875,4.0742188,7.421875
2017-10-06,2.360833,4.691931,-17.9375,19.9375,-6.100781,4.015625,7.3707047
2017-10-07,2.2762883,4.6418815,-18.0,19.8125,-6.0625,3.8984375,7.265625
2017-10-08,2.174071,4.5891542,-18.0,19.625,-6.0460935,3.7597656,7.0642586
2017-10-09,2.1045384,4.540559,-18.0625,19.5,-6.0234375,3.6601562,6.953125
2017-10-10,2.1212347,4.482407,-18.03125,19.4375,-5.90625,3.6367188,6.947071
2017-10-11,2.0309484,4.4263353,-18.03125,19.25,-5.875,3.5039062,6.8242188
2017-10-12,1.8608973,4.362534,-17.9375,19.15625,-5.890625,3.2734375,6.625
2017-10-13,1.7309868,4.2865524,-17.90625,19.0,-5.859375,3.0996094,6.40625
2017-10-14,1.6800756,4.2260118,-17.875,18.78125,-5.78125,3.0078125,6.3359375
2017-10-15,1.6264974,4.172885,-18.0,18.59375,-5.7265625,2.9414062,6.237892
2017-10-16,1.5123526,4.1153026,-18.03125,18.5,-5.7265625,2.7851562,6.0546875
2017-10-17,1.4853662,4.077334,-17.9375,18.34375,-5.65625,2.7265625,6.0113297
2017-10-18,1.2851899,4.0040245,-17.9375,18.21875,-5.7023435,2.4765625,5.7421875
2017-10-19,1.2875059,3.9667401,-17.9375,18.015625,-5.647656,2.4609375,5.7166023
2017-10-20,1.4249216,3.9490213,-18.0,17.8125,-5.4722652,2.5859375,5.875
2017-10-21,1.2919673,3.8892648,-18.0,17.609375,-5.453125,2.4257812,5.6697273
2017-10-22,1.1165103,3.8041327,-18.0,17.453125,-5.421875,2.1992188,5.359375
2017-10-23,1.1953429,3.7765834,-18.09375,17.203125,-5.3046875,2.2695312,5.5
2017-10-24,1.1726,3.724568,-18.0,17.0625,-5.203125,2.2070312,5.400196
2017-10-25,1.1154844,3.6945174,-18.0625,16.96875,-5.1988277,2.1171875,5.3511734
2017-10-26,0.89174175,3.6399608,-18.0625,16.828125,-5.2804685,1.8671875,5.0625
2017-10-27,0.830058,3.5922966,-18.0625,16.765625,-5.234375,1.7773438,4.8980484
2017-10-28,0.7660487,3.525145,-18.0625,16.53125,-5.140625,1.6796875,4.7734375
2017-10-29,0.66476303,3.4716537,-18.09375,16.328125,-5.140625,1.53125,4.618946
2017-10-30,0.55135584,3.4312437,-18.03125,16.140625,-5.1796875,1.40625,4.478321
2017-10-31,0.5426548,3.383754,-18.03125,16.015625,-5.03125,1.3671875,4.40625
2017-11-01,0.48731813,3.3218832,-18.03125,15.921875,-4.9609375,1.28125,4.2929688
2017-11-02,0.5293131,3.2719693,-18.0,15.921875,-4.828125,1.296875,4.3164062
2017-11-03,0.49687406,3.2463455,-17.875,15.8515625,-4.8125,1.265625,4.2617188
2017-11-04,0.3562621,3.2110522,-17.84375,15.796875,-4.8515625,1.0703125,4.081642
2017-11-05,0.18871191,3.166596,-17.84375,15.7109375,-4.9453125,0.90625,3.890625
2017-11-06,0.14595364,3.1376672,-17.84375,15.6640625,-4.921875,0.84765625,3.8298836
2017-11-07,0.06454039,3.0911396,-17.75,15.7265625,-4.897656,0.75,3.6679688
2017-11-08,0.2210135,3.070887,-17.71875,15.6171875,-4.6640625,0.859375,3.8806648
2017-11-09,0.17557077,3.0366201,-17.875,15.65625,-4.6328125,0.7890625,3.7929688
2017-11-10,0.02825476,3.0130074,-17.875,15.609375,-4.7421875,0.640625,3.608986
2017-11-11,-0.18364508,2.9586163,-17.8125,15.5,-4.8125,0.3828125,3.3203125
2017-11-12,-0.117833935,2.925134,-17.84375,15.390625,-4.671875,0.4375,3.384571
2017-11-13,-0.25501353,2.8847663,-17.84375,15.4375,-4.703125,0.2734375,3.1953125
2017-11-14,-0.4008412,2.8648636,-17.84375,15.453125,-4.796875,0.09375,3.0486336
2017-11-15,-0.47448736,2.833703,-17.875,15.453125,-4.796875,0.0078125,2.9275398
2017-11-16,-0.5524272,2.781882,-17.75,15.46875,-4.7421875,-0.1015625,2.8007812
2017-11-17,-0.54544705,2.7645214,-17.6875,15.390625,-4.7265625,-0.1171875,2.8103523
2017-11-18,-0.53782254,2.7407422,-17.75,15.265625,-4.678906,-0.1328125,2.8611336
2017-11-19,-0.6732022,2.7019122,-17.78125,15.28125,-4.71875,-0.2890625,2.6289062
2017-11-20,-0.75907815,2.6777244,-17.6875,15.265625,-4.7578125,-0.421875,2.5429688
2017-11-21,-0.7567297,2.6423106,-17.6875,15.25,-4.671875,-0.421875,2.4648438
2017-11-22,-0.8423154,2.617769,-17.5625,15.265625,-4.710156,-0.5234375,2.3710938
2017-11-23,-0.94146705,2.587903,-17.46875,15.1796875,-4.7421875,-0.625,2.2140656
2017-11-24,-0.9114819,2.5637069,-17.375,15.125,-4.6554685,-0.6171875,2.2574234
2017-11-25,-0.72801685,2.5556145,-17.40625,15.046875,-4.46875,-0.421875,2.4375
2017-11-26,-0.8737727,2.5236983,-17.46875,15.109375,-4.5390625,-0.5859375,2.2378922
2017-11-27,-0.8829408,2.5207665,-17.46875,15.171875,-4.5234375,-0.609375,2.234375
2017-11-28,-1.0620234,2.4950707,-17.5,15.09375,-4.6328125,-0.828125,2.0056648
2017-11-29,-1.0830133,2.4739952,-17.34375,15.0078125,-4.6242185,-0.84375,2.0351562
2017-11-30,-1.1327785,2.4489188,-17.21875,14.96875,-4.6171875,-0.9375,1.96875
2017-12-01,-0.99111855,2.4581616,-17.3125,15.0,-4.484375,-0.796875,2.1171875
2017-12-02,-1.1680675,2.4331396,-17.28125,14.984375,-4.609375,-0.9765625,1.8945312
2017-12-03,-1.0958327,2.422606,-17.3125,14.921875,-4.5234375,-0.921875,1.9882812
2017-12-04,-1.1625583,2.3965364,-17.28125,14.953125,-4.5390625,-0.9921875,1.8494148
2017-12-05,-1.1359297,2.3904757,-17.28125,14.9375,-4.5234375,-0.96875,1.8671875
2017-12-06,-1.2261419,2.3856153,-17.15625,14.96875,-4.5625,-1.09375,1.7773438
2017-12-07,-1.3559165,2.364475,-17.1875,14.84375,-4.671875,-1.2265625,1.6597672
2017-12-08,-1.1115062,2.3677917,-17.1875,14.984375,-4.4140625,-0.984375,1.8550797
2017-12-09,-1.2051623,2.3681865,-17.28125,15.015625,-4.5,-1.1015625,1.7947273
2017-12-10,-1.3296078,2.36935,-17.28125,14.9765625,-4.6328125,-1.2265625,1.6875
2017-12-11,-1.4348727,2.35076,-17.15625,14.9375,-4.703125,-1.3359375,1.515625
2017-12-12,-1.4571134,2.3395548,-17.15625,14.828125,-4.7222652,-1.3828125,1.5035172
2017-12-13,-1.5960921,2.3278854,-17.09375,14.8984375,-4.828125,-1.5234375,1.3515625
2017-12-14,-1.577417,2.3313818,-17.0,14.875,-4.803906,-1.5,1.359375
2017-12-15,-1.5405133,2.3223498,-17.0,14.84375,-4.7578125,-1.46875,1.3984375
2017-12-16,-1.3759675,2.3200223,-17.0625,14.8515625,-4.6484375,-1.296875,1.546875
2017-12-17,-1.4183407,2.3381057,-17.0,14.90625,-4.703125,-1.34375,1.4921875
2017-12-18,-1.4528719,2.3189843,-16.84375,14.90625,-4.6640625,-1.3984375,1.4140625
2017-12-19,-1.425829,2.3473573,-16.9375,14.875,-4.71875,-1.3671875,1.46875
2017-12-20,-1.465273,2.3381038,-16.9375,14.8671875,-4.7222652,-1.4140625,1.4375
2017-12-21,-1.5725662,2.3486211,-16.9375,14.8125,-4.8429685,-1.5234375,1.359375
2017-12-22,-1.569287,2.3417525,-17.0,14.8203125,-4.828125,-1.53125,1.3515625
2017-12-23,-1.6082069,2.3544812,-17.0625,14.6796875,-4.890625,-1.5546875,1.328125
2017-12-24,-1.6829007,2.375611,-17.0,14.671875,-5.015625,-1.6328125,1.328125
2017-12-25,-1.759306,2.3959968,-16.9375,14.765625,-5.1484375,-1.7109375,1.2890625
2017-12-26,-1.8972359,2.3915818,-16.90625,14.703125,-5.2578125,-1.859375,1.15625
2017-12-27,-1.8970349,2.4116766,-16.9375,14.6875,-5.328125,-1.8671875,1.2222672
2017-12-28,-1.910986,2.4155862,-16.90625,14.7109375,-5.3125,-1.875,1.1484375
2017-12-29,-1.9743322,2.428973,-16.8125,14.6875,-5.453125,-1.9296875,1.140625
2017-12-30,-1.8861063,2.4547627,-16.625,14.75,-5.4175777,-1.8359375,1.2265625
2017-12-31,-1.8930718,2.474603,-16.65625,14.765625,-5.4375,-1.84375,1.2457047
2018-01-01,-1.8828694,2.4806392,-16.59375,14.671875,-5.428906,-1.84375,1.2378922
2018-01-02,-1.9590061,2.5004997,-16.53125,14.625,-5.569531,-1.9140625,1.234375
2018-01-03,-1.8832295,2.5227947,-16.625,14.71875,-5.5078125,-1.8671875,1.296875
2018-01-04,-2.0207965,2.5389302,-16.5,14.6875,-5.6953125,-1.984375,1.1875
2018-01-05,-2.053191,2.5615718,-16.5,14.640625,-5.8046875,-2.015625,1.1875
2018-01-06,-1.977043,2.580989,-16.53125,14.59375,-5.78125,-1.921875,1.3082047
2018-01-07,-1.9728036,2.6247327,-16.46875,14.734375,-5.8429685,-1.921875,1.3863297
2018-01-08,-2.1338344,2.6444945,-16.4375,14.640625,-6.0390625,-2.078125,1.2144547
2018-01-09,-1.9964231,2.6854193,-16.40625,14.65625,-6.0078125,-1.9375,1.4566422
2018-01-10,-1.9944471,2.7214425,-16.34375,14.71875,-6.0546875,-1.9609375,1.5
2018-01-11,-2.1855469,2.75913,-16.40625,14.6875,-6.3046875,-2.140625,1.40625
2018-01-12,-2.22251,2.790393,-16.3125,14.7265625,-6.3984375,-2.171875,1.375
2018-01-13,-2.354675,2.797908,-16.25,14.578125,-6.5234375,-2.328125,1.28125
2018-01-14,-2.2258668,2.7743447,-16.0625,14.6640625,-6.3273435,-2.21875,1.3785172
2018-01-15,-2.0826354,2.8181112,-16.0,14.6328125,-6.21875,-2.0859375,1.6796875
2018-01-16,-2.2641742,2.85192,-15.9921875,14.609375,-6.4609375,-2.265625,1.5625
2018-01-17,-2.3432662,2.881084,-16.09375,14.4453125,-6.6328125,-2.359375,1.453125
2018-01-18,-2.3552418,2.9482749,-16.3125,14.53125,-6.8273435,-2.3242188,1.4800797
2018-01-19,-2.3923752,2.9864104,-16.28125,14.546875,-6.9296875,-2.390625,1.53125
2018-01-20,-2.4284089,3.0171907,-16.5,14.53125,-6.9835935,-2.421875,1.6285172
2018-01-21,-2.4530053,3.0750287,-16.53125,14.484375,-7.1640625,-2.4335938,1.6441422
2018-01-22,-2.627859,3.1144261,-16.5,14.5,-7.4609375,-2.609375,1.4765625
2018-01-23,-2.7333071,3.1501365,-16.40625,14.59375,-7.5859375,-2.71875,1.4410172
2018-01-24,-2.787844,3.2039433,-16.40625,14.4765625,-7.7421875,-2.78125,1.4609375
2018-01-25,-2.8516703,3.277732,-16.8125,14.609375,-7.9140625,-2.828125,1.4609375
2018-01-26,-2.9739518,3.341952,-16.9375,14.546875,-8.1484375,-2.9453125,1.4253922
2018-01-27,-3.1219115,3.3938832,-17.125,14.5625,-8.3671875,-3.1015625,1.3828125
2018-01-28,-3.2529724,3.4473996,-17.1875,14.578125,-8.5859375,-3.21875,1.3316422
2018-01-29,-3.3505547,3.505995,-17.0,14.671875,-8.7890625,-3.3046875,1.2804718
2018-01-30,-3.4070354,3.5316055,-16.96875,14.5234375,-8.8671875,-3.375,1.296875
2018-01-31,-3.5223768,3.572066,-17.0,14.578125,-9.0078125,-3.515625,1.3039093
2018-02-01,-3.614972,3.6030428,-16.96875,14.546875,-9.1484375,-3.625,1.2613297
2018-02-02,-3.4146335,3.651835,-16.6875,14.578125,-9.0078125,-3.4453125,1.5859375
2018-02-03,-3.5175047,3.750588,-16.78125,14.640625,-9.2578125,-3.546875,1.671875
2018-02-04,-3.6184113,3.824031,-17.0,14.7421875,-9.4609375,-3.6484375,1.5703125
2018-02-05,-3.685308,3.8837109,-16.75,14.640625,-9.6171875,-3.734375,1.59375
2018-02-06,-3.7277827,3.9280052,-16.625,14.671875,-9.6484375,-3.796875,1.7457047
2018-02-07,-3.8063555,3.9741294,-16.75,14.59375,-9.8203125,-3.9101562,1.75
2018-02-08,-3.8874402,4.052182,-16.84375,14.6015625,-10.0703125,-3.9726562,1.765625
2018-02-09,-3.9839725,4.127712,-16.9375,14.5703125,-10.2890625,-4.0273438,1.6441422
2018-02-10,-4.0320854,4.167173,-16.8125,14.65625,-10.311718,-4.1015625,1.59375
2018-02-11,-4.009062,4.218015,-16.875,14.6328125,-10.3046875,-4.15625,1.7886734
2018-02-12,-4.0732303,4.298173,-16.90625,14.640625,-10.499218,-4.2109375,1.8046875
2018-02-13,-4.201837,4.3407316,-16.84375,14.6171875,-10.6640625,-4.359375,1.7695312
2018-02-14,-4.2558765,4.3889713,-16.78125,14.609375,-10.7890625,-4.3984375,1.7265625
2018-02-15,-4.273253,4.43831,-16.96875,14.640625,-10.842968,-4.4453125,1.8046875
2018-02-16,-4.1725264,4.5011563,-16.75,14.671875,-10.8203125,-4.3515625,1.9917984
2018-02-17,-4.0729933,4.614439,-16.8125,14.84375,-10.8828125,-4.265625,2.2105484
2018-02-18,-4.243639,4.665293,-16.71875,14.71875,-11.0546875,-4.453125,2.0738297
2018-02-19,-4.2281723,4.6978645,-16.75,14.7109375,-11.1171875,-4.4140625,2.155861
2018-02-20,-4.206963,4.770695,-16.78125,14.796875,-11.1640625,-4.375,2.2265625
2018-02-21,-4.299513,4.7940407,-16.75,14.734375,-11.2578125,-4.5234375,2.218361
2018-02-22,-4.3166604,4.817357,-16.59375,14.78125,-11.2734375,-4.5078125,2.1523438
2018-02-23,-4.237598,4.8497963,-16.65625,14.734375,-11.1640625,-4.46875,2.390625
2018-02-24,-4.207491,4.8964467,-16.65625,14.796875,-11.1484375,-4.4492188,2.4609375
2018-02-25,-4.1288686,4.956495,-16.46875,14.765625,-11.1484375,-4.390625,2.5976562
2018-02-26,-4.2264466,4.9839406,-16.5625,14.8359375,-11.2421875,-4.46875,2.4761734
2018-02-27,-4.225353,5.024095,-16.59375,14.765625,-11.311718,-4.4453125,2.4804688
2018-02-28,-4.197648,5.057872,-16.5625,14.78125,-11.2890625,-4.4492188,2.6171875
2018-03-01,-4.1268535,5.1144867,-16.46875,14.796875,-11.2734375,-4.375,2.7265625
2018-03-02,-4.170259,5.157034,-16.71875,14.8671875,-11.3359375,-4.4140625,2.734375
2018-03-03,-4.1188684,5.209698,-16.78125,14.859375,-11.3828125,-4.34375,2.7851562
2018-03-04,-4.108436,5.2322497,-16.75,14.875,-11.3828125,-4.3359375,2.7986336
2018-03-05,-4.0063753,5.236278,-16.625,14.8125,-11.2421875,-4.234375,2.8632812
2018-03-06,-3.958127,5.233275,-16.5625,14.84375,-11.1484375,-4.1914062,2.9431648
2018-03-07,-3.767569,5.277083,-16.75,14.8828125,-11.0234375,-3.953125,3.2421875
2018-03-08,-3.6690457,5.3074317,-16.71875,14.890625,-10.9921875,-3.8359375,3.2869148
2018-03-09,-3.5535321,5.3497233,-16.65625,15.046875,-10.9140625,-3.7109375,3.4666023
2018-03-10,-3.5016794,5.3514733,-16.59375,15.09375,-10.8359375,-3.6210938,3.4587898
2018-03-11,-3.3910527,5.344946,-16.46875,15.125,-10.6796875,-3.515625,3.5990257
2018-03-12,-3.2959967,5.359904,-16.625,15.140625,-10.5859375,-3.3828125,3.697071
2018-03-13,-3.3028114,5.393996,-16.625,15.171875,-10.639843,-3.3515625,3.650196
2018-03-14,-3.262255,5.478077,-16.75,15.234375,-10.6953125,-3.28125,3.828125
2018-03-15,-3.2753227,5.541039,-16.8125,15.296875,-10.8046875,-3.2460938,3.8632812
2018-03-16,-3.169155,5.562443,-16.8125,15.25,-10.7421875,-3.1484375,3.9765625
2018-03-17,-3.2232928,5.556624,-16.84375,15.3203125,-10.8046875,-3.1757812,3.8710938
2018-03-18,-3.1340213,5.600923,-16.84375,15.453125,-10.7578125,-3.0390625,4.0585938
2018-03-19,-3.1599312,5.60772,-16.84375,15.515625,-10.8203125,-3.0039062,3.9353523
2018-03-20,-3.103615,5.6336317,-16.90625,15.46875,-10.796093,-2.9140625,3.9744148
2018-03-21,-2.8042066,5.6875243,-16.78125,15.484375,-10.5703125,-2.6289062,4.3984375
2018-03-22,-2.7797012,5.7002497,-16.8125,15.625,-10.5546875,-2.5546875,4.3710938
2018-03-23,-2.7451649,5.7364364,-16.875,15.65625,-10.5859375,-2.4765625,4.4257812
2018-03-24,-2.6036668,5.7888246,-16.96875,15.8125,-10.4921875,-2.328125,4.6267586
2018-03-25,-2.4699106,5.799674,-16.90625,15.765625,-10.3828125,-2.1679688,4.7148438
2018-03-26,-2.3639462,5.8182297,-16.84375,15.7890625,-10.3046875,-2.0117188,4.8046875
2018-03-27,-2.3194666,5.878107,-16.96875,15.8828125,-10.3828125,-1.8828125,4.9023438
2018-03-28,-2.3452177,5.9024854,-16.96875,15.9921875,-10.4296875,-1.8398438,4.9375
2018-03-29,-2.291668,5.9167557,-17.0625,16.0,-10.3984375,-1.7578125,4.8984375
2018-03-30,-2.1593788,5.913102,-17.03125,16.015625,-10.2890625,-1.5585938,5.0039062
2018-03-31,-1.9100623,5.937338,-16.84375,16.0625,-10.1015625,-1.2421875,5.2304688
2018-04-01,-1.8190426,5.9542317,-16.9375,16.09375,-10.061718,-1.0859375,5.3398438
2018-04-02,-1.6958227,5.9810553,-16.9375,16.203125,-9.9609375,-0.88671875,5.5173836
2018-04-03,-1.6468484,6.009978,-17.0,16.25,-9.9765625,-0.7421875,5.52129
2018-04-04,-1.6480335,6.021005,-17.0625,16.40625,-10.046093,-0.609375,5.4921875
2018-04-05,-1.5661124,6.047227,-17.09375,16.46875,-9.9921875,-0.48828125,5.556446
2018-04-06,-1.3544345,6.1175427,-17.15625,16.578125,-9.9296875,-0.1796875,5.8164062
2018-04-07,-1.324306,6.1507254,-17.25,16.5625,-9.9609375,-0.06640625,5.875
2018-04-08,-1.2412777,6.161284,-17.21875,16.71875,-9.905468,0.0859375,5.9296875
2018-04-09,-1.2076595,6.134081,-17.25,16.6875,-9.8671875,0.1875,5.9101562
2018-04-10,-1.1838813,6.116933,-17.21875,16.734375,-9.8359375,0.2734375,5.90625
2018-04-11,-0.9882256,6.128813,-17.125,16.859375,-9.6640625,0.53125,6.0703125
2018-04-12,-0.8233121,6.1629395,-17.0625,16.9375,-9.6015625,0.7890625,6.2734375
2018-04-13,-0.7036056,6.191137,-16.9375,17.046875,-9.5390625,0.9921875,6.3416023
2018-04-14,-0.6436522,6.202401,-16.96875,17.234375,-9.5390625,1.1289062,6.453125
2018-04-15,-0.39362615,6.240316,-16.90625,17.25,-9.3515625,1.453125,6.712696
2018-04-16,-0.23710684,6.2758327,-16.9375,17.40625,-9.3203125,1.7148438,6.84375
2018-04-17,-0.18895161,6.2923303,-16.96875,17.53125,-9.3203125,1.8125,6.8984375
2018-04-18,-0.18316293,6.30229,-17.03125,17.59375,-9.3671875,1.9179688,6.859375
2018-04-19,-0.06546444,6.338653,-17.0625,17.71875,-9.3515625,2.1152344,6.9960938
2018-04-20,0.107759506,6.3545265,-17.0625,17.78125,-9.2265625,2.3945312,7.118946
2018-04-21,0.2104423,6.3647633,-17.15625,17.984375,-9.202343,2.5351562,7.2457047
2018-04-22,0.35113403,6.379261,-17.15625,18.125,-9.1171875,2.7363281,7.3455086
2018-04-23,0.53718877,6.390201,-17.09375,18.0625,-9.0078125,3.0253906,7.5134773
2018-04-24,0.46043637,6.3665876,-17.15625,18.21875,-9.0859375,2.9804688,7.421875
2018-04-25,0.49040535,6.3977942,-17.28125,18.375,-9.108593,3.0585938,7.4140625
2018-04-26,0.6635614,6.43284,-17.21875,18.5,-9.0390625,3.296875,7.5585938
2018-04-27,0.69217587,6.454284,-17.3125,18.65625,-9.1015625,3.3730469,7.5486336
2018-04-28,0.87399143,6.4762645,-17.3125,18.8125,-8.983593,3.6328125,7.7009773
2018-04-29,1.0192153,6.4955826,-17.375,18.84375,-8.936718,3.8007812,7.8351593
2018-04-30,1.1136402,6.5040765,-17.375,19.0,-8.8828125,3.9414062,7.9236336
2018-05-01,1.2176317,6.5251737,-17.46875,19.09375,-8.8984375,4.0839844,8.026955
2018-05-02,1.2826005,6.5396943,-17.40625,19.296875,-8.8671875,4.169922,8.046875
2018-05-03,1.3268088,6.529265,-17.3125,19.53125,-8.8359375,4.2089844,8.0859375
2018-05-04,1.4264972,6.538844,-17.3125,19.71875,-8.7890625,4.361328,8.128517
2018-05-05,1.5285537,6.571717,-17.40625,19.9375,-8.7890625,4.4960938,8.234375
2018-05-06,1.5155104,6.584442,-17.46875,20.125,-8.8828125,4.5058594,8.214455
2018-05-07,1.5645669,6.58369,-17.34375,20.1875,-8.8515625,4.5429688,8.214455
2018-05-08,1.7641433,6.5915112,-17.28125,20.46875,-8.7421875,4.7851562,8.40625
2018-05-09,1.9347342,6.616345,-17.28125,20.65625,-8.6640625,4.984375,8.5859375
2018-05-10,1.9104611,6.6235104,-17.25,20.8125,-8.7265625,4.9375,8.558205
2018-05-11,1.9606646,6.631163,-17.28125,21.0625,-8.7109375,4.9726562,8.5703125
2018-05-12,2.1159298,6.650528,-17.375,21.21875,-8.655468,5.140625,8.7265625
2018-05-13,2.2085614,6.6699834,-17.4375,21.4375,-8.6328125,5.2597656,8.816017
2018-05-14,2.2795322,6.6701393,-17.4375,21.578125,-8.6015625,5.298828,8.8515625
2018-05-15,2.3480058,6.6798553,-17.5625,21.65625,-8.5859375,5.3515625,8.91758
2018-05-16,2.432143,6.682599,-17.53125,21.90625,-8.5546875,5.419922,9.003517
2018-05-17,2.5035875,6.691309,-17.65625,22.09375,-8.5703125,5.4765625,9.125
2018-05-18,2.556802,6.700881,-17.65625,22.28125,-8.5703125,5.5273438,9.1796875
2018-05-19,2.6353853,6.715763,-17.65625,22.375,-8.5703125,5.5878906,9.19883
2018-05-20,2.7602043,6.733465,-17.6875,22.53125,-8.530468,5.703125,9.331642
2018-05-21,2.7535622,6.7450314,-17.84375,22.609375,-8.6171875,5.6601562,9.3515625
2018-05-22,2.8832014,6.7642565,-17.90625,22.6875,-8.5859375,5.7890625,9.441017
2018-05-23,2.9739573,6.7847705,-17.96875,22.84375,-8.5859375,5.875,9.5234375
2018-05-24,3.139856,6.8089914,-18.03125,23.0,-8.5546875,6.0546875,9.675392
2018-05-25,3.2592525,6.838346,-17.96875,23.03125,-8.5546875,6.189453,9.862892
2018-05-26,3.3825145,6.8671384,-18.09375,23.125,-8.5234375,6.3066406,10.019142
2018-05-27,3.3272855,6.8750834,-18.03125,23.28125,-8.6328125,6.205078,10.003517
2018-05-28,3.325818,6.871348,-18.03125,23.28125,-8.6796875,6.1953125,9.9296875
2018-05-29,3.411809,6.8857484,-18.15625,23.390625,-8.6640625,6.2578125,10.04258
2018-05-30,3.606562,6.9120336,-18.21875,23.4375,-8.6015625,6.4628906,10.269142
2018-05-31,3.6950681,6.9378276,-18.21875,23.578125,-8.6015625,6.5546875,10.370705
2018-06-01,3.7437537,6.9569464,-18.21875,23.625,-8.6484375,6.5898438,10.4609375
2018-06-02,3.876123,6.9806848,-18.34375,23.75,-8.6015625,6.7285156,10.6015625
2018-06-03,3.7984533,6.9953337,-18.375,23.71875,-8.780468,6.6484375,10.5234375
2018-06-04,3.9119964,7.005194,-18.4375,23.75,-8.7265625,6.7558594,10.628517
2018-06-05,3.9917543,7.026961,-18.40625,23.71875,-8.7734375,6.8359375,10.772659
2018-06-06,4.131369,7.0547256,-18.5,23.71875,-8.749218,7.0058594,10.933205
2018-06-07,4.156828,7.0900745,-18.4375,23.78125,-8.8046875,7.0429688,10.972267
2018-06-08,4.1437287,7.106975,-18.46875,23.875,-8.8984375,7.0546875,10.972267
2018-06-09,4.1824584,7.112044,-18.5,23.84375,-8.8671875,7.1210938,11.0390625
2018-06-10,4.3579345,7.1230626,-18.65625,23.859375,-8.7734375,7.296875,11.19883
2018-06-11,4.2491364,7.1404033,-18.6875,23.890625,-8.9609375,7.1953125,11.1484375
2018-06-12,4.3544703,7.151035,-18.78125,23.8125,-8.9609375,7.3203125,11.206642
2018-06-13,4.467742,7.178365,-18.8125,23.765625,-8.905468,7.435547,11.35508
2018-06-14,4.466615,7.1882434,-18.875,23.71875,-8.9921875,7.453125,11.308205
2018-06-15,4.575395,7.2106023,-18.8125,23.90625,-8.983593,7.5625,11.441017
2018-06-16,4.54431,7.226654,-18.90625,23.8125,-9.030468,7.546875,11.48008
2018-06-17,4.619594,7.2276845,-18.875,23.78125,-8.999218,7.642578,11.5390625
2018-06-18,4.684213,7.239323,-18.875,23.6875,-8.9765625,7.7109375,11.59375
2018-06-19,4.8091335,7.270856,-18.96875,23.703125,-8.952343,7.8554688,11.78125
2018-06-20,4.8746376,7.3072743,-19.0625,23.8125,-9.0078125,7.9492188,11.847267
2018-06-21,4.927995,7.3322926,-19.125,23.9375,-8.9921875,8.015625,11.94883
2018-06-22,4.8069015,7.3463984,-19.21875,24.03125,-9.1328125,7.9140625,11.830864
2018-06-23,4.8196516,7.3469186,-19.375,24.0625,-9.1015625,7.9101562,11.878517
2018-06-24,4.9052215,7.3589993,-19.53125,24.0625,-9.1015625,8.0234375,11.894142
2018-06-25,4.919151,7.378959,-19.53125,23.984375,-9.115624,8.0390625,11.921875
2018-06-26,4.9860015,7.398702,-19.71875,24.125,-9.1015625,8.121094,11.9921875
2018-06-27,4.942262,7.4140024,-19.71875,24.296875,-9.124218,8.0859375,12.0
2018-06-28,4.7790337,7.4058366,-19.875,24.1875,-9.217968,7.9257812,11.73008
2018-06-29,4.9235144,7.405567,-19.875,24.15625,-9.1015625,8.082031,11.875
2018-06-30,4.974333,7.4254637,-19.9375,24.125,-9.0703125,8.171875,11.984375
2018-07-01,4.944517,7.4293566,-19.84375,24.125,-9.077343,8.140625,11.921875
2018-07-02,4.996683,7.4336357,-19.875,24.1875,-8.9921875,8.1953125,11.984375
2018-07-03,4.997216,7.4332776,-19.90625,24.234375,-8.9765625,8.171875,12.050392
2018-07-04,4.8625913,7.427465,-20.0,24.15625,-9.0859375,8.078125,11.859375
2018-07-05,4.9660206,7.4306793,-19.9375,24.015625,-8.999218,8.1796875,11.975784
2018-07-06,4.9412827,7.4460382,-20.0625,24.0625,-9.046093,8.1640625,11.987892
2018-07-07,4.8814516,7.442027,-20.125,24.03125,-9.0859375,8.109375,11.88633
2018-07-08,4.97589,7.450821,-20.15625,23.984375,-8.9921875,8.1875,12.0078125
2018-07-09,5.057397,7.4746666,-20.09375,24.03125,-8.9765625,8.2890625,12.089455
2018-07-10,4.997555,7.4922667,-20.21875,24.03125,-8.9921875,8.234375,12.125
2018-07-11,5.015717,7.493287,-20.25,24.0,-9.0078125,8.25,12.140625
2018-07-12,5.0182714,7.498502,-20.25,23.96875,-8.9921875,8.2578125,12.163284
2018-07-13,4.943973,7.496085,-20.375,23.96875,-9.014843,8.1796875,12.089455
2018-07-14,4.9310503,7.4843554,-20.40625,23.9375,-9.0234375,8.171875,12.1015625
2018-07-15,4.8267574,7.4774985,-20.6875,23.84375,-9.0859375,8.0546875,12.019142
2018-07-16,4.9675198,7.4838743,-20.875,23.875,-8.952343,8.21875,12.15625
2018-07-17,4.926231,7.5131483,-20.9375,23.859375,-9.014843,8.1875,12.1796875
2018-07-18,4.822554,7.497514,-20.8125,23.796875,-9.0703125,8.082031,12.0390625
2018-07-19,4.89087,7.4906054,-20.96875,23.65625,-8.9921875,8.15625,12.078125
2018-07-20,4.9277945,7.512956,-21.03125,23.65625,-8.9921875,8.234375,12.125
2018-07-21,4.875782,7.5168614,-21.0,23.65625,-8.9921875,8.1875,12.078125
2018-07-22,4.843599,7.5057464,-21.03125,23.65625,-9.0390625,8.15625,12.066017
2018-07-23,4.8205867,7.4949603,-21.0,23.640625,-9.014843,8.1328125,12.015625
2018-07-24,4.8247356,7.48035,-20.8125,23.59375,-9.0078125,8.15625,11.984375
2018-07-25,4.8208666,7.470576,-20.8125,23.5625,-8.9609375,8.1328125,12.0078125
2018-07-26,4.762321,7.4634786,-20.90625,23.453125,-8.967968,8.0859375,11.91758
2018-07-27,4.8796654,7.471109,-21.15625,23.375,-8.8828125,8.1953125,12.026955
2018-07-28,4.857867,7.485441,-21.0625,23.34375,-8.9140625,8.171875,12.097267
2018-07-29,4.8840914,7.4808407,-21.0625,23.28125,-8.8671875,8.1875,12.120705
2018-07-30,4.9695115,7.4905043,-21.09375,23.28125,-8.7890625,8.296875,12.222267
2018-07-31,4.824598,7.478884,-21.03125,23.21875,-8.9140625,8.1328125,12.078125
2018-08-01,4.6969376,7.438246,-20.875,23.109375,-8.9453125,8.0078125,11.944534
2018-08-02,4.7330947,7.4186263,-20.8125,23.046875,-8.8515625,8.03125,11.9375
2018-08-03,4.6952677,7.4105806,-20.8125,23.03125,-8.8671875,8.0,11.878517
2018-08-04,4.664058,7.3879385,-20.875,23.03125,-8.8671875,7.9648438,11.776955
2018-08-05,4.6102853,7.361422,-20.84375,22.9375,-8.8515625,7.9101562,11.706642
2018-08-06,4.6168137,7.331545,-20.625,22.9375,-8.7734375,7.9023438,11.7265625
2018-08-07,4.6320963,7.3087645,-20.3125,22.90625,-8.717968,7.921875,11.7109375
2018-08-08,4.6292996,7.2949157,-20.625,22.6875,-8.717968,7.90625,11.671875
2018-08-09,4.556421,7.292264,-20.8125,22.703125,-8.7734375,7.830078,11.625
2018-08-10,4.6036606,7.2843843,-20.8125,22.6875,-8.749218,7.875,11.612892
2018-08-11,4.4646316,7.2647724,-20.78125,22.65625,-8.8359375,7.734375,11.48008
2018-08-12,4.5277014,7.2369294,-20.78125,22.53125,-8.7421875,7.7773438,11.51133
2018-08-13,4.4369197,7.2132454,-20.84375,22.453125,-8.7890625,7.671875,11.401955
2018-08-14,4.5073256,7.1805077,-20.75,22.421875,-8.671093,7.7148438,11.46875
2018-08-15,4.5817037,7.1752105,-20.8125,22.46875,-8.6328125,7.794922,11.558205
2018-08-16,4.4418287,7.1537204,-20.8125,22.4375,-8.6953125,7.640625,11.46875
2018-08-17,4.271805,7.099588,-20.84375,22.28125,-8.7578125,7.4296875,11.296875
2018-08-18,4.2965927,7.052241,-20.84375,22.1875,-8.6640625,7.455078,11.1796875
2018-08-19,4.503156,7.0409837,-20.65625,22.1875,-8.4765625,7.6640625,11.401955
2018-08-20,4.39979,7.0142646,-20.625,22.125,-8.5234375,7.5351562,11.32383
2018-08-21,4.3255606,6.961968,-20.59375,21.96875,-8.499218,7.419922,11.21875
2018-08-22,4.4144454,6.936073,-20.59375,21.890625,-8.3671875,7.4765625,11.300392
2018-08-23,4.379026,6.928194,-20.75,21.9375,-8.3984375,7.421875,11.26133
2018-08-24,4.2081413,6.8767877,-20.375,21.84375,-8.436718,7.25,10.983597
2018-08-25,4.1922555,6.8403053,-20.59375,21.84375,-8.3828125,7.203125,10.933205
2018-08-26,4.382545,6.828059,-20.625,21.75,-8.2421875,7.40625,11.078125
2018-08-27,4.3523726,6.8165336,-20.53125,21.75,-8.2421875,7.3476562,11.04258
2018-08-28,4.172502,6.763562,-20.375,21.65625,-8.2734375,7.140625,10.859375
2018-08-29,4.2272987,6.712759,-20.0625,21.59375,-8.1328125,7.1640625,10.8828125
2018-08-30,4.2863283,6.669484,-20.0,21.46875,-8.014843,7.203125,10.90625
2018-08-31,4.19896,6.631251,-20.15625,21.5,-8.0234375,7.09375,10.7734375
2018-09-01,4.1303096,6.593938,-20.25,21.546875,-8.0078125,7.0078125,10.6796875
2018-09-02,4.087534,6.560498,-20.28125,21.5625,-8.014843,6.9296875,10.6015625
2018-09-03,4.195161,6.524611,-20.25,21.53125,-7.8203125,6.998047,10.7734375
2018-09-04,4.0448437,6.474854,-20.125,21.46875,-7.8828125,6.8085938,10.5625
2018-09-05,4.0846443,6.430982,-19.90625,21.5,-7.7890625,6.8320312,10.53125
2018-09-06,3.981409,6.37715,-19.75,21.46875,-7.7648435,6.6992188,10.378517
2018-09-07,3.9225495,6.323486,-19.75,21.40625,-7.6953125,6.6015625,10.276955
2018-09-08,3.988746,6.2821207,-19.6875,21.3125,-7.5859375,6.6484375,10.328125
2018-09-09,3.9737086,6.227183,-19.59375,21.1875,-7.4921875,6.591797,10.3046875
2018-09-10,3.8662713,6.16326,-19.75,21.1875,-7.4523435,6.4492188,10.128517
2018-09-11,3.9216638,6.114901,-19.46875,21.171875,-7.3203125,6.4570312,10.15625
2018-09-12,3.9542816,6.0874267,-19.34375,21.09375,-7.2734375,6.46875,10.1875
2018-09-13,3.709116,6.0113463,-19.53125,20.890625,-7.3429685,6.2109375,9.8125
2018-09-14,3.7204785,5.9727917,-19.625,20.90625,-7.2734375,6.1875,9.784767
2018-09-15,3.7443764,5.938643,-19.59375,20.875,-7.2109375,6.1953125,9.78125
2018-09-16,3.6270916,5.8847594,-19.84375,20.6875,-7.1640625,6.046875,9.609375
2018-09-17,3.4204922,5.792059,-19.625,20.53125,-7.1953125,5.7929688,9.296097
2018-09-18,3.4789796,5.71979,-19.21875,20.40625,-7.0078125,5.8046875,9.347267
2018-09-19,3.4694552,5.661242,-19.09375,20.234375,-6.8828125,5.7578125,9.3125
2018-09-20,3.479778,5.622351,-18.9375,20.15625,-6.8359375,5.7148438,9.331642
2018-09-21,3.4325054,5.5727477,-18.96875,20.0625,-6.7578125,5.6328125,9.191017
2018-09-22,3.450043,5.5184116,-18.90625,19.890625,-6.6796875,5.6054688,9.1875
2018-09-23,3.3331354,5.4647,-18.96875,19.8125,-6.6484375,5.4414062,9.0234375
2018-09-24,3.4019575,5.430173,-18.71875,19.6875,-6.5546875,5.5,9.0625
2018-09-25,3.3528507,5.3840947,-18.78125,19.65625,-6.5078125,5.3945312,9.066017
2018-09-26,3.24782,5.3286037,-18.625,19.609375,-6.5078125,5.2617188,8.875
2018-09-27,3.135307,5.2542653,-18.4375,19.4375,-6.4609375,5.0996094,8.6875
2018-09-28,3.067449,5.1891823,-18.46875,19.296875,-6.3828125,4.9921875,8.5546875
2018-09-29,3.0122778,5.1219363,-18.4375,19.109375,-6.3203125,4.9023438,8.409767
2018-09-30,3.0267746,5.0797257,-18.5625,19.0625,-6.2335935,4.875,8.4140625
2018-10-01,2.91366,5.049756,-18.75,18.90625,-6.2890625,4.748047,8.264847
2018-10-02,2.8178349,5.0098557,-18.625,18.703125,-6.3046875,4.6210938,8.1796875
2018-10-03,2.6903625,4.943615,-18.5625,18.59375,-6.3046875,4.4765625,7.9353523
2018-10-04,2.5448394,4.8699174,-18.5625,18.40625,-6.2890625,4.2851562,7.697071
2018-10-05,2.424988,4.7701006,-18.3125,18.3125,-6.1675777,4.1015625,7.472267
2018-10-06,2.419375,4.710347,-18.25,18.1875,-6.0546875,4.060547,7.4236336
2018-10-07,2.3339975,4.658763,-18.25,17.96875,-6.0304685,3.9453125,7.2791023
2018-10-08,2.2296016,4.6048083,-18.40625,17.734375,-6.0582027,3.8105469,7.118946
2018-10-09,2.1590228,4.552936,-18.4375,17.546875,-6.0,3.7050781,7.0134773
2018-10-10,2.1741705,4.4925103,-18.34375,17.53125,-5.8429685,3.6816406,6.9957047
2018-10-11,2.0828922,4.4341135,-18.3125,17.296875,-5.8046875,3.5507812,6.8320312
2018-10-12,1.9112761,4.369601,-18.40625,17.1875,-5.8359375,3.3242188,6.6640625
2018-10-13,1.7793396,4.2917686,-18.375,17.03125,-5.8359375,3.1484375,6.421875
2018-10-14,1.7263726,4.228108,-18.3125,16.71875,-5.7421875,3.0546875,6.359375
2018-10-15,1.6718754,4.1744237,-18.0625,16.53125,-5.671875,2.9746094,6.234375
2018-10-16,1.5568558,4.115522,-18.09375,16.4375,-5.678906,2.8164062,6.0703125
2018-10-17,1.5279942,4.075447,-18.09375,16.359375,-5.647656,2.7695312,6.0390625
2018-10-18,1.3265289,4.0016217,-17.9375,16.328125,-5.678906,2.5195312,5.765625
2018-10-19,1.3276144,3.9623966,-18.03125,16.171875,-5.5859375,2.5078125,5.7148438
2018-10-20,1.4640101,3.9408374,-18.0625,16.03125,-5.428906,2.6289062,5.875
2018-10-21,1.3298819,3.8820505,-18.0,15.8984375,-5.428906,2.453125,5.6875
2018-10-22,1.1538633,3.796111,-18.03125,15.828125,-5.4140625,2.2460938,5.3710938
2018-10-23,1.2312273,3.7641945,-17.875,15.640625,-5.2578125,2.2929688,5.5039062
2018-10-24,1.2067975,3.7107766,-17.875,15.609375,-5.1640625,2.2226562,5.42754
2018-10-25,1.1485978,3.6796818,-18.0,15.6015625,-5.132031,2.1601562,5.3671875
2018-10-26,0.92401135,3.625179,-18.09375,15.546875,-5.21875,1.90625,5.0955086
2018-10-27,0.8623734,3.5753624,-17.96875,15.484375,-5.1796875,1.8203125,4.9548836
2018-10-28,0.79722095,3.508547,-17.8125,15.296875,-5.09375,1.7265625,4.8398438
2018-10-29,0.6938577,3.4519398,-17.75,15.1953125,-5.09375,1.578125,4.6679688
2018-10-30,0.579145,3.412186,-17.8125,14.9921875,-5.125,1.453125,4.5173836
2018-10-31,0.5702884,3.3646388,-17.8125,14.875,-5.0,1.421875,4.4804688
2018-11-01,0.5136893,3.299768,-17.75,14.796875,-4.90625,1.3203125,4.3710938
2018-11-02,0.5542855,3.2483966,-17.65625,14.59375,-4.78125,1.34375,4.3671875
2018-11-03,0.5212565,3.221313,-17.625,14.4453125,-4.7769527,1.2890625,4.296486
2018-11-04,0.37955585,3.1831846,-17.78125,14.3828125,-4.803906,1.109375,4.1580086
2018-11-05,0.21103741,3.1384227,-17.5625,14.15625,-4.890625,0.9140625,3.9548836
2018-11-06,0.16768365,3.1082103,-17.65625,14.046875,-4.8515625,0.8515625,3.8767586
2018-11-07,0.0847548,3.0568264,-17.59375,13.890625,-4.8515625,0.734375,3.7265625
2018-11-08,0.23932336,3.0370789,-17.53125,13.8125,-4.609375,0.8671875,3.9335938
2018-11-09,0.19279113,3.000133,-17.65625,13.78125,-4.5625,0.796875,3.828125
2018-11-10,0.044786032,2.9756012,-17.78125,13.5625,-4.6484375,0.640625,3.6523438
2018-11-11,-0.16832612,2.9212792,-17.53125,13.375,-4.78125,0.40625,3.3884773
2018-11-12,-0.10355669,2.8849971,-17.59375,13.2890625,-4.6484375,0.4375,3.4296875
2018-11-13,-0.2415695,2.8441677,-17.59375,13.3046875,-4.671875,0.2734375,3.2517586
2018-11-14,-0.38787934,2.8221736,-17.59375,13.21875,-4.7578125,0.11328125,3.087696
2018-11-15,-0.46307582,2.7896245,-17.53125,13.1015625,-4.7734375,0.0234375,2.9921875
2018-11-16,-0.54241276,2.7353194,-17.375,13.078125,-4.7265625,-0.0859375,2.8728523
2018-11-17,-0.53681284,2.718822,-17.375,12.9453125,-4.703125,-0.1015625,2.8494148
2018-11-18,-0.5295642,2.6964312,-17.40625,12.765625,-4.6171875,-0.1328125,2.9335938
2018-11-19,-0.6658288,2.6546247,-17.53125,12.734375,-4.678906,-0.265625,2.681446
2018-11-20,-0.7527599,2.6311612,-17.5,12.703125,-4.71875,-0.390625,2.6050797
2018-11-21,-0.7508344,2.5945272,-17.34375,12.65625,-4.609375,-0.390625,2.546875
2018-11-22,-0.8369283,2.5668666,-17.28125,12.6484375,-4.6640625,-0.4921875,2.4101562
2018-11-23,-0.9371071,2.5368197,-17.25,12.546875,-4.703125,-0.6015625,2.296875
2018-11-24,-0.9078979,2.5151021,-17.25,12.4453125,-4.6171875,-0.5859375,2.312111
2018-11-25,-0.7247081,2.508258,-17.1875,12.3359375,-4.4054685,-0.421875,2.4882812
2018-11-26,-0.87172,2.4731166,-17.21875,12.3828125,-4.5,-0.59375,2.2773438
2018-11-27,-0.88096917,2.4707646,-17.25,12.4453125,-4.491406,-0.6171875,2.2695312
2018-11-28,-1.0611657,2.4446752,-17.3125,12.359375,-4.6171875,-0.8125,2.078125
2018-11-29,-1.0823958,2.4258428,-17.15625,12.25,-4.609375,-0.8359375,2.125
2018-11-30,-1.1323153,2.4011812,-17.03125,12.1875,-4.59375,-0.90625,2.0234375
2018-12-01,-0.9908054,2.4084399,-17.0625,12.203125,-4.453125,-0.7578125,2.1523438
2018-12-02,-1.1685224,2.382218,-17.09375,12.171875,-4.569531,-0.9609375,1.9509773
2018-12-03,-1.0968124,2.371753,-17.21875,12.09375,-4.484375,-0.890625,1.9996109
2018-12-04,-1.1643615,2.3437104,-17.09375,12.1171875,-4.5035152,-0.96875,1.9019547
2018-12-05,-1.138275,2.3387806,-17.0,12.109375,-4.484375,-0.9453125,1.953125
2018-12-06,-1.2292454,2.3325894,-16.90625,12.1328125,-4.5234375,-1.0585938,1.8203125
2018-12-07,-1.3592064,2.314073,-16.96875,12.015625,-4.6640625,-1.1992188,1.6875
2018-12-08,-1.1143937,2.3156793,-16.96875,12.1640625,-4.4140625,-0.9453125,1.8945312
2018-12-09,-1.2081997,2.3146386,-17.15625,12.234375,-4.5,-1.0625,1.8242188
2018-12-10,-1.333268,2.3151805,-17.09375,12.1953125,-4.609375,-1.203125,1.7265625
2018-12-11,-1.4391475,2.2951105,-17.0,12.1484375,-4.678906,-1.3085938,1.5347672
2018-12-12,-1.4617829,2.2852933,-16.96875,12.03125,-4.6875,-1.3359375,1.515625
2018-12-13,-1.601104,2.2726822,-16.90625,12.1015625,-4.78125,-1.5,1.4097672
2018-12-14,-1.5829221,2.2752004,-16.84375,12.09375,-4.7734375,-1.4765625,1.3785172
2018-12-15,-1.5465393,2.268334,-16.84375,12.0703125,-4.71875,-1.4492188,1.4253922
2018-12-16,-1.3821049,2.2658107,-16.90625,12.09375,-4.6171875,-1.2695312,1.5703125
2018-12-17,-1.4247837,2.2837431,-16.875,12.1640625,-4.6554685,-1.3046875,1.53125
2018-12-18,-1.4598433,2.2635653,-16.71875,12.1953125,-4.6328125,-1.3671875,1.46875
2018-12-19,-1.433358,2.2930539,-16.84375,12.171875,-4.671875,-1.3359375,1.53125
2018-12-20,-1.4730172,2.2846441,-16.84375,12.1796875,-4.694531,-1.390625,1.484375
2018-12-21,-1.5808849,2.2948413,-16.84375,12.140625,-4.828125,-1.5,1.3984375
2018-12-22,-1.5779836,2.2878478,-16.90625,12.1640625,-4.78125,-1.5078125,1.390625
2018-12-23,-1.6172838,2.3016021,-16.90625,12.0234375,-4.8671875,-1.5546875,1.34375
2018-12-24,-1.6921747,2.3242702,-16.875,12.0234375,-4.9921875,-1.6289062,1.3125
2018-12-25,-1.7693717,2.3420053,-16.875,12.1484375,-5.109375,-1.7109375,1.265625
2018-12-26,-1.9083737,2.340599,-16.875,12.109375,-5.2578125,-1.8671875,1.1207047
2018-12-27,-1.9088014,2.3619182,-16.9375,12.109375,-5.34375,-1.8671875,1.1441422
2018-12-28,-1.9229941,2.363155,-16.875,12.1484375,-5.328125,-1.875,1.1171875
2018-12-29,-1.987313,2.377395,-16.8125,12.15625,-5.4765625,-1.9296875,1.078125
2018-12-30,-1.8999614,2.4035172,-16.625,12.25,-5.4375,-1.8359375,1.1875
2018-12-31,-1.9074347,2.4234145,-16.65625,12.296875,-5.4765625,-1.8359375,1.1910172
2019-01-01,-1.8981346,2.4318569,-16.59375,12.21875,-5.46875,-1.8203125,1.1875
2019-01-02,-1.9749395,2.4552202,-16.5625,12.1875,-5.5929685,-1.90625,1.1597672
2019-01-03,-1.9001478,2.4762557,-16.625,12.3125,-5.53125,-1.84375,1.2890625
2019-01-04,-2.0383675,2.4930682,-16.53125,12.3125,-5.7421875,-1.984375,1.1441422
2019-01-05,-2.071499,2.5184836,-16.5,12.28125,-5.8515625,-2.0234375,1.1328125
2019-01-06,-1.9962285,2.5387123,-16.5625,12.265625,-5.8203125,-1.921875,1.2457047
2019-01-07,-1.992745,2.5821173,-16.5,12.4453125,-5.875,-1.9296875,1.328125
2019-01-08,-2.1548522,2.6027772,-16.5,12.3828125,-6.078125,-2.0859375,1.1832047
2019-01-09,-2.0184433,2.6469889,-16.40625,12.4296875,-6.0460935,-1.9375,1.3671875
2019-01-10,-2.017175,2.6836698,-16.40625,12.5234375,-6.078125,-1.953125,1.4375
2019-01-11,-2.2092726,2.7187433,-16.40625,12.515625,-6.3515625,-2.1484375,1.296875
2019-01-12,-2.2471244,2.7510228,-16.40625,12.5859375,-6.4140625,-2.171875,1.3203125
2019-01-13,-2.3803847,2.7589288,-16.40625,12.4453125,-6.5546875,-2.3203125,1.2300797
2019-01-14,-2.2522407,2.737259,-16.1875,12.5625,-6.3515625,-2.234375,1.3628922
2019-01-15,-2.1099827,2.7843933,-16.125,12.546875,-6.2578125,-2.1171875,1.6484375
2019-01-16,-2.292348,2.8188412,-16.09375,12.5546875,-6.5234375,-2.296875,1.5234375
2019-01-17,-2.3718393,2.8515377,-16.25,12.3984375,-6.7265625,-2.3671875,1.4609375
2019-01-18,-2.3850286,2.9169087,-16.4375,12.515625,-6.8828125,-2.3671875,1.4800797
2019-01-19,-2.423505,2.9545648,-16.40625,12.546875,-6.9609375,-2.4140625,1.5269547
2019-01-20,-2.4606547,2.9867735,-16.625,12.5546875,-7.0148435,-2.4609375,1.5972672
2019-01-21,-2.4864273,3.0456817,-16.65625,12.53125,-7.2265625,-2.46875,1.6171875
2019-01-22,-2.6618512,3.085574,-16.625,12.5703125,-7.4921875,-2.625,1.4453125
2019-01-23,-2.7680705,3.1191587,-16.5,12.703125,-7.6015625,-2.7578125,1.4175797
2019-01-24,-2.8237662,3.1726744,-16.5,12.609375,-7.8046875,-2.796875,1.4253922
2019-01-25,-2.8888524,3.2449946,-16.875,12.78125,-7.9921875,-2.8515625,1.4375
2019-01-26,-3.0124972,3.309382,-17.0,12.734375,-8.217968,-2.984375,1.40625
2019-01-27,-3.1615574,3.3603663,-17.15625,12.78125,-8.4453125,-3.1171875,1.328125
2019-01-28,-3.2939646,3.4122462,-17.21875,12.8125,-8.6484375,-3.2734375,1.2457047
2019-01-29,-3.392557,3.4696512,-17.03125,12.984375,-8.8515625,-3.34375,1.1875
2019-01-30,-3.4499474,3.4964595,-17.15625,12.8046875,-8.9140625,-3.4453125,1.2535172
2019-01-31,-3.5660944,3.5345106,-17.40625,12.921875,-9.0703125,-3.5546875,1.21875
2019-02-01,-3.6587362,3.5685039,-17.65625,12.9453125,-9.2109375,-3.6914062,1.1796875
2019-02-02,-3.458929,3.6203134,-17.4375,13.015625,-9.0859375,-3.5078125,1.4921875
2019-02-03,-3.5635517,3.715422,-17.6875,13.1484375,-9.3203125,-3.59375,1.5660172
2019-02-04,-3.6661053,3.7879353,-17.96875,13.3125,-9.5234375,-3.7109375,1.4921875
2019-02-05,-3.7345788,3.8470702,-17.8125,13.2421875,-9.6484375,-3.8007812,1.5
2019-02-06,-3.7780628,3.8912113,-17.8125,13.3046875,-9.7421875,-3.8554688,1.6171875
2019-02-07,-3.857171,3.9378893,-18.0,13.2265625,-9.889843,-3.9375,1.6207047
2019-02-08,-3.9395752,4.014184,-18.25,13.28125,-10.1171875,-4.015625,1.625
2019-02-09,-4.037628,4.087839,-18.40625,13.265625,-10.342968,-4.09375,1.4800797
2019-02-10,-4.0874352,4.1245375,-18.34375,13.4296875,-10.3828125,-4.1679688,1.4488297
2019-02-11,-4.066431,4.177119,-18.4375,13.4375,-10.389843,-4.1953125,1.6519547
2019-02-12,-4.1323094,4.256912,-18.65625,13.484375,-10.5703125,-4.265625,1.671875
2019-02-13,-4.2619176,4.297847,-18.78125,13.5078125,-10.7109375,-4.3984375,1.6242218
2019-02-14,-4.3174205,4.346669,-18.875,13.5078125,-10.8515625,-4.484375,1.59375
2019-02-15,-4.3366723,4.395432,-19.125,13.59375,-10.8828125,-4.5234375,1.671875
2019-02-16,-4.237855,4.4600477,-19.09375,13.6640625,-10.858593,-4.4296875,1.8550797
2019-02-17,-4.1406245,4.572775,-19.21875,13.921875,-10.936718,-4.3359375,2.0351562
2019-02-18,-4.313413,4.620169,-19.15625,13.8125,-11.124218,-4.5,1.9722672
2019-02-19,-4.2988653,4.6540627,-19.1875,13.796875,-11.1328125,-4.5,2.0234375
2019-02-20,-4.2784967,4.7285995,-18.9375,13.953125,-11.217968,-4.484375,2.0976562
2019-02-21,-4.372207,4.7504725,-19.0,13.90625,-11.3046875,-4.59375,2.1054688
2019-02-22,-4.391206,4.7705846,-18.90625,14.0,-11.3203125,-4.578125,2.0603523
2019-02-23,-4.314264,4.803613,-19.0,13.9609375,-11.1953125,-4.5546875,2.234375
2019-02-24,-4.286765,4.847527,-19.03125,14.078125,-11.1953125,-4.5390625,2.312111
2019-02-25,-4.211235,4.907496,-18.78125,14.0703125,-11.1796875,-4.484375,2.4648438
2019-02-26,-4.309235,4.9335594,-18.71875,14.171875,-11.3203125,-4.5546875,2.3710938
2019-02-27,-4.309097,4.974018,-18.78125,14.109375,-11.3671875,-4.5546875,2.374611
2019-02-28,-4.2826123,5.008566,-18.78125,14.15625,-11.3671875,-4.53125,2.4804688
2019-03-01,-4.213474,5.0658407,-18.625,14.203125,-11.3359375,-4.4453125,2.5976562
2019-03-02,-4.2584105,5.106894,-18.78125,14.3125,-11.4140625,-4.484375,2.609375
2019-03-03,-4.209185,5.159709,-18.9375,14.328125,-11.4609375,-4.4296875,2.6753922
2019-03-04,-4.2010007,5.1778226,-18.84375,14.359375,-11.4453125,-4.3984375,2.671875
2019-03-05,-4.100544,5.18505,-18.6875,14.3046875,-11.3046875,-4.3046875,2.7539062
2019-03-06,-4.0531416,5.1818714,-18.5625,14.359375,-11.1953125,-4.3046875,2.8103523
2019-03-07,-3.8642764,5.229323,-18.65625,14.421875,-11.061718,-4.1210938,3.1423836
2019-03-08,-3.7677405,5.2580447,-18.65625,14.4375,-11.0390625,-4.0078125,3.181446
2019-03-09,-3.6535912,5.3020134,-18.40625,14.65625,-10.9609375,-3.8828125,3.3806648
2019-03-10,-3.602864,5.3027725,-18.28125,14.734375,-10.8828125,-3.8515625,3.3572273
2019-03-11,-3.4937332,5.295532,-18.09375,14.78125,-10.7109375,-3.7578125,3.484375
2019-03-12,-3.3987925,5.3121767,-18.09375,14.796875,-10.655468,-3.6484375,3.6150398
2019-03-13,-3.4066725,5.345584,-17.96875,14.84375,-10.7109375,-3.625,3.59375
2019-03-14,-3.3688157,5.428306,-17.90625,14.9453125,-10.7578125,-3.5546875,3.7382812
2019-03-15,-3.3852384,5.486139,-17.96875,15.046875,-10.8515625,-3.5273438,3.7478523
2019-03-16,-3.2806742,5.5092583,-17.90625,14.984375,-10.7734375,-3.3828125,3.8710938
2019-03-17,-3.3353555,5.502904,-17.875,15.046875,-10.8203125,-3.4023438,3.8085938
2019-03-18,-3.2478368,5.5458713,-17.90625,15.203125,-10.8046875,-3.3046875,3.9453125
2019-03-19,-3.2749736,5.5510106,-17.8125,15.28125,-10.8359375,-3.28125,3.8337898
2019-03-20,-3.220137,5.574543,-17.75,15.2421875,-10.842968,-3.1875,3.8476562
2019-03-21,-2.9223936,5.6328206,-17.375,15.234375,-10.5859375,-2.890625,4.2890625
2019-03-22,-2.8982408,5.644792,-17.34375,15.390625,-10.5859375,-2.8164062,4.28125
2019-03-23,-2.864948,5.679471,-17.1875,15.4375,-10.6171875,-2.7148438,4.30254
2019-03-24,-2.7258995,5.7315817,-16.90625,15.6015625,-10.530468,-2.515625,4.546875
2019-03-25,-2.5934672,5.742765,-16.8125,15.5625,-10.4296875,-2.359375,4.640625
2019-03-26,-2.4885411,5.762542,-16.75,15.578125,-10.3671875,-2.1953125,4.7382812
2019-03-27,-2.445671,5.820846,-16.875,15.671875,-10.3984375,-2.0742188,4.8125
2019-03-28,-2.4734938,5.841209,-16.875,15.7890625,-10.499218,-1.9960938,4.8398438
2019-03-29,-2.4210908,5.855868,-16.9375,15.765625,-10.4453125,-1.8984375,4.828125
2019-03-30,-2.290246,5.8526187,-16.9375,15.765625,-10.311718,-1.7382812,4.9375
2019-03-31,-2.0423007,5.8783197,-16.75,15.796875,-10.139843,-1.4765625,5.171875
2019-04-01,-1.952158,5.8940744,-16.84375,15.78125,-10.0859375,-1.265625,5.290821
2019-04-02,-1.8309319,5.921133,-16.84375,15.8671875,-9.9765625,-1.125,5.42754
2019-04-03,-1.7829832,5.9471593,-16.90625,15.90625,-10.0078125,-0.9921875,5.4648438
2019-04-04,-1.7854149,5.956238,-16.9375,16.0625,-10.0703125,-0.9140625,5.4179688
2019-04-05,-1.7055002,5.982292,-16.96875,16.09375,-10.0234375,-0.75,5.4648438
2019-04-06,-1.4961648,6.052924,-17.03125,16.1875,-9.9453125,-0.4296875,5.7421875
2019-04-07,-1.4676375,6.0844464,-17.15625,16.140625,-9.983593,-0.3125,5.8164062
2019-04-08,-1.3854796,6.0957665,-17.125,16.265625,-9.9140625,-0.17578125,5.8671875
2019-04-09,-1.3515162,6.0686364,-17.125,16.1875,-9.8671875,-0.046875,5.8320312
2019-04-10,-1.3279713,6.051326,-17.0625,16.15625,-9.8515625,-0.01171875,5.8046875
2019-04-11,-1.1332792,6.0656133,-16.96875,16.265625,-9.6640625,0.2578125,5.9800797
2019-04-12,-0.96893203,6.09966,-16.9375,16.34375,-9.624218,0.5234375,6.140625
2019-04-13,-0.8500197,6.1285987,-16.84375,16.46875,-9.577343,0.7421875,6.265625
2019-04-14,-0.7909236,6.1384726,-16.875,16.65625,-9.5390625,0.87890625,6.3455086
2019-04-15,-0.54205066,6.1791286,-16.84375,16.671875,-9.3984375,1.2109375,6.609375
2019-04-16,-0.38613907,6.2145567,-16.90625,16.828125,-9.3203125,1.4648438,6.75
2019-04-17,-0.33868316,6.2284317,-16.9375,16.984375,-9.3515625,1.5625,6.7947273
2019-04-18,-0.33432713,6.238373,-17.0,17.046875,-9.389843,1.6484375,6.7578125
2019-04-19,-0.21768932,6.2733397,-17.03125,17.171875,-9.3671875,1.8515625,6.880665
2019-04-20,-0.0451517,6.290823,-17.03125,17.234375,-9.2421875,2.1152344,7.0390625
2019-04-21,0.05725389,6.3020167,-17.125,17.453125,-9.2109375,2.3320312,7.1445312
2019-04-22,0.19803882,6.317085,-17.125,17.59375,-9.1328125,2.5195312,7.25
2019-04-23,0.38378826,6.329634,-17.0625,17.546875,-9.0234375,2.7832031,7.4296875
2019-04-24,0.30649728,6.3037033,-17.125,17.71875,-9.1015625,2.7929688,7.2890625
2019-04-25,0.33590433,6.335635,-17.25,17.890625,-9.1484375,2.9082031,7.2830086
2019-04-26,0.508286,6.3727674,-17.1875,18.03125,-9.0546875,3.1367188,7.421875
2019-04-27,0.5362766,6.3921776,-17.28125,18.1875,-9.1015625,3.2558594,7.421875
2019-04-28,0.7173505,6.4137597,-17.28125,18.34375,-9.0078125,3.5117188,7.5625
2019-04-29,0.8615599,6.4346094,-17.34375,18.390625,-8.9296875,3.7265625,7.6892586
2019-04-30,0.9552507,6.4454327,-17.34375,18.5625,-8.9140625,3.8378906,7.806446
2019-05-01,1.059126,6.467986,-17.40625,18.65625,-8.8671875,4.001953,7.9179688
2019-05-02,1.123567,6.4809675,-17.34375,18.875,-8.8828125,4.111328,7.8945312
2019-05-03,1.1672504,6.4688344,-17.28125,19.125,-8.827343,4.126953,7.9414062
2019-05-04,1.2655267,6.4780526,-17.28125,19.328125,-8.780468,4.279297,7.9666023
2019-05-05,1.3665822,6.5103784,-17.375,19.5625,-8.7890625,4.4296875,8.066017
2019-05-06,1.351972,6.521024,-17.375,19.78125,-8.8515625,4.439453,8.0234375
2019-05-07,1.4004384,6.5186095,-17.28125,19.875,-8.8515625,4.4960938,8.0234375
2019-05-08,1.5992429,6.529122,-17.28125,20.1875,-8.686718,4.6875,8.21875
2019-05-09,1.7689879,6.553734,-17.28125,20.375,-8.6328125,4.8984375,8.375
2019-05-10,1.7431787,6.557216,-17.28125,20.5625,-8.6796875,4.8535156,8.331642
2019-05-11,1.7919384,6.565867,-17.28125,20.84375,-8.7109375,4.876953,8.3515625
2019-05-12,1.946697,6.5852365,-17.40625,21.03125,-8.6640625,5.0664062,8.519142
2019-05-13,2.0385902,6.604923,-17.46875,21.28125,-8.6484375,5.15625,8.625
2019-05-14,2.1088293,6.6038055,-17.46875,21.4375,-8.6171875,5.2460938,8.6484375
2019-05-15,2.1764655,6.6110044,-17.59375,21.546875,-8.6171875,5.2929688,8.683205
2019-05-16,2.2595823,6.6153927,-17.59375,21.8125,-8.5859375,5.3554688,8.75
2019-05-17,2.3308473,6.6238832,-17.6875,22.03125,-8.5859375,5.408203,8.8515625
2019-05-18,2.3832397,6.632953,-17.6875,22.234375,-8.6015625,5.4414062,8.8671875
2019-05-19,2.4610093,6.6484747,-17.6875,22.359375,-8.624218,5.501953,8.9296875
2019-05-20,2.5856142,6.667572,-17.71875,22.5625,-8.592968,5.6445312,9.0546875
2019-05-21,2.5788422,6.677677,-17.875,22.671875,-8.6953125,5.609375,9.0078125
2019-05-22,2.7090535,6.697402,-17.9375,22.78125,-8.6640625,5.71875,9.120705
2019-05-23,2.8000033,6.718946,-18.0,22.96875,-8.6640625,5.78125,9.2421875
2019-05-24,2.966864,6.745271,-18.0625,23.140625,-8.6015625,5.9765625,9.40625
2019-05-25,3.086509,6.7756205,-18.0,23.21875,-8.6171875,6.1171875,9.5390625
2019-05-26,3.2100265,6.804885,-18.125,23.34375,-8.6328125,6.21875,9.703125
2019-05-27,3.1547577,6.8099995,-18.09375,23.53125,-8.7578125,6.109375,9.6328125
2019-05-28,3.1545804,6.8065515,-18.0625,23.53125,-8.796093,6.0996094,9.5859375
2019-05-29,3.2419775,6.820878,-18.1875,23.65625,-8.7890625,6.1796875,9.6953125
2019-05-30,3.4379845,6.8500104,-18.21875,23.75,-8.7421875,6.3789062,9.890625
2019-05-31,3.5277245,6.8760796,-18.25,23.890625,-8.7734375,6.4804688,9.972267
2019-06-01,3.5776346,6.8966055,-18.25,23.96875,-8.8046875,6.515625,10.03125
2019-06-02,3.7118695,6.922995,-18.375,24.09375,-8.7734375,6.6640625,10.214455
2019-06-03,3.635993,6.9354987,-18.375,24.109375,-8.9140625,6.5546875,10.0859375
2019-06-04,3.7523804,6.9472976,-18.4375,24.15625,-8.8671875,6.6484375,10.21875
2019-06-05,3.834036,6.969138,-18.40625,24.15625,-8.889843,6.7402344,10.3125
2019-06-06,3.974966,7.0021396,-18.53125,24.1875,-8.8828125,6.923828,10.4765625
2019-06-07,4.003093,7.0364943,-18.4375,24.25,-8.9609375,6.96875,10.53125
2019-06-08,3.9918633,7.052953,-18.46875,24.328125,-9.030468,6.9570312,10.487892
2019-06-09,4.032964,7.059144,-18.5,24.296875,-9.092968,7.0078125,10.53125
2019-06-10,4.2109604,7.0748363,-18.6875,24.3125,-8.967968,7.1933594,10.7109375
2019-06-11,4.104514,7.0884986,-18.6875,24.34375,-9.1484375,7.1054688,10.5859375
2019-06-12,4.2119327,7.1006384,-18.78125,24.28125,-9.1015625,7.2265625,10.683205
2019-06-13,4.327473,7.1284995,-18.8125,24.234375,-9.0546875,7.359375,10.85508
2019-06-14,4.3283625,7.1376896,-18.875,24.1875,-9.1328125,7.3984375,10.8359375
2019-06-15,4.4394994,7.161564,-18.84375,24.34375,-9.1015625,7.5078125,10.9921875
2019-06-16,4.4109006,7.1753497,-18.875,24.234375,-9.1640625,7.498047,10.9765625
2019-06-17,4.488573,7.176306,-18.96875,24.203125,-9.1015625,7.59375,11.078125
2019-06-18,4.555886,7.188432,-19.125,24.125,-9.077343,7.6796875,11.128517
2019-06-19,4.683356,7.219963,-19.25,24.125,-9.0234375,7.796875,11.296875
2019-06-20,4.7507367,7.254265,-19.34375,24.1875,-9.0390625,7.90625,11.394142
2019-06-21,4.8052382,7.278772,-19.4375,24.21875,-9.0703125,7.955078,11.53125
2019-06-22,4.685838,7.2877727,-19.53125,24.25,-9.2109375,7.859375,11.4140625
2019-06-23,4.700076,7.286863,-19.6875,24.3125,-9.186718,7.8515625,11.4140625
2019-06-24,4.7871013,7.299637,-19.8125,24.25,-9.1328125,7.9609375,11.5078125
2019-06-25,4.8029184,7.3186154,-19.84375,24.15625,-9.1484375,7.9882812,11.546875
2019-06-26,4.8717394,7.337774,-20.03125,24.28125,-9.1015625,8.0703125,11.640625
2019-06-27,4.829734,7.350168,-20.0,24.375,-9.1171875,8.03125,11.6015625
2019-06-28,4.668005,7.336829,-20.15625,24.3125,-9.2421875,7.890625,11.382034
2019-06-29,4.813216,7.3384705,-20.15625,24.234375,-9.1015625,8.0234375,11.5390625
2019-06-30,4.8661814,7.3582687,-20.25,24.25,-9.092968,8.1015625,11.63633
2019-07-01,4.838366,7.3611045,-20.15625,24.25,-9.1015625,8.082031,11.5625
2019-07-02,4.892761,7.363153,-20.1875,24.28125,-8.9921875,8.125,11.6484375
2019-07-03,4.894528,7.3628078,-20.1875,24.3125,-9.0078125,8.109375,11.703125
2019-07-04,4.7610273,7.3528724,-20.3125,24.234375,-9.0859375,7.984375,11.526955
2019-07-05,4.865277,7.35715,-20.28125,24.109375,-8.9609375,8.09375,11.651955
2019-07-06,4.8417897,7.371893,-20.375,24.09375,-9.0078125,8.0703125,11.651955
2019-07-07,4.783785,7.3666487,-20.375,24.03125,-9.0234375,8.03125,11.5703125
2019-07-08,4.879453,7.375715,-20.375,24.03125,-8.952343,8.125,11.6875
2019-07-09,4.961248,7.400597,-20.375,24.0625,-8.8984375,8.2265625,11.8046875
2019-07-10,4.9013977,7.417036,-20.5,24.03125,-8.9765625,8.171875,11.76133
2019-07-11,4.9191117,7.4184914,-20.46875,24.03125,-8.9921875,8.1875,11.784767
2019-07-12,4.9215016,7.4232926,-20.4375,23.96875,-8.9609375,8.203125,11.8125
2019-07-13,4.846258,7.4196286,-20.53125,23.9375,-9.0078125,8.125,11.7109375
2019-07-14,4.8319993,7.4077125,-20.5625,23.9375,-8.9609375,8.1328125,11.683205
2019-07-15,4.726831,7.398068,-20.78125,23.84375,-8.9921875,8.03125,11.5859375
2019-07-16,4.8667054,7.4050474,-20.9375,23.890625,-8.8828125,8.171875,11.737892
2019-07-17,4.822868,7.434146,-20.96875,23.859375,-8.9453125,8.1328125,11.796875
2019-07-18,4.717033,7.418609,-20.84375,23.8125,-9.0078125,8.0625,11.609375
2019-07-19,4.7844334,7.412688,-20.96875,23.765625,-8.905468,8.1328125,11.675392
2019-07-20,4.819499,7.4357176,-21.03125,23.75,-8.889843,8.1953125,11.7109375
2019-07-21,4.765373,7.44112,-20.9375,23.75,-8.9609375,8.136719,11.639847
2019-07-22,4.7318377,7.4286995,-20.96875,23.75,-8.9609375,8.109375,11.640625
2019-07-23,4.7069235,7.417018,-20.90625,23.765625,-8.936718,8.09375,11.609375
2019-07-24,4.7091126,7.4052744,-20.71875,23.75,-8.874218,8.09375,11.578125
2019-07-25,4.703966,7.3972173,-20.6875,23.765625,-8.8359375,8.0625,11.6171875
2019-07-26,4.6438217,7.390343,-20.71875,23.71875,-8.8984375,8.027344,11.515625
2019-07-27,4.760145,7.3990064,-20.90625,23.59375,-8.796093,8.15625,11.671875
2019-07-28,4.736247,7.4126663,-20.8125,23.625,-8.8828125,8.121094,11.7421875
2019-07-29,4.760727,7.407412,-20.78125,23.59375,-8.8359375,8.1328125,11.765625
2019-07-30,4.843778,7.417681,-20.78125,23.59375,-8.7890625,8.234375,11.8671875
2019-07-31,4.6964855,7.406642,-20.65625,23.609375,-8.8984375,8.09375,11.753517
2019-08-01,4.5676827,7.367513,-20.5,23.53125,-8.9765625,7.9433594,11.597267
2019-08-02,4.602784,7.3511605,-20.40625,23.515625,-8.905468,7.984375,11.6484375
2019-08-03,4.5643215,7.3429813,-20.375,23.46875,-8.8984375,7.955078,11.5859375
2019-08-04,4.5321474,7.3225727,-20.375,23.5,-8.8828125,7.9257812,11.5234375
2019-08-05,4.478418,7.296472,-20.34375,23.46875,-8.889843,7.8789062,11.46875
2019-08-06,4.4847636,7.2673335,-20.15625,23.453125,-8.858593,7.859375,11.4375
2019-08-07,4.4987817,7.2439075,-19.8125,23.484375,-8.827343,7.8691406,11.425392
2019-08-08,4.493873,7.2339425,-20.0,23.34375,-8.7890625,7.859375,11.4375
2019-08-09,4.4206257,7.2316394,-20.125,23.375,-8.8828125,7.794922,11.362892
2019-08-10,4.4672475,7.226128,-20.09375,23.390625,-8.8203125,7.845703,11.375
2019-08-11,4.327758,7.207314,-20.03125,23.3125,-8.9296875,7.6757812,11.269142
2019-08-12,4.391371,7.1795316,-20.0,23.234375,-8.7734375,7.751953,11.3046875
2019-08-13,4.2991905,7.156378,-20.03125,23.21875,-8.8203125,7.6328125,11.191017
2019-08-14,4.368916,7.1263294,-19.9375,23.21875,-8.702343,7.6953125,11.2734375
2019-08-15,4.4423103,7.1222954,-19.9375,23.21875,-8.655468,7.7617188,11.38633
2019-08-16,4.301087,7.1029477,-19.9375,23.21875,-8.733593,7.6015625,11.2890625
2019-08-17,4.132522,7.0502334,-19.96875,23.15625,-8.7734375,7.3984375,11.089455
2019-08-18,4.1586413,7.006836,-19.96875,23.109375,-8.686718,7.408203,10.96875
2019-08-19,4.3669233,6.998138,-19.78125,23.125,-8.5078125,7.6171875,11.16758
2019-08-20,4.263438,6.9732733,-19.75,23.109375,-8.5390625,7.484375,11.077347
2019-08-21,4.1900096,6.922259,-19.6875,23.015625,-8.4765625,7.3554688,10.941017
2019-08-22,4.2795234,6.897161,-19.6875,22.9375,-8.421093,7.4296875,11.050392
2019-08-23,4.243778,6.8913293,-19.8125,23.0,-8.4296875,7.3945312,11.01133
2019-08-24,4.073441,6.839625,-19.46875,22.9375,-8.5234375,7.2265625,10.745705
2019-08-25,4.05905,6.802671,-19.65625,22.875,-8.4609375,7.171875,10.6953125
2019-08-26,4.2501907,6.7905955,-19.6875,22.84375,-8.2421875,7.390625,10.8515625
2019-08-27,4.219784,6.782253,-19.59375,22.875,-8.2890625,7.3320312,10.875
2019-08-28,4.0408087,6.73037,-19.46875,22.84375,-8.3515625,7.125,10.644142
2019-08-29,4.098506,6.6780033,-19.15625,22.78125,-8.202343,7.1347656,10.66758
2019-08-30,4.1591787,6.637254,-19.09375,22.6875,-8.061718,7.1875,10.714455
2019-08-31,4.072731,6.599346,-19.1875,22.671875,-8.0859375,7.078125,10.5859375
2019-09-01,4.0053096,6.5642295,-19.28125,22.640625,-8.092968,6.9804688,10.5234375
2019-09-02,3.963614,6.5316453,-19.3125,22.59375,-8.0859375,6.9296875,10.3828125
2019-09-03,4.0739512,6.496967,-19.3125,22.53125,-7.8898435,7.0,10.5234375
2019-09-04,3.9248853,6.4481397,-19.1875,22.546875,-7.9140625,6.814453,10.34375
2019-09-05,3.9661632,6.4072037,-19.0,22.40625,-7.8046875,6.8359375,10.331642
2019-09-06,3.8649528,6.3534684,-18.875,22.375,-7.8046875,6.671875,10.183205
2019-09-07,3.8080034,6.30004,-18.84375,22.25,-7.7578125,6.591797,10.0859375
2019-09-08,3.875713,6.2594953,-18.75,22.21875,-7.6171875,6.6308594,10.140625
2019-09-09,3.8622487,6.206192,-18.6875,22.171875,-7.5078125,6.578125,10.1015625
2019-09-10,3.7564561,6.1431117,-18.84375,22.078125,-7.4921875,6.4296875,9.972267
2019-09-11,3.8134897,6.0988493,-18.5625,22.046875,-7.3828125,6.4453125,9.972267
2019-09-12,3.8481495,6.0748444,-18.4375,21.96875,-7.2890625,6.4472656,10.03125
2019-09-13,3.6044776,5.999244,-18.625,21.90625,-7.3984375,6.1621094,9.6796875
2019-09-14,3.6178343,5.963114,-18.71875,21.9375,-7.3117185,6.158203,9.6640625
2019-09-15,3.6438193,5.9316144,-18.65625,21.84375,-7.2421875,6.1484375,9.683205
2019-09-16,3.527759,5.876746,-18.90625,21.84375,-7.2265625,5.984375,9.5078125
2019-09-17,3.3228762,5.7837825,-18.75,21.65625,-7.1953125,5.7226562,9.203125
2019-09-18,3.384063,5.7133646,-18.40625,21.546875,-6.9921875,5.734375,9.23008
2019-09-19,3.3763528,5.653836,-18.25,21.53125,-6.9140625,5.6875,9.191017
2019-09-20,3.388344,5.618078,-18.125,21.53125,-6.8359375,5.6601562,9.21875
2019-09-21,3.3429303,5.5667543,-18.15625,21.390625,-6.7734375,5.5703125,9.125
2019-09-22,3.3625178,5.5154557,-18.125,21.390625,-6.6640625,5.5625,9.1015625
2019-09-23,3.2473855,5.4613905,-18.1875,21.34375,-6.6796875,5.390625,8.9453125
2019-09-24,3.3171036,5.4304743,-18.0625,21.21875,-6.6015625,5.4453125,8.96875
2019-09-25,3.2707136,5.386965,-18.03125,21.171875,-6.5390625,5.3398438,8.956642
2019-09-26,3.1672225,5.3331614,-18.125,21.109375,-6.5390625,5.1992188,8.796875
2019-09-27,3.0578797,5.2600074,-18.0,20.96875,-6.5078125,5.0546875,8.609375
2019-09-28,2.9931684,5.1964593,-18.09375,20.875,-6.4140625,4.9375,8.5
2019-09-29,2.9415753,5.131596,-18.0,20.734375,-6.3585935,4.8671875,8.390625
2019-09-30,2.958021,5.090672,-17.9375,20.640625,-6.2890625,4.8496094,8.3515625
2019-10-01,2.8465557,5.062316,-18.0625,20.5625,-6.3359375,4.7109375,8.21875
2019-10-02,2.7532485,5.0262055,-18.09375,20.375,-6.3359375,4.5859375,8.10508
2019-10-03,2.6279376,4.9589677,-18.125,20.28125,-6.3515625,4.4296875,7.8828125
2019-10-04,2.483678,4.883958,-18.125,20.171875,-6.3203125,4.265625,7.6423836
2019-10-05,2.3654346,4.783923,-18.0,20.0625,-6.2578125,4.078125,7.380665
2019-10-06,2.361342,4.7264395,-17.9375,19.9375,-6.1328125,4.0234375,7.3728523
2019-10-07,2.2775424,4.6763034,-17.90625,19.8125,-6.09375,3.9042969,7.25
2019-10-08,2.1761506,4.6216054,-17.96875,19.625,-6.078125,3.7695312,7.0625
2019-10-09,2.1069236,4.5708776,-18.03125,19.515625,-6.0390625,3.671875,6.956642
2019-10-10,2.1241481,4.5113006,-18.0,19.453125,-5.90625,3.6523438,6.9705086
2019-10-11,2.0335805,4.453087,-18.0625,19.28125,-5.882031,3.5351562,6.80254
2019-10-12,1.8633693,4.389,-17.9375,19.15625,-5.897656,3.3125,6.5898438
2019-10-13,1.733727,4.312439,-17.90625,19.015625,-5.890625,3.1386719,6.390625
2019-10-14,1.682385,4.249652,-17.84375,18.796875,-5.8046875,3.046875,6.3203125
2019-10-15,1.6286464,4.1974382,-17.875,18.609375,-5.796875,2.9570312,6.1853523
2019-10-16,1.5144155,4.1371646,-17.9375,18.53125,-5.765625,2.796875,6.0390625
2019-10-17,1.4874235,4.0980043,-17.90625,18.375,-5.7265625,2.7617188,5.96875
2019-10-18,1.2875291,4.0250854,-17.84375,18.234375,-5.75,2.4921875,5.7148438
2019-10-19,1.2900888,3.987728,-17.78125,18.03125,-5.65625,2.4726562,5.6953125
2019-10-20,1.4275141,3.9673574,-17.9375,17.8125,-5.46875,2.609375,5.818165
2019-10-21,1.2938762,3.9071732,-17.90625,17.625,-5.4921875,2.4335938,5.630665
2019-10-22,1.1185858,3.8214772,-17.9375,17.46875,-5.46875,2.2265625,5.322071
2019-10-23,1.1969987,3.7910926,-17.90625,17.21875,-5.3046875,2.2617188,5.474415
2019-10-24,1.1738826,3.7381232,-17.90625,17.078125,-5.225781,2.2148438,5.375
2019-10-25,1.1162125,3.7065513,-17.875,16.984375,-5.21875,2.1328125,5.3046875
2019-10-26,0.8926725,3.6539195,-17.875,16.84375,-5.3046875,1.8671875,5.0546875
2019-10-27,0.8307329,3.60261,-17.84375,16.78125,-5.234375,1.7929688,4.8984375
2019-10-28,0.76649415,3.5359566,-17.8125,16.546875,-5.1441402,1.671875,4.7578125
2019-10-29,0.664594,3.4818444,-17.75,16.34375,-5.140625,1.5625,4.612892
2019-10-30,0.5512701,3.442724,-17.71875,16.15625,-5.1796875,1.40625,4.474415
2019-10-31,0.54282975,3.3956192,-17.6875,16.015625,-5.0503902,1.390625,4.42754
2019-11-01,0.4873817,3.3318348,-17.71875,15.921875,-4.9765625,1.296875,4.3320312
2019-11-02,0.5290323,3.2813683,-17.6875,15.921875,-4.8515625,1.3125,4.337696
2019-11-03,0.49681956,3.2575924,-17.65625,15.8515625,-4.8515625,1.265625,4.275196
2019-11-04,0.35579532,3.220383,-17.59375,15.796875,-4.8828125,1.078125,4.1289062
2019-11-05,0.18784277,3.1759841,-17.5625,15.71875,-4.9453125,0.8984375,3.9353523
2019-11-06,0.14476818,3.1472666,-17.59375,15.671875,-4.9523435,0.828125,3.8359375
2019-11-07,0.06279222,3.0981004,-17.46875,15.734375,-4.90625,0.7109375,3.6736336
2019-11-08,0.2191828,3.0803747,-17.5,15.625,-4.671875,0.8671875,3.8984375
2019-11-09,0.17359594,3.0465088,-17.59375,15.6640625,-4.6328125,0.7890625,3.7830086
2019-11-10,0.026246352,3.0231857,-17.5625,15.625,-4.7421875,0.62890625,3.5916023
2019-11-11,-0.18557571,2.9696238,-17.5,15.5078125,-4.8515625,0.390625,3.3320312
2019-11-12,-0.1198842,2.934599,-17.46875,15.390625,-4.71875,0.4296875,3.3785172
2019-11-13,-0.25725886,2.8954294,-17.46875,15.4375,-4.7421875,0.25,3.1757812
2019-11-14,-0.4030431,2.8755548,-17.4375,15.4609375,-4.8359375,0.078125,3.0074234
2019-11-15,-0.47700518,2.8433743,-17.53125,15.453125,-4.8515625,0.0078125,2.9023438
2019-11-16,-0.5550421,2.790067,-17.375,15.46875,-4.796875,-0.1171875,2.7691422
2019-11-17,-0.5485557,2.773504,-17.375,15.390625,-4.788281,-0.125,2.7830086
2019-11-18,-0.540742,2.7505107,-17.34375,15.2734375,-4.710156,-0.1171875,2.84375
2019-11-19,-0.67643756,2.7108145,-17.375,15.28125,-4.7648435,-0.28125,2.6015625
2019-11-20,-0.7626183,2.6859844,-17.40625,15.265625,-4.796875,-0.390625,2.5113297
2019-11-21,-0.7599003,2.6512682,-17.3125,15.25,-4.703125,-0.41796875,2.4726562
2019-11-22,-0.8452687,2.6252966,-17.28125,15.265625,-4.7578125,-0.53125,2.358986
2019-11-23,-0.9445472,2.5954478,-17.25,15.1796875,-4.78125,-0.6328125,2.1992188
2019-11-24,-0.9146177,2.571722,-17.25,15.125,-4.703125,-0.6015625,2.2695312
2019-11-25,-0.7312088,2.5652893,-17.1875,15.046875,-4.5234375,-0.4296875,2.4453125
2019-11-26,-0.87718296,2.5320742,-17.21875,15.109375,-4.578125,-0.6015625,2.2421875
2019-11-27,-0.8863878,2.529505,-17.25,15.171875,-4.5625,-0.625,2.2539062
2019-11-28,-1.0658731,2.5036147,-17.3125,15.09375,-4.6675777,-0.8203125,2.0625
2019-11-29,-1.0867083,2.4829988,-17.15625,15.015625,-4.6875,-0.8515625,2.0859375
2019-11-30,-1.1362374,2.4589994,-17.03125,14.96875,-4.6640625,-0.9140625,2.0234375
2019-12-01,-0.994436,2.4673996,-17.0625,15.0,-4.5234375,-0.78125,2.1601562
2019-12-02,-1.1712973,2.4417632,-17.0625,14.984375,-4.6484375,-0.96875,1.9236336
2019-12-03,-1.0991786,2.4308245,-17.0625,14.921875,-4.5625,-0.90625,1.9804688
2019-12-04,-1.1659907,2.405183,-17.03125,14.953125,-4.578125,-0.9921875,1.8476562
2019-12-05,-1.1393313,2.3990068,-17.0,14.9375,-4.5546875,-0.96484375,1.8962898
2019-12-06,-1.2299396,2.393774,-16.90625,14.9609375,-4.609375,-1.078125,1.7929688
2019-12-07,-1.3596668,2.373627,-16.96875,14.84375,-4.6875,-1.2265625,1.6753922
2019-12-08,-1.1149157,2.377159,-16.90625,14.984375,-4.4453125,-0.9765625,1.9097672
2019-12-09,-1.2083944,2.377221,-16.96875,15.015625,-4.5035152,-1.078125,1.8494148
2019-12-10,-1.3328487,2.3778932,-16.9375,14.9765625,-4.6328125,-1.21875,1.7109375
2019-12-11,-1.4385614,2.3595364,-16.84375,14.9296875,-4.7265625,-1.3359375,1.53125
2019-12-12,-1.4608057,2.3486125,-16.875,14.828125,-4.7421875,-1.3515625,1.5390625
2019-12-13,-1.5997417,2.3364723,-16.8125,14.890625,-4.8316402,-1.5,1.3984375
2019-12-14,-1.581221,2.3399994,-16.75,14.875,-4.796875,-1.5,1.3828125
2019-12-15,-1.5443165,2.3317678,-16.71875,14.8359375,-4.7578125,-1.4765625,1.4453125
2019-12-16,-1.3796304,2.3285344,-16.8125,14.84375,-4.6328125,-1.296875,1.5660172
2019-12-17,-1.4222308,2.3473918,-16.8125,14.90625,-4.671875,-1.34375,1.515625
2019-12-18,-1.4572263,2.3272169,-16.6875,14.90625,-4.6675777,-1.3828125,1.4609375
2019-12-19,-1.4305989,2.3560739,-16.75,14.875,-4.71875,-1.3515625,1.515625
2019-12-20,-1.4699157,2.3467593,-16.71875,14.8671875,-4.7335935,-1.3984375,1.4921875
2019-12-21,-1.5773395,2.3566234,-16.71875,14.8125,-4.8515625,-1.515625,1.40625
2019-12-22,-1.5743301,2.350321,-16.8125,14.8203125,-4.8359375,-1.5078125,1.390625
2019-12-23,-1.6136351,2.3621497,-16.9375,14.6796875,-4.90625,-1.5429688,1.3863297
2019-12-24,-1.688633,2.3835661,-16.875,14.671875,-5.0,-1.6210938,1.328125
2019-12-25,-1.7655855,2.4037526,-16.75,14.765625,-5.140625,-1.703125,1.3046875
2019-12-26,-1.9038522,2.399574,-16.71875,14.703125,-5.2734375,-1.8515625,1.1796875
2019-12-27,-1.9041322,2.4201872,-16.78125,14.6875,-5.328125,-1.859375,1.1875
2019-12-28,-1.9182835,2.423532,-16.84375,14.7109375,-5.34375,-1.875,1.15625
2019-12-29,-1.9820945,2.4359515,-16.6875,14.6875,-5.46875,-1.921875,1.1519547
2019-12-30,-1.8943827,2.4627364,-16.5,14.75,-5.453125,-1.84375,1.2144547
2019-12-31,-1.9014541,2.4827602,-16.53125,14.765625,-5.4765625,-1.8359375,1.2378922
2020-01-01,-1.8917547,2.489011,-16.46875,14.6640625,-5.4765625,-1.8359375,1.2421875
2020-01-02,-1.9685372,2.5084753,-16.40625,14.625,-5.6171875,-1.90625,1.221489
2020-01-03,-1.8934051,2.5310366,-16.5,14.71875,-5.53125,-1.8515625,1.3238297
2020-01-04,-2.0313957,2.547522,-16.40625,14.6875,-5.7335935,-1.984375,1.171875
2020-01-05,-2.064142,2.5709271,-16.40625,14.640625,-5.8203125,-2.0078125,1.1832047
2020-01-06,-1.9885659,2.5901313,-16.46875,14.59375,-5.8046875,-1.9296875,1.296875
2020-01-07,-1.9848449,2.633529,-16.40625,14.734375,-5.866406,-1.9296875,1.3984375
2020-01-08,-2.1462612,2.6530232,-16.375,14.640625,-6.0390625,-2.0859375,1.2421875
2020-01-09,-2.009418,2.6944413,-16.40625,14.65625,-6.0390625,-1.9375,1.4722672
2020-01-10,-2.008273,2.7310188,-16.34375,14.71875,-6.078125,-1.9453125,1.53125
2020-01-11,-2.1998734,2.7669904,-16.4375,14.6875,-6.3203125,-2.1328125,1.3984375
2020-01-12,-2.2374003,2.7994716,-16.40625,14.7265625,-6.4140625,-2.1796875,1.3828125
2020-01-13,-2.37042,2.806239,-16.40625,14.578125,-6.5304685,-2.3242188,1.2734375
2020-01-14,-2.2422478,2.782872,-16.09375,14.65625,-6.3359375,-2.2265625,1.3984375
2020-01-15,-2.0995872,2.8290682,-16.03125,14.625,-6.21875,-2.1015625,1.7109375
2020-01-16,-2.2816043,2.8624282,-16.09375,14.609375,-6.4609375,-2.2734375,1.5859375
2020-01-17,-2.361123,2.8924532,-16.25,14.4453125,-6.6398435,-2.359375,1.5
2020-01-18,-2.374086,2.9584126,-16.46875,14.53125,-6.8203125,-2.3359375,1.5078125
2020-01-19,-2.41184,2.9975784,-16.40625,14.5390625,-6.9140625,-2.4140625,1.5503922
2020-01-20,-2.4484942,3.0288146,-16.625,14.5234375,-6.9609375,-2.4453125,1.609375
2020-01-21,-2.4739463,3.0854893,-16.65625,14.4765625,-7.1640625,-2.453125,1.6171875
2020-01-22,-2.6492329,3.1247768,-16.625,14.4921875,-7.4140625,-2.6171875,1.484375
2020-01-23,-2.755083,3.1609354,-16.53125,14.59375,-7.5859375,-2.734375,1.4097672
2020-01-24,-2.809912,3.214449,-16.53125,14.46875,-7.7734375,-2.78125,1.4722672
2020-01-25,-2.8742592,3.2873185,-16.90625,14.609375,-7.9523435,-2.828125,1.5
2020-01-26,-2.9971147,3.3523338,-17.0625,14.546875,-8.2109375,-2.9453125,1.4296875
2020-01-27,-3.1458154,3.4031672,-17.21875,14.5625,-8.4140625,-3.1015625,1.375
2020-01-28,-3.2775328,3.4559314,-17.28125,14.5703125,-8.6953125,-3.2421875,1.28125
2020-01-29,-3.3759809,3.5126038,-17.09375,14.6640625,-8.8828125,-3.328125,1.2144547
2020-01-30,-3.4329224,3.5383174,-17.0625,14.515625,-8.9453125,-3.4257812,1.2421875
2020-01-31,-3.548428,3.578602,-17.09375,14.5703125,-9.1015625,-3.5234375,1.265625
2020-02-01,-3.6412067,3.6086233,-17.0625,14.546875,-9.2109375,-3.625,1.1875
2020-02-02,-3.441162,3.658495,-16.78125,14.578125,-9.1015625,-3.453125,1.4835968
2020-02-03,-3.5446005,3.7569587,-16.875,14.640625,-9.3203125,-3.5585938,1.6171875
2020-02-04,-3.6463947,3.8288682,-17.09375,14.734375,-9.5234375,-3.671875,1.53125
2020-02-05,-3.714084,3.887477,-16.84375,14.640625,-9.6640625,-3.7617188,1.5625
2020-02-06,-3.757127,3.930688,-16.6875,14.6640625,-9.7109375,-3.8046875,1.6519547
2020-02-07,-3.8360102,3.9770947,-16.8125,14.59375,-9.8671875,-3.90625,1.6832047
2020-02-08,-3.9172094,4.0556655,-16.90625,14.6015625,-10.077343,-3.9804688,1.6988297
2020-02-09,-4.0143623,4.128849,-17.0,14.5703125,-10.3046875,-4.0546875,1.578125
2020-02-10,-4.0633206,4.1657367,-16.78125,14.65625,-10.3671875,-4.1171875,1.5390625
2020-02-11,-4.0411735,4.217636,-16.9375,14.6328125,-10.3671875,-4.140625,1.7421875
2020-02-12,-4.1059384,4.2966127,-16.9375,14.640625,-10.530468,-4.2265625,1.7492218
2020-02-13,-4.234481,4.3375273,-16.875,14.609375,-10.6953125,-4.390625,1.6953125
2020-02-14,-4.2891383,4.384838,-16.84375,14.609375,-10.8203125,-4.4296875,1.703125
2020-02-15,-4.3070116,4.4329906,-17.03125,14.6328125,-10.8828125,-4.46875,1.7851562
2020-02-16,-4.2069535,4.4945397,-16.8125,14.671875,-10.8203125,-4.3515625,1.953125
2020-02-17,-4.1086416,4.606815,-16.78125,14.84375,-10.9296875,-4.2578125,2.155861
2020-02-18,-4.2793818,4.6567655,-16.78125,14.71875,-11.108593,-4.4453125,2.0585938
2020-02-19,-4.2642965,4.6878633,-16.75,14.703125,-11.1484375,-4.3984375,2.1132812
2020-02-20,-4.2437882,4.7605844,-16.625,14.796875,-11.1953125,-4.390625,2.1875
2020-02-21,-4.336562,4.784017,-16.78125,14.734375,-11.264843,-4.5078125,2.1832047
2020-02-22,-4.354706,4.804775,-16.53125,14.78125,-11.3046875,-4.5078125,2.125
2020-02-23,-4.276725,4.8356156,-16.625,14.734375,-11.1953125,-4.46875,2.312111
2020-02-24,-4.2477245,4.8803887,-16.65625,14.796875,-11.2109375,-4.4453125,2.4136734
2020-02-25,-4.1697087,4.9406667,-16.46875,14.765625,-11.1796875,-4.390625,2.5660172
2020-02-26,-4.2670665,4.966742,-16.5625,14.828125,-11.3203125,-4.453125,2.453125
2020-02-27,-4.2662716,5.0058513,-16.625,14.7578125,-11.3515625,-4.4609375,2.4648438
2020-02-28,-4.2388325,5.0388403,-16.625,14.78125,-11.3515625,-4.4296875,2.5742188
2020-02-29,-4.1689982,5.0942507,-16.53125,14.796875,-11.3359375,-4.359375,2.7070312
2020-03-01,-4.2132587,5.1352153,-16.78125,14.8671875,-11.4140625,-4.3984375,2.6835938
2020-03-02,-4.1626697,5.1874356,-16.875,14.859375,-11.4453125,-4.3359375,2.7634773
2020-03-03,-4.1534104,5.2068543,-16.84375,14.875,-11.4140625,-4.3359375,2.7617188
2020-03-04,-4.0524874,5.210453,-16.75,14.8125,-11.3046875,-4.203125,2.8125
2020-03-05,-4.0041294,5.207254,-16.71875,14.84375,-11.186718,-4.171875,2.890236
2020-03-06,-3.813669,5.2518167,-16.90625,14.8828125,-11.0546875,-4.015625,3.203125
2020-03-07,-3.7155738,5.2809596,-16.90625,14.8828125,-11.0390625,-3.8789062,3.21875
2020-03-08,-3.6009934,5.3238974,-16.71875,15.046875,-10.9453125,-3.7734375,3.4140625
2020-03-09,-3.5504143,5.325111,-16.75,15.09375,-10.8515625,-3.7109375,3.415821
2020-03-10,-3.4415884,5.3170342,-16.65625,15.125,-10.7109375,-3.6171875,3.5173836
2020-03-11,-3.34672,5.3325086,-16.84375,15.140625,-10.6171875,-3.5078125,3.6228523
2020-03-12,-3.3540077,5.3664675,-16.6875,15.171875,-10.6796875,-3.4960938,3.5994148
2020-03-13,-3.3151236,5.448752,-16.78125,15.234375,-10.7265625,-3.4453125,3.7578125
2020-03-14,-3.3294408,5.5099764,-16.9375,15.296875,-10.8515625,-3.4296875,3.7986336
2020-03-15,-3.2241437,5.5316386,-16.84375,15.25,-10.780468,-3.3007812,3.915821
2020-03-16,-3.2789712,5.5233684,-16.96875,15.328125,-10.8203125,-3.3164062,3.8142586
2020-03-17,-3.1907992,5.5667863,-17.0,15.453125,-10.7890625,-3.1914062,3.984375
2020-03-18,-3.217914,5.572266,-17.0,15.515625,-10.8515625,-3.1914062,3.8572273
2020-03-19,-3.1623042,5.5968976,-17.03125,15.46875,-10.8359375,-3.0585938,3.8767586
2020-03-20,-2.863615,5.6519923,-16.78125,15.484375,-10.5859375,-2.734375,4.337696
2020-03-21,-2.8403432,5.6637583,-16.875,15.625,-10.5859375,-2.6796875,4.3007812
2020-03-22,-2.8070617,5.69951,-16.90625,15.65625,-10.6015625,-2.625,4.3455086
2020-03-23,-2.6670258,5.7504244,-17.0,15.8125,-10.5078125,-2.4375,4.5742188
2020-03-24,-2.5347085,5.760775,-16.9375,15.765625,-10.3984375,-2.265625,4.64629
2020-03-25,-2.430065,5.7787175,-16.875,15.796875,-10.3203125,-2.0898438,4.7460938
2020-03-26,-2.3874226,5.8384433,-17.0,15.890625,-10.3828125,-1.9765625,4.8298836
2020-03-27,-2.4148386,5.860829,-17.0,16.0,-10.4609375,-1.9375,4.8398438
2020-03-28,-2.362134,5.8748336,-17.09375,16.0,-10.3984375,-1.875,4.837696
2020-03-29,-2.2310433,5.871252,-17.0625,16.015625,-10.2890625,-1.6953125,4.9257812
2020-03-30,-1.9831643,5.896168,-16.875,16.078125,-10.1015625,-1.3867188,5.1601562
2020-03-31,-1.893392,5.9109006,-16.96875,16.09375,-10.0546875,-1.2148438,5.2617188
2020-04-01,-1.7725332,5.937342,-17.0,16.203125,-9.9609375,-1.015625,5.4726562
2020-04-02,-1.7253553,5.964609,-17.0625,16.25,-9.9765625,-0.90625,5.4726562
2020-04-03,-1.7281034,5.975001,-17.09375,16.40625,-10.0234375,-0.8515625,5.4335938
2020-04-04,-1.6480916,6.0009756,-17.125,16.46875,-9.9765625,-0.67578125,5.468361
2020-04-05,-1.4388146,6.069962,-17.1875,16.578125,-9.8984375,-0.390625,5.7322273
2020-04-06,-1.4106171,6.1019225,-17.28125,16.5625,-9.9609375,-0.22265625,5.7734375
2020-04-07,-1.3291094,6.113069,-17.28125,16.71875,-9.8984375,-0.09765625,5.8515625
2020-04-08,-1.2967553,6.085211,-17.28125,16.703125,-9.8515625,0.0625,5.828125
2020-04-09,-1.274033,6.0676947,-17.25,16.734375,-9.8203125,0.1171875,5.8203125
2020-04-10,-1.0797318,6.080892,-17.15625,16.859375,-9.6484375,0.375,5.974415
2020-04-11,-0.9164816,6.114804,-17.125,16.9375,-9.5703125,0.640625,6.161915
2020-04-12,-0.7989458,6.141435,-17.0,17.046875,-9.5234375,0.8125,6.2578125
2020-04-13,-0.74051434,6.1522937,-17.03125,17.234375,-9.5234375,0.9609375,6.34375
2020-04-14,-0.49204022,6.191831,-16.9375,17.25,-9.3515625,1.2773438,6.6267586
2020-04-15,-0.33742425,6.225743,-17.0,17.40625,-9.3046875,1.53125,6.7578125
2020-04-16,-0.29137695,6.2406034,-17.03125,17.53125,-9.3203125,1.6367188,6.8125
2020-04-17,-0.2872452,6.2501493,-17.09375,17.59375,-9.3671875,1.7109375,6.765625
2020-04-18,-0.1713411,6.2853003,-17.125,17.71875,-9.3515625,1.9101562,6.8828125
2020-04-19,0.0011246462,6.3019795,-17.125,17.78125,-9.2578125,2.1132812,7.046875
2020-04-20,0.102986865,6.3112946,-17.1875,17.984375,-9.2109375,2.2617188,7.15625
2020-04-21,0.24253185,6.32554,-17.21875,18.125,-9.1015625,2.4570312,7.234375
2020-04-22,0.42758313,6.3362393,-17.15625,18.0625,-8.9921875,2.6875,7.421875
2020-04-23,0.35015866,6.310438,-17.1875,18.21875,-9.0703125,2.6914062,7.331642
2020-04-24,0.37957993,6.342472,-17.34375,18.375,-9.1328125,2.7695312,7.2947273
2020-04-25,0.5519675,6.377479,-17.28125,18.5,-9.0390625,3.0234375,7.4449234
2020-04-26,0.580133,6.3976808,-17.375,18.65625,-9.1015625,3.109375,7.4140625
2020-04-27,0.76169074,6.418427,-17.375,18.8125,-9.0078125,3.3671875,7.5976562
2020-04-28,0.9068131,6.437426,-17.4375,18.84375,-8.9453125,3.5410156,7.71875
2020-04-29,1.0011195,6.4474497,-17.4375,19.0,-8.8984375,3.6835938,7.8238297
2020-04-30,1.105631,6.468887,-17.5,19.09375,-8.8828125,3.7988281,7.9453125
2020-05-01,1.170881,6.482948,-17.4375,19.296875,-8.8984375,3.9199219,7.9296875
2020-05-02,1.2156126,6.4717093,-17.375,19.53125,-8.858593,3.9765625,8.015625
2020-05-03,1.3155087,6.4813375,-17.375,19.71875,-8.8203125,4.1523438,8.03125
2020-05-04,1.417994,6.5139294,-17.46875,19.9375,-8.8203125,4.314453,8.1328125
2020-05-05,1.4049579,6.5261984,-17.5,20.125,-8.8828125,4.3222656,8.078125
2020-05-06,1.4540657,6.525102,-17.375,20.1875,-8.8828125,4.3710938,8.09375
2020-05-07,1.6545109,6.5349956,-17.28125,20.46875,-8.7578125,4.5585938,8.2890625
2020-05-08,1.8257825,6.5607543,-17.28125,20.65625,-8.686718,4.763672,8.44883
2020-05-09,1.8017455,6.5663247,-17.25,20.8125,-8.7578125,4.7539062,8.433205
2020-05-10,1.8523937,6.57373,-17.3125,21.0625,-8.7578125,4.8007812,8.41758
2020-05-11,2.0082915,6.5953436,-17.375,21.21875,-8.686718,4.970703,8.5859375
2020-05-12,2.1018724,6.615365,-17.4375,21.4375,-8.702343,5.064453,8.691017
2020-05-13,2.1734772,6.615542,-17.4375,21.578125,-8.6640625,5.125,8.7421875
2020-05-14,2.2421618,6.623856,-17.5625,21.65625,-8.6640625,5.205078,8.75
2020-05-15,2.3270156,6.6282167,-17.53125,21.90625,-8.6171875,5.2597656,8.8359375
2020-05-16,2.398612,6.6377378,-17.65625,22.09375,-8.6015625,5.3320312,8.921875
2020-05-17,2.4522815,6.6483736,-17.65625,22.265625,-8.6015625,5.3671875,8.9765625
2020-05-18,2.5315056,6.66522,-17.65625,22.375,-8.6171875,5.4589844,9.04258
2020-05-19,2.6573913,6.684907,-17.6875,22.53125,-8.6171875,5.5878906,9.171875
2020-05-20,2.6518974,6.696278,-17.84375,22.609375,-8.6953125,5.5703125,9.144142
2020-05-21,2.782428,6.716338,-17.90625,22.6875,-8.6640625,5.716797,9.237892
2020-05-22,2.8737621,6.738629,-17.9375,22.859375,-8.6796875,5.796875,9.3359375
2020-05-23,3.0406504,6.765093,-18.03125,23.0,-8.6171875,5.984375,9.503517
2020-05-24,3.1609528,6.795201,-17.96875,23.03125,-8.6484375,6.0742188,9.65625
2020-05-25,3.284856,6.825266,-18.09375,23.125,-8.624218,6.1953125,9.8125
2020-05-26,3.2301571,6.833419,-18.03125,23.28125,-8.7578125,6.1171875,9.765625
2020-05-27,3.2299984,6.829336,-18.03125,23.28125,-8.8046875,6.1054688,9.6953125
2020-05-28,3.3166156,6.845957,-18.15625,23.40625,-8.7734375,6.171875,9.808205
2020-05-29,3.5125544,6.8738556,-18.21875,23.453125,-8.6796875,6.3671875,10.03125
2020-05-30,3.602242,6.9010634,-18.21875,23.59375,-8.7109375,6.453125,10.144142
2020-05-31,3.6522655,6.9209085,-18.25,23.640625,-8.764843,6.4941406,10.19883
2020-06-01,3.7866971,6.94682,-18.34375,23.75,-8.7109375,6.6464844,10.362892
2020-06-02,3.7105916,6.960169,-18.375,23.75,-8.8828125,6.5585938,10.237892
2020-06-03,3.8258014,6.971275,-18.4375,23.765625,-8.8515625,6.6796875,10.378517
2020-06-04,3.90704,6.994437,-18.40625,23.75,-8.8828125,6.78125,10.507034
2020-06-05,4.048247,7.02511,-18.53125,23.75,-8.8828125,6.9628906,10.640625
2020-06-06,4.075714,7.059994,-18.53125,23.796875,-8.9453125,7.0,10.703125
2020-06-07,4.063899,7.0778,-18.46875,23.890625,-9.046093,7.0117188,10.647659
2020-06-08,4.1039925,7.083862,-18.5,23.859375,-9.0390625,7.064453,10.702347
2020-06-09,4.2814665,7.097839,-18.65625,23.875,-8.9296875,7.2695312,10.875
2020-06-10,4.1740174,7.114029,-18.65625,23.90625,-9.1015625,7.1875,10.765625
2020-06-11,4.280691,7.126058,-18.75,23.84375,-9.0859375,7.3125,10.8828125
2020-06-12,4.3954363,7.1548915,-18.8125,23.796875,-9.0390625,7.4453125,11.038284
2020-06-13,4.395803,7.1655645,-18.875,23.75,-9.0859375,7.4335938,11.0234375
2020-06-14,4.5061746,7.1892424,-18.8125,23.9375,-9.046093,7.546875,11.16758
2020-06-15,4.4764752,7.205155,-18.90625,23.84375,-9.1171875,7.546875,11.171875
2020-06-16,4.5537534,7.208378,-18.875,23.8125,-9.0703125,7.6171875,11.25
2020-06-17,4.6206203,7.221682,-18.84375,23.703125,-9.0703125,7.6503906,11.316017
2020-06-18,4.747599,7.2539554,-18.90625,23.71875,-8.9921875,7.8046875,11.472267
2020-06-19,4.8143663,7.291809,-18.90625,23.8125,-9.030468,7.8964844,11.5703125
2020-06-20,4.8688383,7.317256,-18.875,23.9375,-9.0390625,7.9609375,11.683205
2020-06-21,4.7484293,7.331143,-18.9375,24.03125,-9.1796875,7.84375,11.6171875
2020-06-22,4.7621913,7.3316765,-19.03125,24.078125,-9.1796875,7.8359375,11.628517
2020-06-23,4.8486085,7.3440137,-19.09375,24.0625,-9.1015625,7.9453125,11.671875
2020-06-24,4.8632884,7.364592,-19.09375,23.984375,-9.1328125,7.984375,11.683205
2020-06-25,4.93145,7.384524,-19.28125,24.125,-9.1015625,8.0546875,11.796875
2020-06-26,4.888461,7.3998203,-19.28125,24.296875,-9.1328125,8.035156,11.78125
2020-06-27,4.726252,7.3904395,-19.4375,24.1875,-9.3046875,7.8828125,11.581642
2020-06-28,4.871875,7.391489,-19.46875,24.15625,-9.1640625,8.015625,11.734375
2020-06-29,4.9237003,7.411457,-19.5625,24.125,-9.1484375,8.09375,11.808205
2020-06-30,4.895254,7.4152374,-19.5,24.15625,-9.1328125,8.0703125,11.7421875
2020-07-01,4.948298,7.418836,-19.53125,24.1875,-9.0859375,8.1171875,11.800392
2020-07-02,4.9494677,7.4192147,-19.53125,24.25,-9.061718,8.109375,11.859375
2020-07-03,4.815654,7.4112325,-19.65625,24.15625,-9.1171875,7.9785156,11.7109375
2020-07-04,4.919654,7.4149027,-19.65625,24.015625,-9.030468,8.09375,11.816017
2020-07-05,4.895381,7.430103,-19.75,24.0625,-9.0703125,8.09375,11.816017
2020-07-06,4.8351455,7.425805,-19.8125,24.03125,-9.0859375,8.015625,11.722267
2020-07-07,4.92955,7.434044,-19.84375,23.984375,-9.0078125,8.1171875,11.839455
2020-07-08,5.01063,7.4582143,-19.8125,24.03125,-8.9921875,8.234375,11.964455
2020-07-09,4.9502606,7.4769697,-19.9375,24.03125,-9.046093,8.1953125,11.953125
2020-07-10,4.9684076,7.4777055,-20.0,24.0,-9.0546875,8.1875,11.9296875
2020-07-11,4.9701858,7.4842596,-20.0,23.96875,-8.999218,8.207031,11.94883
2020-07-12,4.8947396,7.4816804,-20.125,23.9375,-9.046093,8.136719,11.8671875
2020-07-13,4.8806534,7.47069,-20.15625,23.90625,-9.0078125,8.109375,11.84375
2020-07-14,4.774705,7.464717,-20.46875,23.84375,-9.0546875,8.0,11.7734375
2020-07-15,4.9145555,7.4716425,-20.6875,23.875,-8.952343,8.1640625,11.91758
2020-07-16,4.8716626,7.5014696,-20.75,23.859375,-9.053124,8.136719,11.94883
2020-07-17,4.7670484,7.488471,-20.59375,23.796875,-9.1015625,8.03125,11.7890625
2020-07-18,4.835126,7.4822335,-20.75,23.65625,-8.9921875,8.125,11.862892
2020-07-19,4.870744,7.505799,-20.8125,23.640625,-8.9921875,8.171875,11.921875
2020-07-20,4.8176804,7.512335,-20.78125,23.65625,-9.0390625,8.1328125,11.85508
2020-07-21,4.785429,7.502207,-20.8125,23.640625,-9.030468,8.09375,11.847267
2020-07-22,4.7624063,7.4928174,-20.78125,23.625,-8.999218,8.0703125,11.816017
2020-07-23,4.7666016,7.4798493,-20.59375,23.59375,-9.0390625,8.078125,11.8125
2020-07-24,4.76337,7.4725585,-20.59375,23.5625,-9.0078125,8.0625,11.82383
2020-07-25,4.7056684,7.4661837,-20.6875,23.453125,-9.0703125,8.0078125,11.788284
2020-07-26,4.8238573,7.4753857,-20.96875,23.375,-8.9765625,8.136719,11.921875
2020-07-27,4.802354,7.4907417,-20.84375,23.328125,-8.9921875,8.109375,11.9609375
2020-07-28,4.8293467,7.486854,-20.8125,23.28125,-8.9609375,8.140625,11.972267
2020-07-29,4.9152436,7.4986715,-20.84375,23.265625,-8.8828125,8.234375,12.125
2020-07-30,4.771882,7.4872355,-20.78125,23.21875,-8.999218,8.0703125,11.987892
2020-07-31,4.6463833,7.4486012,-20.59375,23.109375,-9.0390625,7.935547,11.828125
2020-08-01,4.6850805,7.429662,-20.5625,23.046875,-8.9296875,7.9882812,11.831642
2020-08-02,4.6500254,7.421716,-20.5625,23.03125,-8.967968,7.953125,11.808205
2020-08-03,4.6223426,7.4013596,-20.625,23.03125,-8.905468,7.9140625,11.7421875
2020-08-04,4.571385,7.375317,-20.59375,22.9375,-8.9296875,7.8554688,11.671875
2020-08-05,4.5804315,7.3453984,-20.375,22.9375,-8.8828125,7.84375,11.671875
2020-08-06,4.598027,7.3238626,-20.0625,22.90625,-8.8359375,7.859375,11.612892
2020-08-07,4.5984864,7.31194,-20.40625,22.6875,-8.796093,7.8515625,11.640625
2020-08-08,4.527987,7.3086314,-20.59375,22.71875,-8.8828125,7.779297,11.5546875
2020-08-09,4.577446,7.3025146,-20.59375,22.6875,-8.8671875,7.845703,11.581642
2020-08-10,4.441551,7.2840385,-20.5625,22.65625,-8.9921875,7.6835938,11.4453125
2020-08-11,4.5070686,7.2559376,-20.59375,22.53125,-8.858593,7.75,11.472267
2020-08-12,4.4176955,7.231591,-20.65625,22.46875,-8.8984375,7.6328125,11.359375
2020-08-13,4.4897547,7.2007675,-20.5625,22.421875,-8.7734375,7.6953125,11.4375
2020-08-14,4.5659432,7.1957207,-20.59375,22.46875,-8.7421875,7.7578125,11.546875
2020-08-15,4.4284306,7.1758895,-20.625,22.4375,-8.7890625,7.5996094,11.4296875
2020-08-16,4.2602854,7.121454,-20.6875,22.296875,-8.8515625,7.390625,11.25
2020-08-17,4.286203,7.0752697,-20.6875,22.34375,-8.7578125,7.421875,11.175392
2020-08-18,4.4951057,7.0658174,-20.5,22.3125,-8.5234375,7.640625,11.3515625
2020-08-19,4.3941903,7.038555,-20.46875,22.25,-8.5703125,7.4921875,11.2890625
2020-08-20,4.3208528,6.985665,-20.4375,22.28125,-8.5390625,7.390625,11.1875
2020-08-21,4.41006,6.9605703,-20.46875,22.28125,-8.436718,7.453125,11.2421875
2020-08-22,4.3748775,6.9532027,-20.625,22.21875,-8.4609375,7.4296875,11.178909
2020-08-23,4.203977,6.902845,-20.21875,22.203125,-8.5234375,7.2539062,10.88633
2020-08-24,4.188147,6.86594,-20.46875,22.171875,-8.4765625,7.1953125,10.890625
2020-08-25,4.3783383,6.854365,-20.5625,22.0625,-8.3046875,7.408203,11.015625
2020-08-26,4.348835,6.8428884,-20.46875,22.03125,-8.3046875,7.34375,11.0625
2020-08-27,4.1689634,6.7898383,-20.34375,21.921875,-8.3515625,7.1328125,10.8203125
2020-08-28,4.2230353,6.7388654,-20.03125,21.84375,-8.2109375,7.1484375,10.862892
2020-08-29,4.282507,6.6959786,-19.96875,21.71875,-8.0859375,7.201172,10.9375
2020-08-30,4.195405,6.6587443,-20.15625,21.734375,-8.0859375,7.0898438,10.78125
2020-08-31,4.127271,6.622072,-20.28125,21.75,-8.0703125,6.9765625,10.671875
2020-09-01,4.084362,6.588002,-20.3125,21.75,-8.0546875,6.9179688,10.57383
2020-09-02,4.191922,6.552275,-20.28125,21.6875,-7.8984375,7.0,10.73008
2020-09-03,4.0410447,6.5015187,-20.15625,21.59375,-7.8984375,6.8125,10.526955
2020-09-04,4.0800786,6.4593406,-19.9375,21.59375,-7.8046875,6.8359375,10.5390625
2020-09-05,3.9764152,6.4040766,-19.84375,21.546875,-7.7890625,6.6953125,10.390625
2020-09-06,3.9167142,6.35045,-19.84375,21.453125,-7.7421875,6.6015625,10.3046875
2020-09-07,3.9827094,6.3093944,-19.75,21.34375,-7.6015625,6.6367188,10.308205
2020-09-08,3.9674268,6.254437,-19.71875,21.21875,-7.4921875,6.5859375,10.276955
2020-09-09,3.8588884,6.1898384,-19.9375,21.1875,-7.4921875,6.4277344,10.1328125
2020-09-10,3.9139483,6.143339,-19.65625,21.140625,-7.3742185,6.4570312,10.1484375
2020-09-11,3.9468274,6.1166906,-19.5625,21.03125,-7.2890625,6.4414062,10.175392
2020-09-12,3.7019699,6.040771,-19.75,20.796875,-7.3671875,6.171875,9.828125
2020-09-13,3.7127728,6.0022526,-19.875,20.78125,-7.2734375,6.1640625,9.79258
2020-09-14,3.736516,5.968491,-19.84375,20.71875,-7.2179685,6.1640625,9.8046875
2020-09-15,3.6193922,5.913821,-20.125,20.515625,-7.1953125,6.0078125,9.63633
2020-09-16,3.4129963,5.8213167,-19.9375,20.3125,-7.2109375,5.7578125,9.328125
2020-09-17,3.4709384,5.750247,-19.71875,20.15625,-7.0148435,5.7617188,9.370705
2020-09-18,3.4609036,5.689733,-19.40625,20.09375,-6.8984375,5.7226562,9.29258
2020-09-19,3.4713402,5.6515326,-19.3125,20.0625,-6.8203125,5.6875,9.32383
2020-09-20,3.4238918,5.6011386,-19.3125,19.890625,-6.7890625,5.609375,9.214455
2020-09-21,3.4422076,5.547645,-19.3125,19.90625,-6.6796875,5.580078,9.1640625
2020-09-22,3.325244,5.493567,-19.34375,19.828125,-6.6640625,5.421875,9.046875
2020-09-23,3.3933308,5.460262,-19.28125,19.703125,-6.5304685,5.4882812,9.0703125
2020-09-24,3.3451123,5.415329,-19.1875,19.671875,-6.5234375,5.3945312,9.0546875
2020-09-25,3.2400196,5.359312,-19.15625,19.625,-6.5078125,5.2421875,8.859375
2020-09-26,3.1285517,5.284742,-19.03125,19.4375,-6.4609375,5.091797,8.691017
2020-09-27,3.0616457,5.220188,-19.03125,19.3125,-6.3828125,4.9804688,8.578125
2020-09-28,3.0074532,5.152782,-19.0,19.125,-6.3203125,4.892578,8.456642
2020-09-29,3.0218894,5.1101394,-19.03125,19.0625,-6.2265625,4.8828125,8.4375
2020-09-30,2.908617,5.0809503,-19.3125,18.921875,-6.2890625,4.7382812,8.308205
2020-10-01,2.8134658,5.041525,-19.15625,18.71875,-6.3046875,4.6367188,8.191017
2020-10-02,2.6862502,4.9753146,-19.09375,18.59375,-6.2890625,4.4746094,7.9492188
2020-10-03,2.5402706,4.9005733,-19.09375,18.40625,-6.3046875,4.2871094,7.7048836
2020-10-04,2.4201636,4.8001246,-19.03125,18.3125,-6.203125,4.1289062,7.4548836
2020-10-05,2.4147606,4.7419376,-18.8125,18.203125,-6.078125,4.0625,7.40625
2020-10-06,2.329175,4.688933,-18.84375,18.0,-6.0625,3.9648438,7.306446
2020-10-07,2.224793,4.635158,-19.0625,17.765625,-6.0546875,3.8105469,7.15625
2020-10-08,2.1538653,4.583365,-19.03125,17.578125,-6.0546875,3.7148438,7.0234375
2020-10-09,2.1696632,4.522229,-18.84375,17.5625,-5.890625,3.7109375,7.0078125
2020-10-10,2.0784452,4.46319,-18.96875,17.34375,-5.8429685,3.5683594,6.8767586
2020-10-11,1.9072795,4.398367,-19.09375,17.234375,-5.875,3.3339844,6.6697273
2020-10-12,1.776069,4.3209705,-18.53125,17.0625,-5.8359375,3.1640625,6.4453125
2020-10-13,1.7241118,4.255602,-18.40625,16.75,-5.765625,3.0820312,6.368946
2020-10-14,1.6692265,4.2005424,-18.09375,16.5625,-5.7421875,3.0,6.2460938
2020-10-15,1.5542823,4.1426663,-18.125,16.453125,-5.7265625,2.8476562,6.0859375
2020-10-16,1.5263447,4.1025624,-18.125,16.359375,-5.6910152,2.796875,6.0113297
2020-10-17,1.3254805,4.0274773,-18.03125,16.328125,-5.7023435,2.546875,5.743946
2020-10-18,1.3271006,3.9883404,-18.03125,16.171875,-5.6328125,2.5429688,5.734375
2020-10-19,1.4638708,3.966505,-18.125,16.03125,-5.4375,2.65625,5.8671875
2020-10-20,1.3304374,3.9075656,-18.09375,15.8984375,-5.4375,2.4882812,5.6679688
2020-10-21,1.1551471,3.8226278,-18.125,15.828125,-5.421875,2.2695312,5.3632812
2020-10-22,1.2326201,3.7905948,-18.09375,15.640625,-5.2804685,2.3242188,5.5195312
2020-10-23,1.2087675,3.7367706,-18.09375,15.609375,-5.1988277,2.28125,5.4140625
2020-10-24,1.1507279,3.7039542,-18.03125,15.609375,-5.1484375,2.1953125,5.3515625
2020-10-25,0.9271262,3.6502016,-18.15625,15.546875,-5.2535152,1.9238281,5.1111336
2020-10-26,0.86573786,3.6003892,-18.25,15.4921875,-5.21875,1.8476562,4.9609375
2020-10-27,0.8013586,3.5328746,-17.9375,15.3046875,-5.1441402,1.734375,4.8515625
2020-10-28,0.69864774,3.4760866,-17.875,15.203125,-5.140625,1.6132812,4.67754
2020-10-29,0.5847505,3.4362447,-17.8125,15.0,-5.1867185,1.4765625,4.5390625
2020-10-30,0.5763065,3.388605,-17.84375,14.8828125,-5.0703125,1.421875,4.5017586
2020-10-31,0.5206283,3.3237112,-17.875,14.8203125,-4.9765625,1.3320312,4.358986
2020-11-01,0.56196016,3.2714016,-17.84375,14.609375,-4.8359375,1.3671875,4.36504
2020-11-02,0.5297356,3.2437415,-17.8125,14.46875,-4.828125,1.328125,4.3416023
2020-11-03,0.38856328,3.2042096,-17.78125,14.40625,-4.8585935,1.140625,4.1736336
2020-11-04,0.22096178,3.1595297,-17.71875,14.1796875,-4.9609375,0.953125,3.9822273
2020-11-05,0.17782718,3.1280684,-17.75,14.0703125,-4.928906,0.890625,3.8867188
2020-11-06,0.0956123,3.0784955,-17.625,13.921875,-4.913281,0.7734375,3.734375
2020-11-07,0.250432,3.0577261,-17.6875,13.84375,-4.6675777,0.90625,3.9705086
2020-11-08,0.20445855,3.0208085,-17.8125,13.8125,-4.6328125,0.8671875,3.8359375
2020-11-09,0.056944296,2.9949949,-17.78125,13.5859375,-4.7492185,0.703125,3.6423836
2020-11-10,-0.1554543,2.9408984,-17.65625,13.40625,-4.8515625,0.453125,3.3789062
2020-11-11,-0.090213366,2.9047449,-17.6875,13.3203125,-4.694531,0.4921875,3.4335938
2020-11-12,-0.22765003,2.8630428,-17.65625,13.3359375,-4.7492185,0.3359375,3.228321
2020-11-13,-0.3736013,2.8403463,-17.65625,13.25,-4.796875,0.1640625,3.0798836
2020-11-14,-0.44833735,2.807604,-17.5625,13.09375,-4.803906,0.0625,2.9800797
2020-11-15,-0.5270389,2.753489,-17.4375,13.0625,-4.7734375,-0.03125,2.837696
2020-11-16,-0.5211527,2.7366445,-17.375,12.9375,-4.7421875,-0.046875,2.8650398
2020-11-17,-0.5142942,2.7121763,-17.5,12.75,-4.6640625,-0.0625,2.921875
2020-11-18,-0.64984727,2.6710668,-17.59375,12.7265625,-4.7265625,-0.2265625,2.6710968
2020-11-19,-0.7363096,2.6483316,-17.53125,12.6875,-4.7578125,-0.33203125,2.6050797
2020-11-20,-0.73420084,2.6110632,-17.375,12.6484375,-4.6640625,-0.3359375,2.5273438
2020-11-21,-0.8200037,2.584524,-17.3125,12.640625,-4.6875,-0.453125,2.4566422
2020-11-22,-0.91988397,2.553422,-17.25,12.53125,-4.7421875,-0.5703125,2.3046875
2020-11-23,-0.8909204,2.5313904,-17.25,12.4375,-4.6484375,-0.5546875,2.3359375
2020-11-24,-0.70791423,2.5236704,-17.25,12.328125,-4.484375,-0.3671875,2.4921875
2020-11-25,-0.854831,2.4874187,-17.28125,12.375,-4.5546875,-0.53125,2.3085938
2020-11-26,-0.8640687,2.4846072,-17.3125,12.4375,-4.5390625,-0.5625,2.3164062
2020-11-27,-1.0444682,2.459324,-17.34375,12.3515625,-4.6328125,-0.7578125,2.1328125
2020-11-28,-1.0659316,2.4413257,-17.15625,12.2421875,-4.6484375,-0.78125,2.1601562
2020-11-29,-1.1156182,2.4161792,-17.0625,12.171875,-4.59375,-0.8515625,2.0898438
2020-11-30,-0.97440284,2.4216018,-17.15625,12.1953125,-4.484375,-0.734375,2.2070312
2020-12-01,-1.1522537,2.3950212,-17.15625,12.1640625,-4.59375,-0.90625,1.9839859
2020-12-02,-1.0806452,2.384481,-17.28125,12.0859375,-4.5,-0.8515625,2.0429688
2020-12-03,-1.1479735,2.3568263,-17.15625,12.109375,-4.5390625,-0.9375,1.9335938
2020-12-04,-1.1220071,2.3515646,-17.03125,12.1015625,-4.5,-0.90625,1.9566422
2020-12-05,-1.213154,2.344826,-16.9375,12.125,-4.5546875,-1.015625,1.8671875
2020-12-06,-1.3433713,2.3267758,-16.96875,12.0078125,-4.671875,-1.1640625,1.734375
2020-12-07,-1.0990684,2.327043,-17.0625,12.15625,-4.3984375,-0.9140625,1.9414062
2020-12-08,-1.1928295,2.3266501,-17.21875,12.2265625,-4.46875,-1.015625,1.8550797
2020-12-09,-1.3181939,2.327566,-17.15625,12.1875,-4.578125,-1.1601562,1.7578125
2020-12-10,-1.4241741,2.3066936,-17.0625,12.140625,-4.671875,-1.28125,1.6050797
2020-12-11,-1.4472021,2.2973862,-17.03125,12.015625,-4.671875,-1.296875,1.5625
2020-12-12,-1.5868572,2.2839992,-16.9375,12.09375,-4.7734375,-1.46875,1.4375
2020-12-13,-1.5690204,2.2853959,-16.9375,12.0859375,-4.7578125,-1.4453125,1.4140625
2020-12-14,-1.5328927,2.2784474,-16.90625,12.0625,-4.703125,-1.4296875,1.4453125
2020-12-15,-1.3684559,2.2775915,-16.9375,12.0859375,-4.59375,-1.2421875,1.59375
2020-12-16,-1.4111881,2.295092,-17.0,12.15625,-4.6398435,-1.296875,1.5625
2020-12-17,-1.4464921,2.2758703,-16.71875,12.1875,-4.609375,-1.3359375,1.5078125
2020-12-18,-1.4202583,2.3054588,-16.9375,12.1640625,-4.671875,-1.3125,1.5625
2020-12-19,-1.4599625,2.296251,-16.8125,12.171875,-4.6875,-1.3554688,1.5078125
2020-12-20,-1.5682516,2.3059044,-16.875,12.125,-4.8125,-1.46875,1.40625
2020-12-21,-1.5656844,2.2993286,-16.9375,12.15625,-4.7734375,-1.46875,1.40625
2020-12-22,-1.6052444,2.3149023,-17.0625,12.015625,-4.8671875,-1.515625,1.3664093
2020-12-23,-1.6802696,2.3369238,-17.0,12.015625,-4.9921875,-1.5859375,1.34375
2020-12-24,-1.7574362,2.3556817,-16.84375,12.140625,-5.109375,-1.671875,1.3046875
2020-12-25,-1.8963746,2.353677,-16.8125,12.1015625,-5.25,-1.8203125,1.1953125
2020-12-26,-1.8969646,2.375345,-16.84375,12.1015625,-5.328125,-1.8203125,1.2578125
2020-12-27,-1.9113117,2.3766124,-16.90625,12.140625,-5.3125,-1.84375,1.1753922
2020-12-28,-1.975595,2.392523,-16.71875,12.1484375,-5.4765625,-1.890625,1.1328125
2020-12-29,-1.8881408,2.418791,-16.5,12.2421875,-5.453125,-1.8046875,1.2265625
2020-12-30,-1.8955809,2.4375014,-16.53125,12.2890625,-5.4765625,-1.8164062,1.2492218
2020-12-31,-1.886485,2.4458847,-16.46875,12.21875,-5.453125,-1.8203125,1.2421875
2021-01-01,-1.6106082,2.4600894,-16.53125,12.4140625,-5.1640625,-1.5546875,1.625
2021-01-02,-1.816514,2.485704,-16.4375,12.3359375,-5.444531,-1.7578125,1.3863297
2021-01-03,-1.7597021,2.504996,-16.5,12.4296875,-5.4140625,-1.703125,1.5078125
2021-01-04,-1.9381275,2.5196838,-16.40625,12.40625,-5.65625,-1.8671875,1.3082047
2021-01-05,-1.9871325,2.5430596,-16.4375,12.359375,-5.788281,-1.9140625,1.265625
2021-01-06,-1.9273,2.5624783,-16.5,12.328125,-5.765625,-1.8359375,1.359375
2021-01-07,-1.9342201,2.6044545,-16.375,12.5,-5.8359375,-1.84375,1.4296875
2021-01-08,-2.1028407,2.6249113,-16.40625,12.4296875,-6.0390625,-2.0234375,1.28125
2021-01-09,-1.97168,2.6683865,-16.40625,12.46875,-6.0234375,-1.875,1.4957047
2021-01-10,-1.9717374,2.705604,-16.34375,12.5625,-6.0390625,-1.875,1.5390625
2021-01-11,-2.1669652,2.7413163,-16.4375,12.5546875,-6.3046875,-2.078125,1.40625
2021-01-12,-2.2066631,2.7725952,-16.34375,12.6171875,-6.3984375,-2.1171875,1.3984375
2021-01-13,-2.3418415,2.781736,-16.25,12.4765625,-6.5390625,-2.2695312,1.3316422
2021-01-14,-2.2172036,2.7580519,-16.0,12.59375,-6.3429685,-2.15625,1.453125
2021-01-15,-2.0769846,2.8042135,-15.9453125,12.578125,-6.2335935,-2.03125,1.7109375
2021-01-16,-2.2649522,2.8372211,-16.03125,12.578125,-6.4765625,-2.2265625,1.5859375
2021-01-17,-2.3480577,2.8701234,-16.09375,12.421875,-6.6796875,-2.328125,1.515625
2021-01-18,-2.3651996,2.9377453,-16.3125,12.546875,-6.8515625,-2.3046875,1.5425797
2021-01-19,-2.4070165,2.9750867,-16.25,12.578125,-6.9765625,-2.359375,1.59375
2021-01-20,-2.446779,3.0074136,-16.46875,12.5859375,-7.0546875,-2.3984375,1.6597672
2021-01-21,-2.4752815,3.0664678,-16.5,12.5625,-7.2578125,-2.4140625,1.703125
2021-01-22,-2.6535633,3.1071892,-16.46875,12.6015625,-7.5304685,-2.59375,1.515625
2021-01-23,-2.7599788,3.142951,-16.375,12.734375,-7.6640625,-2.734375,1.484375
2021-01-24,-2.8168457,3.1964653,-16.46875,12.640625,-7.8515625,-2.7578125,1.5078125
2021-01-25,-2.8821938,3.2702749,-16.75,12.8125,-8.0234375,-2.8203125,1.5269547
2021-01-26,-3.0042667,3.335931,-16.875,12.7734375,-8.2734375,-2.9453125,1.4921875
2021-01-27,-3.1526043,3.3871353,-17.0625,12.8125,-8.5078125,-3.0859375,1.4296875
2021-01-28,-3.2827277,3.4402747,-17.09375,12.84375,-8.702343,-3.21875,1.3515625
2021-01-29,-3.3803408,3.4968777,-17.15625,13.015625,-8.8828125,-3.3046875,1.265625
2021-01-30,-3.4346707,3.5249388,-17.34375,12.8359375,-8.967968,-3.3945312,1.3203125
2021-01-31,-3.5476704,3.5634372,-17.59375,12.953125,-9.1015625,-3.5234375,1.3125
2021-02-01,-3.6390011,3.5949838,-17.8125,12.9765625,-9.2421875,-3.6289062,1.28125
2021-02-02,-3.4384139,3.646414,-17.59375,13.0390625,-9.1171875,-3.4453125,1.5625
2021-02-03,-3.5417442,3.7440102,-17.84375,13.171875,-9.3671875,-3.5546875,1.6519547
2021-02-04,-3.6443832,3.8149972,-18.125,13.3359375,-9.5546875,-3.6640625,1.5625
2021-02-05,-3.713006,3.8743525,-17.96875,13.265625,-9.7265625,-3.7421875,1.578125
2021-02-06,-3.7571988,3.9173965,-17.96875,13.328125,-9.7890625,-3.8203125,1.6953125
2021-02-07,-3.8374796,3.9633327,-18.125,13.25,-9.9453125,-3.9140625,1.7265625
2021-02-08,-3.9203334,4.0401144,-18.375,13.3046875,-10.139843,-3.9882812,1.7265625
2021-02-09,-4.018525,4.1137676,-18.5,13.296875,-10.374218,-4.0742188,1.6007843
2021-02-10,-4.06816,4.151316,-18.4375,13.4609375,-10.4296875,-4.15625,1.5703125
2021-02-11,-4.0474963,4.2022014,-18.5625,13.46875,-10.3984375,-4.1875,1.7851562
2021-02-12,-4.1134524,4.2815275,-18.78125,13.5078125,-10.5546875,-4.234375,1.7695312
2021-02-13,-4.2435374,4.321912,-18.875,13.53125,-10.7109375,-4.3984375,1.7578125
2021-02-14,-4.2989664,4.370103,-18.96875,13.53125,-10.842968,-4.453125,1.703125
2021-02-15,-4.3186216,4.4173646,-19.21875,13.6171875,-10.8671875,-4.5078125,1.7773438
2021-02-16,-4.2203465,4.479725,-19.1875,13.6875,-10.8515625,-4.4140625,1.9492188
2021-02-17,-4.1231194,4.593336,-19.3125,13.9453125,-10.9296875,-4.3359375,2.1445312
2021-02-18,-4.2959595,4.640867,-19.25,13.828125,-11.1171875,-4.5234375,2.0507812
2021-02-19,-4.282184,4.6734867,-19.28125,13.8125,-11.1640625,-4.5,2.087696
2021-02-20,-4.262272,4.7472816,-19.0,13.96875,-11.2421875,-4.46875,2.1992188
2021-02-21,-4.3566546,4.768901,-19.0625,13.9296875,-11.3046875,-4.59375,2.1679688
2021-02-22,-4.375688,4.791075,-18.96875,14.015625,-11.3515625,-4.6328125,2.1445312
2021-02-23,-4.298778,4.822585,-19.0625,13.984375,-11.2265625,-4.59375,2.306446
2021-02-24,-4.270663,4.8665986,-19.09375,14.09375,-11.2109375,-4.5546875,2.3828125
2021-02-25,-4.1945214,4.9263196,-18.84375,14.09375,-11.1953125,-4.5,2.5351562
2021-02-26,-4.2924757,4.951759,-18.78125,14.1953125,-11.3359375,-4.578125,2.4101562
2021-02-27,-4.292641,4.991221,-18.84375,14.1328125,-11.3671875,-4.578125,2.4292984
2021-02-28,-4.26634,5.025113,-18.8125,14.171875,-11.3515625,-4.546875,2.5386734
2021-03-01,-4.1976957,5.081032,-18.625,14.21875,-11.3359375,-4.484375,2.6523438
2021-03-02,-4.242306,5.1223416,-18.78125,14.328125,-11.4140625,-4.5,2.65625
2021-03-03,-4.1929097,5.174737,-18.9375,14.34375,-11.4609375,-4.4609375,2.71875
2021-03-04,-4.1842704,5.1940413,-18.84375,14.375,-11.4609375,-4.4453125,2.7382812
2021-03-05,-4.0838323,5.200048,-18.6875,14.3125,-11.3359375,-4.34375,2.8103523
2021-03-06,-4.0364776,5.195942,-18.5625,14.3671875,-11.217968,-4.3046875,2.84375
2021-03-07,-3.8477511,5.2417393,-18.65625,14.4375,-11.1015625,-4.1328125,3.1640625
2021-03-08,-3.7512324,5.270647,-18.65625,14.453125,-11.0546875,-4.0117188,3.2148438
2021-03-09,-3.6377187,5.314595,-18.375,14.671875,-11.0078125,-3.8984375,3.3884773
2021-03-10,-3.5879507,5.314756,-18.25,14.7421875,-10.8984375,-3.84375,3.3789062
2021-03-11,-3.4793417,5.307443,-18.09375,14.7890625,-10.749218,-3.7421875,3.5117188
2021-03-12,-3.3847325,5.323565,-18.0625,14.8125,-10.6796875,-3.6484375,3.6132812
2021-03-13,-3.3929868,5.356589,-17.9375,14.8515625,-10.7265625,-3.640625,3.5955086
2021-03-14,-3.3553672,5.4387484,-17.875,14.953125,-10.7890625,-3.59375,3.7634773
2021-03-15,-3.3717387,5.497771,-17.90625,15.046875,-10.8828125,-3.5390625,3.775196
2021-03-16,-3.267975,5.5203104,-17.84375,15.0,-10.8203125,-3.4257812,3.90625
2021-03-17,-3.3226826,5.5137997,-17.8125,15.0625,-10.8828125,-3.4414062,3.8359375
2021-03-18,-3.2354298,5.555946,-17.8125,15.21875,-10.8203125,-3.3203125,4.0
2021-03-19,-3.2635462,5.5612025,-17.75,15.2890625,-10.889843,-3.3203125,3.8806648
2021-03-20,-3.2091384,5.5853286,-17.6875,15.25,-10.8671875,-3.234375,3.8632812
2021-03-21,-2.9115872,5.6427374,-17.3125,15.2421875,-10.6171875,-2.9101562,4.3125
2021-03-22,-2.8879437,5.654367,-17.28125,15.40625,-10.6171875,-2.8359375,4.2830086
2021-03-23,-2.8553407,5.6889205,-17.125,15.453125,-10.6328125,-2.7460938,4.3298836
2021-03-24,-2.7166686,5.740601,-16.84375,15.6171875,-10.5390625,-2.5976562,4.5859375
2021-03-25,-2.5849514,5.750859,-16.78125,15.578125,-10.4609375,-2.4179688,4.6679688
2021-03-26,-2.480511,5.7702584,-16.71875,15.59375,-10.3828125,-2.265625,4.7460938
2021-03-27,-2.4384189,5.8287005,-16.84375,15.6796875,-10.4453125,-2.1328125,4.8455086
2021-03-28,-2.4660103,5.8499265,-16.84375,15.796875,-10.4921875,-2.0703125,4.8164062
2021-03-29,-2.413974,5.8632274,-16.9375,15.765625,-10.4765625,-1.984375,4.849415
2021-03-30,-2.283675,5.859434,-16.90625,15.765625,-10.3359375,-1.7929688,4.9335938
2021-03-31,-2.036427,5.8854847,-16.71875,15.796875,-10.1796875,-1.5117188,5.1835938
2021-04-01,-1.9462749,5.900978,-16.8125,15.78125,-10.1171875,-1.3476562,5.3142586
2021-04-02,-1.8247131,5.928298,-16.84375,15.8671875,-10.0546875,-1.1484375,5.4609375
2021-04-03,-1.7771364,5.9550886,-16.875,15.90625,-10.0703125,-1.0546875,5.4960938
2021-04-04,-1.7799476,5.963317,-16.90625,16.0625,-10.1171875,-0.96875,5.4335938
2021-04-05,-1.6999646,5.989492,-16.9375,16.09375,-10.0703125,-0.79296875,5.4822273
2021-04-06,-1.4908334,6.060096,-17.0,16.1875,-10.0234375,-0.5,5.786915
2021-04-07,-1.4624665,6.091517,-17.125,16.140625,-10.0546875,-0.3671875,5.8046875
2021-04-08,-1.3804069,6.1028314,-17.09375,16.265625,-9.9921875,-0.20703125,5.8828125
2021-04-09,-1.3465253,6.074981,-17.09375,16.1875,-9.9609375,-0.1015625,5.847267
2021-04-10,-1.3232193,6.0569406,-17.0625,16.15625,-9.9296875,-0.046875,5.8515625
2021-04-11,-1.1291759,6.0699954,-16.96875,16.296875,-9.7421875,0.21875,6.0273438
2021-04-12,-0.96529233,6.1041226,-16.9375,16.375,-9.6796875,0.4765625,6.1796875
2021-04-13,-0.84690595,6.131453,-16.84375,16.484375,-9.6328125,0.65625,6.2986336
2021-04-14,-0.78745806,6.1417623,-16.875,16.6875,-9.6328125,0.78125,6.3884773
2021-04-15,-0.53826916,6.1826673,-16.8125,16.703125,-9.4609375,1.09375,6.6484375
2021-04-16,-0.38242117,6.2182693,-16.875,16.859375,-9.3828125,1.3828125,6.78125
2021-04-17,-0.33531278,6.232144,-16.90625,17.0,-9.405468,1.5,6.8359375
2021-04-18,-0.33029768,6.242876,-16.96875,17.0625,-9.4453125,1.578125,6.796875
2021-04-19,-0.21354061,6.276743,-17.0,17.1875,-9.4296875,1.8242188,6.909767
2021-04-20,-0.04082687,6.293735,-17.0,17.265625,-9.3203125,2.0605469,7.046875
2021-04-21,0.062216863,6.3048573,-17.09375,17.484375,-9.3046875,2.234375,7.181446
2021-04-22,0.20283554,6.319384,-17.09375,17.625,-9.2109375,2.4570312,7.265625
2021-04-23,0.38892224,6.331382,-17.0625,17.578125,-9.1015625,2.7382812,7.4453125
2021-04-24,0.3124933,6.3066764,-17.09375,17.75,-9.1640625,2.6914062,7.3046875
2021-04-25,0.34264114,6.338446,-17.21875,17.90625,-9.2265625,2.765625,7.322071
2021-04-26,0.5157498,6.3748493,-17.15625,18.046875,-9.1328125,3.0195312,7.484375
2021-04-27,0.5443355,6.3942738,-17.25,18.203125,-9.1796875,3.1289062,7.4609375
2021-04-28,0.726014,6.416287,-17.28125,18.375,-9.077343,3.3515625,7.6111336
2021-04-29,0.87184244,6.437656,-17.34375,18.421875,-9.0078125,3.59375,7.7361336
2021-04-30,0.9670938,6.4482627,-17.34375,18.59375,-8.9921875,3.7246094,7.83379
2021-05-01,1.0717621,6.470402,-17.40625,18.6875,-8.952343,3.921875,7.953125
2021-05-02,1.1367283,6.483366,-17.34375,18.90625,-8.9609375,4.015625,7.9609375
2021-05-03,1.18156,6.4731393,-17.28125,19.15625,-8.905468,4.0859375,8.015625
2021-05-04,1.2813385,6.481605,-17.28125,19.34375,-8.874218,4.2382812,8.04258
2021-05-05,1.3831193,6.513924,-17.375,19.578125,-8.842968,4.3847656,8.1328125
2021-05-06,1.369158,6.525629,-17.375,19.796875,-8.8828125,4.3710938,8.089455
2021-05-07,1.4183917,6.5233355,-17.28125,19.875,-8.874218,4.455078,8.0703125
2021-05-08,1.6184207,6.5336056,-17.28125,20.1875,-8.7265625,4.6679688,8.269142
2021-05-09,1.7895162,6.558562,-17.28125,20.390625,-8.6640625,4.875,8.421875
2021-05-10,1.7646496,6.562657,-17.28125,20.5625,-8.7265625,4.8359375,8.3828125
2021-05-11,1.8141782,6.570912,-17.28125,20.84375,-8.7578125,4.9179688,8.41758
2021-05-12,1.9692618,6.5897484,-17.40625,21.03125,-8.6640625,5.0664062,8.5703125
2021-05-13,2.0617309,6.609078,-17.46875,21.28125,-8.6484375,5.173828,8.671875
2021-05-14,2.132348,6.60836,-17.46875,21.4375,-8.6328125,5.21875,8.7109375
2021-05-15,2.20086,6.615382,-17.59375,21.546875,-8.6328125,5.296875,8.765625
2021-05-16,2.284667,6.619669,-17.59375,21.8125,-8.577343,5.3398438,8.8515625
2021-05-17,2.356428,6.62758,-17.6875,22.03125,-8.5703125,5.4003906,8.9375
2021-05-18,2.4089437,6.636009,-17.6875,22.234375,-8.5703125,5.4453125,8.987892
2021-05-19,2.487022,6.650623,-17.6875,22.375,-8.5703125,5.5273438,9.050392
2021-05-20,2.6113799,6.668089,-17.71875,22.5625,-8.546093,5.6523438,9.1484375
2021-05-21,2.604181,6.6783366,-17.875,22.671875,-8.6171875,5.6328125,9.125
2021-05-22,2.734256,6.6976643,-17.9375,22.78125,-8.5859375,5.783203,9.21875
2021-05-23,2.8251166,6.7176685,-18.0,22.96875,-8.592968,5.8515625,9.3125
2021-05-24,2.991028,6.7422614,-18.0625,23.140625,-8.5546875,6.015625,9.4921875
2021-05-25,3.1095436,6.772148,-18.03125,23.21875,-8.5546875,6.140625,9.6171875
2021-05-26,3.232703,6.8007507,-18.125,23.34375,-8.5546875,6.2578125,9.796875
2021-05-27,3.1770177,6.806513,-18.0625,23.53125,-8.6640625,6.171875,9.75
2021-05-28,3.1761093,6.8013725,-18.0625,23.53125,-8.733593,6.171875,9.65625
2021-05-29,3.2624173,6.8139606,-18.15625,23.671875,-8.7109375,6.216797,9.76133
2021-05-30,3.4568284,6.841638,-18.21875,23.75,-8.6328125,6.4140625,9.984375
2021-05-31,3.5452843,6.8679805,-18.25,23.90625,-8.6640625,6.515625,10.066017
2021-06-01,3.5944355,6.8868523,-18.25,23.96875,-8.7265625,6.5410156,10.15625
2021-06-02,3.72789,6.911714,-18.375,24.109375,-8.6796875,6.703125,10.296875
2021-06-03,3.6515286,6.9232826,-18.40625,24.125,-8.8515625,6.5820312,10.206642
2021-06-04,3.766491,6.933231,-18.4375,24.15625,-8.8046875,6.671875,10.3125
2021-06-05,3.8470347,6.955336,-18.40625,24.15625,-8.8359375,6.763672,10.40625
2021-06-06,3.9870362,6.9863296,-18.53125,24.1875,-8.8203125,6.9453125,10.566017
2021-06-07,4.013895,7.0206475,-18.4375,24.25,-8.9296875,6.9765625,10.609375
2021-06-08,4.0023117,7.037156,-18.46875,24.34375,-9.0234375,6.96875,10.625
2021-06-09,4.0426764,7.042086,-18.5,24.3125,-9.0234375,7.001953,10.65625
2021-06-10,4.2196126,7.0564475,-18.65625,24.34375,-8.9296875,7.1953125,10.796875
2021-06-11,4.1123586,7.0715337,-18.65625,24.375,-9.1640625,7.1015625,10.722267
2021-06-12,4.219706,7.083782,-18.75,24.296875,-9.1015625,7.203125,10.8125
2021-06-13,4.335167,7.1109266,-18.8125,24.25,-9.092968,7.3203125,10.9765625
2021-06-14,4.3356104,7.1219363,-18.875,24.21875,-9.1484375,7.375,10.9375
2021-06-15,4.4470124,7.1463776,-18.875,24.375,-9.155468,7.4921875,11.097267
2021-06-16,4.418683,7.161291,-18.875,24.28125,-9.1953125,7.4921875,11.07383
2021-06-17,4.4964924,7.1641397,-18.9375,24.25,-9.155468,7.5625,11.178909
2021-06-18,4.5641856,7.179283,-19.09375,24.15625,-9.1328125,7.6484375,11.265625
2021-06-19,4.691913,7.2114058,-19.21875,24.15625,-9.108593,7.7890625,11.409767
2021-06-20,4.759275,7.247032,-19.3125,24.234375,-9.155468,7.859375,11.54258
2021-06-21,4.813883,7.2721667,-19.40625,24.234375,-9.1484375,7.9140625,11.651955
2021-06-22,4.694445,7.2835746,-19.5,24.25,-9.2734375,7.828125,11.53125
2021-06-23,4.708812,7.2846,-19.65625,24.3125,-9.233593,7.8164062,11.519142
2021-06-24,4.7962384,7.2982864,-19.75,24.25,-9.2109375,7.9160156,11.5859375
2021-06-25,4.8122926,7.3187027,-19.78125,24.1875,-9.296093,7.9375,11.6484375
2021-06-26,4.881553,7.3405595,-19.96875,24.296875,-9.2578125,8.015625,11.722267
2021-06-27,4.840888,7.354806,-19.9375,24.40625,-9.3046875,8.0,11.69883
2021-06-28,4.6806827,7.3426976,-20.125,24.328125,-9.4296875,7.859375,11.519142
2021-06-29,4.827747,7.3451047,-20.125,24.25,-9.2890625,8.0234375,11.6796875
2021-06-30,4.8819075,7.3656697,-20.21875,24.25,-9.2734375,8.1015625,11.753517
2021-07-01,4.8556676,7.3709717,-20.125,24.25,-9.249218,8.078125,11.722267
2021-07-02,4.91232,7.3743896,-20.15625,24.28125,-9.1796875,8.125,11.78125
2021-07-03,4.9167757,7.374378,-20.15625,24.3125,-9.124218,8.109375,11.8125
2021-07-04,4.785555,7.3651156,-20.21875,24.234375,-9.2109375,7.9882812,11.625
2021-07-05,4.8919997,7.369136,-20.1875,24.109375,-9.108593,8.1015625,11.75
2021-07-06,4.8705893,7.3843365,-20.28125,24.09375,-9.139843,8.078125,11.753517
2021-07-07,4.814451,7.37871,-20.3125,24.03125,-9.1640625,8.015625,11.671875
2021-07-08,4.911643,7.3872747,-20.3125,24.03125,-9.1015625,8.109375,11.765625
2021-07-09,4.995577,7.4131436,-20.25,24.0625,-9.0546875,8.21875,11.85508
2021-07-10,4.938703,7.429191,-20.375,24.03125,-9.1015625,8.171875,11.84375
2021-07-11,4.959176,7.4302773,-20.34375,24.03125,-9.1015625,8.1796875,11.870705
2021-07-12,4.9643593,7.436622,-20.3125,23.96875,-9.0703125,8.175781,11.921875
2021-07-13,4.892154,7.432617,-20.375,23.9375,-9.1015625,8.125,11.84375
2021-07-14,4.8805594,7.4202695,-20.40625,23.96875,-9.0546875,8.140625,11.82383
2021-07-15,4.7772484,7.4109325,-20.59375,23.84375,-9.0859375,8.015625,11.760551
2021-07-16,4.919172,7.4187756,-20.75,23.890625,-8.9609375,8.1640625,11.870705
2021-07-17,4.8783765,7.447034,-20.8125,23.859375,-9.0234375,8.136719,11.925392
2021-07-18,4.7749376,7.4304957,-20.6875,23.8125,-9.0859375,8.046875,11.7890625
2021-07-19,4.8435907,7.424269,-20.8125,23.75,-8.999218,8.1171875,11.839455
2021-07-20,4.880363,7.446948,-20.84375,23.71875,-9.014843,8.1875,11.875
2021-07-21,4.8287077,7.453278,-20.75,23.75,-9.0859375,8.140625,11.84375
2021-07-22,4.7969866,7.439952,-20.75,23.71875,-9.0234375,8.09375,11.84375
2021-07-23,4.773059,7.4270773,-20.6875,23.75,-9.0546875,8.0859375,11.82383
2021-07-24,4.775748,7.414147,-20.5,23.71875,-8.9921875,8.09375,11.784767
2021-07-25,4.771322,7.4059453,-20.46875,23.75,-8.983593,8.058594,11.835159
2021-07-26,4.712871,7.398985,-20.5,23.6875,-8.9921875,8.0078125,11.73008
2021-07-27,4.8303304,7.405815,-20.65625,23.59375,-8.921093,8.15625,11.870705
2021-07-28,4.8074546,7.419375,-20.53125,23.625,-8.9140625,8.125,11.921875
2021-07-29,4.832421,7.414145,-20.5,23.59375,-8.8828125,8.125,11.9296875
2021-07-30,4.9167824,7.4236383,-20.5,23.578125,-8.8203125,8.2265625,12.046875
2021-07-31,4.769399,7.41358,-20.375,23.59375,-8.8984375,8.09375,11.921875
2021-08-01,4.6397986,7.373005,-20.21875,23.515625,-8.9453125,7.9492188,11.765625
2021-08-02,4.6740937,7.3553047,-20.125,23.5,-8.8671875,7.9804688,11.78125
2021-08-03,4.635227,7.3462873,-20.09375,23.46875,-8.8515625,7.9589844,11.7265625
2021-08-04,4.6033306,7.324756,-20.125,23.5,-8.874218,7.9140625,11.671875
2021-08-05,4.548719,7.298979,-20.0625,23.46875,-8.8828125,7.857422,11.609375
2021-08-06,4.553989,7.2690454,-19.875,23.4375,-8.8046875,7.84375,11.578125
2021-08-07,4.567471,7.2438364,-19.5625,23.484375,-8.764843,7.8515625,11.546875
2021-08-08,4.5626636,7.231237,-19.75,23.34375,-8.7890625,7.8183594,11.5625
2021-08-09,4.488588,7.2264314,-19.90625,23.375,-8.8359375,7.7539062,11.484375
2021-08-10,4.533887,7.220634,-19.84375,23.390625,-8.8046875,7.810547,11.515625
2021-08-11,4.39409,7.2013907,-19.8125,23.3125,-8.8828125,7.6484375,11.3828125
2021-08-12,4.4565916,7.173645,-19.8125,23.21875,-8.7734375,7.7265625,11.4140625
2021-08-13,4.364773,7.149782,-19.875,23.203125,-8.811718,7.6171875,11.331642
2021-08-14,4.4339914,7.1181865,-19.75,23.21875,-8.6640625,7.6757812,11.370705
2021-08-15,4.5066133,7.1134357,-19.75,23.21875,-8.6171875,7.75,11.5
2021-08-16,4.365269,7.0920086,-19.78125,23.21875,-8.6953125,7.6015625,11.378517
2021-08-17,4.194909,7.03846,-19.8125,23.15625,-8.7578125,7.3710938,11.1875
2021-08-18,4.219208,6.9940004,-19.8125,23.109375,-8.6484375,7.390625,11.109375
2021-08-19,4.426821,6.984299,-19.625,23.125,-8.4453125,7.576172,11.269142
2021-08-20,4.3225856,6.9592767,-19.59375,23.109375,-8.4609375,7.4453125,11.222267
2021-08-21,4.247488,6.90546,-19.53125,23.0,-8.4765625,7.3671875,11.09375
2021-08-22,4.334142,6.8806167,-19.53125,22.9375,-8.3515625,7.4433594,11.1484375
2021-08-23,4.2969384,6.8743706,-19.65625,23.0,-8.436718,7.3984375,11.089455
2021-08-24,4.124891,6.822886,-19.3125,22.9375,-8.483593,7.203125,10.828125
2021-08-25,4.10857,6.786747,-19.5,22.875,-8.389843,7.140625,10.76133
2021-08-26,4.2987337,6.7774644,-19.53125,22.84375,-8.233593,7.328125,10.9375
2021-08-27,4.268046,6.7667074,-19.46875,22.859375,-8.2421875,7.2851562,10.91758
2021-08-28,4.087136,6.7135053,-19.3125,22.84375,-8.2890625,7.1035156,10.6796875
2021-08-29,4.1423163,6.6631303,-19.03125,22.78125,-8.1171875,7.109375,10.69883
2021-08-30,4.201968,6.621937,-18.96875,22.6875,-7.9765625,7.15625,10.734375
2021-08-31,4.114112,6.5825005,-19.09375,22.671875,-8.014843,7.048828,10.589455
2021-09-01,4.0450172,6.5467052,-19.15625,22.640625,-8.0234375,6.953125,10.546875
2021-09-02,4.0022254,6.5143204,-19.1875,22.59375,-7.9992185,6.90625,10.4453125
2021-09-03,4.111611,6.4783897,-19.15625,22.53125,-7.8359375,6.96875,10.5390625
2021-09-04,3.9607484,6.428845,-19.09375,22.53125,-7.9054685,6.7871094,10.34375
2021-09-05,4.000927,6.3871446,-18.875,22.40625,-7.8046875,6.8203125,10.35508
2021-09-06,3.897419,6.3322306,-18.75,22.375,-7.8046875,6.6796875,10.2265625
2021-09-07,3.83892,6.279831,-18.71875,22.25,-7.7890625,6.578125,10.125
2021-09-08,3.905845,6.239144,-18.625,22.21875,-7.6328125,6.6171875,10.1484375
2021-09-09,3.8915348,6.1848993,-18.5625,22.171875,-7.5390625,6.5839844,10.128517
2021-09-10,3.7841616,6.1209583,-18.71875,22.078125,-7.5078125,6.4179688,9.9765625
2021-09-11,3.8396237,6.0750685,-18.4375,22.046875,-7.3828125,6.4453125,9.972267
2021-09-12,3.8732748,6.050729,-18.34375,21.96875,-7.3046875,6.4453125,10.015625
2021-09-13,3.6287,5.976205,-18.5,21.90625,-7.3984375,6.1796875,9.6484375
2021-09-14,3.6416912,5.937582,-18.625,21.9375,-7.3046875,6.171875,9.659767
2021-09-15,3.6670048,5.904144,-18.59375,21.84375,-7.2335935,6.1640625,9.640625
2021-09-16,3.54976,5.8514004,-18.84375,21.84375,-7.2492185,6.001953,9.4453125
2021-09-17,3.3441987,5.758246,-18.65625,21.65625,-7.2421875,5.765625,9.171875
2021-09-18,3.4045074,5.686033,-18.46875,21.546875,-7.0546875,5.7617188,9.1953125
2021-09-19,3.395908,5.62846,-18.21875,21.53125,-6.9453125,5.7109375,9.1484375
2021-09-20,3.4076333,5.5909266,-18.09375,21.515625,-6.8984375,5.6660156,9.1640625
2021-09-21,3.361631,5.542317,-18.09375,21.375,-6.8515625,5.6015625,9.0859375
2021-09-22,3.3818896,5.493875,-18.03125,21.375,-6.7421875,5.5722656,9.0859375
2021-09-23,3.26711,5.438713,-18.0625,21.328125,-6.7421875,5.4160156,8.901955
2021-09-24,3.3361752,5.404973,-18.0625,21.203125,-6.6398435,5.4746094,8.9375
2021-09-25,3.288385,5.3609004,-18.03125,21.15625,-6.5703125,5.359375,8.9296875
2021-09-26,3.1832712,5.3074045,-18.125,21.09375,-6.5703125,5.2402344,8.7421875
2021-09-27,3.0732982,5.2347226,-18.03125,20.96875,-6.5234375,5.0742188,8.566017
2021-09-28,3.0074587,5.1702394,-18.09375,20.875,-6.4453125,4.966797,8.4375
2021-09-29,2.9538722,5.107294,-18.0,20.71875,-6.3671875,4.8710938,8.331642
2021-09-30,2.9699993,5.0669856,-17.9375,20.625,-6.2890625,4.861328,8.3125
2021-10-01,2.8576548,5.037947,-18.03125,20.546875,-6.3117185,4.7460938,8.15625
2021-10-02,2.7634854,4.999837,-18.09375,20.375,-6.3203125,4.609375,8.081642
2021-10-03,2.636718,4.933458,-18.125,20.28125,-6.3585935,4.4492188,7.84375
2021-10-04,2.4924362,4.8614516,-18.125,20.15625,-6.3359375,4.2539062,7.625
2021-10-05,2.374003,4.764097,-18.0,20.0625,-6.2421875,4.078125,7.3884773
2021-10-06,2.3705168,4.7060194,-17.9375,19.9375,-6.09375,4.0429688,7.3515625
2021-10-07,2.2857347,4.655369,-17.90625,19.8125,-6.085156,3.9277344,7.24004
2021-10-08,2.1836805,4.6009808,-17.96875,19.625,-6.069531,3.8007812,7.0798836
2021-10-09,2.11367,4.550392,-18.09375,19.5,-6.0148435,3.6953125,6.950588
2021-10-10,2.129796,4.4921484,-18.09375,19.4375,-5.859375,3.6796875,6.90625
2021-10-11,2.0382946,4.435155,-18.125,19.25,-5.8359375,3.5449219,6.7478523
2021-10-12,1.8680748,4.3696446,-17.9375,19.15625,-5.890625,3.3339844,6.5546875
2021-10-13,1.738061,4.293965,-17.90625,19.0,-5.859375,3.15625,6.3320312
2021-10-14,1.6863267,4.2307076,-17.84375,18.78125,-5.765625,3.0683594,6.265625
2021-10-15,1.6323667,4.18117,-17.90625,18.59375,-5.7265625,2.9648438,6.1484375
2021-10-16,1.518377,4.123036,-18.0,18.515625,-5.6953125,2.8125,5.9648438
2021-10-17,1.4918767,4.0841875,-17.96875,18.359375,-5.65625,2.765625,5.9375
2021-10-18,1.2918133,4.011363,-17.875,18.21875,-5.6953125,2.5117188,5.665821
2021-10-19,1.294683,3.9731176,-17.8125,18.03125,-5.6242185,2.4882812,5.6601562
2021-10-20,1.4318006,3.9522855,-17.96875,17.8125,-5.46875,2.625,5.8021507
2021-10-21,1.2977102,3.8940067,-17.9375,17.625,-5.46875,2.453125,5.625
2021-10-22,1.122665,3.808862,-17.96875,17.46875,-5.453125,2.2148438,5.3164062
2021-10-23,1.2010988,3.7776926,-17.9375,17.21875,-5.3082027,2.2773438,5.4453125
2021-10-24,1.1776447,3.7275872,-17.9375,17.078125,-5.234375,2.234375,5.3671875
2021-10-25,1.12027,3.6972811,-17.90625,16.984375,-5.210156,2.1445312,5.2890625
2021-10-26,0.8966076,3.6459386,-17.875,16.84375,-5.3046875,1.8867188,5.0195312
2021-10-27,0.8353886,3.5951605,-17.84375,16.78125,-5.234375,1.796875,4.8572273
2021-10-28,0.7710745,3.5276735,-17.8125,16.546875,-5.1484375,1.703125,4.759571
2021-10-29,0.6686547,3.4745433,-17.75,16.34375,-5.125,1.5703125,4.609375
2021-10-30,0.5555049,3.4357483,-17.71875,16.15625,-5.1953125,1.4296875,4.4570312
2021-10-31,0.54728925,3.3908823,-17.6875,16.015625,-5.0773435,1.375,4.3984375
2021-11-01,0.49186647,3.3263373,-17.6875,15.921875,-4.9957027,1.296875,4.3416023
2021-11-02,0.5334136,3.2769651,-17.65625,15.921875,-4.8671875,1.3046875,4.3142586
2021-11-03,0.50171894,3.2551582,-17.59375,15.8515625,-4.8515625,1.265625,4.269142
2021-11-04,0.36100826,3.219026,-17.5625,15.796875,-4.921875,1.078125,4.103321
2021-11-05,0.19355129,3.1757414,-17.53125,15.71875,-4.9765625,0.8984375,3.8923836
2021-11-06,0.15087318,3.1463249,-17.53125,15.671875,-4.9375,0.828125,3.8046875
2021-11-07,0.069004625,3.0965495,-17.46875,15.734375,-4.890625,0.7265625,3.6853523
2021-11-08,0.22440799,3.0771492,-17.5,15.625,-4.6875,0.859375,3.9023438
2021-11-09,0.17798197,3.0447528,-17.59375,15.6640625,-4.6171875,0.7890625,3.78125
2021-11-10,0.03054828,3.0202248,-17.53125,15.625,-4.7265625,0.6171875,3.5798836
2021-11-11,-0.181286,2.968097,-17.5,15.515625,-4.8359375,0.3828125,3.3181648
2021-11-12,-0.115690075,2.9331224,-17.4375,15.3984375,-4.71875,0.4296875,3.3724632
2021-11-13,-0.2530209,2.8952856,-17.46875,15.4453125,-4.7421875,0.265625,3.165821
2021-11-14,-0.39867878,2.87624,-17.4375,15.46875,-4.8316402,0.0859375,3.0234375
2021-11-15,-0.47302508,2.8433573,-17.53125,15.46875,-4.8359375,0.0078125,2.9023438
2021-11-16,-0.5512208,2.7908244,-17.375,15.484375,-4.796875,-0.1015625,2.765625
2021-11-17,-0.5448887,2.7739213,-17.375,15.390625,-4.828125,-0.1171875,2.796875
2021-11-18,-0.5375248,2.7490737,-17.34375,15.28125,-4.7265625,-0.109375,2.8476562
2021-11-19,-0.6735675,2.7118883,-17.375,15.28125,-4.78125,-0.28125,2.6207047
2021-11-20,-0.76006216,2.6870263,-17.40625,15.2734375,-4.8125,-0.390625,2.546875
2021-11-21,-0.75710607,2.6550276,-17.3125,15.2578125,-4.703125,-0.4140625,2.4726562
2021-11-22,-0.8426538,2.6280491,-17.28125,15.265625,-4.7578125,-0.53125,2.3710938
2021-11-23,-0.94187737,2.6008232,-17.25,15.1875,-4.8125,-0.63671875,2.2244148
2021-11-24,-0.9122511,2.5759344,-17.25,15.125,-4.703125,-0.6171875,2.3003922
2021-11-25,-0.72951865,2.5677075,-17.1875,15.0546875,-4.5234375,-0.4375,2.4453125
2021-11-26,-0.87577677,2.536553,-17.21875,15.109375,-4.59375,-0.6015625,2.2617188
2021-11-27,-0.88505626,2.5342658,-17.25,15.171875,-4.578125,-0.625,2.2517586
2021-11-28,-1.0649799,2.5081482,-17.3125,15.1015625,-4.703125,-0.8125,2.03125
2021-11-29,-1.0858672,2.489154,-17.15625,15.015625,-4.671875,-0.8515625,2.0585938
2021-11-30,-1.1350756,2.4656882,-17.03125,14.96875,-4.6640625,-0.9296875,2.0078125
2021-12-01,-0.99363714,2.4721456,-17.0625,15.0,-4.5390625,-0.7890625,2.1171875
2021-12-02,-1.1710062,2.4471095,-17.0625,14.984375,-4.671875,-0.9765625,1.9140625
2021-12-03,-1.0993116,2.4363852,-17.09375,14.921875,-4.585156,-0.90625,1.9492188
2021-12-04,-1.1664263,2.411102,-17.03125,14.953125,-4.609375,-1.0,1.8515625
2021-12-05,-1.1393973,2.4067373,-17.0,14.9453125,-4.578125,-0.9765625,1.8962898
2021-12-06,-1.2302085,2.3992665,-16.90625,14.96875,-4.6171875,-1.078125,1.8003922
2021-12-07,-1.3607516,2.3782554,-16.96875,14.84375,-4.7265625,-1.2265625,1.6675797
2021-12-08,-1.1164696,2.381996,-16.9375,14.984375,-4.484375,-0.9921875,1.8867188
2021-12-09,-1.2099222,2.384877,-17.09375,15.015625,-4.5546875,-1.09375,1.8277359
2021-12-10,-1.3340294,2.3861318,-17.0625,14.9765625,-4.678906,-1.2265625,1.6875
2021-12-11,-1.4395723,2.3665402,-16.96875,14.9375,-4.7734375,-1.3359375,1.5582047
2021-12-12,-1.4618379,2.3565733,-16.9375,14.828125,-4.78125,-1.3632812,1.5546875
2021-12-13,-1.6013603,2.342821,-16.875,14.890625,-4.8828125,-1.53125,1.4140625
2021-12-14,-1.5829849,2.3467312,-16.875,14.875,-4.8515625,-1.5,1.4140625
2021-12-15,-1.54652,2.3368816,-16.84375,14.8359375,-4.796875,-1.4648438,1.4375
2021-12-16,-1.3816373,2.3377063,-16.875,14.84375,-4.671875,-1.2929688,1.609375
2021-12-17,-1.424302,2.3560688,-16.9375,14.90625,-4.71875,-1.3359375,1.5546875
2021-12-18,-1.4588095,2.33627,-16.6875,14.90625,-4.703125,-1.390625,1.4921875
2021-12-19,-1.432261,2.3651679,-16.875,14.875,-4.7222652,-1.3671875,1.5546875
2021-12-20,-1.4716749,2.3549473,-16.75,14.8671875,-4.7578125,-1.40625,1.5226593
2021-12-21,-1.5794392,2.365753,-16.8125,14.8125,-4.8828125,-1.53125,1.421875
2021-12-22,-1.5766821,2.3591516,-16.90625,14.8203125,-4.8671875,-1.53125,1.4140625
2021-12-23,-1.6159333,2.3740802,-17.03125,14.6796875,-4.9523435,-1.578125,1.4140625
2021-12-24,-1.6909131,2.395172,-16.96875,14.671875,-5.0546875,-1.6484375,1.3707047
2021-12-25,-1.7676843,2.4167924,-16.8125,14.765625,-5.1710935,-1.734375,1.3515625
2021-12-26,-1.9061935,2.4109159,-16.78125,14.703125,-5.3125,-1.859375,1.2066422
2021-12-27,-1.9067693,2.4318893,-16.8125,14.6875,-5.3742185,-1.859375,1.234375
2021-12-28,-1.9207839,2.4366436,-16.875,14.7109375,-5.3828125,-1.875,1.1875
2021-12-29,-1.9845709,2.4494393,-16.71875,14.6875,-5.53125,-1.9296875,1.2109375
2021-12-30,-1.8968374,2.476371,-16.46875,14.75,-5.4765625,-1.84375,1.265625
2021-12-31,-1.9041461,2.4958458,-16.5,14.765625,-5.5078125,-1.8515625,1.2613297
2022-01-01,-1.8947493,2.5027955,-16.4375,14.6640625,-5.46875,-1.8359375,1.2691422
2022-01-02,-1.9718045,2.521188,-16.40625,14.625,-5.6171875,-1.921875,1.25
2022-01-03,-1.896873,2.5447612,-16.5,14.71875,-5.546875,-1.875,1.3359375
2022-01-04,-2.035572,2.5608053,-16.40625,14.6875,-5.765625,-2.0078125,1.203125
2022-01-05,-2.0691133,2.5840452,-16.4375,14.640625,-5.8550777,-2.015625,1.2109375
2022-01-06,-1.9938409,2.605206,-16.5,14.59375,-5.8429685,-1.9375,1.3046875
2022-01-07,-1.99017,2.6485727,-16.375,14.734375,-5.90625,-1.9375,1.3828125
2022-01-08,-2.1518044,2.6693122,-16.4375,14.640625,-6.09375,-2.109375,1.296875
2022-01-09,-2.01558,2.7110393,-16.4375,14.65625,-6.085156,-1.9453125,1.4609375
2022-01-10,-2.0147424,2.7493083,-16.375,14.71875,-6.109375,-1.9648438,1.5113297
2022-01-11,-2.2065456,2.7864227,-16.46875,14.6875,-6.3515625,-2.1484375,1.3855515
2022-01-12,-2.2443614,2.8192134,-16.40625,14.7265625,-6.4140625,-2.1953125,1.3941422
2022-01-13,-2.3771126,2.8261833,-16.40625,14.578125,-6.5703125,-2.34375,1.2890625
2022-01-14,-2.249025,2.8021562,-16.0625,14.6640625,-6.3984375,-2.2578125,1.40625
2022-01-15,-2.1070037,2.846847,-16.0,14.6328125,-6.2890625,-2.125,1.6640625
2022-01-16,-2.2900589,2.8806205,-16.09375,14.609375,-6.5078125,-2.3203125,1.546875
2022-01-17,-2.369924,2.9114773,-16.28125,14.453125,-6.6867185,-2.3828125,1.4765625
2022-01-18,-2.3832726,2.979218,-16.46875,14.5390625,-6.8671875,-2.359375,1.484375
2022-01-19,-2.4215465,3.0184505,-16.4375,14.546875,-6.9609375,-2.4140625,1.5390625
2022-01-20,-2.4588206,3.049363,-16.65625,14.53125,-7.0546875,-2.4609375,1.5703125
2022-01-21,-2.4847383,3.1091132,-16.6875,14.484375,-7.2109375,-2.484375,1.6675797
2022-01-22,-2.6604776,3.147819,-16.65625,14.5,-7.4921875,-2.640625,1.4800797
2022-01-23,-2.766739,3.1847703,-16.5625,14.59375,-7.6328125,-2.7578125,1.4367218
2022-01-24,-2.8222578,3.2379694,-16.53125,14.4765625,-7.8046875,-2.796875,1.4644547
2022-01-25,-2.8875203,3.3134546,-16.9375,14.609375,-7.9992185,-2.859375,1.5078125
2022-01-26,-3.011162,3.3787165,-17.0625,14.546875,-8.249218,-2.9765625,1.4566422
2022-01-27,-3.160335,3.4308538,-17.21875,14.5625,-8.467968,-3.1171875,1.40625
2022-01-28,-3.2924755,3.4839103,-17.28125,14.578125,-8.7421875,-3.265625,1.3203125
2022-01-29,-3.3908873,3.5416293,-17.09375,14.671875,-8.905468,-3.3476562,1.2535172
2022-01-30,-3.4484184,3.567828,-17.0625,14.515625,-8.9921875,-3.4296875,1.2691422
2022-01-31,-3.5643425,3.6084259,-17.09375,14.5703125,-9.1484375,-3.5664062,1.2421875
2022-02-01,-3.6568944,3.6385064,-17.0625,14.546875,-9.311718,-3.6640625,1.1988297
2022-02-02,-3.4569309,3.688294,-16.78125,14.578125,-9.1796875,-3.5,1.5078125
2022-02-03,-3.5605817,3.7876534,-16.84375,14.640625,-9.3984375,-3.6132812,1.59375
2022-02-04,-3.6630669,3.858945,-17.0625,14.734375,-9.592968,-3.6953125,1.5234375
2022-02-05,-3.7312334,3.9174209,-16.8125,14.640625,-9.7421875,-3.7890625,1.5425797
2022-02-06,-3.774178,3.9608355,-16.65625,14.671875,-9.811718,-3.859375,1.6519547
2022-02-07,-3.853554,4.0074983,-16.78125,14.59375,-9.9296875,-3.96875,1.671875
2022-02-08,-3.935257,4.0859337,-16.875,14.6015625,-10.1484375,-4.0234375,1.71875
2022-02-09,-4.032607,4.159735,-16.96875,14.5703125,-10.3671875,-4.0859375,1.6171875
2022-02-10,-4.0808725,4.1975346,-16.75,14.65625,-10.4296875,-4.1679688,1.5894547
2022-02-11,-4.05893,4.2483587,-16.90625,14.6328125,-10.4140625,-4.203125,1.765625
2022-02-12,-4.1237426,4.3270445,-16.9375,14.640625,-10.6015625,-4.28125,1.7773438
2022-02-13,-4.252085,4.367275,-16.875,14.609375,-10.7265625,-4.4296875,1.7421875
2022-02-14,-4.3065057,4.414868,-16.8125,14.609375,-10.8515625,-4.46875,1.7265625
2022-02-15,-4.324213,4.463339,-17.0,14.6328125,-10.9140625,-4.5234375,1.8125
2022-02-16,-4.2244782,4.522745,-16.78125,14.671875,-10.8828125,-4.4296875,1.96875
2022-02-17,-4.1264515,4.636088,-16.84375,14.84375,-10.9609375,-4.34375,2.1796875
2022-02-18,-4.2976766,4.684536,-16.75,14.71875,-11.1484375,-4.5234375,2.0625
2022-02-19,-4.2821164,4.7158523,-16.8125,14.703125,-11.1640625,-4.5,2.1328125
2022-02-20,-4.261789,4.787622,-16.71875,14.796875,-11.2421875,-4.484375,2.234375
2022-02-21,-4.354179,4.8100696,-16.71875,14.734375,-11.3046875,-4.6132812,2.2148438
2022-02-22,-4.371382,4.831413,-16.5625,14.78125,-11.3203125,-4.59375,2.197071
2022-02-23,-4.292785,4.8622866,-16.71875,14.734375,-11.2421875,-4.5390625,2.3789062
2022-02-24,-4.263132,4.906716,-16.75,14.796875,-11.233593,-4.5234375,2.4726562
2022-02-25,-4.185392,4.965767,-16.53125,14.765625,-11.186718,-4.484375,2.6015625
2022-02-26,-4.2828207,4.990912,-16.625,14.828125,-11.3359375,-4.5625,2.5078125
2022-02-27,-4.2821546,5.029882,-16.71875,14.7578125,-11.358593,-4.5585938,2.5078125
2022-02-28,-4.2543726,5.0624576,-16.71875,14.78125,-11.3515625,-4.5390625,2.6267586
2022-03-01,-4.1847167,5.1165023,-16.625,14.796875,-11.3203125,-4.4453125,2.7265625
2022-03-02,-4.228894,5.1572485,-16.875,14.859375,-11.3984375,-4.46875,2.7222672
2022-03-03,-4.178234,5.208606,-16.96875,14.859375,-11.4453125,-4.4453125,2.765625
2022-03-04,-4.168496,5.2279806,-16.9375,14.875,-11.4296875,-4.4140625,2.7947273
2022-03-05,-4.0673823,5.2311797,-16.84375,14.8125,-11.3046875,-4.3125,2.8298836
2022-03-06,-4.0190544,5.227898,-16.78125,14.84375,-11.1796875,-4.2734375,2.921875
2022-03-07,-3.8286886,5.271914,-16.96875,14.875,-11.0390625,-4.0898438,3.2048836
2022-03-08,-3.7310345,5.2994866,-16.96875,14.875,-11.0078125,-3.9609375,3.2478523
2022-03-09,-3.6166158,5.3416505,-16.78125,15.03125,-10.9140625,-3.8359375,3.447071
2022-03-10,-3.5662277,5.3415637,-16.8125,15.078125,-10.8359375,-3.7890625,3.4666023
2022-03-11,-3.4575982,5.3330913,-16.71875,15.109375,-10.7109375,-3.6640625,3.5117188
2022-03-12,-3.3621542,5.348622,-16.875,15.125,-10.624218,-3.5664062,3.634571
2022-03-13,-3.3699956,5.3816366,-16.71875,15.15625,-10.6796875,-3.5273438,3.650196
2022-03-14,-3.3317888,5.4643316,-16.84375,15.21875,-10.7265625,-3.4609375,3.78125
2022-03-15,-3.3467622,5.5258355,-16.96875,15.28125,-10.8359375,-3.4414062,3.837696
2022-03-16,-3.2412007,5.547086,-16.875,15.2421875,-10.7734375,-3.328125,3.9648438
2022-03-17,-3.295236,5.539305,-17.03125,15.3125,-10.8046875,-3.3476562,3.8632812
2022-03-18,-3.2072558,5.5823593,-17.0625,15.4375,-10.780468,-3.2265625,4.03125
2022-03-19,-3.2349815,5.5863667,-17.0625,15.5078125,-10.8203125,-3.203125,3.875
2022-03-20,-3.1794612,5.611489,-17.0625,15.46875,-10.811718,-3.1015625,3.90625
2022-03-21,-2.880577,5.6677046,-16.78125,15.46875,-10.5546875,-2.8671875,4.3789062
2022-03-22,-2.8573375,5.678291,-16.9375,15.6171875,-10.5390625,-2.75,4.33379
2022-03-23,-2.8241694,5.7134013,-16.875,15.6484375,-10.592968,-2.6757812,4.3710938
2022-03-24,-2.6848104,5.7649374,-16.96875,15.8046875,-10.4765625,-2.515625,4.5955086
2022-03-25,-2.553129,5.774304,-16.9375,15.765625,-10.3671875,-2.3242188,4.6679688
2022-03-26,-2.4474497,5.7937613,-16.875,15.7890625,-10.3203125,-2.1523438,4.765625
2022-03-27,-2.405469,5.8522644,-17.0,15.875,-10.3671875,-2.0234375,4.8298836
2022-03-28,-2.4327796,5.875284,-17.0,15.984375,-10.4296875,-1.984375,4.83379
2022-03-29,-2.380325,5.8885117,-17.0625,15.9921875,-10.3828125,-1.875,4.8416023
2022-03-30,-2.2490404,5.8855996,-17.0625,16.0,-10.2578125,-1.6914062,4.9335938
2022-03-31,-2.001764,5.90876,-16.875,16.0625,-10.0703125,-1.4140625,5.165821
2022-04-01,-1.9116983,5.925144,-16.96875,16.09375,-10.030468,-1.25,5.290821
2022-04-02,-1.7909687,5.95048,-17.0,16.203125,-9.9296875,-1.0625,5.4509773
2022-04-03,-1.7432414,5.9793267,-17.0625,16.25,-9.9609375,-0.921875,5.4765625
2022-04-04,-1.7456483,5.990321,-17.09375,16.40625,-9.9921875,-0.83984375,5.4509773
2022-04-05,-1.6657325,6.0147634,-17.125,16.46875,-9.9609375,-0.64453125,5.5039062
2022-04-06,-1.4567746,6.0853114,-17.1875,16.578125,-9.8984375,-0.34375,5.755665
2022-04-07,-1.4275773,6.1172256,-17.28125,16.5625,-9.9296875,-0.2734375,5.818165
2022-04-08,-1.344971,6.1294785,-17.25,16.71875,-9.8671875,-0.1015625,5.8671875
2022-04-09,-1.311093,6.101554,-17.28125,16.6875,-9.8359375,0.00390625,5.8398438
2022-04-10,-1.2876385,6.0847435,-17.25,16.734375,-9.796093,0.07421875,5.8082047
2022-04-11,-1.0929184,6.097861,-17.15625,16.859375,-9.6328125,0.34765625,6.0078125
2022-04-12,-0.9290687,6.131894,-17.09375,16.9375,-9.5546875,0.5859375,6.1988297
2022-04-13,-0.8106914,6.159388,-17.0,17.046875,-9.5078125,0.8125,6.2947273
2022-04-14,-0.75116885,6.1711245,-17.03125,17.234375,-9.4921875,0.9765625,6.34375
2022-04-15,-0.5014512,6.210794,-16.9375,17.25,-9.3203125,1.3007812,6.650196
2022-04-16,-0.34662202,6.245785,-17.0,17.40625,-9.2734375,1.5664062,6.7947273
2022-04-17,-0.3000444,6.2617807,-17.03125,17.53125,-9.2734375,1.6953125,6.8294945
2022-04-18,-0.29535034,6.2720637,-17.09375,17.59375,-9.3359375,1.7929688,6.8125
2022-04-19,-0.17819758,6.3074746,-17.125,17.71875,-9.3046875,1.984375,6.9296875
2022-04-20,-0.0054672495,6.324452,-17.125,17.78125,-9.1953125,2.234375,7.0955086
2022-04-21,0.09769258,6.3356104,-17.1875,17.984375,-9.139843,2.3808594,7.212696
2022-04-22,0.23866627,6.351222,-17.1875,18.125,-9.0703125,2.6035156,7.2830086
2022-04-23,0.42454407,6.3611035,-17.15625,18.0625,-8.9609375,2.8398438,7.478321
2022-04-24,0.34745288,6.335288,-17.1875,18.21875,-9.0234375,2.84375,7.3728523
2022-04-25,0.37754586,6.3685236,-17.34375,18.375,-9.0703125,2.9082031,7.3416023
2022-04-26,0.5504401,6.403013,-17.28125,18.5,-8.9921875,3.171875,7.4921875
2022-04-27,0.57934797,6.423111,-17.375,18.640625,-9.0546875,3.2617188,7.474415
2022-04-28,0.76140285,6.443933,-17.375,18.8125,-8.9609375,3.5117188,7.6519547
2022-04-29,0.90709585,6.4636636,-17.4375,18.84375,-8.8828125,3.7109375,7.7890625
2022-04-30,1.0014445,6.473263,-17.4375,19.0,-8.8515625,3.8417969,7.875
2022-05-01,1.1066381,6.4954586,-17.5,19.09375,-8.8359375,3.9804688,8.0078125
2022-05-02,1.1717703,6.5081134,-17.4375,19.296875,-8.827343,4.060547,8.003517
2022-05-03,1.217095,6.4975314,-17.375,19.53125,-8.780468,4.1015625,8.0546875
2022-05-04,1.3174267,6.5068254,-17.375,19.71875,-8.7421875,4.248047,8.0859375
2022-05-05,1.4202445,6.538706,-17.46875,19.9375,-8.7578125,4.3710938,8.16758
2022-05-06,1.4073048,6.5508804,-17.5,20.125,-8.8359375,4.3632812,8.140625
2022-05-07,1.4564867,6.5489244,-17.375,20.1875,-8.8203125,4.390625,8.125
2022-05-08,1.6566197,6.5579534,-17.28125,20.46875,-8.6640625,4.6191406,8.3515625
2022-05-09,1.8279884,6.583059,-17.28125,20.65625,-8.5859375,4.8085938,8.515625
2022-05-10,1.8043033,6.588552,-17.25,20.8125,-8.6796875,4.7695312,8.484375
2022-05-11,1.8557811,6.5959826,-17.3125,21.0625,-8.702343,4.826172,8.46875
2022-05-12,2.0118458,6.6169066,-17.375,21.21875,-8.6171875,4.986328,8.6875
2022-05-13,2.1057937,6.6370997,-17.46875,21.4375,-8.6328125,5.0703125,8.776955
2022-05-14,2.1781712,6.636922,-17.4375,21.578125,-8.6015625,5.111328,8.8125
2022-05-15,2.2475498,6.644792,-17.5625,21.65625,-8.6328125,5.189453,8.816017
2022-05-16,2.3328032,6.648409,-17.5625,21.90625,-8.592968,5.2304688,8.91758
2022-05-17,2.4052992,6.656858,-17.65625,22.09375,-8.6171875,5.2851562,9.0078125
2022-05-18,2.459196,6.668123,-17.65625,22.265625,-8.6171875,5.3476562,9.050392
2022-05-19,2.5393364,6.6832137,-17.65625,22.375,-8.6640625,5.423828,9.109375
2022-05-20,2.6660275,6.7023873,-17.6875,22.53125,-8.6328125,5.546875,9.2421875
2022-05-21,2.661256,6.7136364,-17.84375,22.609375,-8.7421875,5.5273438,9.203125
2022-05-22,2.7927623,6.732751,-17.90625,22.6875,-8.6953125,5.673828,9.3203125
2022-05-23,2.8851614,6.7538967,-17.9375,22.84375,-8.7265625,5.7402344,9.3984375
2022-05-24,3.0530176,6.78031,-18.03125,23.0,-8.6796875,5.9296875,9.5859375
2022-05-25,3.1744263,6.80912,-17.96875,23.03125,-8.6796875,6.046875,9.75
2022-05-26,3.2994082,6.838433,-18.0625,23.125,-8.6796875,6.154297,9.91758
2022-05-27,3.2454991,6.846122,-18.03125,23.28125,-8.8203125,6.0859375,9.878517
2022-05-28,3.2462275,6.8418584,-18.03125,23.28125,-8.8828125,6.0859375,9.808205
2022-05-29,3.3342216,6.8568053,-18.125,23.390625,-8.8828125,6.1484375,9.9140625
2022-05-30,3.5310116,6.883227,-18.1875,23.453125,-8.7890625,6.3515625,10.10508
2022-05-31,3.6217206,6.910885,-18.21875,23.578125,-8.8046875,6.4433594,10.2109375
2022-06-01,3.6731272,6.9306083,-18.25,23.625,-8.8828125,6.482422,10.28125
2022-06-02,3.808782,6.95615,-18.34375,23.75,-8.8359375,6.6054688,10.4375
2022-06-03,3.7337985,6.9688196,-18.375,23.75,-8.999218,6.5371094,10.362892
2022-06-04,3.8499718,6.9791913,-18.4375,23.75,-8.9453125,6.640625,10.499222
2022-06-05,3.932102,7.0021873,-18.40625,23.71875,-8.9765625,6.751953,10.57383
2022-06-06,4.0745983,7.031477,-18.5,23.75,-8.9609375,6.9140625,10.7265625
2022-06-07,4.1028905,7.0661974,-18.53125,23.796875,-9.0390625,6.953125,10.784767
2022-06-08,4.091672,7.082745,-18.46875,23.875,-9.108593,6.923828,10.765625
2022-06-09,4.1321282,7.0877614,-18.5,23.84375,-9.1328125,6.9804688,10.78125
2022-06-10,4.3101254,7.10087,-18.65625,23.859375,-8.9921875,7.1953125,10.9453125
2022-06-11,4.2030916,7.115722,-18.65625,23.890625,-9.1796875,7.0996094,10.862892
2022-06-12,4.310224,7.125419,-18.75,23.8125,-9.1171875,7.21875,10.964455
2022-06-13,4.425147,7.151171,-18.8125,23.78125,-9.1015625,7.3515625,11.10508
2022-06-14,4.4251785,7.161261,-18.875,23.71875,-9.171093,7.375,11.09375
2022-06-15,4.535689,7.184649,-18.8125,23.90625,-9.139843,7.4902344,11.245705
2022-06-16,4.5067706,7.1993165,-18.90625,23.84375,-9.1796875,7.4804688,11.19883
2022-06-17,4.584374,7.2002406,-18.875,23.796875,-9.1328125,7.5410156,11.2734375
2022-06-18,4.6513395,7.212079,-18.84375,23.703125,-9.1484375,7.6289062,11.375
2022-06-19,4.778419,7.2430224,-18.90625,23.703125,-9.0703125,7.78125,11.515625
2022-06-20,4.8453493,7.27783,-18.90625,23.8125,-9.0859375,7.859375,11.63633
2022-06-21,4.8995576,7.3020806,-18.90625,23.9375,-9.092968,7.9453125,11.725784
2022-06-22,4.7785378,7.3139067,-19.03125,24.03125,-9.1953125,7.8359375,11.640625
2022-06-23,4.7918186,7.3134036,-19.125,24.078125,-9.1953125,7.828125,11.671875
2022-06-24,4.877664,7.323273,-19.21875,24.0625,-9.1171875,7.9296875,11.706642
2022-06-25,4.8916674,7.342698,-19.25,23.984375,-9.1484375,7.9453125,11.753517
2022-06-26,4.9590454,7.3617506,-19.4375,24.125,-9.1015625,8.0234375,11.84375
2022-06-27,4.9157333,7.3754516,-19.46875,24.296875,-9.108593,8.0078125,11.796875
2022-06-28,4.7524576,7.365021,-19.625,24.1875,-9.2421875,7.8808594,11.625
2022-06-29,4.8970666,7.3640776,-19.65625,24.15625,-9.092968,8.0078125,11.734375
2022-06-30,4.9482217,7.3832293,-19.75,24.125,-9.046093,8.0703125,11.808205
2022-07-01,4.919163,7.386735,-19.6875,24.125,-9.0703125,8.050781,11.757034
2022-07-02,4.9716887,7.3894496,-19.75,24.1875,-8.999218,8.1015625,11.8046875
2022-07-03,4.972322,7.388783,-19.75,24.234375,-8.9765625,8.109375,11.8671875
2022-07-04,4.8370914,7.3790827,-19.875,24.15625,-9.046093,7.984375,11.69883
2022-07-05,4.9401755,7.3817754,-19.875,24.015625,-8.952343,8.078125,11.78125
2022-07-06,4.9154563,7.3962965,-20.0,24.03125,-9.0078125,8.0546875,11.78125
2022-07-07,4.854977,7.391575,-20.0625,24.03125,-9.014843,8.011719,11.6953125
2022-07-08,4.949024,7.3994393,-20.09375,23.984375,-8.8828125,8.1171875,11.784767
2022-07-09,5.0297666,7.423262,-20.0625,24.03125,-8.8515625,8.21875,11.9296875
2022-07-10,4.9689436,7.4418287,-20.21875,24.03125,-8.8671875,8.1640625,11.878517
2022-07-11,4.986086,7.441702,-20.25,24.0,-8.8359375,8.171875,11.8828125
2022-07-12,4.987613,7.448704,-20.25,23.96875,-8.8203125,8.171875,11.9375
2022-07-13,4.9111524,7.445618,-20.375,23.9375,-8.8828125,8.125,11.8359375
2022-07-14,4.8959236,7.4330344,-20.4375,23.90625,-8.8515625,8.113281,11.8125
2022-07-15,4.788586,7.4279127,-20.75,23.84375,-8.9140625,8.0,11.691017
2022-07-16,4.9282365,7.435447,-20.96875,23.875,-8.7890625,8.15625,11.828125
2022-07-17,4.8846636,7.463589,-21.03125,23.859375,-8.889843,8.109375,11.859375
2022-07-18,4.7781544,7.44926,-20.84375,23.796875,-8.9453125,8.03125,11.6875
2022-07-19,4.8448772,7.4430714,-21.03125,23.65625,-8.8671875,8.1015625,11.7578125
2022-07-20,4.8788157,7.465568,-21.125,23.640625,-8.8828125,8.171875,11.808205
2022-07-21,4.8237762,7.472291,-21.0625,23.65625,-8.936718,8.125,11.796875
2022-07-22,4.7893887,7.462872,-21.09375,23.65625,-8.921093,8.078125,11.776955
2022-07-23,4.763867,7.453168,-21.03125,23.640625,-8.9140625,8.0703125,11.76133
2022-07-24,4.7652326,7.4409657,-20.84375,23.59375,-8.8828125,8.0859375,11.745705
2022-07-25,4.759461,7.4346714,-20.84375,23.5625,-8.858593,8.0625,11.769142
2022-07-26,4.6994233,7.428948,-20.96875,23.453125,-8.905468,8.0234375,11.7109375
2022-07-27,4.815162,7.4369893,-21.25,23.375,-8.858593,8.15625,11.808205
2022-07-28,4.7904353,7.4522524,-21.125,23.328125,-8.8828125,8.128906,11.84375
2022-07-29,4.8140664,7.448705,-21.09375,23.28125,-8.8359375,8.1640625,11.8515625
2022-07-30,4.897529,7.4595456,-21.125,23.265625,-8.7578125,8.265625,12.0
2022-07-31,4.7499876,7.450275,-21.03125,23.21875,-8.8828125,8.125,11.835159
2022-08-01,4.62125,7.413399,-20.875,23.09375,-8.921093,7.966797,11.703125
2022-08-02,4.6582494,7.3953757,-20.8125,23.03125,-8.8828125,7.9882812,11.7109375
2022-08-03,4.6202226,7.3891764,-20.8125,23.015625,-8.9296875,7.9746094,11.675392
2022-08-04,4.5904317,7.370394,-20.90625,23.03125,-8.9140625,7.9335938,11.625
2022-08-05,4.537969,7.3461843,-20.875,22.9375,-8.8984375,7.8945312,11.5390625
2022-08-06,4.546208,7.317967,-20.65625,22.9375,-8.8515625,7.8789062,11.5390625
2022-08-07,4.5628138,7.296542,-20.34375,22.90625,-8.7734375,7.890625,11.53125
2022-08-08,4.562425,7.2856545,-20.65625,22.6875,-8.7890625,7.8554688,11.578125
2022-08-09,4.491228,7.2837152,-20.8125,22.71875,-8.8515625,7.8007812,11.51133
2022-08-10,4.5402822,7.2788973,-20.8125,22.6875,-8.8515625,7.857422,11.5
2022-08-11,4.4035482,7.2619615,-20.78125,22.65625,-8.9765625,7.7109375,11.359375
2022-08-12,4.46941,7.235465,-20.8125,22.53125,-8.8359375,7.7578125,11.401955
2022-08-13,4.3816643,7.2127447,-20.875,22.46875,-8.8828125,7.65625,11.296875
2022-08-14,4.455097,7.181427,-20.78125,22.421875,-8.7578125,7.7109375,11.3515625
2022-08-15,4.532192,7.1786833,-20.8125,22.46875,-8.7109375,7.765625,11.5
2022-08-16,4.3952427,7.157165,-20.84375,22.4375,-8.7734375,7.6171875,11.378517
2022-08-17,4.2282233,7.1046877,-20.875,22.296875,-8.8359375,7.390625,11.175392
2022-08-18,4.2566886,7.0591664,-20.875,22.1875,-8.7109375,7.421875,11.120705
2022-08-19,4.467804,7.050202,-20.6875,22.1875,-8.5078125,7.640625,11.3203125
2022-08-20,4.368825,7.0254774,-20.65625,22.125,-8.6015625,7.484375,11.2734375
2022-08-21,4.298842,6.971653,-20.59375,22.09375,-8.5703125,7.3808594,11.13633
2022-08-22,4.3896303,6.944919,-20.625,22.0625,-8.4609375,7.4609375,11.19883
2022-08-23,4.355706,6.9361873,-20.8125,21.96875,-8.4921875,7.4296875,11.15625
2022-08-24,4.186203,6.88776,-20.40625,21.96875,-8.5703125,7.263672,10.9140625
2022-08-25,4.173532,6.850019,-20.65625,21.90625,-8.4921875,7.205078,10.85508
2022-08-26,4.3663554,6.8405747,-20.71875,21.765625,-8.3359375,7.4101562,11.0546875
2022-08-27,4.338868,6.828561,-20.625,21.75,-8.3515625,7.3710938,11.050392
2022-08-28,4.160971,6.7759657,-20.46875,21.609375,-8.4140625,7.1640625,10.79258
2022-08-29,4.2182646,6.724532,-20.15625,21.5,-8.3046875,7.1757812,10.8359375
2022-08-30,4.2806807,6.678924,-20.09375,21.375,-8.155468,7.2265625,10.875
2022-08-31,4.194949,6.6408687,-20.28125,21.34375,-8.1640625,7.1171875,10.772659
2022-09-01,4.12867,6.604329,-20.40625,21.34375,-8.1328125,7.0117188,10.6796875
2022-09-02,4.088017,6.570921,-20.4375,21.34375,-8.077343,6.951172,10.6015625
2022-09-03,4.198441,6.53256,-20.4375,21.28125,-7.9140625,7.033203,10.722267
2022-09-04,4.0492196,6.4828744,-20.3125,21.25,-7.9609375,6.8359375,10.550392
2022-09-05,4.090053,6.437682,-20.09375,21.15625,-7.8203125,6.8515625,10.546875
2022-09-06,3.9873228,6.3830523,-19.9375,21.0625,-7.8046875,6.71875,10.375
2022-09-07,3.9291935,6.3298354,-19.9375,20.96875,-7.8046875,6.6171875,10.284767
2022-09-08,3.9968815,6.2889605,-19.875,20.84375,-7.6796875,6.6484375,10.32383
2022-09-09,3.9833763,6.2342625,-19.8125,20.71875,-7.5859375,6.5859375,10.296875
2022-09-10,3.8765583,6.168759,-20.0,20.640625,-7.5546875,6.4453125,10.144142
2022-09-11,3.9330938,6.1224046,-19.71875,20.640625,-7.4296875,6.4648438,10.203125
2022-09-12,3.9678872,6.096555,-19.65625,20.53125,-7.3585935,6.4882812,10.2265625
2022-09-13,3.724477,6.0214586,-19.84375,20.46875,-7.4679685,6.203125,9.890625
2022-09-14,3.7369778,5.98093,-19.9375,20.5,-7.3828125,6.1953125,9.831642
2022-09-15,3.76243,5.945972,-19.9375,20.390625,-7.2960935,6.1796875,9.84375
2022-09-16,3.645471,5.8931875,-20.1875,20.40625,-7.3203125,6.0234375,9.671875
2022-09-17,3.4398732,5.7982235,-19.96875,20.21875,-7.2890625,5.7734375,9.3671875
2022-09-18,3.4978683,5.7251263,-19.59375,20.09375,-7.1328125,5.7890625,9.401955
2022-09-19,3.4889865,5.6631303,-19.4375,20.09375,-7.0304685,5.736328,9.316017
2022-09-20,3.4997303,5.62452,-19.3125,20.046875,-6.9453125,5.7226562,9.34375
2022-09-21,3.4529974,5.5748463,-19.34375,19.875,-6.9296875,5.625,9.25
2022-09-22,3.4723098,5.523639,-19.3125,19.90625,-6.7890625,5.6171875,9.276955
2022-09-23,3.3565638,5.467198,-19.375,19.828125,-6.7960935,5.4453125,9.1171875
2022-09-24,3.4254005,5.4322567,-19.15625,19.6875,-6.6796875,5.513672,9.15625
2022-09-25,3.3775616,5.388847,-19.25,19.65625,-6.6328125,5.4179688,9.1640625
2022-09-26,3.2733724,5.330194,-19.09375,19.625,-6.6328125,5.2753906,8.9453125
2022-09-27,3.161568,5.2540455,-18.84375,19.4375,-6.5773435,5.0996094,8.765625
2022-09-28,3.0943146,5.1885324,-19.0,19.3125,-6.5234375,5.0,8.6328125
2022-09-29,3.040172,5.121389,-18.78125,19.125,-6.4296875,4.9140625,8.5078125
2022-09-30,3.0546658,5.0788865,-19.0625,19.0625,-6.3203125,4.8964844,8.46875
2022-10-01,2.9418612,5.048973,-19.3125,18.921875,-6.3828125,4.7539062,8.3359375
2022-10-02,2.8466911,5.008544,-19.125,18.71875,-6.4140625,4.6328125,8.1953125
2022-10-03,2.7184412,4.9403954,-19.0625,18.59375,-6.3828125,4.4648438,7.96875
2022-10-04,2.5719457,4.86627,-19.0,18.40625,-6.3671875,4.2851562,7.7421875
2022-10-05,2.4510736,4.7683964,-18.9375,18.3125,-6.2734375,4.125,7.5078125
2022-10-06,2.445273,4.7089634,-18.78125,18.203125,-6.1640625,4.078125,7.478321
2022-10-07,2.3592365,4.6558576,-18.84375,18.0,-6.1328125,3.9414062,7.328125
2022-10-08,2.2551625,4.6015706,-19.0625,17.765625,-6.1328125,3.8203125,7.171875
2022-10-09,2.1839669,4.5491805,-19.03125,17.578125,-6.109375,3.7226562,7.0642586
2022-10-10,2.1986334,4.489169,-18.84375,17.5625,-5.9453125,3.703125,7.0234375
2022-10-11,2.106367,4.4320645,-18.96875,17.34375,-5.90625,3.5820312,6.909767
2022-10-12,1.9347188,4.366155,-19.09375,17.21875,-5.9609375,3.3398438,6.6953125
2022-10-13,1.8029357,4.290261,-18.53125,17.0625,-5.890625,3.1855469,6.46875
2022-10-14,1.749793,4.225613,-18.375,16.75,-5.8273435,3.0820312,6.4101562
2022-10-15,1.6937239,4.169089,-18.09375,16.5625,-5.8046875,3.0,6.2578125
2022-10-16,1.5772799,4.111832,-18.125,16.453125,-5.788281,2.8476562,6.0859375
2022-10-17,1.549227,4.073177,-18.125,16.375,-5.75,2.8007812,6.0273438
2022-10-18,1.3466599,3.9975748,-17.96875,16.328125,-5.78125,2.5546875,5.749611
2022-10-19,1.3471658,3.9568448,-18.03125,16.1875,-5.6910152,2.546875,5.71875
2022-10-20,1.4821475,3.9348423,-18.0625,16.03125,-5.53125,2.6796875,5.875
2022-10-21,1.3471093,3.8760471,-18.03125,15.90625,-5.538281,2.4921875,5.6875
2022-10-22,1.1699246,3.7917202,-18.03125,15.8359375,-5.5078125,2.2695312,5.390625
2022-10-23,1.2463682,3.7575645,-17.90625,15.640625,-5.3828125,2.3515625,5.5017586
2022-10-24,1.2206712,3.706593,-17.90625,15.609375,-5.2804685,2.28125,5.453125
2022-10-25,1.1619759,3.6734633,-18.0,15.609375,-5.2535152,2.1992188,5.3728523
2022-10-26,0.9373124,3.620619,-18.09375,15.546875,-5.328125,1.9414062,5.0976562
2022-10-27,0.874816,3.570865,-17.96875,15.4921875,-5.2804685,1.8398438,4.9761734
2022-10-28,0.8085626,3.5020592,-17.8125,15.3046875,-5.1796875,1.7460938,4.83379
2022-10-29,0.704374,3.445662,-17.75,15.203125,-5.1640625,1.609375,4.6853523
2022-10-30,0.58943504,3.405692,-17.8125,15.0,-5.1953125,1.46875,4.5390625
2022-10-31,0.57978314,3.3596292,-17.8125,14.8828125,-5.0859375,1.4375,4.4917984
2022-11-01,0.5229656,3.2942166,-17.75,14.8203125,-4.9921875,1.34375,4.3984375
2022-11-02,0.5631062,3.243111,-17.6875,14.609375,-4.8359375,1.3515625,4.3828125
2022-11-03,0.52989274,3.2170455,-17.6875,14.46875,-4.8828125,1.3125,4.3164062
2022-11-04,0.38843572,3.1792235,-17.78125,14.3984375,-4.890625,1.1328125,4.165821
2022-11-05,0.21989045,3.1347582,-17.625,14.171875,-4.9921875,0.94921875,3.9509773
2022-11-06,0.17598501,3.1036866,-17.65625,14.0625,-4.9453125,0.875,3.8806648
2022-11-07,0.09280266,3.0527775,-17.59375,13.90625,-4.9375,0.765625,3.7226562
2022-11-08,0.24626237,3.0299556,-17.59375,13.828125,-4.694531,0.90625,3.9392586
2022-11-09,0.19969538,2.996654,-17.71875,13.796875,-4.6640625,0.8359375,3.8238297
2022-11-10,0.051736094,2.971026,-17.78125,13.578125,-4.7734375,0.671875,3.6324234
2022-11-11,-0.16122048,2.9178998,-17.5625,13.3984375,-4.8671875,0.4375,3.3728523
2022-11-12,-0.09671286,2.8811162,-17.59375,13.3125,-4.7265625,0.4765625,3.3945312
2022-11-13,-0.23488836,2.8408513,-17.59375,13.328125,-4.7578125,0.3125,3.2148438
2022-11-14,-0.3810584,2.819162,-17.59375,13.2421875,-4.828125,0.1484375,3.0369148
2022-11-15,-0.45635244,2.785832,-17.53125,13.09375,-4.828125,0.0546875,2.921875
2022-11-16,-0.5357146,2.7317812,-17.375,13.0703125,-4.796875,-0.0546875,2.7830086
2022-11-17,-0.5300527,2.714992,-17.375,12.9375,-4.7734375,-0.0703125,2.7890625
2022-11-18,-0.5235769,2.6904304,-17.4375,12.7578125,-4.7222652,-0.1015625,2.8476562
2022-11-19,-0.6600875,2.6495175,-17.53125,12.734375,-4.7421875,-0.23828125,2.5994148
2022-11-20,-0.7474909,2.6252475,-17.46875,12.6953125,-4.7734375,-0.359375,2.5503922
2022-11-21,-0.7452542,2.590921,-17.3125,12.65625,-4.671875,-0.359375,2.5
2022-11-22,-0.8312596,2.5633059,-17.28125,12.640625,-4.6875,-0.4765625,2.3898468
2022-11-23,-0.9313168,2.5341702,-17.25,12.5390625,-4.7265625,-0.58984375,2.25
2022-11-24,-0.90246224,2.511653,-17.25,12.4375,-4.6398435,-0.578125,2.296875
2022-11-25,-0.71978974,2.5035172,-17.1875,12.328125,-4.46875,-0.390625,2.4410172
2022-11-26,-0.867197,2.4685369,-17.21875,12.375,-4.5234375,-0.5625,2.25
2022-11-27,-0.87660444,2.467271,-17.25,12.4375,-4.5234375,-0.5859375,2.2695312
2022-11-28,-1.0572851,2.440499,-17.3125,12.359375,-4.6328125,-0.7890625,2.0585938
2022-11-29,-1.0788172,2.4227643,-17.15625,12.25,-4.609375,-0.8203125,2.0976562
2022-11-30,-1.1285548,2.3991392,-17.03125,12.1796875,-4.609375,-0.89453125,2.0269547
2022-12-01,-0.98778963,2.4043193,-17.0625,12.203125,-4.491406,-0.75,2.1363297
2022-12-02,-1.1656642,2.3784492,-17.0625,12.171875,-4.600781,-0.9453125,1.9414062
2022-12-03,-1.0941441,2.3679333,-17.15625,12.09375,-4.5078125,-0.875,2.0078125
2022-12-04,-1.1617718,2.3413553,-17.03125,12.109375,-4.5234375,-0.9609375,1.8962898
2022-12-05,-1.1355127,2.3371618,-17.0,12.109375,-4.484375,-0.9453125,1.8984375
2022-12-06,-1.2266217,2.3294437,-16.90625,12.1328125,-4.5390625,-1.0507812,1.7947273
2022-12-07,-1.3572947,2.3109572,-16.96875,12.015625,-4.6328125,-1.1875,1.671875
2022-12-08,-1.1127833,2.313387,-16.9375,12.1640625,-4.375,-0.9453125,1.8789062
2022-12-09,-1.2062876,2.3146691,-17.09375,12.234375,-4.4453125,-1.046875,1.8160172
2022-12-10,-1.3312782,2.315794,-17.03125,12.1953125,-4.5625,-1.1875,1.7066422
2022-12-11,-1.4376559,2.2945507,-16.96875,12.1484375,-4.6328125,-1.2890625,1.5582047
2022-12-12,-1.4607258,2.2860658,-16.9375,12.0234375,-4.6640625,-1.3359375,1.515625
2022-12-13,-1.6004153,2.2727554,-16.84375,12.1015625,-4.7421875,-1.5,1.40625
2022-12-14,-1.5824585,2.2746365,-16.84375,12.09375,-4.7265625,-1.4726562,1.3785172
2022-12-15,-1.5464548,2.2673254,-16.8125,12.0703125,-4.671875,-1.4492188,1.421875
2022-12-16,-1.3817858,2.2679842,-16.84375,12.09375,-4.5625,-1.28125,1.5546875
2022-12-17,-1.4245532,2.2862136,-16.875,12.1640625,-4.6242185,-1.328125,1.515625
2022-12-18,-1.459925,2.2660599,-16.6875,12.1953125,-4.609375,-1.359375,1.4609375
2022-12-19,-1.433482,2.296276,-16.84375,12.171875,-4.6640625,-1.328125,1.53125
2022-12-20,-1.473298,2.2873468,-16.75,12.1796875,-4.671875,-1.375,1.484375
2022-12-21,-1.5816127,2.2974753,-16.78125,12.140625,-4.796875,-1.4921875,1.375
2022-12-22,-1.5791063,2.2905114,-16.84375,12.1640625,-4.7734375,-1.5,1.390625
2022-12-23,-1.6185151,2.306643,-16.96875,12.0234375,-4.8742185,-1.5390625,1.3359375
2022-12-24,-1.6936756,2.3278465,-16.90625,12.0234375,-4.9921875,-1.609375,1.3082047
2022-12-25,-1.7708459,2.3473039,-16.8125,12.15625,-5.09375,-1.703125,1.2648468
2022-12-26,-1.9101045,2.3449743,-16.8125,12.109375,-5.241406,-1.84375,1.1171875
2022-12-27,-1.910779,2.3671508,-16.875,12.109375,-5.3046875,-1.8515625,1.15625
2022-12-28,-1.9251076,2.3696358,-16.84375,12.1484375,-5.3125,-1.8515625,1.0972672
2022-12-29,-1.9894754,2.3844545,-16.75,12.15625,-5.444531,-1.921875,1.1207047
2022-12-30,-1.9024523,2.41074,-16.59375,12.25,-5.4054685,-1.8203125,1.1875
2022-12-31,-1.910153,2.4299805,-16.625,12.296875,-5.421875,-1.84375,1.1875
2023-01-01,-1.9013972,2.4385822,-16.5625,12.21875,-5.4140625,-1.8242188,1.1832047
2023-01-02,-1.9787842,2.4612355,-16.5,12.1875,-5.546875,-1.90625,1.1484375
2023-01-03,-1.9042542,2.4830961,-16.59375,12.3125,-5.4765625,-1.84375,1.3046875
2023-01-04,-2.0431156,2.4998808,-16.5,12.3125,-5.6875,-1.984375,1.1328125
2023-01-05,-2.0771394,2.5239797,-16.5,12.28125,-5.8046875,-2.0,1.1207047
2023-01-06,-2.0022492,2.5467885,-16.5625,12.265625,-5.78125,-1.9296875,1.2300797
2023-01-07,-1.9988505,2.591122,-16.5,12.4453125,-5.8515625,-1.921875,1.3003922
2023-01-08,-2.1613464,2.6121886,-16.46875,12.3828125,-6.0460935,-2.0859375,1.15625
2023-01-09,-2.025502,2.656945,-16.40625,12.4296875,-6.0234375,-1.953125,1.3785172
2023-01-10,-2.0249941,2.6937695,-16.40625,12.5234375,-6.0625,-1.953125,1.40625
2023-01-11,-2.2173235,2.7305918,-16.4375,12.515625,-6.3359375,-2.140625,1.2578125
2023-01-12,-2.255813,2.763856,-16.40625,12.5859375,-6.4140625,-2.1796875,1.2890625
2023-01-13,-2.3893874,2.7718267,-16.34375,12.4453125,-6.5546875,-2.3046875,1.1796875
2023-01-14,-2.2619584,2.7481785,-16.1875,12.5625,-6.3742185,-2.21875,1.296875
2023-01-15,-2.1202416,2.7955272,-16.15625,12.546875,-6.2890625,-2.09375,1.6484375
2023-01-16,-2.3035588,2.8304737,-16.15625,12.546875,-6.5078125,-2.296875,1.5191422
2023-01-17,-2.3839366,2.8634236,-16.15625,12.3984375,-6.7265625,-2.3671875,1.4609375
2023-01-18,-2.397772,2.9312696,-16.1875,12.515625,-6.8671875,-2.34375,1.453125
2023-01-19,-2.4370522,2.9689107,-16.15625,12.546875,-6.9765625,-2.390625,1.5
2023-01-20,-2.47537,3.0010235,-16.34375,12.5546875,-7.0617185,-2.4453125,1.5582047
2023-01-21,-2.502266,3.061745,-16.375,12.53125,-7.2492185,-2.4609375,1.59375
2023-01-22,-2.6787608,3.1029613,-16.40625,12.5703125,-7.5546875,-2.6132812,1.40625
2023-01-23,-2.785351,3.1378775,-16.34375,12.703125,-7.6796875,-2.7421875,1.3515625
2023-01-24,-2.8416657,3.1914103,-16.5,12.609375,-7.8671875,-2.78125,1.4019547
2023-01-25,-2.9080575,3.2657697,-16.625,12.78125,-8.0703125,-2.84375,1.4296875
2023-01-26,-3.032764,3.331986,-16.75,12.734375,-8.3359375,-2.9570312,1.3785172
2023-01-27,-3.1826544,3.3834288,-17.0625,12.78125,-8.5234375,-3.109375,1.3125
2023-01-28,-3.3157246,3.4351847,-17.15625,12.8125,-8.7734375,-3.25,1.2421875
2023-01-29,-3.4148285,3.4930987,-17.1875,12.984375,-8.967968,-3.3359375,1.1875
2023-01-30,-3.472456,3.5203502,-17.375,12.8046875,-9.030468,-3.4140625,1.2222672
2023-01-31,-3.588853,3.559151,-17.625,12.921875,-9.1953125,-3.546875,1.2265625
2023-02-01,-3.6813366,3.59203,-17.84375,12.9453125,-9.327343,-3.640625,1.1597672
2023-02-02,-3.482038,3.6430619,-17.625,13.015625,-9.1953125,-3.484375,1.4609375
2023-02-03,-3.5867813,3.7397635,-17.875,13.1484375,-9.4296875,-3.59375,1.5191422
2023-02-04,-3.6900537,3.8120604,-18.15625,13.3125,-9.6328125,-3.6835938,1.4609375
2023-02-05,-3.7588336,3.8693576,-18.0,13.2421875,-9.7890625,-3.7578125,1.4609375
2023-02-06,-3.8027573,3.9122448,-18.0,13.3046875,-9.8203125,-3.8203125,1.5859375
2023-02-07,-3.882835,3.958748,-18.1875,13.2265625,-9.9609375,-3.9296875,1.6171875
2023-02-08,-3.96566,4.0356407,-18.4375,13.28125,-10.217968,-3.9921875,1.6484375
2023-02-09,-4.063489,4.109013,-18.5625,13.265625,-10.4765625,-4.0390625,1.5191422
2023-02-10,-4.1127653,4.144917,-18.46875,13.4296875,-10.4921875,-4.109375,1.5078125
2023-02-11,-4.0922227,4.195861,-18.59375,13.4375,-10.4921875,-4.1796875,1.671875
2023-02-12,-4.157774,4.2745285,-18.84375,13.484375,-10.6484375,-4.234375,1.6953125
2023-02-13,-4.287331,4.314008,-18.9375,13.5078125,-10.7890625,-4.3671875,1.6363297
2023-02-14,-4.342503,4.36196,-19.0625,13.5078125,-10.9296875,-4.4453125,1.640625
2023-02-15,-4.3618116,4.4102187,-19.3125,13.5859375,-10.9609375,-4.484375,1.71875
2023-02-16,-4.263083,4.4715734,-19.28125,13.6640625,-10.9296875,-4.3984375,1.875
2023-02-17,-4.166236,4.5839157,-19.34375,13.921875,-11.0234375,-4.3359375,2.0738297
2023-02-18,-4.33871,4.630521,-19.28125,13.8125,-11.1796875,-4.484375,1.9960938
2023-02-19,-4.324337,4.66294,-19.3125,13.796875,-11.2109375,-4.453125,2.0078125
2023-02-20,-4.3043323,4.73595,-19.0625,13.953125,-11.2734375,-4.4453125,2.1132812
2023-02-21,-4.397694,4.756989,-19.09375,13.90625,-11.3671875,-4.5625,2.0976562
2023-02-22,-4.416459,4.7774115,-19.03125,14.0,-11.3828125,-4.5546875,2.0625
2023-02-23,-4.3388047,4.8087873,-19.09375,13.9609375,-11.280468,-4.53125,2.2378922
2023-02-24,-4.311,4.8510327,-19.09375,14.078125,-11.2578125,-4.5078125,2.3046875
2023-02-25,-4.2357607,4.910176,-18.84375,14.0703125,-11.2421875,-4.4453125,2.4609375
2023-02-26,-4.334183,4.935194,-18.78125,14.171875,-11.358593,-4.5234375,2.353321
2023-02-27,-4.334343,4.974351,-18.84375,14.109375,-11.4140625,-4.5390625,2.3789062
2023-02-28,-4.3079605,5.0074863,-18.84375,14.15625,-11.3984375,-4.5078125,2.4921875
2023-03-01,-4.23944,5.062592,-18.65625,14.203125,-11.3828125,-4.4453125,2.6050797
2023-03-02,-4.2844477,5.1033897,-18.8125,14.3125,-11.4453125,-4.453125,2.6015625
2023-03-03,-4.235263,5.155218,-18.96875,14.328125,-11.4921875,-4.4453125,2.6445312
2023-03-04,-4.2271333,5.173234,-18.875,14.359375,-11.4609375,-4.3984375,2.671875
2023-03-05,-4.1273255,5.1788344,-18.71875,14.3046875,-11.3515625,-4.3359375,2.7382812
2023-03-06,-4.080081,5.174509,-18.59375,14.359375,-11.2421875,-4.296875,2.8125
2023-03-07,-3.8915913,5.219692,-18.6875,14.421875,-11.1171875,-4.125,3.118946
2023-03-08,-3.795076,5.2473063,-18.65625,14.4375,-11.0859375,-3.9765625,3.1441422
2023-03-09,-3.681904,5.2905226,-18.40625,14.65625,-11.014843,-3.8710938,3.3203125
2023-03-10,-3.632239,5.290384,-18.28125,14.734375,-10.9296875,-3.8359375,3.3398438
2023-03-11,-3.5237992,5.28257,-18.09375,14.78125,-10.7890625,-3.7382812,3.4414062
2023-03-12,-3.42909,5.299277,-18.09375,14.796875,-10.6953125,-3.640625,3.5542984
2023-03-13,-3.437677,5.332297,-17.96875,14.84375,-10.7578125,-3.6171875,3.5546875
2023-03-14,-3.4010713,5.414632,-17.90625,14.9375,-10.8046875,-3.53125,3.697071
2023-03-15,-3.4185402,5.4724607,-17.9375,15.0390625,-10.9296875,-3.53125,3.6992188
2023-03-16,-3.315115,5.495062,-17.875,14.984375,-10.8515625,-3.4257812,3.859375
2023-03-17,-3.369667,5.4887714,-17.84375,15.046875,-10.9140625,-3.4179688,3.7517586
2023-03-18,-3.2826223,5.531423,-17.84375,15.203125,-10.8515625,-3.3125,3.9236336
2023-03-19,-3.31092,5.535616,-17.78125,15.28125,-10.8984375,-3.3125,3.775196
2023-03-20,-3.2569046,5.559111,-17.71875,15.2421875,-10.8828125,-3.21875,3.7695312
2023-03-21,-2.9597106,5.6180887,-17.34375,15.234375,-10.639843,-2.9453125,4.265625
2023-03-22,-2.9370012,5.629144,-17.28125,15.390625,-10.6171875,-2.8671875,4.1914062
2023-03-23,-2.904732,5.6640744,-17.125,15.4375,-10.6640625,-2.7890625,4.259571
2023-03-24,-2.7664866,5.7158213,-16.84375,15.6015625,-10.592968,-2.578125,4.4882812
2023-03-25,-2.635215,5.7253103,-16.8125,15.5625,-10.4765625,-2.3945312,4.5898438
2023-03-26,-2.5307107,5.7466702,-16.75,15.578125,-10.389843,-2.2539062,4.6679688
2023-03-27,-2.4889162,5.805779,-16.875,15.671875,-10.4609375,-2.1328125,4.7322273
2023-03-28,-2.5178115,5.825456,-16.875,15.7890625,-10.5234375,-2.0976562,4.7226562
2023-03-29,-2.4661145,5.839776,-16.9375,15.765625,-10.483593,-2.015625,4.7634773
2023-03-30,-2.336422,5.835612,-16.9375,15.765625,-10.3515625,-1.8398438,4.86504
2023-03-31,-2.0901427,5.8606095,-16.75,15.796875,-10.171093,-1.5039062,5.103321
2023-04-01,-2.0009482,5.876476,-16.84375,15.78125,-10.1171875,-1.3671875,5.2205086
2023-04-02,-1.8807414,5.904601,-16.875,15.8671875,-10.0546875,-1.1796875,5.390625
2023-04-03,-1.8344306,5.930924,-16.90625,15.90625,-10.0546875,-1.0625,5.4023438
2023-04-04,-1.8377393,5.9400063,-16.9375,16.0625,-10.1015625,-1.0,5.36504
2023-04-05,-1.7589079,5.9656706,-16.96875,16.09375,-10.0546875,-0.8515625,5.411915
2023-04-06,-1.5516279,6.03685,-17.03125,16.1875,-9.967968,-0.53125,5.681446
2023-04-07,-1.5241851,6.068469,-17.15625,16.140625,-10.0234375,-0.421875,5.728321
2023-04-08,-1.4428753,6.0804987,-17.125,16.265625,-9.9765625,-0.28125,5.7890625
2023-04-09,-1.4096102,6.052221,-17.125,16.1875,-9.9453125,-0.16015625,5.7578125
2023-04-10,-1.3869059,6.0342994,-17.0625,16.15625,-9.8984375,-0.1015625,5.7421875
2023-04-11,-1.1939229,6.049213,-17.0,16.265625,-9.7421875,0.1640625,5.9140625
2023-04-12,-1.0312539,6.0828514,-16.9375,16.34375,-9.6640625,0.390625,6.09375
2023-04-13,-0.9144309,6.110873,-16.84375,16.46875,-9.6015625,0.5859375,6.2148438
2023-04-14,-0.8562088,6.1203966,-16.90625,16.65625,-9.6015625,0.7109375,6.2773438
2023-04-15,-0.60849756,6.161894,-16.84375,16.671875,-9.436718,1.015625,6.5625
2023-04-16,-0.45400837,6.198804,-16.90625,16.828125,-9.3828125,1.2617188,6.7109375
2023-04-17,-0.40897593,6.210012,-16.9375,16.984375,-9.389843,1.3828125,6.7304688
2023-04-18,-0.4059641,6.2218404,-17.0,17.046875,-9.4296875,1.4414062,6.703125
2023-04-19,-0.2906547,6.2550116,-17.03125,17.171875,-9.4296875,1.640625,6.8125
2023-04-20,-0.11888671,6.273038,-17.0625,17.234375,-9.3203125,1.9101562,6.984375
2023-04-21,-0.016880354,6.284986,-17.15625,17.453125,-9.2890625,2.078125,7.0955086
2023-04-22,0.12329171,6.2987967,-17.15625,17.59375,-9.1953125,2.3085938,7.1992188
2023-04-23,0.30755952,6.3099256,-17.125,17.546875,-9.0703125,2.578125,7.375
2023-04-24,0.22954234,6.284808,-17.15625,17.71875,-9.1484375,2.5273438,7.2304688
2023-04-25,0.258639,6.3168473,-17.28125,17.875,-9.2109375,2.6269531,7.25
2023-04-26,0.43047056,6.354201,-17.21875,18.03125,-9.1328125,2.8671875,7.3828125
2023-04-27,0.4583482,6.372724,-17.3125,18.171875,-9.1796875,2.9472656,7.368946
2023-04-28,0.63890684,6.39402,-17.3125,18.34375,-9.0703125,3.1972656,7.515625
2023-04-29,0.7839653,6.416104,-17.375,18.375,-9.0078125,3.4277344,7.659767
2023-04-30,0.8784482,6.426037,-17.375,18.5625,-8.9921875,3.5585938,7.755665
2023-05-01,0.9827137,6.448717,-17.4375,18.65625,-8.9921875,3.7148438,7.8710938
2023-05-02,1.0469974,6.460763,-17.375,18.875,-8.9609375,3.8085938,7.8828125
2023-05-03,1.0916251,6.4502473,-17.3125,19.125,-8.9609375,3.890625,7.9175797
2023-05-04,1.1908759,6.458417,-17.3125,19.3125,-8.8828125,4.0429688,7.953125
2023-05-05,1.2919203,6.4896564,-17.40625,19.5625,-8.889843,4.216797,8.046875
2023-05-06,1.277271,6.5015726,-17.40625,19.78125,-8.983593,4.2402344,7.99004
2023-05-07,1.3263954,6.4977303,-17.3125,19.859375,-8.9453125,4.3085938,7.9882812
2023-05-08,1.5257528,6.5094666,-17.28125,20.171875,-8.8359375,4.5195312,8.191017
2023-05-09,1.6964513,6.5340686,-17.28125,20.375,-8.7421875,4.701172,8.359375
2023-05-10,1.6710757,6.5376816,-17.28125,20.546875,-8.8359375,4.6914062,8.3125
2023-05-11,1.720371,6.5468793,-17.28125,20.84375,-8.842968,4.7460938,8.3203125
2023-05-12,1.8758541,6.566741,-17.40625,21.015625,-8.7734375,4.908203,8.4921875
2023-05-13,1.9685762,6.587048,-17.46875,21.28125,-8.7734375,4.9921875,8.589455
2023-05-14,2.0398946,6.586597,-17.46875,21.4375,-8.6953125,5.0429688,8.6328125
2023-05-15,2.1080205,6.5926957,-17.59375,21.546875,-8.6953125,5.1210938,8.65625
2023-05-16,2.191952,6.5985117,-17.59375,21.8125,-8.6640625,5.1953125,8.734375
2023-05-17,2.2636893,6.6073503,-17.6875,22.03125,-8.6640625,5.265625,8.82383
2023-05-18,2.3168492,6.617141,-17.6875,22.234375,-8.6640625,5.314453,8.8515625
2023-05-19,2.3947875,6.6327186,-17.6875,22.375,-8.6640625,5.392578,8.8984375
2023-05-20,2.519725,6.6523476,-17.71875,22.5625,-8.639843,5.529297,9.0546875
2023-05-21,2.513055,6.6637545,-17.875,22.671875,-8.7109375,5.4941406,8.987892
2023-05-22,2.6440167,6.683801,-17.9375,22.78125,-8.6640625,5.6210938,9.125
2023-05-23,2.7360177,6.7059245,-18.0,22.96875,-8.671093,5.703125,9.203125
2023-05-24,2.9032326,6.73258,-18.0625,23.140625,-8.624218,5.8828125,9.3828125
2023-05-25,3.0228353,6.7635,-18.0,23.21875,-8.6328125,5.998047,9.5078125
2023-05-26,3.146491,6.7923203,-18.125,23.34375,-8.608593,6.09375,9.6484375
2023-05-27,3.0911975,6.798789,-18.09375,23.515625,-8.7578125,6.0234375,9.6015625
2023-05-28,3.091011,6.794358,-18.0625,23.53125,-8.8046875,6.0058594,9.5546875
2023-05-29,3.178523,6.8082705,-18.1875,23.65625,-8.780468,6.09375,9.651955
2023-05-30,3.3742201,6.835531,-18.21875,23.75,-8.7265625,6.2910156,9.859375
2023-05-31,3.4633198,6.8632736,-18.25,23.890625,-8.7421875,6.392578,9.9296875
2023-06-01,3.51348,6.884384,-18.25,23.96875,-8.8046875,6.4335938,9.987892
2023-06-02,3.6487238,6.911247,-18.375,24.09375,-8.7734375,6.548828,10.16758
2023-06-03,3.5732374,6.922373,-18.375,24.109375,-8.9296875,6.4648438,10.046875
2023-06-04,3.6894867,6.9317117,-18.4375,24.15625,-8.8671875,6.546875,10.1640625
2023-06-05,3.7705853,6.9536858,-18.40625,24.15625,-8.8984375,6.6484375,10.2578125
2023-06-06,3.910865,6.9876227,-18.53125,24.1875,-8.8828125,6.8125,10.433205
2023-06-07,3.938627,7.0215716,-18.4375,24.25,-8.983593,6.845703,10.46875
2023-06-08,3.9273367,7.036919,-18.46875,24.328125,-9.061718,6.828125,10.4375
2023-06-09,3.9679286,7.0422163,-18.5,24.296875,-9.0859375,6.8710938,10.456642
2023-06-10,4.1458263,7.059373,-18.65625,24.3125,-8.967968,7.078125,10.6484375
2023-06-11,4.0392942,7.072205,-18.65625,24.34375,-9.1484375,6.9960938,10.514847
2023-06-12,4.146856,7.0834146,-18.75,24.28125,-9.092968,7.125,10.625
2023-06-13,4.2624764,7.1107836,-18.78125,24.234375,-9.0390625,7.2734375,10.8046875
2023-06-14,4.2628217,7.1211896,-18.84375,24.1875,-9.1015625,7.3085938,10.753517
2023-06-15,4.373958,7.1459627,-18.90625,24.328125,-9.0703125,7.421875,10.90625
2023-06-16,4.345054,7.1586432,-18.96875,24.234375,-9.1796875,7.419922,10.894142
2023-06-17,4.422718,7.161558,-19.03125,24.203125,-9.0859375,7.5,10.984375
2023-06-18,4.4906898,7.1781516,-19.1875,24.125,-9.061718,7.5820312,11.0625
2023-06-19,4.619815,7.207494,-19.3125,24.125,-8.9921875,7.7109375,11.234375
2023-06-20,4.6871233,7.242011,-19.375,24.1875,-9.014843,7.8125,11.328125
2023-06-21,4.7416997,7.2669134,-19.46875,24.21875,-9.030468,7.8710938,11.433205
2023-06-22,4.6222243,7.2765346,-19.53125,24.25,-9.1328125,7.7890625,11.316017
2023-06-23,4.6368814,7.2769637,-19.6875,24.3125,-9.1484375,7.7890625,11.34375
2023-06-24,4.724368,7.288637,-19.8125,24.25,-9.1015625,7.890625,11.41758
2023-06-25,4.739979,7.3086643,-19.84375,24.15625,-9.1328125,7.9296875,11.464455
2023-06-26,4.8091106,7.330857,-20.0,24.28125,-9.1171875,7.986328,11.546875
2023-06-27,4.7685285,7.344464,-19.96875,24.375,-9.1640625,7.966797,11.5234375
2023-06-28,4.6085143,7.331482,-20.15625,24.3125,-9.2890625,7.8203125,11.265625
2023-06-29,4.7557487,7.334152,-20.15625,24.234375,-9.1640625,7.9765625,11.421097
2023-06-30,4.810174,7.3537817,-20.21875,24.25,-9.1171875,8.046875,11.515625
2023-07-01,4.7834353,7.3594985,-20.15625,24.25,-9.1796875,8.0234375,11.5
2023-07-02,4.839854,7.3618827,-20.15625,24.28125,-9.124218,8.078125,11.5625
2023-07-03,4.843146,7.3652368,-20.15625,24.3125,-9.1015625,8.0703125,11.644142
2023-07-04,4.7120333,7.3547144,-20.21875,24.234375,-9.139843,7.953125,11.4140625
2023-07-05,4.8182263,7.3591504,-20.15625,24.09375,-9.0546875,8.046875,11.5390625
2023-07-06,4.796041,7.3756113,-20.25,24.078125,-9.1015625,8.0234375,11.53125
2023-07-07,4.7398424,7.37009,-20.28125,24.03125,-9.1015625,7.986328,11.4375
2023-07-08,4.836949,7.378223,-20.28125,24.03125,-9.030468,8.074219,11.57383
2023-07-09,4.9198084,7.404183,-20.21875,24.0625,-8.9921875,8.1875,11.6875
2023-07-10,4.861731,7.4211707,-20.34375,24.03125,-9.0703125,8.140625,11.644142
2023-07-11,4.8819957,7.4233336,-20.3125,24.03125,-9.046093,8.15625,11.683205
2023-07-12,4.886864,7.430779,-20.28125,23.96875,-9.0703125,8.15625,11.734375
2023-07-13,4.8147106,7.4263806,-20.375,23.9375,-9.1015625,8.109375,11.644142
2023-07-14,4.802385,7.414915,-20.375,23.9375,-9.0390625,8.1015625,11.609375
2023-07-15,4.6989756,7.407198,-20.59375,23.84375,-9.1015625,7.9960938,11.5
2023-07-16,4.841729,7.414971,-20.71875,23.890625,-8.9921875,8.140625,11.6640625
2023-07-17,4.7999163,7.444421,-20.78125,23.859375,-9.061718,8.121094,11.691017
2023-07-18,4.6964293,7.430303,-20.625,23.8125,-9.1328125,8.03125,11.546875
2023-07-19,4.7666593,7.424657,-20.75,23.8125,-9.0703125,8.105469,11.6171875
2023-07-20,4.803963,7.44815,-20.8125,23.796875,-9.077343,8.171875,11.671875
2023-07-21,4.753357,7.4555793,-20.6875,23.8125,-9.139843,8.1171875,11.6484375
2023-07-22,4.7232914,7.4424667,-20.6875,23.84375,-9.1171875,8.0625,11.640625
2023-07-23,4.700817,7.4310656,-20.59375,23.765625,-9.0859375,8.0625,11.5859375
2023-07-24,4.705194,7.419158,-20.40625,23.75,-9.0703125,8.0703125,11.5390625
2023-07-25,4.702633,7.413525,-20.375,23.765625,-9.0859375,8.046875,11.5625
2023-07-26,4.6460896,7.408198,-20.40625,23.78125,-9.1171875,8.0,11.4765625
2023-07-27,4.765056,7.4179144,-20.59375,23.84375,-9.0546875,8.113281,11.625
2023-07-28,4.74417,7.4320908,-20.46875,23.84375,-9.1015625,8.09375,11.6796875
2023-07-29,4.7710857,7.42732,-20.4375,23.796875,-9.092968,8.125,11.71875
2023-07-30,4.857016,7.438048,-20.4375,23.796875,-8.999218,8.2265625,11.8203125
2023-07-31,4.7121744,7.430162,-20.34375,23.6875,-9.1484375,8.09375,11.6796875
2023-08-01,4.5862045,7.3904037,-20.15625,23.6875,-9.1640625,7.9335938,11.534767
2023-08-02,4.623756,7.3739405,-20.0625,23.65625,-9.092968,7.96875,11.538284
2023-08-03,4.588262,7.3663106,-20.03125,23.6875,-9.061718,7.9453125,11.5078125
2023-08-04,4.560049,7.3471766,-20.0625,23.6875,-9.0390625,7.9003906,11.4375
2023-08-05,4.508933,7.322822,-20.0,23.65625,-9.030468,7.8554688,11.359375
2023-08-06,4.5181484,7.2947717,-19.8125,23.625,-8.9453125,7.8398438,11.3515625
2023-08-07,4.53586,7.2719116,-19.53125,23.5625,-8.8671875,7.8515625,11.34375
2023-08-08,4.536222,7.2633834,-19.75,23.53125,-8.858593,7.828125,11.35508
2023-08-09,4.4664145,7.2587695,-19.875,23.4375,-8.9296875,7.7734375,11.300392
2023-08-10,4.515017,7.2550254,-19.84375,23.5,-8.8984375,7.845703,11.303909
2023-08-11,4.3788056,7.237995,-19.78125,23.53125,-8.9609375,7.6875,11.19883
2023-08-12,4.44559,7.208908,-19.78125,23.46875,-8.8828125,7.751953,11.19883
2023-08-13,4.356581,7.1848755,-19.84375,23.4375,-8.9296875,7.6523438,11.081642
2023-08-14,4.4293165,7.154763,-19.75,23.4375,-8.8359375,7.7109375,11.183205
2023-08-15,4.5059123,7.151116,-19.78125,23.4375,-8.7734375,7.78125,11.2734375
2023-08-16,4.368698,7.131825,-19.8125,23.390625,-8.8671875,7.6015625,11.15625
2023-08-17,4.2024217,7.077497,-19.84375,23.375,-8.8828125,7.3867188,10.96875
2023-08-18,4.2304254,7.033654,-19.84375,23.25,-8.7734375,7.4414062,10.894142
2023-08-19,4.442189,7.0265217,-19.65625,23.28125,-8.5703125,7.638672,11.10508
2023-08-20,4.3427744,7.0002146,-19.625,23.25,-8.608593,7.4882812,11.0390625
2023-08-21,4.271933,6.94641,-19.5625,23.1875,-8.5859375,7.3867188,10.890625
2023-08-22,4.362562,6.9200296,-19.5625,23.078125,-8.452343,7.4648438,10.9921875
2023-08-23,4.3285265,6.9146986,-19.71875,23.140625,-8.4609375,7.4277344,10.9609375
2023-08-24,4.16034,6.864612,-19.375,23.0,-8.5703125,7.2421875,10.6875
2023-08-25,4.1476793,6.8273177,-19.5625,22.9375,-8.530468,7.1875,10.640625
2023-08-26,4.341295,6.8162704,-19.59375,22.9375,-8.3203125,7.390625,10.82383
2023-08-27,4.3137493,6.8063955,-19.53125,22.875,-8.3515625,7.359375,10.859375
2023-08-28,4.1363783,6.7521935,-19.40625,22.84375,-8.3984375,7.1523438,10.640625
2023-08-29,4.193947,6.6997166,-19.09375,22.78125,-8.2578125,7.1777344,10.651955
2023-08-30,4.25573,6.6588807,-19.0625,22.6875,-8.1328125,7.220703,10.683205
2023-08-31,4.1707044,6.6196117,-19.1875,22.671875,-8.1484375,7.109375,10.5546875
2023-09-01,4.1046724,6.5849996,-19.28125,22.640625,-8.1484375,7.001953,10.515625
2023-09-02,4.0646095,6.5517025,-19.3125,22.59375,-8.1171875,6.9570312,10.409767
2023-09-03,4.175464,6.5137496,-19.3125,22.53125,-7.9367185,7.0429688,10.51133
2023-09-04,4.0266094,6.4635634,-19.1875,22.546875,-7.9609375,6.857422,10.34375
2023-09-05,4.0681715,6.4225965,-18.96875,22.40625,-7.8671875,6.875,10.347267
2023-09-06,3.9657507,6.366798,-18.875,22.375,-7.8515625,6.7421875,10.203125
2023-09-07,3.9077694,6.313395,-18.84375,22.265625,-7.8046875,6.671875,10.1328125
2023-09-08,3.9756439,6.2726326,-18.71875,22.21875,-7.6796875,6.703125,10.140625
2023-09-09,3.9618983,6.217413,-18.65625,22.171875,-7.5773435,6.6484375,10.1171875
2023-09-10,3.8539488,6.1512837,-18.8125,22.078125,-7.5234375,6.5,9.96875
2023-09-11,3.9099777,6.1062417,-18.5625,22.046875,-7.3984375,6.5273438,10.0
2023-09-12,3.9449263,6.080473,-18.5625,21.96875,-7.3046875,6.5273438,10.03125
2023-09-13,3.7008235,6.0066547,-18.65625,21.90625,-7.3984375,6.234375,9.69883
2023-09-14,3.7145405,5.968793,-18.78125,21.9375,-7.3515625,6.234375,9.675392
2023-09-15,3.7403505,5.9344673,-18.75,21.84375,-7.2734375,6.234375,9.640625
2023-09-16,3.6233351,5.8827457,-18.9375,21.84375,-7.2734375,6.0625,9.456642
2023-09-17,3.4174356,5.789495,-18.75,21.65625,-7.2734375,5.8085938,9.1640625
2023-09-18,3.4755542,5.7178054,-18.65625,21.546875,-7.0546875,5.8164062,9.171875
2023-09-19,3.4664035,5.6558065,-18.375,21.53125,-6.9609375,5.75,9.109375
2023-09-20,3.4771166,5.617454,-18.28125,21.53125,-6.8359375,5.734375,9.144142
2023-09-21,3.4302826,5.5689187,-18.21875,21.375,-6.8359375,5.642578,9.0625
2023-09-22,3.4500558,5.5205903,-18.09375,21.375,-6.7023435,5.609375,9.046875
2023-09-23,3.33451,5.464368,-18.15625,21.328125,-6.7265625,5.4628906,8.875
2023-09-24,3.402889,5.4314313,-18.125,21.203125,-6.6171875,5.5039062,8.90625
2023-09-25,3.3546016,5.387806,-18.03125,21.15625,-6.5234375,5.4179688,8.90625
2023-09-26,3.24956,5.333227,-18.125,21.09375,-6.5304685,5.2578125,8.7109375
2023-09-27,3.1384373,5.2613297,-18.0,20.96875,-6.5234375,5.1171875,8.558205
2023-09-28,3.0715435,5.1974983,-18.09375,20.875,-6.4453125,5.0078125,8.433205
2023-09-29,3.018071,5.1347885,-18.0,20.71875,-6.3671875,4.904297,8.335159
2023-09-30,3.0340135,5.0928535,-17.9375,20.625,-6.2890625,4.90625,8.339455
2023-10-01,2.9211824,5.065412,-18.03125,20.546875,-6.3359375,4.767578,8.21875
2023-10-02,2.827013,5.027947,-18.09375,20.375,-6.3515625,4.6484375,8.081642
2023-10-03,2.7001243,4.9630938,-18.125,20.28125,-6.3046875,4.4882812,7.8398438
2023-10-04,2.5542085,4.8894877,-18.125,20.15625,-6.3046875,4.2929688,7.597267
2023-10-05,2.433291,4.7921834,-18.0,20.0625,-6.203125,4.1171875,7.3728523
2023-10-06,2.428561,4.737847,-17.9375,19.9375,-6.078125,4.078125,7.359375
2023-10-07,2.3432062,4.684579,-17.90625,19.8125,-6.069531,3.9726562,7.203125
2023-10-08,2.240072,4.631018,-17.96875,19.625,-6.0625,3.828125,7.078125
2023-10-09,2.1684368,4.580461,-18.03125,19.515625,-6.0390625,3.7265625,6.943165
2023-10-10,2.182696,4.520112,-18.0,19.453125,-5.890625,3.7011719,6.8984375
2023-10-11,2.0899236,4.4641695,-18.0625,19.265625,-5.8515625,3.5664062,6.7734375
2023-10-12,1.9187049,4.398151,-17.9375,19.15625,-5.875,3.3515625,6.5625
2023-10-13,1.7878742,4.3232865,-17.90625,19.0,-5.8515625,3.1640625,6.3259773
2023-10-14,1.7342932,4.260182,-17.84375,18.78125,-5.765625,3.0820312,6.259571
2023-10-15,1.6786296,4.210154,-17.84375,18.59375,-5.6875,2.984375,6.1523438
2023-10-16,1.5636096,4.1512957,-17.90625,18.515625,-5.671875,2.8398438,5.9960938
2023-10-17,1.5365266,4.1114593,-17.875,18.375,-5.5859375,2.8007812,5.943165
2023-10-18,1.3342098,4.0380096,-17.8125,18.21875,-5.6328125,2.546875,5.6875
2023-10-19,1.335723,3.999674,-17.75,18.03125,-5.569531,2.515625,5.6679688
2023-10-20,1.4719553,3.9763339,-17.90625,17.8125,-5.3828125,2.6484375,5.8125
2023-10-21,1.3372027,3.9174812,-17.875,17.625,-5.4054685,2.4882812,5.6171875
2023-10-22,1.1610775,3.8338306,-17.90625,17.46875,-5.3984375,2.2539062,5.3085938
2023-10-23,1.238429,3.801614,-17.875,17.21875,-5.25,2.3164062,5.4648438
2023-10-24,1.2141669,3.7500844,-17.875,17.078125,-5.1640625,2.28125,5.375
2023-10-25,1.1558844,3.7172,-17.8125,16.984375,-5.140625,2.1875,5.2947273
2023-10-26,0.93193954,3.6659832,-17.8125,16.84375,-5.21875,1.921875,5.040821
2023-10-27,0.8688073,3.6142344,-17.78125,16.765625,-5.1710935,1.8398438,4.8728523
2023-10-28,0.8039767,3.5478268,-17.8125,16.53125,-5.0773435,1.75,4.7478523
2023-10-29,0.7009705,3.4944596,-17.75,16.328125,-5.0546875,1.6015625,4.6054688
2023-10-30,0.58689314,3.4546292,-17.71875,16.15625,-5.0894527,1.4609375,4.4453125
2023-10-31,0.5780942,3.4089334,-17.6875,16.015625,-4.9921875,1.421875,4.4453125
2023-11-01,0.5221616,3.3442752,-17.6875,15.921875,-4.921875,1.328125,4.3320312
2023-11-02,0.56228244,3.293996,-17.65625,15.921875,-4.7734375,1.3515625,4.3259773
2023-11-03,0.5292203,3.2704084,-17.59375,15.8515625,-4.7734375,1.2890625,4.2361336
2023-11-04,0.38827422,3.2341828,-17.5625,15.796875,-4.8429685,1.1328125,4.0976562
2023-11-05,0.22022255,3.1913095,-17.53125,15.7109375,-4.897656,0.9375,3.890625
2023-11-06,0.17663026,3.1616175,-17.5625,15.671875,-4.8515625,0.8671875,3.8164062
2023-11-07,0.093508326,3.1110656,-17.46875,15.7265625,-4.828125,0.7578125,3.671875
2023-11-08,0.24816653,3.0905557,-17.5,15.6171875,-4.6171875,0.8984375,3.8962898
2023-11-09,0.20197548,3.058871,-17.59375,15.65625,-4.578125,0.828125,3.828125
2023-11-10,0.05387521,3.0336308,-17.5625,15.609375,-4.671875,0.6484375,3.6167984
2023-11-11,-0.15865251,2.983951,-17.5,15.5,-4.7769527,0.421875,3.3085938
2023-11-12,-0.093937576,2.9475856,-17.46875,15.390625,-4.6640625,0.4609375,3.374611
2023-11-13,-0.23182836,2.9096518,-17.46875,15.4375,-4.671875,0.296875,3.1835938
2023-11-14,-0.37818322,2.8897324,-17.46875,15.453125,-4.78125,0.1171875,3.0039062
2023-11-15,-0.45338485,2.8567085,-17.53125,15.453125,-4.7578125,0.0390625,2.9140625
2023-11-16,-0.5322613,2.8043814,-17.375,15.46875,-4.7265625,-0.08203125,2.7617188
2023-11-17,-0.5266468,2.7888122,-17.375,15.390625,-4.703125,-0.09375,2.7929688
2023-11-18,-0.520032,2.7645702,-17.34375,15.2734375,-4.6328125,-0.09375,2.828125
2023-11-19,-0.65634006,2.7270553,-17.46875,15.28125,-4.678906,-0.265625,2.6015625
2023-11-20,-0.7433165,2.7019453,-17.40625,15.265625,-4.71875,-0.3671875,2.530861
2023-11-21,-0.74148065,2.668547,-17.3125,15.25,-4.6328125,-0.3828125,2.4648438
2023-11-22,-0.8275832,2.6419897,-17.28125,15.265625,-4.671875,-0.4921875,2.3789062
2023-11-23,-0.9274505,2.6142256,-17.25,15.1796875,-4.7265625,-0.6015625,2.2539062
2023-11-24,-0.8984178,2.590372,-17.25,15.125,-4.6171875,-0.58984375,2.2890625
2023-11-25,-0.71609473,2.5820842,-17.1875,15.046875,-4.4453125,-0.40625,2.4761734
2023-11-26,-0.86289585,2.5507681,-17.21875,15.109375,-4.5078125,-0.5859375,2.2539062
2023-11-27,-0.87279457,2.548931,-17.25,15.171875,-4.5,-0.609375,2.2695312
2023-11-28,-1.0531174,2.523243,-17.3125,15.09375,-4.6171875,-0.796875,2.0703125
2023-11-29,-1.0749481,2.5020273,-17.15625,15.015625,-4.6328125,-0.8515625,2.1132812
2023-11-30,-1.1248009,2.4810464,-17.03125,14.96875,-4.6171875,-0.91015625,2.0738297
2023-12-01,-0.983537,2.4875546,-17.0625,15.0,-4.484375,-0.75,2.1992188
2023-12-02,-1.1612817,2.4636343,-17.0625,14.984375,-4.6171875,-0.9609375,1.9609375
2023-12-03,-1.0897237,2.4510624,-17.15625,14.921875,-4.5390625,-0.890625,2.0039062
2023-12-04,-1.1573877,2.4266236,-17.0625,14.953125,-4.5625,-0.9609375,1.8867188
2023-12-05,-1.131073,2.4202187,-17.0,14.9375,-4.5234375,-0.9453125,1.9335938
2023-12-06,-1.2219517,2.4149926,-16.90625,14.96875,-4.5625,-1.046875,1.8320312
2023-12-07,-1.3526208,2.3940728,-16.96875,14.84375,-4.6875,-1.1992188,1.6953125
2023-12-08,-1.1083672,2.397786,-17.0,14.984375,-4.46875,-0.9453125,1.8984375
2023-12-09,-1.2019024,2.3996665,-17.15625,15.015625,-4.5234375,-1.0703125,1.8550797
2023-12-10,-1.3264215,2.4025462,-17.09375,14.9765625,-4.6328125,-1.203125,1.7421875
2023-12-11,-1.4324319,2.3832464,-17.03125,14.9375,-4.71875,-1.3046875,1.5859375
2023-12-12,-1.4551353,2.372117,-17.0,14.828125,-4.7265625,-1.3359375,1.5625
2023-12-13,-1.5942322,2.3613281,-16.90625,14.8984375,-4.8359375,-1.4921875,1.4097672
2023-12-14,-1.57567,2.364686,-16.9375,14.875,-4.8125,-1.4804688,1.4332047
2023-12-15,-1.5394025,2.3551753,-16.875,14.8359375,-4.7648435,-1.4375,1.46875
2023-12-16,-1.3750577,2.3528602,-16.90625,14.84375,-4.6640625,-1.28125,1.6171875
2023-12-17,-1.4176841,2.3727837,-16.9375,14.90625,-4.703125,-1.3203125,1.5859375
2023-12-18,-1.4525145,2.353436,-16.6875,14.90625,-4.678906,-1.375,1.5269547
2023-12-19,-1.4262018,2.3824594,-16.90625,14.875,-4.7222652,-1.3359375,1.5703125
2023-12-20,-1.465598,2.3728366,-16.78125,14.8671875,-4.7265625,-1.390625,1.5382843
2023-12-21,-1.5733484,2.3837469,-16.84375,14.8125,-4.8515625,-1.5,1.4566422
2023-12-22,-1.5704819,2.3765476,-16.9375,14.8203125,-4.8359375,-1.5,1.4488297
2023-12-23,-1.6097165,2.3901038,-17.0625,14.6796875,-4.90625,-1.5390625,1.40625
2023-12-24,-1.6849834,2.4108155,-17.0,14.671875,-5.03125,-1.6015625,1.3828125
2023-12-25,-1.7621219,2.4319968,-16.84375,14.765625,-5.140625,-1.6953125,1.328125
2023-12-26,-1.9005387,2.4281507,-16.8125,14.703125,-5.2648435,-1.84375,1.2293015
2023-12-27,-1.9009454,2.4489236,-16.84375,14.6875,-5.328125,-1.84375,1.296875
2023-12-28,-1.9151121,2.4538777,-16.90625,14.7109375,-5.359375,-1.8515625,1.21875
2023-12-29,-1.978871,2.467357,-16.71875,14.6875,-5.4921875,-1.9296875,1.2457047
2023-12-30,-1.8913338,2.4940484,-16.46875,14.75,-5.4722652,-1.8203125,1.296875
2023-12-31,-1.898678,2.5138254,-16.5,14.765625,-5.4765625,-1.8203125,1.3203125
2024-01-01,-1.8890865,2.520799,-16.4375,14.6640625,-5.4765625,-1.8203125,1.34375
2024-01-02,-1.9658796,2.5412924,-16.40625,14.625,-5.6242185,-1.8828125,1.330864
2024-01-03,-1.8909638,2.5640013,-16.5,14.71875,-5.53125,-1.8320312,1.4140625
2024-01-04,-2.029173,2.581559,-16.40625,14.6875,-5.765625,-1.9765625,1.296875
2024-01-05,-2.0624795,2.6047974,-16.4375,14.640625,-5.875,-1.984375,1.3039093
2024-01-06,-1.9873734,2.625192,-16.5,14.59375,-5.8359375,-1.921875,1.40625
2024-01-07,-1.9835849,2.6700592,-16.375,14.734375,-5.9140625,-1.9140625,1.5078125
2024-01-08,-2.145133,2.6915286,-16.40625,14.640625,-6.100781,-2.0859375,1.3628922
2024-01-09,-2.008665,2.733853,-16.40625,14.65625,-6.09375,-1.9296875,1.53125
2024-01-10,-2.0076132,2.7717035,-16.34375,14.71875,-6.109375,-1.9296875,1.5625
2024-01-11,-2.1992357,2.809452,-16.4375,14.6875,-6.3984375,-2.1171875,1.484375
2024-01-12,-2.2370512,2.842828,-16.40625,14.7265625,-6.4609375,-2.1484375,1.4765625
2024-01-13,-2.3697941,2.8492746,-16.40625,14.578125,-6.6242185,-2.28125,1.3515625
2024-01-14,-2.2413163,2.8252325,-16.0625,14.6640625,-6.4210935,-2.1953125,1.4097672
2024-01-15,-2.0989697,2.8710535,-16.0,14.6328125,-6.3046875,-2.0625,1.7730484
2024-01-16,-2.28167,2.9057453,-16.09375,14.609375,-6.5390625,-2.2578125,1.6675797
2024-01-17,-2.3613136,2.9363241,-16.25,14.4453125,-6.7648435,-2.3203125,1.59375
2024-01-18,-2.3741906,3.0049627,-16.46875,14.53125,-6.9453125,-2.3046875,1.5390625
2024-01-19,-2.4121642,3.0435028,-16.40625,14.546875,-7.0546875,-2.359375,1.6015625
2024-01-20,-2.4492602,3.07476,-16.625,14.53125,-7.1328125,-2.40625,1.640625
2024-01-21,-2.4750373,3.1351278,-16.65625,14.484375,-7.3203125,-2.40625,1.7109375
2024-01-22,-2.650505,3.1750505,-16.625,14.5,-7.6015625,-2.578125,1.5582047
2024-01-23,-2.7563186,3.2119865,-16.53125,14.59375,-7.7648435,-2.7109375,1.484375
2024-01-24,-2.811352,3.2647471,-16.5,14.4765625,-7.9140625,-2.7421875,1.5078125
2024-01-25,-2.8764954,3.3407445,-16.90625,14.609375,-8.1328125,-2.796875,1.5625
2024-01-26,-2.9997213,3.4069676,-17.03125,14.546875,-8.389843,-2.921875,1.515625
2024-01-27,-3.148144,3.4593217,-17.1875,14.5625,-8.592968,-3.0625,1.4453125
2024-01-28,-3.2796748,3.5124056,-17.25,14.5703125,-8.8203125,-3.2109375,1.359375
2024-01-29,-3.3774874,3.5710568,-17.0625,14.671875,-9.0234375,-3.2890625,1.3125
2024-01-30,-3.4340584,3.5970564,-17.03125,14.515625,-9.0703125,-3.375,1.34375
2024-01-31,-3.5495713,3.6371741,-17.0625,14.5703125,-9.217968,-3.515625,1.3230515
2024-02-01,-3.6416376,3.6668587,-17.03125,14.546875,-9.374218,-3.59375,1.25
2024-02-02,-3.4413455,3.7151735,-16.75,14.578125,-9.2421875,-3.4296875,1.5503922
2024-02-03,-3.5448859,3.8137968,-16.84375,14.640625,-9.467968,-3.5273438,1.671875
2024-02-04,-3.646285,3.8864753,-17.0625,14.7421875,-9.6640625,-3.6445312,1.59375
2024-02-05,-3.713316,3.9436693,-16.8125,14.640625,-9.8203125,-3.7226562,1.578125
2024-02-06,-3.7555037,3.9869285,-16.65625,14.671875,-9.8828125,-3.796875,1.7421875
2024-02-07,-3.8343158,4.032957,-16.78125,14.59375,-10.030468,-3.9140625,1.7578125
2024-02-08,-3.9159012,4.109495,-16.875,14.6015625,-10.2578125,-3.9765625,1.7851562
2024-02-09,-4.0122604,4.1836553,-16.96875,14.5703125,-10.4609375,-4.0703125,1.6640625
2024-02-10,-4.059632,4.2207584,-16.75,14.65625,-10.5234375,-4.1289062,1.6484375
2024-02-11,-4.036991,4.271219,-16.90625,14.6328125,-10.5078125,-4.1796875,1.8433609
2024-02-12,-4.1010523,4.3490987,-16.9375,14.640625,-10.6953125,-4.25,1.859375
2024-02-13,-4.229286,4.388578,-16.875,14.609375,-10.8359375,-4.3984375,1.8082047
2024-02-14,-4.2831974,4.4347515,-16.8125,14.609375,-10.9609375,-4.46875,1.75
2024-02-15,-4.3004584,4.4837914,-17.0,14.6328125,-11.0078125,-4.5546875,1.8494148
2024-02-16,-4.1999035,4.5434394,-16.78125,14.671875,-10.9921875,-4.4453125,2.015625
2024-02-17,-4.101087,4.654807,-16.75,14.84375,-11.046093,-4.34375,2.2105484
2024-02-18,-4.2718716,4.7037334,-16.75,14.71875,-11.1953125,-4.5234375,2.125
2024-02-19,-4.256483,4.7346973,-16.71875,14.703125,-11.2421875,-4.5,2.25
2024-02-20,-4.235838,4.805614,-16.71875,14.796875,-11.3046875,-4.484375,2.2517586
2024-02-21,-4.3284087,4.826927,-16.71875,14.734375,-11.3671875,-4.6132812,2.28125
2024-02-22,-4.3462844,4.8486614,-16.5625,14.78125,-11.3671875,-4.609375,2.2148438
2024-02-23,-4.2674613,4.8799734,-16.59375,14.734375,-11.2734375,-4.5625,2.3863297
2024-02-24,-4.2374043,4.924254,-16.625,14.796875,-11.2734375,-4.5546875,2.515625
2024-02-25,-4.1599846,4.9825296,-16.5625,14.765625,-11.2421875,-4.484375,2.6597672
2024-02-26,-4.2583485,5.007245,-16.65625,14.828125,-11.3671875,-4.578125,2.5273438
2024-02-27,-4.258197,5.0460978,-16.65625,14.7578125,-11.4296875,-4.578125,2.4900398
2024-02-28,-4.2305894,5.0779343,-16.625,14.78125,-11.4140625,-4.5546875,2.65625
2024-02-29,-4.161395,5.1322846,-16.53125,14.796875,-11.3828125,-4.453125,2.7382812
2024-03-01,-4.206109,5.173042,-16.78125,14.8671875,-11.4609375,-4.5078125,2.71875
2024-03-02,-4.1565433,5.2239623,-16.875,14.859375,-11.5078125,-4.4453125,2.7574234
2024-03-03,-4.1467633,5.245489,-16.84375,14.875,-11.4921875,-4.4453125,2.796875
2024-03-04,-4.0464315,5.248404,-16.75,14.8125,-11.3359375,-4.3515625,2.8398438
2024-03-05,-3.9985824,5.2440057,-16.71875,14.84375,-11.2265625,-4.3203125,2.9275398
2024-03-06,-3.809378,5.285787,-16.90625,14.875,-11.1328125,-4.1328125,3.21875
2024-03-07,-3.7120078,5.313686,-16.90625,14.875,-11.0546875,-4.0039062,3.234375
2024-03-08,-3.5986931,5.3546524,-16.71875,15.03125,-10.9765625,-3.9023438,3.415821
2024-03-09,-3.5484335,5.3556366,-16.75,15.078125,-10.9140625,-3.828125,3.462696
2024-03-10,-3.4396253,5.3473306,-16.65625,15.109375,-10.7421875,-3.734375,3.5390625
2024-03-11,-3.345512,5.360698,-16.8125,15.125,-10.6640625,-3.625,3.6210938
2024-03-12,-3.3538954,5.3945265,-16.71875,15.15625,-10.7265625,-3.6015625,3.6484375
2024-03-13,-3.3164773,5.4777203,-16.8125,15.21875,-10.7734375,-3.5390625,3.7947273
2024-03-14,-3.3323605,5.539343,-16.90625,15.28125,-10.8515625,-3.5234375,3.790821
2024-03-15,-3.22818,5.5592985,-16.875,15.2421875,-10.8203125,-3.4101562,3.9410172
2024-03-16,-3.2832754,5.552624,-16.96875,15.3125,-10.8515625,-3.40625,3.8632812
2024-03-17,-3.1953619,5.596435,-17.0,15.4375,-10.8359375,-3.3125,4.005665
2024-03-18,-3.224034,5.5996003,-17.0,15.5078125,-10.874218,-3.2890625,3.8767586
2024-03-19,-3.169899,5.6245933,-17.03125,15.46875,-10.8671875,-3.1640625,3.8884773
2024-03-20,-2.8723586,5.679448,-16.84375,15.46875,-10.6171875,-2.8828125,4.375
2024-03-21,-2.849764,5.6893315,-16.875,15.6171875,-10.6015625,-2.8125,4.337696
2024-03-22,-2.817414,5.7254267,-16.9375,15.640625,-10.6015625,-2.7265625,4.3710938
2024-03-23,-2.6787827,5.7766705,-17.03125,15.796875,-10.5234375,-2.5390625,4.587696
2024-03-24,-2.547805,5.7849226,-16.96875,15.7578125,-10.4140625,-2.3867188,4.665821
2024-03-25,-2.443291,5.80402,-16.90625,15.78125,-10.3515625,-2.2304688,4.765625
2024-03-26,-2.4014723,5.8645353,-17.03125,15.875,-10.4140625,-2.1367188,4.8359375
2024-03-27,-2.4301538,5.886999,-17.03125,15.984375,-10.4921875,-2.109375,4.8476562
2024-03-28,-2.3784075,5.900421,-17.125,15.984375,-10.4296875,-2.0078125,4.8632812
2024-03-29,-2.2473752,5.895939,-17.09375,16.0,-10.2890625,-1.8515625,4.9509773
2024-03-30,-2.0005968,5.919642,-16.90625,16.0625,-10.1328125,-1.5390625,5.17754
2024-03-31,-1.911669,5.9352894,-17.03125,16.078125,-10.0703125,-1.3945312,5.3259773
2024-04-01,-1.7911203,5.961285,-17.0625,16.1875,-10.0078125,-1.1757812,5.4666023
2024-04-02,-1.7445043,5.9886923,-17.09375,16.234375,-10.0234375,-1.046875,5.5
2024-04-03,-1.7472899,5.999719,-17.125,16.390625,-10.0703125,-1.0117188,5.474415
2024-04-04,-1.6678151,6.0253906,-17.15625,16.46875,-10.0390625,-0.8125,5.5230484
2024-04-05,-1.4596889,6.0956173,-17.21875,16.5625,-9.952343,-0.50390625,5.765625
2024-04-06,-1.4315052,6.128558,-17.3125,16.5625,-10.0234375,-0.390625,5.8320312
2024-04-07,-1.3499664,6.139274,-17.28125,16.71875,-9.9609375,-0.26171875,5.8984375
2024-04-08,-1.3166139,6.1106353,-17.28125,16.6875,-9.8984375,-0.125,5.875
2024-04-09,-1.2931752,6.093478,-17.25,16.71875,-9.8671875,-0.046875,5.8554688
2024-04-10,-1.0994412,6.105162,-17.15625,16.84375,-9.7109375,0.21484375,6.015625
2024-04-11,-0.93614316,6.140717,-17.125,16.921875,-9.6328125,0.4921875,6.2265625
2024-04-12,-0.8185584,6.167639,-17.03125,17.03125,-9.5703125,0.67578125,6.3103523
2024-04-13,-0.7588649,6.178423,-17.0625,17.21875,-9.5546875,0.8125,6.3923836
2024-04-14,-0.51024145,6.2174544,-16.96875,17.234375,-9.3984375,1.1367188,6.6853523
2024-04-15,-0.35568395,6.2536197,-17.03125,17.375,-9.3515625,1.390625,6.7986336
2024-04-16,-0.30956084,6.2683573,-17.0625,17.515625,-9.3515625,1.5078125,6.849415
2024-04-17,-0.30536315,6.278468,-17.125,17.578125,-9.4140625,1.609375,6.8203125
2024-04-18,-0.18917868,6.3143606,-17.15625,17.6875,-9.3828125,1.8222656,6.9375
2024-04-19,-0.016416755,6.332102,-17.15625,17.75,-9.2578125,2.0625,7.1054688
2024-04-20,0.08676914,6.3411536,-17.21875,17.953125,-9.2265625,2.2226562,7.2421875
2024-04-21,0.22734122,6.356019,-17.21875,18.09375,-9.155468,2.4453125,7.3046875
2024-04-22,0.41326126,6.3677583,-17.15625,18.03125,-9.0234375,2.7265625,7.5113297
2024-04-23,0.33692276,6.343161,-17.1875,18.1875,-9.1015625,2.65625,7.4041023
2024-04-24,0.36673418,6.375895,-17.34375,18.34375,-9.1796875,2.765625,7.390625
2024-04-25,0.53938395,6.4113636,-17.28125,18.46875,-9.0859375,3.015625,7.53125
2024-04-26,0.56801385,6.432039,-17.375,18.625,-9.1015625,3.0996094,7.5078125
2024-04-27,0.74999803,6.4534044,-17.375,18.78125,-9.0078125,3.3613281,7.6953125
2024-04-28,0.89667,6.474265,-17.4375,18.8125,-8.9765625,3.59375,7.8203125
2024-04-29,0.99226373,6.4826775,-17.4375,19.0,-8.921093,3.7207031,7.9041023
2024-04-30,1.0970284,6.5045,-17.5,19.09375,-8.8828125,3.8554688,8.03125
2024-05-01,1.1615363,6.518969,-17.46875,19.296875,-8.8828125,3.9785156,8.0234375
2024-05-02,1.2072954,6.5093374,-17.375,19.53125,-8.8671875,4.0117188,8.089455
2024-05-03,1.307736,6.5188737,-17.375,19.71875,-8.8046875,4.158203,8.109375
2024-05-04,1.4101243,6.550844,-17.46875,19.9375,-8.8203125,4.314453,8.21875
2024-05-05,1.3965132,6.563878,-17.5,20.125,-8.8828125,4.3085938,8.1796875
2024-05-06,1.4453335,6.5634093,-17.375,20.1875,-8.8828125,4.3945312,8.175392
2024-05-07,1.6460638,6.572432,-17.3125,20.46875,-8.7109375,4.59375,8.390625
2024-05-08,1.8171139,6.5977874,-17.3125,20.65625,-8.6328125,4.7929688,8.5546875
2024-05-09,1.7929676,6.603674,-17.25,20.8125,-8.7109375,4.7773438,8.519142
2024-05-10,1.8434495,6.6112785,-17.34375,21.0625,-8.717968,4.8554688,8.5
2024-05-11,1.9991435,6.631835,-17.375,21.21875,-8.6484375,5.0097656,8.6953125
2024-05-12,2.0923557,6.6516924,-17.4375,21.4375,-8.6328125,5.109375,8.796875
2024-05-13,2.1637497,6.652011,-17.4375,21.578125,-8.6015625,5.173828,8.8125
2024-05-14,2.232523,6.661,-17.5625,21.65625,-8.6171875,5.21875,8.831642
2024-05-15,2.3172944,6.6646523,-17.53125,21.90625,-8.5859375,5.2773438,8.9375
2024-05-16,2.389403,6.6741915,-17.65625,22.09375,-8.5703125,5.3515625,9.0234375
2024-05-17,2.4426067,6.6847963,-17.65625,22.28125,-8.5703125,5.390625,9.050392
2024-05-18,2.5210476,6.699424,-17.65625,22.375,-8.6171875,5.4609375,9.125
2024-05-19,2.6456509,6.718538,-17.6875,22.53125,-8.5859375,5.5820312,9.2734375
2024-05-20,2.6393814,6.7307053,-17.84375,22.609375,-8.6640625,5.5566406,9.257034
2024-05-21,2.7693706,6.7512436,-17.90625,22.6875,-8.6328125,5.6875,9.3828125
2024-05-22,2.8602762,6.7722545,-17.96875,22.84375,-8.655468,5.7617188,9.475784
2024-05-23,3.026434,6.7972207,-18.03125,23.0,-8.5859375,5.953125,9.651955
2024-05-24,3.145713,6.8274975,-17.96875,23.03125,-8.6171875,6.09375,9.776955
2024-05-25,3.2693634,6.857406,-18.09375,23.125,-8.592968,6.203125,9.94883
2024-05-26,3.2136817,6.8659,-18.03125,23.28125,-8.7421875,6.1289062,9.9375
2024-05-27,3.212752,6.861618,-18.03125,23.28125,-8.7890625,6.15625,9.878517
2024-05-28,3.2985082,6.8770256,-18.15625,23.390625,-8.7734375,6.2089844,9.9453125
2024-05-29,3.4933255,6.904345,-18.21875,23.4375,-8.6796875,6.40625,10.171875
2024-05-30,3.5819032,6.93185,-18.21875,23.578125,-8.7421875,6.5,10.25
2024-05-31,3.6310668,6.9518003,-18.21875,23.625,-8.7734375,6.5546875,10.34375
2024-06-01,3.764765,6.9762936,-18.34375,23.75,-8.7578125,6.6601562,10.522659
2024-06-02,3.6873183,6.9908934,-18.375,23.71875,-8.905468,6.59375,10.4140625
2024-06-03,3.8018355,7.000252,-18.4375,23.75,-8.8828125,6.6875,10.519142
2024-06-04,3.8813047,7.024034,-18.40625,23.71875,-8.8828125,6.78125,10.671097
2024-06-05,4.0211654,7.053622,-18.5,23.75,-8.8828125,6.9277344,10.776955
2024-06-06,4.047241,7.0893087,-18.4375,23.796875,-8.9921875,6.9609375,10.878517
2024-06-07,4.034783,7.106281,-18.46875,23.875,-9.1015625,6.9609375,10.870705
2024-06-08,4.0743465,7.112051,-18.5,23.84375,-9.1015625,7.017578,10.9375
2024-06-09,4.2511916,7.1242037,-18.65625,23.859375,-9.0078125,7.2285156,11.0625
2024-06-10,4.142439,7.1409054,-18.65625,23.890625,-9.2109375,7.125,11.01133
2024-06-11,4.24862,7.152099,-18.75,23.8125,-9.1484375,7.2304688,11.097267
2024-06-12,4.3630795,7.177233,-18.8125,23.78125,-9.1328125,7.3515625,11.2109375
2024-06-13,4.3627467,7.1875553,-18.875,23.71875,-9.217968,7.3671875,11.175392
2024-06-14,4.472907,7.211137,-18.96875,23.90625,-9.1953125,7.4765625,11.3203125
2024-06-15,4.443824,7.22603,-18.90625,23.84375,-9.2734375,7.470703,11.3046875
2024-06-16,4.521548,7.225982,-18.96875,23.796875,-9.2109375,7.5625,11.335159
2024-06-17,4.588564,7.237362,-19.0,23.6875,-9.2109375,7.640625,11.4140625
2024-06-18,4.715761,7.2691402,-19.03125,23.703125,-9.1796875,7.765625,11.60508
2024-06-19,4.783497,7.304644,-19.0,23.8125,-9.1953125,7.8632812,11.675392
2024-06-20,4.8383055,7.328205,-19.0,23.9375,-9.2109375,7.921875,11.796875
2024-06-21,4.7183433,7.3397274,-19.09375,24.03125,-9.3359375,7.8027344,11.6953125
2024-06-22,4.73336,7.338721,-19.1875,24.078125,-9.3359375,7.7773438,11.706642
2024-06-23,4.820794,7.3500133,-19.25,24.0625,-9.2890625,7.8808594,11.753517
2024-06-24,4.837214,7.3688254,-19.1875,23.984375,-9.3203125,7.908203,11.78125
2024-06-25,4.906489,7.3881607,-19.3125,24.15625,-9.3046875,7.9882812,11.875
2024-06-26,4.8654056,7.401772,-19.3125,24.296875,-9.374218,7.9609375,11.862892
2024-06-27,4.704741,7.3912926,-19.53125,24.1875,-9.4765625,7.8203125,11.691017
2024-06-28,4.852421,7.3902774,-19.53125,24.15625,-9.3046875,7.9765625,11.765625
2024-06-29,4.906286,7.4093146,-19.65625,24.125,-9.3046875,8.0546875,11.828125
2024-06-30,4.8795357,7.4126315,-19.5625,24.125,-9.3046875,8.019531,11.796875
2024-07-01,4.9347873,7.4149766,-19.625,24.1875,-9.2109375,8.09375,11.84375
2024-07-02,4.9383044,7.413448,-19.65625,24.25,-9.1796875,8.0859375,11.859375
2024-07-03,4.8055096,7.4038835,-19.78125,24.15625,-9.2890625,7.951172,11.6953125
2024-07-04,4.9109077,7.4070897,-19.78125,24.015625,-9.186718,8.0703125,11.78125
2024-07-05,4.888782,7.422167,-19.90625,24.0625,-9.2109375,8.0546875,11.828125
2024-07-06,4.8309593,7.417321,-19.96875,24.03125,-9.2265625,8.0,11.703125
2024-07-07,4.9270124,7.4261208,-20.0,23.984375,-9.1015625,8.09375,11.816017
2024-07-08,5.0105186,7.449575,-19.96875,24.03125,-9.0703125,8.1953125,11.9375
2024-07-09,4.9522896,7.466796,-20.125,24.03125,-9.1328125,8.1484375,11.953125
2024-07-10,4.9716773,7.467684,-20.15625,24.0,-9.0859375,8.183594,11.928909
2024-07-11,4.975969,7.4734597,-20.15625,23.96875,-9.0859375,8.1796875,11.960159
2024-07-12,4.902099,7.4692035,-20.3125,23.96875,-9.139843,8.125,11.84375
2024-07-13,4.8888497,7.4564953,-20.34375,23.9375,-9.108593,8.1171875,11.839455
2024-07-14,4.784305,7.450633,-20.625,23.84375,-9.1640625,8.0,11.73008
2024-07-15,4.925842,7.4579077,-20.84375,23.890625,-9.0234375,8.1484375,11.890625
2024-07-16,4.8846426,7.483198,-20.90625,23.859375,-9.0390625,8.105469,11.933205
2024-07-17,4.780231,7.468429,-20.75,23.796875,-9.1171875,8.03125,11.7265625
2024-07-18,4.8488264,7.461786,-20.90625,23.671875,-9.0703125,8.09375,11.8046875
2024-07-19,4.884587,7.4835954,-20.96875,23.65625,-9.0703125,8.1484375,11.84375
2024-07-20,4.832845,7.489023,-20.90625,23.65625,-9.1328125,8.1015625,11.765625
2024-07-21,4.800636,7.4771814,-20.9375,23.65625,-9.092968,8.0625,11.765625
2024-07-22,4.776793,7.4665136,-20.90625,23.640625,-9.0703125,8.046875,11.7265625
2024-07-23,4.780512,7.4509296,-20.71875,23.59375,-9.046093,8.074219,11.702347
2024-07-24,4.7765822,7.442408,-20.71875,23.578125,-9.0078125,8.0625,11.73008
2024-07-25,4.718162,7.4340873,-20.8125,23.46875,-9.1015625,8.0,11.640625
2024-07-26,4.835262,7.4395537,-21.0625,23.375,-8.967968,8.136719,11.765625
2024-07-27,4.812207,7.451309,-20.96875,23.34375,-8.999218,8.109375,11.7890625
2024-07-28,4.8365765,7.4453897,-20.96875,23.28125,-8.967968,8.125,11.8125
2024-07-29,4.921284,7.4551287,-21.0,23.28125,-8.905468,8.21875,11.933205
2024-07-30,4.774596,7.4416327,-20.90625,23.234375,-8.9921875,8.09375,11.78125
2024-07-31,4.6454477,7.402915,-20.75,23.109375,-8.999218,7.9375,11.6328125
2024-08-01,4.681753,7.382934,-20.6875,23.0625,-8.921093,7.984375,11.66758
2024-08-02,4.6442623,7.3727937,-20.65625,23.03125,-8.9453125,7.9492188,11.65625
2024-08-03,4.6144567,7.3515916,-20.75,23.046875,-8.936718,7.919922,11.589455
2024-08-04,4.5611854,7.3244395,-20.6875,22.9375,-8.9453125,7.8496094,11.5078125
2024-08-05,4.5676312,7.292962,-20.5,22.9375,-8.8828125,7.8671875,11.48008
2024-08-06,4.5822253,7.2696147,-20.34375,22.90625,-8.8359375,7.8652344,11.464455
2024-08-07,4.580264,7.255818,-20.5,22.6875,-8.827343,7.8671875,11.453125
2024-08-08,4.506445,7.2519064,-20.625,22.71875,-8.8828125,7.7929688,11.3984375
2024-08-09,4.552638,7.246198,-20.625,22.6875,-8.8203125,7.8476562,11.46875
2024-08-10,4.4133143,7.225532,-20.59375,22.65625,-8.9453125,7.689453,11.3125
2024-08-11,4.4749885,7.198882,-20.59375,22.53125,-8.811718,7.7558594,11.394142
2024-08-12,4.3833566,7.1748714,-20.65625,22.46875,-8.858593,7.640625,11.29258
2024-08-13,4.4531145,7.141946,-20.59375,22.421875,-8.7265625,7.7109375,11.308205
2024-08-14,4.5265036,7.137781,-20.65625,22.46875,-8.6640625,7.7714844,11.421875
2024-08-15,4.385801,7.1142917,-20.59375,22.4375,-8.7421875,7.59375,11.300392
2024-08-16,4.2139916,7.059832,-20.65625,22.28125,-8.7734375,7.390625,11.089455
2024-08-17,4.2370133,7.0164065,-20.65625,22.1875,-8.7109375,7.4101562,11.019142
2024-08-18,4.4444666,7.006068,-20.59375,22.1875,-8.4921875,7.6171875,11.233597
2024-08-19,4.3408656,6.9792566,-20.5,22.125,-8.5078125,7.4765625,11.171875
2024-08-20,4.265422,6.9246984,-20.625,21.96875,-8.4609375,7.359375,11.058205
2024-08-21,4.350916,6.8984523,-20.59375,21.90625,-8.3671875,7.4414062,11.128517
2024-08-22,4.312177,6.8889146,-20.78125,21.9375,-8.4140625,7.4140625,11.07383
2024-08-23,4.1377745,6.8406477,-20.78125,21.78125,-8.499218,7.2109375,10.84375
2024-08-24,4.121097,6.8037505,-20.8125,21.71875,-8.405468,7.15625,10.79258
2024-08-25,4.3105865,6.7946563,-20.9375,21.625,-8.2421875,7.359375,10.9765625
2024-08-26,4.279439,6.780753,-20.9375,21.65625,-8.249218,7.3203125,10.953125
2024-08-27,4.0968304,6.727432,-20.8125,21.625,-8.3359375,7.109375,10.6875
2024-08-28,4.150103,6.677729,-20.53125,21.5,-8.1640625,7.109375,10.706642
2024-08-29,4.2088385,6.632979,-20.34375,21.34375,-8.0234375,7.15625,10.765625
2024-08-30,4.1187763,6.5963407,-20.5,21.34375,-8.0703125,7.046875,10.609375
2024-08-31,4.0493355,6.559607,-20.375,21.328125,-8.0703125,6.935547,10.5390625
2024-09-01,4.005071,6.5275745,-20.4375,21.28125,-8.0234375,6.8828125,10.4765625
2024-09-02,4.112529,6.4904184,-20.40625,21.21875,-7.8671875,6.953125,10.609375
2024-09-03,3.9601185,6.440389,-20.34375,21.25,-7.9140625,6.7578125,10.4375
2024-09-04,3.9979296,6.397853,-20.375,21.09375,-7.8046875,6.78125,10.433205
2024-09-05,3.8923886,6.342558,-20.3125,21.03125,-7.7804685,6.6484375,10.29258
2024-09-06,3.831583,6.2898245,-20.34375,20.9375,-7.7265625,6.5527344,10.21875
2024-09-07,3.8967588,6.2491193,-20.28125,20.8125,-7.6015625,6.5976562,10.203125
2024-09-08,3.8801355,6.19616,-20.15625,20.71875,-7.4921875,6.5273438,10.1953125
2024-09-09,3.771,6.1307893,-20.15625,20.65625,-7.4765625,6.3847656,10.0546875
2024-09-10,3.8248596,6.08517,-20.0,20.640625,-7.3828125,6.4179688,10.0390625
2024-09-11,3.856493,6.06017,-20.03125,20.53125,-7.3046875,6.4140625,10.04258
2024-09-12,3.6112077,5.984576,-20.15625,20.46875,-7.3984375,6.1328125,9.706642
2024-09-13,3.6222203,5.944912,-20.25,20.5,-7.3359375,6.109375,9.671875
2024-09-14,3.6449637,5.9126205,-20.1875,20.40625,-7.2492185,6.1171875,9.671875
2024-09-15,3.5278583,5.859326,-20.1875,20.421875,-7.2421875,5.96875,9.53125
2024-09-16,3.321617,5.765429,-20.09375,20.21875,-7.2734375,5.7109375,9.21875
2024-09-17,3.3806505,5.695409,-20.0,20.09375,-7.0703125,5.7285156,9.2421875
2024-09-18,3.3707008,5.634963,-19.6875,20.09375,-6.9921875,5.671875,9.1953125
2024-09-19,3.3812404,5.596691,-19.53125,20.0625,-6.9140625,5.6328125,9.2265625
2024-09-20,3.3331416,5.5480323,-19.40625,19.890625,-6.8671875,5.5585938,9.1328125
2024-09-21,3.3518188,5.496739,-19.25,19.90625,-6.7578125,5.5546875,9.109375
2024-09-22,3.2353978,5.440004,-19.28125,19.828125,-6.7578125,5.390625,8.9921875
2024-09-23,3.303735,5.405467,-19.25,19.703125,-6.6484375,5.4414062,9.003517
2024-09-24,3.2553792,5.361379,-19.09375,19.671875,-6.6328125,5.3632812,9.0
2024-09-25,3.1502178,5.3039565,-19.03125,19.625,-6.6242185,5.201172,8.78125
2024-09-26,3.038803,5.2290244,-18.875,19.4375,-6.5859375,5.0625,8.5859375
2024-09-27,2.9728453,5.1644564,-18.8125,19.3125,-6.4921875,4.953125,8.495705
2024-09-28,2.9191182,5.098554,-18.6875,19.125,-6.4367185,4.859375,8.359375
2024-09-29,2.9347508,5.0559554,-18.65625,19.0625,-6.3203125,4.8359375,8.339455
2024-09-30,2.8219492,5.0256243,-18.90625,18.921875,-6.3515625,4.703125,8.203125
2024-10-01,2.726976,4.9868307,-18.78125,18.71875,-6.3984375,4.578125,8.078125
2024-10-02,2.6006954,4.9192715,-18.6875,18.59375,-6.3828125,4.4257812,7.8515625
2024-10-03,2.4564483,4.845343,-18.65625,18.40625,-6.3671875,4.2382812,7.6384773
2024-10-04,2.3384569,4.748373,-18.53125,18.3125,-6.2578125,4.0683594,7.415821
2024-10-05,2.3354833,4.6900525,-18.34375,18.203125,-6.1484375,4.0273438,7.3515625
2024-10-06,2.250612,4.637513,-18.40625,18.0,-6.1484375,3.9257812,7.253517
2024-10-07,2.1479669,4.5857196,-18.59375,17.75,-6.1554685,3.7890625,7.0703125
2024-10-08,2.078884,4.534464,-18.5625,17.5625,-6.109375,3.6757812,6.9453125
2024-10-09,2.0956736,4.474256,-18.375,17.546875,-5.9453125,3.671875,6.9296875
2024-10-10,2.0050182,4.4173064,-18.5,17.3125,-5.9140625,3.5390625,6.796875
2024-10-11,1.8356568,4.35184,-18.65625,17.21875,-5.9523435,3.3164062,6.58379
2024-10-12,1.7062526,4.276773,-18.40625,17.046875,-5.9140625,3.1484375,6.3767586
2024-10-13,1.6557145,4.213443,-18.375,16.734375,-5.8515625,3.0390625,6.2890625
2024-10-14,1.6023934,4.1587014,-18.09375,16.5625,-5.8203125,2.9667969,6.175392
2024-10-15,1.4879404,4.1016574,-18.125,16.4375,-5.796875,2.8125,6.0078125
2024-10-16,1.4611981,4.0630903,-18.125,16.375,-5.75,2.7753906,5.9296875
2024-10-17,1.2608354,3.9877532,-17.96875,16.328125,-5.765625,2.5273438,5.665821
2024-10-18,1.2637279,3.9488451,-18.0625,16.1875,-5.6875,2.515625,5.6601562
2024-10-19,1.4007417,3.9288023,-18.09375,16.03125,-5.5078125,2.6367188,5.7890625
2024-10-20,1.2666323,3.869879,-18.03125,15.90625,-5.5234375,2.4648438,5.59375
2024-10-21,1.0918833,3.7847393,-18.03125,15.8359375,-5.4765625,2.25,5.3046875
2024-10-22,1.1705849,3.7541413,-17.90625,15.640625,-5.359375,2.2890625,5.4353523
2024-10-23,1.146815,3.704184,-17.90625,15.609375,-5.2734375,2.2382812,5.378517
2024-10-24,1.0897498,3.671369,-18.0,15.609375,-5.2734375,2.1640625,5.2947273
2024-10-25,0.8666986,3.61742,-18.09375,15.546875,-5.3671875,1.8945312,5.0351562
2024-10-26,0.8057438,3.5681214,-17.96875,15.4921875,-5.3046875,1.8046875,4.8710938
2024-10-27,0.7418226,3.4990618,-17.8125,15.3046875,-5.21875,1.703125,4.7634773
2024-10-28,0.6396859,3.4445407,-17.75,15.203125,-5.1953125,1.5625,4.5916023
2024-10-29,0.5263889,3.4050653,-17.8125,15.0,-5.21875,1.4140625,4.4335938
2024-10-30,0.51833314,3.3591611,-17.78125,14.875,-5.109375,1.375,4.3984375
2024-10-31,0.4639509,3.2953684,-17.71875,14.8125,-5.015625,1.2890625,4.3046875
2024-11-01,0.5056134,3.2440088,-17.65625,14.609375,-4.890625,1.3203125,4.2929688
2024-11-02,0.47309813,3.217847,-17.59375,14.4609375,-4.8585935,1.2578125,4.2226562
2024-11-03,0.33277088,3.180448,-17.75,14.390625,-4.921875,1.078125,4.078125
2024-11-04,0.16506986,3.1357365,-17.53125,14.171875,-5.0,0.8984375,3.8828125
2024-11-05,0.1223957,3.1046667,-17.65625,14.0625,-4.9609375,0.8359375,3.806446
2024-11-06,0.04112896,3.0557194,-17.59375,13.90625,-4.9410152,0.734375,3.6601562
2024-11-07,0.19663025,3.0330436,-17.53125,13.828125,-4.703125,0.859375,3.8628922
2024-11-08,0.15091622,3.0008197,-17.5625,13.796875,-4.678906,0.8125,3.78125
2024-11-09,0.0035287354,2.9754655,-17.78125,13.578125,-4.7769527,0.6328125,3.5820312
2024-11-10,-0.2084718,2.9206138,-17.5,13.3984375,-4.8828125,0.390625,3.296875
2024-11-11,-0.14277834,2.8853917,-17.4375,13.3125,-4.7578125,0.4296875,3.3554688
2024-11-12,-0.27958474,2.8439424,-17.5,13.328125,-4.78125,0.2578125,3.1640625
2024-11-13,-0.42520905,2.8216393,-17.53125,13.2421875,-4.8828125,0.1015625,3.0017586
2024-11-14,-0.49900487,2.789021,-17.53125,13.09375,-4.8828125,0.0078125,2.8945312
2024-11-15,-0.5764807,2.735629,-17.375,13.0703125,-4.8359375,-0.1015625,2.7574234
2024-11-16,-0.569781,2.718163,-17.375,12.9375,-4.828125,-0.1171875,2.8007812
2024-11-17,-0.5624534,2.6923323,-17.34375,12.7578125,-4.7734375,-0.1171875,2.8398438
2024-11-18,-0.6977205,2.652734,-17.375,12.734375,-4.78125,-0.2890625,2.5898438
2024-11-19,-0.7837015,2.6297731,-17.40625,12.6953125,-4.819531,-0.390625,2.5230484
2024-11-20,-0.7801447,2.5946589,-17.3125,12.65625,-4.703125,-0.40625,2.4609375
2024-11-21,-0.86489713,2.567504,-17.28125,12.640625,-4.7648435,-0.515625,2.3359375
2024-11-22,-0.9637582,2.5377991,-17.25,12.5390625,-4.796875,-0.6328125,2.2244148
2024-11-23,-0.9337983,2.514185,-17.25,12.4375,-4.71875,-0.6015625,2.2695312
2024-11-24,-0.7505355,2.5064182,-17.1875,12.328125,-4.5234375,-0.4140625,2.4375
2024-11-25,-0.8965626,2.4716003,-17.21875,12.375,-4.59375,-0.578125,2.2226562
2024-11-26,-0.9053252,2.4685345,-17.25,12.4375,-4.59375,-0.6015625,2.2457047
2024-11-27,-1.085075,2.4409297,-17.3125,12.3515625,-4.703125,-0.796875,2.0351562
2024-11-28,-1.1053495,2.4238539,-17.15625,12.2421875,-4.6640625,-0.84375,2.0429688
2024-11-29,-1.1542661,2.3986611,-17.03125,12.171875,-4.671875,-0.9140625,1.9509773
2024-11-30,-1.0127233,2.4042032,-17.0625,12.1953125,-4.578125,-0.7734375,2.1150398
2024-12-01,-1.189895,2.3774843,-17.0625,12.1640625,-4.6875,-0.9609375,1.8867188
2024-12-02,-1.1175745,2.3675158,-17.0625,12.0859375,-4.578125,-0.890625,1.9414062
2024-12-03,-1.1841742,2.3404713,-17.03125,12.109375,-4.59375,-0.984375,1.8320312
2024-12-04,-1.1571847,2.3367066,-17.0,12.1015625,-4.5390625,-0.9609375,1.8671875
2024-12-05,-1.2475923,2.3287227,-16.90625,12.125,-4.59375,-1.0625,1.7808609
2024-12-06,-1.3775332,2.3082252,-16.96875,12.0078125,-4.703125,-1.1953125,1.6328125
2024-12-07,-1.132749,2.3108928,-16.9375,12.15625,-4.4453125,-0.953125,1.8476562
2024-12-08,-1.2260823,2.311603,-17.0625,12.234375,-4.5234375,-1.0742188,1.765625
2024-12-09,-1.3505737,2.311867,-17.03125,12.1875,-4.6484375,-1.2109375,1.671875
2024-12-10,-1.4561332,2.2913463,-16.9375,12.140625,-4.71875,-1.3320312,1.5234375
2024-12-11,-1.4786266,2.2833917,-16.9375,12.0234375,-4.7335935,-1.3515625,1.484375
2024-12-12,-1.6177474,2.2675154,-16.875,12.09375,-4.828125,-1.515625,1.3515625
2024-12-13,-1.5995845,2.2698398,-16.84375,12.0859375,-4.8125,-1.4921875,1.3203125
2024-12-14,-1.5629916,2.2623053,-16.84375,12.0625,-4.7578125,-1.4804688,1.3863297
2024-12-15,-1.3980663,2.2635903,-16.90625,12.0859375,-4.6171875,-1.2890625,1.515625
2024-12-16,-1.4406607,2.2817857,-16.875,12.15625,-4.6640625,-1.3359375,1.5078125
2024-12-17,-1.4756997,2.2608569,-16.6875,12.1875,-4.6484375,-1.390625,1.4488297
2024-12-18,-1.4493569,2.2916198,-16.84375,12.1640625,-4.6875,-1.359375,1.5
2024-12-19,-1.4889841,2.282569,-16.78125,12.171875,-4.7265625,-1.4140625,1.46875
2024-12-20,-1.596684,2.29298,-16.8125,12.125,-4.8585935,-1.546875,1.3359375
2024-12-21,-1.5939893,2.2866497,-16.875,12.15625,-4.8125,-1.5234375,1.3515625
2024-12-22,-1.6334214,2.302917,-16.96875,12.015625,-4.921875,-1.5703125,1.3046875
2024-12-23,-1.7082139,2.3239467,-16.90625,12.015625,-5.046875,-1.65625,1.2769547
2024-12-24,-1.7850173,2.3440957,-16.84375,12.140625,-5.1484375,-1.734375,1.2421875
2024-12-25,-1.9240209,2.3396206,-16.84375,12.1015625,-5.3125,-1.875,1.0738297
2024-12-26,-1.9245993,2.3623757,-16.875,12.1015625,-5.3828125,-1.875,1.1328125
2024-12-27,-1.938605,2.3664827,-16.84375,12.140625,-5.3671875,-1.8828125,1.0859375
2024-12-28,-2.0028327,2.379354,-16.75,12.1484375,-5.53125,-1.9453125,1.03125
2024-12-29,-1.9153953,2.4072719,-16.5625,12.2421875,-5.5078125,-1.859375,1.1363297
2024-12-30,-1.9230047,2.4262803,-16.59375,12.2890625,-5.5269527,-1.8710938,1.1363297
2024-12-31,-1.913963,2.435346,-16.53125,12.21875,-5.4921875,-1.8515625,1.1519547
2025-01-01,-1.6377633,2.4474258,-16.53125,12.4140625,-5.1796875,-1.59375,1.5972672
2025-01-02,-1.843891,2.473825,-16.53125,12.3359375,-5.4765625,-1.7851562,1.3828125
2025-01-03,-1.7871872,2.496784,-16.625,12.4296875,-5.4175777,-1.7421875,1.4722672
2025-01-04,-1.9652951,2.510829,-16.5,12.40625,-5.6875,-1.921875,1.28125
2025-01-05,-2.014502,2.533173,-16.5,12.359375,-5.796875,-1.984375,1.21875
2025-01-06,-1.9547409,2.5545363,-16.53125,12.328125,-5.78125,-1.8984375,1.296875
2025-01-07,-1.962051,2.5970113,-16.5,12.5,-5.8550777,-1.9140625,1.3515625
2025-01-08,-2.1305861,2.618601,-16.46875,12.4296875,-6.069531,-2.0820312,1.234375
2025-01-09,-1.9997149,2.662532,-16.40625,12.46875,-6.0625,-1.9296875,1.4296875
2025-01-10,-2.0001721,2.70027,-16.40625,12.5625,-6.109375,-1.9609375,1.4609375
2025-01-11,-2.195659,2.7354906,-16.4375,12.5546875,-6.3359375,-2.140625,1.296875
2025-01-12,-2.2354808,2.7691407,-16.375,12.6171875,-6.4453125,-2.1953125,1.3203125
2025-01-13,-2.3706408,2.77794,-16.3125,12.4765625,-6.5703125,-2.34375,1.2421875
2025-01-14,-2.245652,2.7539272,-16.15625,12.59375,-6.4054685,-2.2382812,1.3203125
2025-01-15,-2.1056275,2.8014574,-16.09375,12.578125,-6.2890625,-2.1171875,1.65625
2025-01-16,-2.2939737,2.835748,-16.09375,12.5859375,-6.5234375,-2.3046875,1.546875
2025-01-17,-2.3771296,2.8679526,-16.09375,12.4296875,-6.7335935,-2.3867188,1.4609375
2025-01-18,-2.3946102,2.9368348,-16.125,12.546875,-6.8984375,-2.359375,1.4609375
2025-01-19,-2.4367216,2.975717,-16.09375,12.578125,-7.0304685,-2.4257812,1.4921875
2025-01-20,-2.4766955,3.0084825,-16.21875,12.5859375,-7.0929685,-2.484375,1.5503922
2025-01-21,-2.505538,3.0693777,-16.28125,12.5625,-7.2890625,-2.5039062,1.5894547
2025-01-22,-2.684149,3.1101801,-16.34375,12.6015625,-7.6015625,-2.65625,1.40625
2025-01-23,-2.7907293,3.1461082,-16.28125,12.734375,-7.7265625,-2.7890625,1.3515625
2025-01-24,-2.8476539,3.1993377,-16.46875,12.640625,-7.9210935,-2.8359375,1.3515625
2025-01-25,-2.9137268,3.2760243,-16.53125,12.8125,-8.1328125,-2.890625,1.4296875
2025-01-26,-3.0361035,3.3423026,-16.65625,12.7734375,-8.3515625,-2.9921875,1.359375
2025-01-27,-3.1848266,3.3946877,-16.84375,12.8125,-8.5703125,-3.1484375,1.296875
2025-01-28,-3.3152359,3.4480073,-16.9375,12.84375,-8.7890625,-3.265625,1.2222672
2025-01-29,-3.4129999,3.5055833,-17.03125,13.015625,-8.9921875,-3.3515625,1.1875
2025-01-30,-3.4673848,3.5350409,-17.25,12.84375,-9.0078125,-3.4453125,1.2144547
2025-01-31,-3.5806353,3.5737379,-17.53125,12.953125,-9.1953125,-3.5859375,1.203125
2025-02-01,-3.6716633,3.6056867,-17.78125,12.9765625,-9.3203125,-3.6953125,1.171875
2025-02-02,-3.47104,3.657627,-17.59375,13.0390625,-9.1953125,-3.5078125,1.453125
2025-02-03,-3.574826,3.7566733,-17.84375,13.171875,-9.4296875,-3.6054688,1.5269547
2025-02-04,-3.6776452,3.8277414,-18.125,13.3359375,-9.624218,-3.71875,1.5
2025-02-05,-3.7465072,3.8844166,-18.0,13.265625,-9.7734375,-3.796875,1.4609375
2025-02-06,-3.7910607,3.9293098,-18.03125,13.328125,-9.8359375,-3.8710938,1.6015625
2025-02-07,-3.8714235,3.9770825,-18.21875,13.25,-9.9609375,-3.9570312,1.640625
2025-02-08,-3.9546366,4.054321,-18.46875,13.3046875,-10.1953125,-4.0234375,1.640625
2025-02-09,-4.0529003,4.1279273,-18.625,13.296875,-10.4296875,-4.0976562,1.4921875
2025-02-10,-4.1026683,4.1636233,-18.5625,13.4609375,-10.4921875,-4.1679688,1.4765625
2025-02-11,-4.082038,4.2157607,-18.65625,13.46875,-10.4921875,-4.2109375,1.671875
2025-02-12,-4.1477933,4.2948637,-18.875,13.5078125,-10.6796875,-4.28125,1.6910172
2025-02-13,-4.2776,4.3337917,-19.0,13.53125,-10.8203125,-4.4140625,1.640625
2025-02-14,-4.333021,4.3824205,-19.09375,13.53125,-10.921093,-4.484375,1.6171875
2025-02-15,-4.3526216,4.4315844,-19.34375,13.609375,-10.9765625,-4.5390625,1.7222672
2025-02-16,-4.2539177,4.4929996,-19.3125,13.6875,-10.9296875,-4.4453125,1.8984375
2025-02-17,-4.157745,4.6056595,-19.40625,13.9375,-11.0078125,-4.3359375,2.0859375
2025-02-18,-4.3305373,4.6529408,-19.3125,13.828125,-11.1640625,-4.53125,1.9882812
2025-02-19,-4.3163776,4.6862783,-19.34375,13.8125,-11.2109375,-4.5078125,2.0542984
2025-02-20,-4.296906,4.758428,-19.09375,13.96875,-11.2734375,-4.5,2.1285172
2025-02-21,-4.390263,4.781416,-19.15625,13.921875,-11.3359375,-4.6328125,2.1445312
2025-02-22,-4.4091597,4.802481,-19.09375,14.015625,-11.3515625,-4.6171875,2.1132812
2025-02-23,-4.3314695,4.833842,-19.125,13.984375,-11.2578125,-4.5625,2.3046875
2025-02-24,-4.302707,4.877587,-19.15625,14.09375,-11.2421875,-4.5546875,2.3828125
2025-02-25,-4.2266245,4.9359684,-18.875,14.09375,-11.2265625,-4.5,2.5429688
2025-02-26,-4.3250513,4.9605007,-18.8125,14.1875,-11.3515625,-4.578125,2.4179688
2025-02-27,-4.3249354,5.000107,-18.875,14.1328125,-11.374218,-4.59375,2.4353523
2025-02-28,-4.2976446,5.0328164,-18.875,14.171875,-11.3671875,-4.5625,2.5625
2025-03-01,-4.2289104,5.087119,-18.65625,14.21875,-11.3359375,-4.4921875,2.6597672
2025-03-02,-4.274121,5.1275783,-18.8125,14.328125,-11.4140625,-4.546875,2.6523438
2025-03-03,-4.2247534,5.1800704,-18.96875,14.34375,-11.4609375,-4.484375,2.734375
2025-03-04,-4.2153893,5.198573,-18.84375,14.375,-11.436718,-4.453125,2.7265625
2025-03-05,-4.1150575,5.202815,-18.6875,14.3125,-11.3046875,-4.34375,2.7634773
2025-03-06,-4.066815,5.1984763,-18.5625,14.359375,-11.202343,-4.3125,2.8476562
2025-03-07,-3.8776872,5.242384,-18.65625,14.421875,-11.0859375,-4.1601562,3.134571
2025-03-08,-3.7801957,5.26985,-18.65625,14.4453125,-11.0390625,-4.0273438,3.1619148
2025-03-09,-3.6669645,5.3115788,-18.375,14.671875,-10.983593,-3.9257812,3.3259773
2025-03-10,-3.617019,5.311797,-18.21875,14.7421875,-10.8671875,-3.859375,3.3515625
2025-03-11,-3.5082903,5.3034844,-18.03125,14.7890625,-10.7265625,-3.7382812,3.4570312
2025-03-12,-3.413459,5.31838,-18.03125,14.8125,-10.6640625,-3.625,3.5820312
2025-03-13,-3.4220066,5.350897,-17.875,14.84375,-10.7109375,-3.5820312,3.556446
2025-03-14,-3.3843641,5.4336743,-17.8125,14.953125,-10.764843,-3.5117188,3.7265625
2025-03-15,-3.40076,5.492982,-17.84375,15.046875,-10.8671875,-3.4765625,3.7070312
2025-03-16,-3.2967799,5.51411,-17.78125,15.0,-10.8203125,-3.375,3.8632812
2025-03-17,-3.3512514,5.506494,-17.71875,15.0625,-10.8515625,-3.359375,3.7578125
2025-03-18,-3.263723,5.549009,-17.71875,15.21875,-10.8203125,-3.2578125,3.9101562
2025-03-19,-3.2926083,5.5520864,-17.625,15.2890625,-10.8671875,-3.2460938,3.7613297
2025-03-20,-3.2378137,5.5761247,-17.5625,15.25,-10.8359375,-3.1445312,3.7773438
2025-03-21,-2.9394398,5.6346493,-17.1875,15.234375,-10.6171875,-2.84375,4.2734375
2025-03-22,-2.91664,5.6433144,-17.125,15.3984375,-10.6015625,-2.7578125,4.1992188
2025-03-23,-2.8843343,5.6782913,-16.9375,15.4375,-10.6171875,-2.6835938,4.265625
2025-03-24,-2.7454956,5.729695,-16.8125,15.609375,-10.5390625,-2.5234375,4.4822273
2025-03-25,-2.6141477,5.7381444,-16.75,15.5703125,-10.4140625,-2.359375,4.5759773
2025-03-26,-2.5088198,5.7582307,-16.71875,15.59375,-10.3515625,-2.21875,4.6953125
2025-03-27,-2.46636,5.8166795,-16.84375,15.671875,-10.4140625,-2.09375,4.7460938
2025-03-28,-2.4944847,5.8377347,-16.8125,15.796875,-10.4765625,-2.0703125,4.755665
2025-03-29,-2.4425704,5.850709,-16.875,15.765625,-10.4140625,-1.9492188,4.7539062
2025-03-30,-2.312536,5.84574,-16.84375,15.765625,-10.3046875,-1.7695312,4.859375
2025-03-31,-2.0655382,5.870363,-16.6875,15.796875,-10.1171875,-1.453125,5.1072273
2025-04-01,-1.9757802,5.8849277,-16.78125,15.78125,-10.0703125,-1.2890625,5.212696
2025-04-02,-1.8547457,5.91272,-16.78125,15.8671875,-10.0078125,-1.1054688,5.3611336
2025-04-03,-1.8078766,5.9383435,-16.84375,15.90625,-9.9921875,-0.9765625,5.3884773
2025-04-04,-1.8105402,5.947487,-16.875,16.0625,-10.0234375,-0.8984375,5.3476562
2025-04-05,-1.730864,5.9734893,-16.90625,16.09375,-9.9921875,-0.734375,5.390625
2025-04-06,-1.5223918,6.043723,-16.96875,16.1875,-9.9140625,-0.421875,5.6640625
2025-04-07,-1.4946792,6.0745983,-17.0625,16.140625,-9.9609375,-0.3359375,5.7070312
2025-04-08,-1.4128703,6.0864387,-17.03125,16.25,-9.9296875,-0.1328125,5.775196
2025-04-09,-1.3793067,6.057396,-17.03125,16.1875,-9.8671875,-0.04296875,5.724415
2025-04-10,-1.3562763,6.038928,-17.0,16.15625,-9.8515625,0.06640625,5.7421875
2025-04-11,-1.1626772,6.0521307,-16.90625,16.28125,-9.7109375,0.33984375,5.9296875
2025-04-12,-0.99925405,6.087779,-16.875,16.375,-9.6328125,0.61328125,6.1171875
2025-04-13,-0.8812369,6.1150913,-16.78125,16.484375,-9.561718,0.8125,6.234375
2025-04-14,-0.82214046,6.1240015,-16.8125,16.6875,-9.5234375,0.97265625,6.27129
2025-04-15,-0.57341516,6.1653914,-16.75,16.703125,-9.3671875,1.296875,6.58379
2025-04-16,-0.41797388,6.202653,-16.84375,16.859375,-9.3203125,1.53125,6.7265625
2025-04-17,-0.37233686,6.2148366,-16.875,17.0,-9.342968,1.640625,6.7265625
2025-04-18,-0.36859527,6.2261176,-16.9375,17.0625,-9.3828125,1.7226562,6.734375
2025-04-19,-0.25305566,6.2593365,-16.96875,17.1875,-9.3671875,1.8984375,6.796875
2025-04-20,-0.080890015,6.277814,-16.9375,17.265625,-9.2734375,2.1601562,7.0
2025-04-21,0.021170437,6.2884693,-17.03125,17.484375,-9.2109375,2.3320312,7.1228523
2025-04-22,0.16155298,6.3034034,-17.0625,17.625,-9.1484375,2.5703125,7.21875
2025-04-23,0.34644195,6.3148828,-17.03125,17.578125,-9.0078125,2.7890625,7.40625
2025-04-24,0.26851836,6.2881937,-17.0625,17.75,-9.1015625,2.7929688,7.2578125
2025-04-25,0.29752934,6.321041,-17.15625,17.90625,-9.1796875,2.9140625,7.2617188
2025-04-26,0.46917647,6.356618,-17.125,18.046875,-9.092968,3.1621094,7.3923836
2025-04-27,0.4962912,6.3757977,-17.21875,18.203125,-9.1015625,3.2304688,7.3828125
2025-04-28,0.6766109,6.396704,-17.21875,18.375,-9.0078125,3.4921875,7.5390625
2025-04-29,0.8213384,6.4175477,-17.28125,18.421875,-8.9609375,3.671875,7.6640625
2025-04-30,0.9153064,6.4269476,-17.28125,18.59375,-8.9453125,3.7636719,7.769142
2025-05-01,1.0188043,6.4487934,-17.34375,18.6875,-8.8984375,3.8925781,7.890625
2025-05-02,1.0820304,6.461279,-17.28125,18.90625,-8.9140625,4.0097656,7.8789062
2025-05-03,1.1259955,6.450324,-17.21875,19.140625,-8.8828125,4.0507812,7.9353523
2025-05-04,1.2247002,6.4594927,-17.21875,19.34375,-8.8515625,4.1953125,7.953125
2025-05-05,1.3249465,6.490522,-17.3125,19.5625,-8.8515625,4.3476562,8.0625
2025-05-06,1.3095459,6.5021114,-17.3125,19.78125,-8.9140625,4.34375,8.0078125
2025-05-07,1.3575388,6.49961,-17.28125,19.875,-8.8984375,4.3945312,8.003517
2025-05-08,1.5570118,6.5102744,-17.28125,20.1875,-8.7734375,4.6132812,8.214455
2025-05-09,1.7269179,6.5348134,-17.28125,20.375,-8.6953125,4.7871094,8.378517
2025-05-10,1.7010503,6.538204,-17.28125,20.5625,-8.7734375,4.751953,8.3203125
2025-05-11,1.7496505,6.544795,-17.28125,20.84375,-8.780468,4.8203125,8.328125
2025-05-12,1.9041473,6.564773,-17.40625,21.03125,-8.7265625,4.939453,8.51133
2025-05-13,1.9959824,6.583778,-17.46875,21.28125,-8.6953125,5.0410156,8.609375
2025-05-14,2.0666397,6.5843315,-17.46875,21.4375,-8.686718,5.107422,8.625
2025-05-15,2.1348145,6.5908504,-17.59375,21.546875,-8.6953125,5.203125,8.6640625
2025-05-16,2.2188318,6.5945854,-17.59375,21.8125,-8.671093,5.25,8.765625
2025-05-17,2.2901955,6.601952,-17.6875,22.03125,-8.6640625,5.2929688,8.847267
2025-05-18,2.3427944,6.611827,-17.6875,22.234375,-8.7421875,5.3398438,8.8828125
2025-05-19,2.4206343,6.6262045,-17.6875,22.375,-8.7265625,5.4179688,8.9296875
2025-05-20,2.5452967,6.645056,-17.71875,22.5625,-8.717968,5.5390625,9.046875
2025-05-21,2.5383778,6.655445,-17.875,22.671875,-8.8046875,5.4921875,9.026955
2025-05-22,2.6691756,6.676215,-17.9375,22.78125,-8.7734375,5.625,9.1328125
2025-05-23,2.7612512,6.6964774,-18.0,22.96875,-8.780468,5.7148438,9.25
2025-05-24,2.9282873,6.7216864,-18.0625,23.140625,-8.7109375,5.8671875,9.4296875
2025-05-25,3.048075,6.752161,-18.0,23.21875,-8.7265625,5.9882812,9.546875
2025-05-26,3.1721456,6.7810297,-18.125,23.34375,-8.702343,6.1054688,9.703125
2025-05-27,3.1171696,6.787662,-18.0625,23.53125,-8.827343,6.0390625,9.640625
2025-05-28,3.1172953,6.7828345,-18.0625,23.53125,-8.8828125,5.9921875,9.578125
2025-05-29,3.2050884,6.796729,-18.15625,23.65625,-8.8828125,6.0507812,9.6640625
2025-05-30,3.4018064,6.8250885,-18.21875,23.75,-8.7734375,6.248047,9.875
2025-05-31,3.4920478,6.852264,-18.25,23.90625,-8.827343,6.3496094,9.9765625
2025-06-01,3.5428922,6.872173,-18.25,23.96875,-8.842968,6.4140625,10.0234375
2025-06-02,3.6784112,6.898224,-18.375,24.09375,-8.8203125,6.546875,10.214455
2025-06-03,3.603054,6.909796,-18.40625,24.109375,-8.9921875,6.4375,10.0703125
2025-06-04,3.7197428,6.919294,-18.4375,24.15625,-8.9453125,6.5234375,10.1953125
2025-06-05,3.8011436,6.943035,-18.40625,24.15625,-8.9609375,6.6171875,10.28125
2025-06-06,3.9426079,6.9768343,-18.53125,24.1875,-8.9296875,6.796875,10.472267
2025-06-07,3.9707506,7.0112467,-18.4375,24.25,-9.0390625,6.8398438,10.4921875
2025-06-08,3.9598534,7.025576,-18.46875,24.34375,-9.1328125,6.8378906,10.4921875
2025-06-09,4.00075,7.030823,-18.5,24.3125,-9.155468,6.890625,10.503517
2025-06-10,4.1790648,7.045521,-18.65625,24.34375,-9.0078125,7.1035156,10.6640625
2025-06-11,4.071888,7.059146,-18.65625,24.34375,-9.2109375,7.0058594,10.5625
2025-06-12,4.1792817,7.0718775,-18.75,24.28125,-9.139843,7.1328125,10.659767
2025-06-13,4.295115,7.097427,-18.78125,24.25,-9.0859375,7.2773438,10.8359375
2025-06-14,4.2952437,7.1061964,-18.84375,24.203125,-9.1328125,7.3203125,10.8125
2025-06-15,4.4054847,7.1302857,-18.875,24.375,-9.0859375,7.4296875,10.9921875
2025-06-16,4.3760195,7.143125,-18.875,24.28125,-9.1640625,7.4257812,10.9765625
2025-06-17,4.4533625,7.1434097,-18.90625,24.25,-9.0703125,7.5117188,11.046875
2025-06-18,4.5200143,7.157846,-19.0625,24.15625,-9.0234375,7.5976562,11.1328125
2025-06-19,4.647962,7.188198,-19.125,24.15625,-8.9765625,7.734375,11.316017
2025-06-20,4.7143855,7.222126,-19.1875,24.21875,-8.9921875,7.84375,11.40625
2025-06-21,4.7679553,7.2455177,-19.21875,24.21875,-8.999218,7.908203,11.5234375
2025-06-22,4.6471996,7.25359,-19.28125,24.25,-9.1328125,7.814453,11.401955
2025-06-23,4.660243,7.2523193,-19.375,24.3125,-9.1171875,7.8222656,11.425392
2025-06-24,4.745499,7.263484,-19.5,24.25,-9.0546875,7.9296875,11.5
2025-06-25,4.759669,7.282987,-19.5,24.1875,-9.046093,7.939453,11.546875
2025-06-26,4.827652,7.303675,-19.625,24.296875,-8.9921875,8.015625,11.6484375
2025-06-27,4.785764,7.3156686,-19.5625,24.375,-9.0234375,7.982422,11.625
2025-06-28,4.6235075,7.3014727,-19.71875,24.3125,-9.1796875,7.8554688,11.3828125
2025-06-29,4.769121,7.3027816,-19.65625,24.234375,-9.030468,7.9921875,11.5546875
2025-06-30,4.821736,7.3221197,-19.71875,24.25,-9.0078125,8.066406,11.6484375
2025-07-01,4.7936172,7.32656,-19.59375,24.25,-9.0078125,8.03125,11.5859375
2025-07-02,4.8482203,7.3276377,-19.59375,24.28125,-8.9765625,8.078125,11.640625
2025-07-03,4.850047,7.3272543,-19.53125,24.3125,-8.9921875,8.078125,11.714455
2025-07-04,4.7160945,7.3163123,-19.59375,24.234375,-9.0390625,7.984375,11.53125
2025-07-05,4.8205767,7.3198633,-19.53125,24.109375,-8.9609375,8.0546875,11.6640625
2025-07-06,4.797117,7.335579,-19.5625,24.09375,-9.014843,8.046875,11.640625
2025-07-07,4.7390532,7.329208,-19.5625,24.03125,-9.0546875,7.9882812,11.578125
2025-07-08,4.834618,7.3377976,-19.53125,24.03125,-8.967968,8.1015625,11.6875
2025-07-09,4.9165998,7.363078,-19.46875,24.0625,-8.967968,8.203125,11.78125
2025-07-10,4.8571234,7.3784914,-19.5625,24.0625,-9.0234375,8.1328125,11.7421875
2025-07-11,4.8749757,7.380685,-19.53125,24.03125,-9.0546875,8.1640625,11.784767
2025-07-12,4.878255,7.387399,-19.5,23.96875,-9.0546875,8.152344,11.839455
2025-07-13,4.803459,7.383246,-19.53125,23.9375,-9.1015625,8.09375,11.7578125
2025-07-14,4.788878,7.3708925,-19.5625,23.96875,-9.0859375,8.0859375,11.6796875
2025-07-15,4.682964,7.36293,-19.78125,23.84375,-9.1328125,7.970703,11.558205
2025-07-16,4.8234663,7.3711214,-19.9375,23.890625,-9.0390625,8.125,11.71875
2025-07-17,4.779944,7.398405,-19.96875,23.859375,-9.1015625,8.1015625,11.765625
2025-07-18,4.673625,7.384044,-19.875,23.8125,-9.155468,8.015625,11.59375
2025-07-19,4.7413187,7.3798304,-20.0,23.75,-9.0859375,8.1015625,11.65625
2025-07-20,4.7763057,7.4030976,-20.09375,23.71875,-9.0546875,8.15625,11.710159
2025-07-21,4.723757,7.410038,-20.0,23.75,-9.1015625,8.109375,11.640625
2025-07-22,4.691054,7.398191,-20.03125,23.71875,-9.0859375,8.0625,11.65625
2025-07-23,4.6664705,7.388383,-19.96875,23.75,-9.0546875,8.0546875,11.628517
2025-07-24,4.6692843,7.376501,-19.78125,23.75,-9.014843,8.0546875,11.60508
2025-07-25,4.664633,7.3699536,-19.78125,23.765625,-9.0234375,8.0390625,11.628517
2025-07-26,4.60583,7.365,-19.84375,23.703125,-9.108593,8.0,11.534767
2025-07-27,4.7232985,7.374419,-20.0625,23.59375,-9.0234375,8.1328125,11.6640625
2025-07-28,4.700183,7.3882275,-19.9375,23.625,-9.0390625,8.109375,11.7109375
2025-07-29,4.72476,7.384659,-19.9375,23.59375,-9.0078125,8.1171875,11.737892
2025-07-30,4.8092084,7.396455,-19.96875,23.578125,-8.9765625,8.2109375,11.8515625
2025-07-31,4.6630235,7.3878846,-19.90625,23.59375,-9.0859375,8.0625,11.7265625
2025-08-01,4.5360856,7.3493366,-19.75,23.515625,-9.115624,7.9140625,11.581642
2025-08-02,4.5735855,7.333681,-19.6875,23.5,-9.0546875,7.953125,11.59375
2025-08-03,4.5376034,7.3263817,-19.65625,23.46875,-9.0859375,7.923828,11.546875
2025-08-04,4.509535,7.308259,-19.71875,23.5,-9.1015625,7.876953,11.484375
2025-08-05,4.458835,7.283751,-19.6875,23.46875,-9.0703125,7.8242188,11.4453125
2025-08-06,4.468549,7.2554846,-19.53125,23.4375,-9.0234375,7.8007812,11.4140625
2025-08-07,4.4860377,7.233608,-19.21875,23.484375,-8.9609375,7.8203125,11.441017
2025-08-08,4.486262,7.225308,-19.46875,23.34375,-8.9609375,7.7871094,11.41758
2025-08-09,4.4163966,7.2221303,-19.625,23.375,-9.0234375,7.703125,11.3359375
2025-08-10,4.4661913,7.218876,-19.59375,23.390625,-8.9609375,7.75,11.378517
2025-08-11,4.331058,7.2008753,-19.5625,23.3125,-9.061718,7.6035156,11.269142
2025-08-12,4.3985543,7.174684,-19.5625,23.21875,-8.967968,7.6484375,11.280472
2025-08-13,4.31098,7.151227,-19.625,23.203125,-9.0078125,7.5703125,11.191017
2025-08-14,4.3853345,7.120734,-19.53125,23.21875,-8.8828125,7.6328125,11.2421875
2025-08-15,4.462863,7.1167884,-19.5625,23.21875,-8.811718,7.6972656,11.34375
2025-08-16,4.3256435,7.096602,-19.59375,23.21875,-8.8984375,7.5390625,11.234375
2025-08-17,4.159531,7.0417614,-19.65625,23.15625,-8.983593,7.328125,11.019142
2025-08-18,4.1878242,6.9992456,-19.65625,23.109375,-8.8671875,7.375,10.98008
2025-08-19,4.4009194,6.992316,-19.5,23.125,-8.624218,7.578125,11.191017
2025-08-20,4.3017,6.96585,-19.46875,23.109375,-8.6640625,7.4375,11.125
2025-08-21,4.2310944,6.911898,-19.40625,23.0,-8.6484375,7.330078,10.98008
2025-08-22,4.321477,6.8856974,-19.40625,22.9375,-8.5078125,7.40625,11.058205
2025-08-23,4.2874346,6.878535,-19.5625,23.0,-8.4921875,7.3984375,10.9921875
2025-08-24,4.118577,6.829705,-19.3125,22.9375,-8.6015625,7.189453,10.75
2025-08-25,4.106479,6.7924123,-19.4375,22.875,-8.5390625,7.1640625,10.706642
2025-08-26,4.3000097,6.7826405,-19.53125,22.84375,-8.3828125,7.3671875,10.847267
2025-08-27,4.272724,6.7710705,-19.53125,22.859375,-8.358593,7.3125,10.8515625
2025-08-28,4.094669,6.717243,-19.375,22.84375,-8.436718,7.1171875,10.589455
2025-08-29,4.152445,6.665528,-19.09375,22.78125,-8.2890625,7.126953,10.640625
2025-08-30,4.2152753,6.6236453,-18.9375,22.6875,-8.139843,7.169922,10.6796875
2025-08-31,4.1295342,6.584434,-19.15625,22.671875,-8.1640625,7.0703125,10.515625
2025-09-01,4.063572,6.5492,-19.125,22.640625,-8.1484375,6.96875,10.46875
2025-09-02,4.02301,6.515868,-19.15625,22.59375,-8.1328125,6.9140625,10.378517
2025-09-03,4.1341867,6.478098,-19.125,22.53125,-7.9296875,7.001953,10.487892
2025-09-04,3.9848042,6.427488,-19.03125,22.53125,-8.0078125,6.8066406,10.3125
2025-09-05,4.02666,6.3851323,-19.09375,22.40625,-7.8828125,6.8359375,10.288284
2025-09-06,3.9239552,6.328445,-19.0625,22.375,-7.8515625,6.703125,10.1328125
2025-09-07,3.8660924,6.276057,-19.09375,22.25,-7.8046875,6.609375,10.066017
2025-09-08,3.9347768,6.2355957,-19.0625,22.21875,-7.6640625,6.6640625,10.1015625
2025-09-09,3.9207866,6.1809464,-18.9375,22.171875,-7.6015625,6.5996094,10.0703125
2025-09-10,3.8131073,6.1148496,-18.9375,22.078125,-7.5703125,6.435547,9.9296875
2025-09-11,3.8694162,6.069812,-18.84375,22.046875,-7.4140625,6.4804688,9.9609375
2025-09-12,3.9040117,6.045382,-18.875,21.96875,-7.3585935,6.4765625,10.0078125
2025-09-13,3.6600733,5.970807,-19.0,21.90625,-7.4453125,6.1796875,9.6328125
2025-09-14,3.6739972,5.9331117,-19.09375,21.9375,-7.3828125,6.1621094,9.620705
2025-09-15,3.6998158,5.901181,-19.0625,21.84375,-7.2734375,6.1914062,9.6171875
2025-09-16,3.5832136,5.848709,-19.09375,21.84375,-7.2890625,6.046875,9.4453125
2025-09-17,3.3774855,5.7553844,-19.0,21.65625,-7.3046875,5.765625,9.159767
2025-09-18,3.4368298,5.6857095,-18.9375,21.546875,-7.0703125,5.78125,9.1796875
2025-09-19,3.428259,5.6249366,-18.65625,21.53125,-6.9765625,5.720703,9.15625
2025-09-20,3.4393942,5.585605,-18.53125,21.53125,-6.9140625,5.6875,9.15625
2025-09-21,3.3922431,5.537934,-18.4375,21.390625,-6.8359375,5.609375,9.046875
2025-09-22,3.4121418,5.4900994,-18.28125,21.390625,-6.7421875,5.6015625,9.050392
2025-09-23,3.2966495,5.4333916,-18.34375,21.34375,-6.7335935,5.4375,8.921875
2025-09-24,3.3654785,5.401045,-18.34375,21.21875,-6.6328125,5.4960938,8.9453125
2025-09-25,3.317798,5.3574085,-18.21875,21.171875,-6.5773435,5.3984375,8.875
2025-09-26,3.2127612,5.3024063,-18.1875,21.109375,-6.5859375,5.248047,8.7421875
2025-09-27,3.1019077,5.230316,-18.03125,20.96875,-6.5234375,5.0976562,8.53125
2025-09-28,3.0357304,5.166178,-18.09375,20.875,-6.4453125,4.9921875,8.421875
2025-09-29,2.9825885,5.1043115,-18.0,20.734375,-6.3585935,4.8984375,8.3203125
2025-09-30,2.998751,5.063482,-17.9375,20.640625,-6.2734375,4.8828125,8.2890625
2025-10-01,2.8862548,5.036077,-18.03125,20.5625,-6.3046875,4.7734375,8.15625
2025-10-02,2.7923658,4.998191,-18.09375,20.375,-6.3429685,4.625,8.0546875
2025-10-03,2.6657922,4.934094,-18.125,20.28125,-6.3117185,4.4765625,7.8085938
2025-10-04,2.5208495,4.860289,-18.125,20.15625,-6.2890625,4.2890625,7.5820312
2025-10-05,2.4010952,4.763021,-18.0,20.0625,-6.203125,4.111328,7.3671875
2025-10-06,2.397453,4.709538,-17.9375,19.9375,-6.109375,4.0898438,7.337307
2025-10-07,2.3126361,4.657245,-17.90625,19.8125,-6.078125,3.9296875,7.2109375
2025-10-08,2.2104597,4.6045003,-17.96875,19.625,-6.078125,3.8125,7.0507812
2025-10-09,2.1403663,4.554293,-18.03125,19.515625,-6.0390625,3.7148438,6.9296875
2025-10-10,2.1557493,4.494484,-17.96875,19.4375,-5.875,3.6835938,6.90625
2025-10-11,2.0636148,4.437634,-18.0,19.265625,-5.8550777,3.5566406,6.75
2025-10-12,1.8925872,4.372819,-17.9375,19.15625,-5.890625,3.3359375,6.5582047
2025-10-13,1.7627549,4.3000717,-17.90625,19.0,-5.859375,3.1679688,6.3572273
2025-10-14,1.7102603,4.2362714,-17.84375,18.78125,-5.78125,3.0625,6.3046875
2025-10-15,1.6552541,4.1859727,-17.8125,18.59375,-5.78125,2.9941406,6.175392
2025-10-16,1.5404545,4.128733,-17.8125,18.515625,-5.7457027,2.8496094,6.005665
2025-10-17,1.5135783,4.0902004,-17.78125,18.359375,-5.7023435,2.8007812,5.9765625
2025-10-18,1.312425,4.016854,-17.75,18.21875,-5.7421875,2.546875,5.7148438
2025-10-19,1.3151375,3.9799025,-17.75,18.03125,-5.6875,2.5351562,5.6757812
2025-10-20,1.4514937,3.957482,-17.8125,17.8125,-5.4765625,2.6445312,5.8164062
2025-10-21,1.3175348,3.9000762,-17.8125,17.625,-5.4765625,2.4726562,5.6445312
2025-10-22,1.1422677,3.8168886,-17.84375,17.46875,-5.453125,2.2617188,5.34375
2025-10-23,1.2201622,3.784465,-17.875,17.21875,-5.3046875,2.3085938,5.46875
2025-10-24,1.1963179,3.7336884,-17.78125,17.078125,-5.21875,2.2421875,5.390625
2025-10-25,1.1387868,3.7013724,-17.71875,16.984375,-5.1796875,2.1679688,5.3103523
2025-10-26,0.91527677,3.6512678,-17.75,16.84375,-5.2890625,1.8984375,5.056446
2025-10-27,0.8531168,3.600437,-17.75,16.765625,-5.241406,1.8203125,4.921875
2025-10-28,0.7884686,3.5329685,-17.8125,16.53125,-5.1484375,1.71875,4.775196
2025-10-29,0.6858727,3.4809768,-17.75,16.328125,-5.1441402,1.5703125,4.6328125
2025-10-30,0.5729188,3.4430044,-17.71875,16.140625,-5.1796875,1.4453125,4.484375
2025-10-31,0.56491196,3.397739,-17.6875,16.015625,-5.0703125,1.390625,4.46875
2025-11-01,0.509858,3.334429,-17.6875,15.921875,-4.9609375,1.3125,4.3789062
2025-11-02,0.5508745,3.2839708,-17.65625,15.921875,-4.8125,1.3203125,4.3671875
2025-11-03,0.51824075,3.2595685,-17.59375,15.8515625,-4.8316402,1.2734375,4.2929688
2025-11-04,0.3772785,3.2231708,-17.53125,15.796875,-4.8671875,1.1015625,4.125
2025-11-05,0.2094302,3.180114,-17.53125,15.7109375,-4.928906,0.91015625,3.915821
2025-11-06,0.16612738,3.1503935,-17.53125,15.6640625,-4.890625,0.8515625,3.852932
2025-11-07,0.08335808,3.1008763,-17.46875,15.7265625,-4.8671875,0.7578125,3.6914062
2025-11-08,0.23897626,3.0813856,-17.5,15.6171875,-4.6398435,0.875,3.9140625
2025-11-09,0.19343203,3.0487473,-17.5625,15.65625,-4.609375,0.8125,3.8242188
2025-11-10,0.04579458,3.0234203,-17.53125,15.6171875,-4.71875,0.6484375,3.6367188
2025-11-11,-0.16652583,2.971865,-17.5,15.5078125,-4.828125,0.4140625,3.3789062
2025-11-12,-0.10113444,2.9368079,-17.4375,15.390625,-4.71875,0.46875,3.3945312
2025-11-13,-0.23865008,2.8980503,-17.46875,15.4375,-4.7265625,0.2734375,3.2166023
2025-11-14,-0.38434783,2.8782368,-17.4375,15.453125,-4.796875,0.1171875,3.0330086
2025-11-15,-0.4586815,2.846194,-17.53125,15.453125,-4.8125,0.015625,2.9375
2025-11-16,-0.5373866,2.7935848,-17.375,15.46875,-4.7734375,-0.08203125,2.8046875
2025-11-17,-0.5312828,2.7772048,-17.375,15.390625,-4.7265625,-0.1015625,2.8181648
2025-11-18,-0.5242569,2.7527394,-17.34375,15.2734375,-4.671875,-0.09375,2.84375
2025-11-19,-0.6600935,2.714879,-17.375,15.28125,-4.710156,-0.265625,2.6445312
2025-11-20,-0.746581,2.6911554,-17.40625,15.265625,-4.7578125,-0.375,2.5703125
2025-11-21,-0.7443108,2.657168,-17.3125,15.25,-4.678906,-0.39453125,2.5273438
2025-11-22,-0.82989883,2.6316118,-17.28125,15.265625,-4.71875,-0.48828125,2.4292984
2025-11-23,-0.92960024,2.602706,-17.25,15.1796875,-4.7265625,-0.6015625,2.28125
2025-11-24,-0.90042025,2.5787725,-17.25,15.125,-4.6640625,-0.5859375,2.3359375
2025-11-25,-0.7174765,2.5706944,-17.1875,15.046875,-4.491406,-0.40625,2.4804688
2025-11-26,-0.8640738,2.5388215,-17.21875,15.109375,-4.5546875,-0.5859375,2.296875
2025-11-27,-0.873657,2.5360963,-17.25,15.171875,-4.5234375,-0.5859375,2.2773438
2025-11-28,-1.053581,2.5106957,-17.3125,15.09375,-4.6675777,-0.7890625,2.078125
2025-11-29,-1.0750449,2.491054,-17.15625,15.0078125,-4.6640625,-0.84375,2.0703125
2025-11-30,-1.1249372,2.467267,-17.03125,14.96875,-4.6484375,-0.8984375,2.015625
2025-12-01,-0.9836575,2.4743834,-17.0625,15.0,-4.5304685,-0.75,2.1523438
2025-12-02,-1.1612185,2.4501245,-17.0625,14.984375,-4.6328125,-0.9609375,1.9414062
2025-12-03,-1.0895895,2.4380004,-17.15625,14.921875,-4.5582027,-0.890625,2.0056648
2025-12-04,-1.1570097,2.413192,-17.0625,14.953125,-4.578125,-0.96875,1.8671875
2025-12-05,-1.1307579,2.40687,-17.0,14.9375,-4.5390625,-0.953125,1.9140625
2025-12-06,-1.2216698,2.4010077,-16.90625,14.9609375,-4.59375,-1.0625,1.8125
2025-12-07,-1.3517852,2.381668,-16.96875,14.84375,-4.6875,-1.2109375,1.6945343
2025-12-08,-1.107459,2.3838756,-17.0,14.984375,-4.4453125,-0.9609375,1.90625
2025-12-09,-1.201115,2.384604,-17.15625,15.015625,-4.5390625,-1.0742188,1.8398438
2025-12-10,-1.3261912,2.3858116,-17.09375,14.9765625,-4.671875,-1.1953125,1.7300797
2025-12-11,-1.4319727,2.367726,-17.03125,14.9296875,-4.7421875,-1.3125,1.5972672
2025-12-12,-1.4546912,2.3566358,-17.0,14.828125,-4.7578125,-1.3359375,1.5347672
2025-12-13,-1.5939921,2.3453953,-16.90625,14.890625,-4.8515625,-1.5,1.3941422
2025-12-14,-1.5754662,2.3491275,-16.9375,14.875,-4.828125,-1.4765625,1.390625
2025-12-15,-1.5388508,2.3396893,-16.90625,14.8359375,-4.8125,-1.4570312,1.4296875
2025-12-16,-1.3747073,2.3369849,-16.9375,14.84375,-4.6640625,-1.2890625,1.5703125
2025-12-17,-1.4176722,2.3555064,-16.96875,14.8984375,-4.71875,-1.3359375,1.5625
2025-12-18,-1.4527893,2.335872,-16.6875,14.90625,-4.703125,-1.375,1.4800797
2025-12-19,-1.4266303,2.3645084,-16.90625,14.875,-4.7335935,-1.3359375,1.5660172
2025-12-20,-1.4663432,2.3551686,-16.78125,14.859375,-4.7578125,-1.390625,1.5234375
2025-12-21,-1.5742425,2.365193,-16.84375,14.8125,-4.8585935,-1.515625,1.4375
2025-12-22,-1.5714629,2.358572,-16.9375,14.8125,-4.828125,-1.53125,1.4296875
2025-12-23,-1.6110462,2.371256,-17.0625,14.671875,-4.928906,-1.5546875,1.3984375
2025-12-24,-1.686431,2.392666,-16.96875,14.6640625,-5.046875,-1.6171875,1.3394547
2025-12-25,-1.7636797,2.4136207,-16.8125,14.765625,-5.1484375,-1.7109375,1.3046875
2025-12-26,-1.9023023,2.4100292,-16.8125,14.703125,-5.3046875,-1.8515625,1.203125
2025-12-27,-1.9028019,2.4301157,-16.84375,14.6875,-5.359375,-1.8359375,1.25
2025-12-28,-1.9173701,2.4341526,-16.90625,14.7109375,-5.34375,-1.8671875,1.1875
2025-12-29,-1.9813794,2.447698,-16.71875,14.6875,-5.4921875,-1.9140625,1.21875
2025-12-30,-1.8941715,2.4745705,-16.5,14.75,-5.4765625,-1.8125,1.2890625
2025-12-31,-1.9018569,2.493982,-16.53125,14.765625,-5.5078125,-1.8203125,1.2890625
